c75d1a461bd813fbf8fc203b27bccec2
badb9f7b0f801ef6e43150c1cf48afa6
efafaeed3080be14777f4efcf73f53b6
44a9f1ac07ad8e014fed1aa6b3444dae
61bf3df0c2189057e627bf8600b228d3
44cc8003861ce806041ce986485d1a04
412cbbe94ec5e93854bec9d5f48a098b
ad7e53eab8925256637c837c0e8f9e95
afdd2b65f74452829d79e90996e4f7bf
8536aaf254d342dc11f149eef2fd0b3f
512fff53917799dd8f529789ea4a029a
6df5d7a7d580569232eb1b729c6b3adc
46f48e3e28e571a66e273aea97de977c
32e2ab5bc4c038916f6da3be6ad22b6b
0f437d555e421ed5307cc83938de4af9
4f8d6388186c9b9964e8f686a28fe7d0
8a03a5cf27f66308c54d329f41936e80
6221615a81bca1bb8808a8718e6a69da
81b758954e48c0556cdc4087d893eb46
50bf4efc933490a5e1068e720d442d87
214fe6f0396a3c0be0b8e1a5a636f8e1
168b7bdec4161f24ced7835245282afc
cd52bfaac34bddc958cf6d919ba014b6
fc429b828c33ff6c7b90ee30ee50c632
aab823fabee3321ee9e0c12437846ac0
5d7f471bde9dae841591dcf9aa2e1853
dc93f5a92ec982eb4162f2b01197eb40
a4e16f2f510a80578ea4e0ce5acaac85
55624ff62bef27416a70bbca6af4748b
4290d3c9ce5efc2fe37b498e62b249ca
504f325809f80197de0c9ac63f1c47f3
debd5b71c8ce41fbe9bdc2849b156d7a
3aa66d3850fa0bd74937f090739479ba
1985f435213d222f77b026e4a5c42260
dfe7192797ea6e3097990baefb3fd3a5
b71ad66822dce7f21afac16e35bece20
55847a10ba043ed30023899ab659c315
c557b4209e4794b1b3815e2a4f245b72
3c5ebe1b2eb8126d7f3af48812aa9024
40f02a38d2e11fbca732ed4fa81aad6b
512f46d989fda0d91242c5f7a0f37a24
5270ef470b238cc9ceaa2beb02e4bda8
cdef00dfee5d6917f65aef2e9a011ed4
1fcc093c966fa3f971401e15d49786e7
812e2ef5ebfef7e3d434689cb97e0fd7
26d56d104fa513f500f74b4d615b4bb6
34ae5c1275a373b3ed4683ed121d6f18
61bcfd10207914a1e29e772ebbe0da56
b7beda5910d55d17c78c3935303b1ef0
74f5b82d39e4e698854fe23bbcc56c56
da48480f94e36e8eac25326ec017e238
f4c9a444d345e8336ad3cf9adea92f9e
6d3c07ce4389ec3908d1f2bf4fc94ff2
0849fca3ebdc93192c9048ee97beec07
667008177342ea1b6d7f2ab8119cfcaf
fc69304b34fbfeb81c33a2b9867e5670
9c4e9a90f05036bdf3cea9a07e42a590
5c7997cac5aa61d6927fd0cd0b1d87cc
7b205dd6f9ab8cc319120bdbc25dde38
f7f99dc83b5afbb05a7ecbfc0b15a6f6
fc0b676ca31a4b2d904b485a44e29b1a
2898cdc27c85460a9227901c7c8c43d2
3d3f34b8d75b077277e797f642a702a4
cf8bcf62303eabac72db2a770809bbc3
f350721a3e9ebd7f91942c77e8f688e3
043346c15999b9c83c9c796da08f9310
14f0a9708faffed5d04c8ca8a4a3cf2e
0fe1e690d1f246b779a663123c2ec9ff
640f3f89cb87dd375667fc7c574958fd
048095e6b6c4a27f38f1cb08900f91e9
0a799b3d7e9d28f492deed3a3702c003
494e97dcada28e5eca7bd325d779819b
ec2f3d749c3f11ebc133005422b87969
f181358134287766b7547a5bc229637b
296f89fd4d408143b79bfed65155cf76
e4901d6372ef6fb82f33680cf5d1b6b8
b9c6e2536931bcf58b58352b0053ddb1
b75e3280eb9831ccaede4d71721c9873
818c92a4eb24217841c2b3bcd1f76e64
3b794e7a4a40fd840454f65f13c2eb67
84c9c962dd8950884de8e88b3404046b
b66a9de98f3c459b9012a4b5288b9477
590bdca9b6148a6bfbd460f8634e9b3b
201d2c183266ae8e026c71d659c587bd
9ffc0a3af63549c88c58982c33ea8391
050ebe3aee15a19e584c9e2df718496d
c17a32f781ff68b0c11cf6143c5d3628
a074b61a69fa75b49b2bba2b7c4ad517
329f8cd6b8e11de90a590092f46c6541
439575d2d0f3dfc2f463f9a2149b4ff8
754718de6518198a55edd061db96d7b7
424958a51f70c3cada4e2df8dc2ea20c
078adc5e83dc46e6dc78c308963859fe
12b07985fdb7122df23b050ca4a5e4fa
cab15225ef60f0c3a44650528c1ed0b6
ee234bb923605710ef8b7ea4b1f8f3cf
bcde1d51f3d7886262e5a6b20126ad5e
d360cae453047a9782f8cadeee5561ca
ed9f6eee24edb4c6aa43584a9a56a47d
ea46657be9491a3719ea0df9bfcb5e91
76834b9fc40713f3296e9e1959aba953
7a11a4b172bf3974f0abb52755e8491e
8fba7741f9c843470caf580400fcbb4d
cd0192bac00f5f5125af5edcda2c4a78
60bbe493c23afd75b98513d484fa2721
741841ac2f7049cada2396312b0932b1
4afc8a35efc23a932fdfc1ff0779278d
b8856dcc7cd114e1a9c3c28ae5263bb5
1c6f25e62320bed1dfa18558ce591fb4
879bf4cdc5fb826373a0d4e8d472aa86
028d1be43e33aa5c08fc23e4321a15f4
8312518a645dd223679f1cf12e1ac081
b18510d71a973fb8e84de1d1f10e1729
8cdb8c86417fd05f50e531939a262d1d
f6cef22c0a06f04c909b8363843cb84c
b08c173c533b9f50ca859bd8cfe904bd
cefd3fb655aa852b422421c921f5c9c0
937a4b9a5f7741ee3a589c47c6d596a6
4fb3d3d5d0e1d30ccdd644a5ebd88750
cc2beeaf56f6fd7c31fee664f5df4908
017c3497115a62bc23c43b15fb88014b
c8bd2b8de8950cbfd216a5e5ad8c5581
fe776d22379e1de5b36b7519f93af9ff
4d6a8347dec1b6d4ed8d05df7523ceba
c5cebbcdcb8a635b883a9d2db08a6bb1
e1fe6cdf662d6a02680fa0b069a93430
e2465dce4783d2ae7af5eb2c7d4576fb
6b2ef380dcbc38a317b27777551bfb41
5c3e7df49491a38487552765fd68afc4
6fcebcf44242ed4f6228ae11d19881d9
26308d42c6702969efd09ec1afc6670f
f005100bc29ce973d85e5849e27ad6f9
eaefa0ed7faccde6ed2834df8a51e2bd
775b903a1dc38fff8c47e21b55b31041
c776e26b53eb0cecd72b59072e4f92ef
d6a53bd47a413e5da5c91f635f5ca251
6e4e70eefa487b80cdc762f80df907ee
247e5bc3eb09036022839271e53cd328
e223bc789fb173a7d2ab9a2f8ee6bfb6
a7f0333b38122953f31a483bcc40e4ee
5dc9d3eeecd57be40b8d47063a9b6ce0
9aab57af2ec340f0bb27c317adebead5
71480ffdae4db8180260eddfc6f93a16
b18c382ce0c10c072cbffa5e8502ac08
278c960c8ddade3df713d7ebfd8c929f
300a0975ce9cd05423b790c0a7595c41
645ae45506fe5166da1d2106a513a131
184055ccd453ade002df63b0f537717b
ab838a5e8515d1f8ab35fcc4ebc283fb
aa398a75ecb0d669edee9668d06181aa
06898b2b564857d861a4b0774a0fa936
5589412d00d669b2c1d21fa3c5264662
9500d0400186696fc4f7f46b5cb2ecf8
a620fab86b5957f4d57f6fa0e275cd8d
de75f30beb379f8b60ffa1b7f1a4eb81
fdce56ce2349b15c7cbc88a064764249
3fb237b7ded561ab673989522bb8185d
cb4dde40f89275d7de6e3842b6ee8455
1aa96c31fe409a0120b184c97ec72553
ac01a0450d531a03ebb5f16c837d11ea
1e075880a81fbacaee717d80ba219e22
ba8001d89237ca80f7d9b72d604ec259
de8eb4eb69b68574323e98e03cf06ce3
a6f8b0bf33df97f759e7e1a25d62ec0c
c43a741c3128fc7de1ab45ed97625f9f
4ec93d8738a93e1607ac0c68cd3b3179
44ae09242c688864be9e6bbce16dffcb
f6f21324e8006018c2f052772de41fed
274cd12dec045c207e5a268cbaa0221e
5e8a84907e34d7c95af9b88bf0fb15b2
3256da73ba27501324dea5a8eb793885
0d9eb1639fc3ec4eb9bb9620604daa2f
5e7e166de23f8eaf26f404ca7d1e8bb6
60f17716257275e0a53ae0f4b3618b8f
501bfe6375ab1b6f5ccdd167c3abea44
e407ea62c7e4452584e7944dece1af4c
8f5fc9312653cad3eb60a53c4d66bdc1
9be848ecde428a46838a2d4feb49f59c
2b25ca3896f5db14dacb9495bc45cd74
7048d5ac461910ac1f404bcd3e086d38
bbfe9cce925fe5f7b58b26fc97e268d3
76c72aec5c5abb418cae65f855cf7e98
87b52eeeaa600c59780015f5a0e899bf
fef805aa37cccb21efff48f440fd6231
7906eeb2899adbe13b6eab8171b8f209
b4591552916be9a09d7bcb013b2e654b
cd2501a89df913d19a55cbe0770322ac
c86be0741ce4135a3ef04df204a65403
b23c3df5a1588926329f3657faa7e9aa
69b713f54872f529997348655cccb1e8
dc028a8ba4e8d5cd8ac3eb8afcd5c0f1
aa8fa30c3a88c390341c3c2be0b1f374
958dd7240d71a1f2c43b0fdd2c2454c0
34968622ad1f3161d8a65d30b4099568
6ea2ec2ac193fcd57d9455a0502fee72
d0498882d3197bfbf2e0599bf0508a27
abd729954f1848531f14a96b6db236df
930d3b8d00d24e647fdb51d0f37244cb
8801a48a192155f1b83cd58a7f951b26
5958348dfa52b9d23d62fd963375f848
a527f739cf93be3347375a497e977d1d
1e23092d455557499afe8d0de88715a4
47e3bc57b2786c1e67502d022686ff3f
5466c9bdbc5980670dfb7545df8659b1
3855c7f4b760e34af17af0b0aee177ba
66b54ac309a631dde56178bf5ca23607
ea911e20932bb15488bba16c4b3f910d
48ba84b43772dbd366a199a24a712126
9a369edbb37755be5e1a9abbb810df6d
eee36f4f666665d09eb21f6a4b368f60
f6def624dcc580698a47740405700a8c
07ac0002e9ab3c21da433a9d49a5241a
75138e0d5e04fee627d0d0998e1d7509
5b71bc451daa785458baeb5269c83367
54e717014b4974429abbdaf560e1d200
33cc54a12afb71060a7a61e8b93c350f
cd115212ef3c11d6a575631adb048732
9f2c656a7ce3c4f092163eb63ef52d9e
0d63a809e2cf4e9e80c1228efae99a32
28f25a573c56842d6df192f74d6d6533
afbe66d5ce84e1fd3cd7005e071b3d22
55929d71a291d87c0ba62b8b5b82ac04
b482a53e23aca4080fea528e74775012
f8534fc656025dcd2f9e8ec8c54e81a2
edbc687f2d4d24bdb6a3f0cd1264c9c8
1c2c99d05855197adbfa9ba0364f9da1
5c1579df167e608e43befcd132b7d088
ada98d53e6f5bd40e53111b1d04a18c2
f3986a1e59a219d4495fa2b0537dd94a
e2187cb38651009362267c5c9f17edef
b72c702244c98f3b18b6e84d3f912ecd
cc1f2cd10298f686caf0d4f1dd0eea6d
4406347f9423a50d8e048efabf4e6167
083cfd9ac021379a4f66fb859ce39949
209eb27a67cf98fb5a2445d0477d4336
1bbd56bfd1f0572d6807c33243bc51b4
99d0bbb25002267068545637cf8030b3
7c3821f2878238ba15b4ac2f2d83837f
4f13d8d05bac99b272b1ec08ae090ad3
01554e4ed2badc7663b2979cdace4f68
2ff78d26b939418a58cde66cdecb6874
a856c11bf7efc2446a4444639db2d235
4209327aa326997595cbba25116d1149
4e9c1c644ca3608856e237e0d9ea26cd
0916359fffda1e9b5fa0e56c74169fa0
0d956c70299562a28b3709ee1e0ad8d5
57e145d949b39ef818afd582408073e6
6694a672e608cf9d0d9c8e20345a5b28
49b4005af09b6e216a61bae16ba891aa
d943dcf81b29a510c9cf4b72a639279c
1a24e75bb608a02a6894986e6f6f1973
3c2e2ed2acfea8e1675dac29b179f40f
a88ce836a8fa3dfc396465be40a5979c
3736601ea518cd707a46c60230e59212
5e097df7a36ae24882be508749468bcd
c2296baae4496a9e2f3f0b00db3e5585
c75d1a461bd813fbf8fc203b27bccec2
badb9f7b0f801ef6e43150c1cf48afa6
efafaeed3080be14777f4efcf73f53b6
44a9f1ac07ad8e014fed1aa6b3444dae
61bf3df0c2189057e627bf8600b228d3
44cc8003861ce806041ce986485d1a04
412cbbe94ec5e93854bec9d5f48a098b
ad7e53eab8925256637c837c0e8f9e95
afdd2b65f74452829d79e90996e4f7bf
8536aaf254d342dc11f149eef2fd0b3f
512fff53917799dd8f529789ea4a029a
6df5d7a7d580569232eb1b729c6b3adc
46f48e3e28e571a66e273aea97de977c
32e2ab5bc4c038916f6da3be6ad22b6b
0f437d555e421ed5307cc83938de4af9
4f8d6388186c9b9964e8f686a28fe7d0
8a03a5cf27f66308c54d329f41936e80
6221615a81bca1bb8808a8718e6a69da
81b758954e48c0556cdc4087d893eb46
50bf4efc933490a5e1068e720d442d87
214fe6f0396a3c0be0b8e1a5a636f8e1
168b7bdec4161f24ced7835245282afc
cd52bfaac34bddc958cf6d919ba014b6
fc429b828c33ff6c7b90ee30ee50c632
aab823fabee3321ee9e0c12437846ac0
5d7f471bde9dae841591dcf9aa2e1853
dc93f5a92ec982eb4162f2b01197eb40
a4e16f2f510a80578ea4e0ce5acaac85
55624ff62bef27416a70bbca6af4748b
4290d3c9ce5efc2fe37b498e62b249ca
504f325809f80197de0c9ac63f1c47f3
debd5b71c8ce41fbe9bdc2849b156d7a
3aa66d3850fa0bd74937f090739479ba
1985f435213d222f77b026e4a5c42260
dfe7192797ea6e3097990baefb3fd3a5
b71ad66822dce7f21afac16e35bece20
55847a10ba043ed30023899ab659c315
c557b4209e4794b1b3815e2a4f245b72
3c5ebe1b2eb8126d7f3af48812aa9024
40f02a38d2e11fbca732ed4fa81aad6b
512f46d989fda0d91242c5f7a0f37a24
5270ef470b238cc9ceaa2beb02e4bda8
cdef00dfee5d6917f65aef2e9a011ed4
1fcc093c966fa3f971401e15d49786e7
812e2ef5ebfef7e3d434689cb97e0fd7
26d56d104fa513f500f74b4d615b4bb6
34ae5c1275a373b3ed4683ed121d6f18
61bcfd10207914a1e29e772ebbe0da56
b7beda5910d55d17c78c3935303b1ef0
74f5b82d39e4e698854fe23bbcc56c56
da48480f94e36e8eac25326ec017e238
f4c9a444d345e8336ad3cf9adea92f9e
6d3c07ce4389ec3908d1f2bf4fc94ff2
0849fca3ebdc93192c9048ee97beec07
667008177342ea1b6d7f2ab8119cfcaf
fc69304b34fbfeb81c33a2b9867e5670
9c4e9a90f05036bdf3cea9a07e42a590
5c7997cac5aa61d6927fd0cd0b1d87cc
7b205dd6f9ab8cc319120bdbc25dde38
f7f99dc83b5afbb05a7ecbfc0b15a6f6
fc0b676ca31a4b2d904b485a44e29b1a
2898cdc27c85460a9227901c7c8c43d2
3d3f34b8d75b077277e797f642a702a4
cf8bcf62303eabac72db2a770809bbc3
f350721a3e9ebd7f91942c77e8f688e3
043346c15999b9c83c9c796da08f9310
14f0a9708faffed5d04c8ca8a4a3cf2e
0fe1e690d1f246b779a663123c2ec9ff
640f3f89cb87dd375667fc7c574958fd
048095e6b6c4a27f38f1cb08900f91e9
0a799b3d7e9d28f492deed3a3702c003
494e97dcada28e5eca7bd325d779819b
ec2f3d749c3f11ebc133005422b87969
f181358134287766b7547a5bc229637b
296f89fd4d408143b79bfed65155cf76
e4901d6372ef6fb82f33680cf5d1b6b8
b9c6e2536931bcf58b58352b0053ddb1
b75e3280eb9831ccaede4d71721c9873
818c92a4eb24217841c2b3bcd1f76e64
3b794e7a4a40fd840454f65f13c2eb67
84c9c962dd8950884de8e88b3404046b
b66a9de98f3c459b9012a4b5288b9477
590bdca9b6148a6bfbd460f8634e9b3b
201d2c183266ae8e026c71d659c587bd
9ffc0a3af63549c88c58982c33ea8391
050ebe3aee15a19e584c9e2df718496d
c17a32f781ff68b0c11cf6143c5d3628
a074b61a69fa75b49b2bba2b7c4ad517
329f8cd6b8e11de90a590092f46c6541
439575d2d0f3dfc2f463f9a2149b4ff8
754718de6518198a55edd061db96d7b7
424958a51f70c3cada4e2df8dc2ea20c
078adc5e83dc46e6dc78c308963859fe
12b07985fdb7122df23b050ca4a5e4fa
cab15225ef60f0c3a44650528c1ed0b6
ee234bb923605710ef8b7ea4b1f8f3cf
bcde1d51f3d7886262e5a6b20126ad5e
d360cae453047a9782f8cadeee5561ca
ed9f6eee24edb4c6aa43584a9a56a47d
ea46657be9491a3719ea0df9bfcb5e91
76834b9fc40713f3296e9e1959aba953
7a11a4b172bf3974f0abb52755e8491e
8fba7741f9c843470caf580400fcbb4d
cd0192bac00f5f5125af5edcda2c4a78
60bbe493c23afd75b98513d484fa2721
741841ac2f7049cada2396312b0932b1
4afc8a35efc23a932fdfc1ff0779278d
b8856dcc7cd114e1a9c3c28ae5263bb5
1c6f25e62320bed1dfa18558ce591fb4
879bf4cdc5fb826373a0d4e8d472aa86
028d1be43e33aa5c08fc23e4321a15f4
8312518a645dd223679f1cf12e1ac081
b18510d71a973fb8e84de1d1f10e1729
8cdb8c86417fd05f50e531939a262d1d
f6cef22c0a06f04c909b8363843cb84c
b08c173c533b9f50ca859bd8cfe904bd
cefd3fb655aa852b422421c921f5c9c0
937a4b9a5f7741ee3a589c47c6d596a6
4fb3d3d5d0e1d30ccdd644a5ebd88750
cc2beeaf56f6fd7c31fee664f5df4908
017c3497115a62bc23c43b15fb88014b
c8bd2b8de8950cbfd216a5e5ad8c5581
fe776d22379e1de5b36b7519f93af9ff
4d6a8347dec1b6d4ed8d05df7523ceba
c5cebbcdcb8a635b883a9d2db08a6bb1
e1fe6cdf662d6a02680fa0b069a93430
e2465dce4783d2ae7af5eb2c7d4576fb
6b2ef380dcbc38a317b27777551bfb41
5c3e7df49491a38487552765fd68afc4
6fcebcf44242ed4f6228ae11d19881d9
26308d42c6702969efd09ec1afc6670f
f005100bc29ce973d85e5849e27ad6f9
eaefa0ed7faccde6ed2834df8a51e2bd
775b903a1dc38fff8c47e21b55b31041
c776e26b53eb0cecd72b59072e4f92ef
d6a53bd47a413e5da5c91f635f5ca251
6e4e70eefa487b80cdc762f80df907ee
247e5bc3eb09036022839271e53cd328
e223bc789fb173a7d2ab9a2f8ee6bfb6
a7f0333b38122953f31a483bcc40e4ee
5dc9d3eeecd57be40b8d47063a9b6ce0
9aab57af2ec340f0bb27c317adebead5
71480ffdae4db8180260eddfc6f93a16
b18c382ce0c10c072cbffa5e8502ac08
278c960c8ddade3df713d7ebfd8c929f
300a0975ce9cd05423b790c0a7595c41
645ae45506fe5166da1d2106a513a131
184055ccd453ade002df63b0f537717b
ab838a5e8515d1f8ab35fcc4ebc283fb
aa398a75ecb0d669edee9668d06181aa
06898b2b564857d861a4b0774a0fa936
5589412d00d669b2c1d21fa3c5264662
9500d0400186696fc4f7f46b5cb2ecf8
a620fab86b5957f4d57f6fa0e275cd8d
de75f30beb379f8b60ffa1b7f1a4eb81
fdce56ce2349b15c7cbc88a064764249
3fb237b7ded561ab673989522bb8185d
cb4dde40f89275d7de6e3842b6ee8455
1aa96c31fe409a0120b184c97ec72553
ac01a0450d531a03ebb5f16c837d11ea
1e075880a81fbacaee717d80ba219e22
ba8001d89237ca80f7d9b72d604ec259
de8eb4eb69b68574323e98e03cf06ce3
a6f8b0bf33df97f759e7e1a25d62ec0c
c43a741c3128fc7de1ab45ed97625f9f
4ec93d8738a93e1607ac0c68cd3b3179
44ae09242c688864be9e6bbce16dffcb
f6f21324e8006018c2f052772de41fed
274cd12dec045c207e5a268cbaa0221e
5e8a84907e34d7c95af9b88bf0fb15b2
3256da73ba27501324dea5a8eb793885
0d9eb1639fc3ec4eb9bb9620604daa2f
5e7e166de23f8eaf26f404ca7d1e8bb6
60f17716257275e0a53ae0f4b3618b8f
501bfe6375ab1b6f5ccdd167c3abea44
e407ea62c7e4452584e7944dece1af4c
8f5fc9312653cad3eb60a53c4d66bdc1
9be848ecde428a46838a2d4feb49f59c
2b25ca3896f5db14dacb9495bc45cd74
7048d5ac461910ac1f404bcd3e086d38
bbfe9cce925fe5f7b58b26fc97e268d3
76c72aec5c5abb418cae65f855cf7e98
87b52eeeaa600c59780015f5a0e899bf
fef805aa37cccb21efff48f440fd6231
7906eeb2899adbe13b6eab8171b8f209
b4591552916be9a09d7bcb013b2e654b
cd2501a89df913d19a55cbe0770322ac
c86be0741ce4135a3ef04df204a65403
b23c3df5a1588926329f3657faa7e9aa
69b713f54872f529997348655cccb1e8
dc028a8ba4e8d5cd8ac3eb8afcd5c0f1
aa8fa30c3a88c390341c3c2be0b1f374
958dd7240d71a1f2c43b0fdd2c2454c0
34968622ad1f3161d8a65d30b4099568
6ea2ec2ac193fcd57d9455a0502fee72
d0498882d3197bfbf2e0599bf0508a27
abd729954f1848531f14a96b6db236df
930d3b8d00d24e647fdb51d0f37244cb
8801a48a192155f1b83cd58a7f951b26
5958348dfa52b9d23d62fd963375f848
a527f739cf93be3347375a497e977d1d
1e23092d455557499afe8d0de88715a4
47e3bc57b2786c1e67502d022686ff3f
5466c9bdbc5980670dfb7545df8659b1
3855c7f4b760e34af17af0b0aee177ba
66b54ac309a631dde56178bf5ca23607
ea911e20932bb15488bba16c4b3f910d
48ba84b43772dbd366a199a24a712126
9a369edbb37755be5e1a9abbb810df6d
eee36f4f666665d09eb21f6a4b368f60
f6def624dcc580698a47740405700a8c
07ac0002e9ab3c21da433a9d49a5241a
75138e0d5e04fee627d0d0998e1d7509
5b71bc451daa785458baeb5269c83367
54e717014b4974429abbdaf560e1d200
33cc54a12afb71060a7a61e8b93c350f
cd115212ef3c11d6a575631adb048732
9f2c656a7ce3c4f092163eb63ef52d9e
0d63a809e2cf4e9e80c1228efae99a32
28f25a573c56842d6df192f74d6d6533
afbe66d5ce84e1fd3cd7005e071b3d22
55929d71a291d87c0ba62b8b5b82ac04
b482a53e23aca4080fea528e74775012
f8534fc656025dcd2f9e8ec8c54e81a2
edbc687f2d4d24bdb6a3f0cd1264c9c8
1c2c99d05855197adbfa9ba0364f9da1
5c1579df167e608e43befcd132b7d088
ada98d53e6f5bd40e53111b1d04a18c2
f3986a1e59a219d4495fa2b0537dd94a
e2187cb38651009362267c5c9f17edef
b72c702244c98f3b18b6e84d3f912ecd
cc1f2cd10298f686caf0d4f1dd0eea6d
4406347f9423a50d8e048efabf4e6167
083cfd9ac021379a4f66fb859ce39949
209eb27a67cf98fb5a2445d0477d4336
1bbd56bfd1f0572d6807c33243bc51b4
99d0bbb25002267068545637cf8030b3
7c3821f2878238ba15b4ac2f2d83837f
4f13d8d05bac99b272b1ec08ae090ad3
01554e4ed2badc7663b2979cdace4f68
2ff78d26b939418a58cde66cdecb6874
a856c11bf7efc2446a4444639db2d235
4209327aa326997595cbba25116d1149
4e9c1c644ca3608856e237e0d9ea26cd
0916359fffda1e9b5fa0e56c74169fa0
0d956c70299562a28b3709ee1e0ad8d5
57e145d949b39ef818afd582408073e6
6694a672e608cf9d0d9c8e20345a5b28
49b4005af09b6e216a61bae16ba891aa
d943dcf81b29a510c9cf4b72a639279c
1a24e75bb608a02a6894986e6f6f1973
3c2e2ed2acfea8e1675dac29b179f40f
a88ce836a8fa3dfc396465be40a5979c
3736601ea518cd707a46c60230e59212
5e097df7a36ae24882be508749468bcd
c2296baae4496a9e2f3f0b00db3e5585
c75d1a461bd813fbf8fc203b27bccec2
badb9f7b0f801ef6e43150c1cf48afa6
efafaeed3080be14777f4efcf73f53b6
44a9f1ac07ad8e014fed1aa6b3444dae
61bf3df0c2189057e627bf8600b228d3
44cc8003861ce806041ce986485d1a04
412cbbe94ec5e93854bec9d5f48a098b
ad7e53eab8925256637c837c0e8f9e95
afdd2b65f74452829d79e90996e4f7bf
8536aaf254d342dc11f149eef2fd0b3f
512fff53917799dd8f529789ea4a029a
6df5d7a7d580569232eb1b729c6b3adc
46f48e3e28e571a66e273aea97de977c
32e2ab5bc4c038916f6da3be6ad22b6b
0f437d555e421ed5307cc83938de4af9
4f8d6388186c9b9964e8f686a28fe7d0
8a03a5cf27f66308c54d329f41936e80
6221615a81bca1bb8808a8718e6a69da
81b758954e48c0556cdc4087d893eb46
50bf4efc933490a5e1068e720d442d87
214fe6f0396a3c0be0b8e1a5a636f8e1
168b7bdec4161f24ced7835245282afc
cd52bfaac34bddc958cf6d919ba014b6
fc429b828c33ff6c7b90ee30ee50c632
aab823fabee3321ee9e0c12437846ac0
5d7f471bde9dae841591dcf9aa2e1853
dc93f5a92ec982eb4162f2b01197eb40
a4e16f2f510a80578ea4e0ce5acaac85
55624ff62bef27416a70bbca6af4748b
4290d3c9ce5efc2fe37b498e62b249ca
504f325809f80197de0c9ac63f1c47f3
debd5b71c8ce41fbe9bdc2849b156d7a
3aa66d3850fa0bd74937f090739479ba
1985f435213d222f77b026e4a5c42260
dfe7192797ea6e3097990baefb3fd3a5
b71ad66822dce7f21afac16e35bece20
55847a10ba043ed30023899ab659c315
c557b4209e4794b1b3815e2a4f245b72
3c5ebe1b2eb8126d7f3af48812aa9024
40f02a38d2e11fbca732ed4fa81aad6b
512f46d989fda0d91242c5f7a0f37a24
5270ef470b238cc9ceaa2beb02e4bda8
cdef00dfee5d6917f65aef2e9a011ed4
1fcc093c966fa3f971401e15d49786e7
812e2ef5ebfef7e3d434689cb97e0fd7
26d56d104fa513f500f74b4d615b4bb6
34ae5c1275a373b3ed4683ed121d6f18
61bcfd10207914a1e29e772ebbe0da56
b7beda5910d55d17c78c3935303b1ef0
74f5b82d39e4e698854fe23bbcc56c56
da48480f94e36e8eac25326ec017e238
f4c9a444d345e8336ad3cf9adea92f9e
6d3c07ce4389ec3908d1f2bf4fc94ff2
0849fca3ebdc93192c9048ee97beec07
667008177342ea1b6d7f2ab8119cfcaf
fc69304b34fbfeb81c33a2b9867e5670
9c4e9a90f05036bdf3cea9a07e42a590
5c7997cac5aa61d6927fd0cd0b1d87cc
7b205dd6f9ab8cc319120bdbc25dde38
f7f99dc83b5afbb05a7ecbfc0b15a6f6
fc0b676ca31a4b2d904b485a44e29b1a
2898cdc27c85460a9227901c7c8c43d2
3d3f34b8d75b077277e797f642a702a4
cf8bcf62303eabac72db2a770809bbc3
f350721a3e9ebd7f91942c77e8f688e3
043346c15999b9c83c9c796da08f9310
14f0a9708faffed5d04c8ca8a4a3cf2e
0fe1e690d1f246b779a663123c2ec9ff
640f3f89cb87dd375667fc7c574958fd
048095e6b6c4a27f38f1cb08900f91e9
0a799b3d7e9d28f492deed3a3702c003
494e97dcada28e5eca7bd325d779819b
ec2f3d749c3f11ebc133005422b87969
f181358134287766b7547a5bc229637b
296f89fd4d408143b79bfed65155cf76
e4901d6372ef6fb82f33680cf5d1b6b8
b9c6e2536931bcf58b58352b0053ddb1
b75e3280eb9831ccaede4d71721c9873
818c92a4eb24217841c2b3bcd1f76e64
3b794e7a4a40fd840454f65f13c2eb67
84c9c962dd8950884de8e88b3404046b
b66a9de98f3c459b9012a4b5288b9477
590bdca9b6148a6bfbd460f8634e9b3b
201d2c183266ae8e026c71d659c587bd
9ffc0a3af63549c88c58982c33ea8391
050ebe3aee15a19e584c9e2df718496d
c17a32f781ff68b0c11cf6143c5d3628
a074b61a69fa75b49b2bba2b7c4ad517
329f8cd6b8e11de90a590092f46c6541
439575d2d0f3dfc2f463f9a2149b4ff8
754718de6518198a55edd061db96d7b7
424958a51f70c3cada4e2df8dc2ea20c
078adc5e83dc46e6dc78c308963859fe
12b07985fdb7122df23b050ca4a5e4fa
cab15225ef60f0c3a44650528c1ed0b6
ee234bb923605710ef8b7ea4b1f8f3cf
bcde1d51f3d7886262e5a6b20126ad5e
d360cae453047a9782f8cadeee5561ca
ed9f6eee24edb4c6aa43584a9a56a47d
ea46657be9491a3719ea0df9bfcb5e91
76834b9fc40713f3296e9e1959aba953
7a11a4b172bf3974f0abb52755e8491e
8fba7741f9c843470caf580400fcbb4d
cd0192bac00f5f5125af5edcda2c4a78
60bbe493c23afd75b98513d484fa2721
741841ac2f7049cada2396312b0932b1
4afc8a35efc23a932fdfc1ff0779278d
b8856dcc7cd114e1a9c3c28ae5263bb5
1c6f25e62320bed1dfa18558ce591fb4
879bf4cdc5fb826373a0d4e8d472aa86
028d1be43e33aa5c08fc23e4321a15f4
8312518a645dd223679f1cf12e1ac081
b18510d71a973fb8e84de1d1f10e1729
8cdb8c86417fd05f50e531939a262d1d
f6cef22c0a06f04c909b8363843cb84c
b08c173c533b9f50ca859bd8cfe904bd
cefd3fb655aa852b422421c921f5c9c0
937a4b9a5f7741ee3a589c47c6d596a6
4fb3d3d5d0e1d30ccdd644a5ebd88750
cc2beeaf56f6fd7c31fee664f5df4908
017c3497115a62bc23c43b15fb88014b
c8bd2b8de8950cbfd216a5e5ad8c5581
fe776d22379e1de5b36b7519f93af9ff
4d6a8347dec1b6d4ed8d05df7523ceba
c5cebbcdcb8a635b883a9d2db08a6bb1
e1fe6cdf662d6a02680fa0b069a93430
e2465dce4783d2ae7af5eb2c7d4576fb
6b2ef380dcbc38a317b27777551bfb41
5c3e7df49491a38487552765fd68afc4
6fcebcf44242ed4f6228ae11d19881d9
26308d42c6702969efd09ec1afc6670f
f005100bc29ce973d85e5849e27ad6f9
eaefa0ed7faccde6ed2834df8a51e2bd
775b903a1dc38fff8c47e21b55b31041
c776e26b53eb0cecd72b59072e4f92ef
d6a53bd47a413e5da5c91f635f5ca251
6e4e70eefa487b80cdc762f80df907ee
247e5bc3eb09036022839271e53cd328
e223bc789fb173a7d2ab9a2f8ee6bfb6
a7f0333b38122953f31a483bcc40e4ee
5dc9d3eeecd57be40b8d47063a9b6ce0
9aab57af2ec340f0bb27c317adebead5
71480ffdae4db8180260eddfc6f93a16
b18c382ce0c10c072cbffa5e8502ac08
278c960c8ddade3df713d7ebfd8c929f
300a0975ce9cd05423b790c0a7595c41
645ae45506fe5166da1d2106a513a131
184055ccd453ade002df63b0f537717b
ab838a5e8515d1f8ab35fcc4ebc283fb
aa398a75ecb0d669edee9668d06181aa
06898b2b564857d861a4b0774a0fa936
5589412d00d669b2c1d21fa3c5264662
9500d0400186696fc4f7f46b5cb2ecf8
a620fab86b5957f4d57f6fa0e275cd8d
de75f30beb379f8b60ffa1b7f1a4eb81
fdce56ce2349b15c7cbc88a064764249
3fb237b7ded561ab673989522bb8185d
cb4dde40f89275d7de6e3842b6ee8455
1aa96c31fe409a0120b184c97ec72553
ac01a0450d531a03ebb5f16c837d11ea
1e075880a81fbacaee717d80ba219e22
ba8001d89237ca80f7d9b72d604ec259
de8eb4eb69b68574323e98e03cf06ce3
a6f8b0bf33df97f759e7e1a25d62ec0c
c43a741c3128fc7de1ab45ed97625f9f
4ec93d8738a93e1607ac0c68cd3b3179
44ae09242c688864be9e6bbce16dffcb
f6f21324e8006018c2f052772de41fed
274cd12dec045c207e5a268cbaa0221e
5e8a84907e34d7c95af9b88bf0fb15b2
3256da73ba27501324dea5a8eb793885
0d9eb1639fc3ec4eb9bb9620604daa2f
5e7e166de23f8eaf26f404ca7d1e8bb6
60f17716257275e0a53ae0f4b3618b8f
501bfe6375ab1b6f5ccdd167c3abea44
e407ea62c7e4452584e7944dece1af4c
8f5fc9312653cad3eb60a53c4d66bdc1
9be848ecde428a46838a2d4feb49f59c
2b25ca3896f5db14dacb9495bc45cd74
7048d5ac461910ac1f404bcd3e086d38
bbfe9cce925fe5f7b58b26fc97e268d3
76c72aec5c5abb418cae65f855cf7e98
87b52eeeaa600c59780015f5a0e899bf
fef805aa37cccb21efff48f440fd6231
7906eeb2899adbe13b6eab8171b8f209
b4591552916be9a09d7bcb013b2e654b
cd2501a89df913d19a55cbe0770322ac
c86be0741ce4135a3ef04df204a65403
b23c3df5a1588926329f3657faa7e9aa
69b713f54872f529997348655cccb1e8
dc028a8ba4e8d5cd8ac3eb8afcd5c0f1
aa8fa30c3a88c390341c3c2be0b1f374
958dd7240d71a1f2c43b0fdd2c2454c0
34968622ad1f3161d8a65d30b4099568
6ea2ec2ac193fcd57d9455a0502fee72
d0498882d3197bfbf2e0599bf0508a27
abd729954f1848531f14a96b6db236df
930d3b8d00d24e647fdb51d0f37244cb
8801a48a192155f1b83cd58a7f951b26
5958348dfa52b9d23d62fd963375f848
a527f739cf93be3347375a497e977d1d
1e23092d455557499afe8d0de88715a4
47e3bc57b2786c1e67502d022686ff3f
5466c9bdbc5980670dfb7545df8659b1
3855c7f4b760e34af17af0b0aee177ba
66b54ac309a631dde56178bf5ca23607
ea911e20932bb15488bba16c4b3f910d
48ba84b43772dbd366a199a24a712126
9a369edbb37755be5e1a9abbb810df6d
eee36f4f666665d09eb21f6a4b368f60
f6def624dcc580698a47740405700a8c
07ac0002e9ab3c21da433a9d49a5241a
75138e0d5e04fee627d0d0998e1d7509
5b71bc451daa785458baeb5269c83367
54e717014b4974429abbdaf560e1d200
33cc54a12afb71060a7a61e8b93c350f
cd115212ef3c11d6a575631adb048732
9f2c656a7ce3c4f092163eb63ef52d9e
0d63a809e2cf4e9e80c1228efae99a32
28f25a573c56842d6df192f74d6d6533
afbe66d5ce84e1fd3cd7005e071b3d22
55929d71a291d87c0ba62b8b5b82ac04
b482a53e23aca4080fea528e74775012
f8534fc656025dcd2f9e8ec8c54e81a2
edbc687f2d4d24bdb6a3f0cd1264c9c8
1c2c99d05855197adbfa9ba0364f9da1
5c1579df167e608e43befcd132b7d088
ada98d53e6f5bd40e53111b1d04a18c2
f3986a1e59a219d4495fa2b0537dd94a
e2187cb38651009362267c5c9f17edef
b72c702244c98f3b18b6e84d3f912ecd
cc1f2cd10298f686caf0d4f1dd0eea6d
4406347f9423a50d8e048efabf4e6167
083cfd9ac021379a4f66fb859ce39949
209eb27a67cf98fb5a2445d0477d4336
1bbd56bfd1f0572d6807c33243bc51b4
99d0bbb25002267068545637cf8030b3
7c3821f2878238ba15b4ac2f2d83837f
4f13d8d05bac99b272b1ec08ae090ad3
01554e4ed2badc7663b2979cdace4f68
2ff78d26b939418a58cde66cdecb6874
a856c11bf7efc2446a4444639db2d235
4209327aa326997595cbba25116d1149
4e9c1c644ca3608856e237e0d9ea26cd
0916359fffda1e9b5fa0e56c74169fa0
0d956c70299562a28b3709ee1e0ad8d5
57e145d949b39ef818afd582408073e6
6694a672e608cf9d0d9c8e20345a5b28
49b4005af09b6e216a61bae16ba891aa
d943dcf81b29a510c9cf4b72a639279c
1a24e75bb608a02a6894986e6f6f1973
3c2e2ed2acfea8e1675dac29b179f40f
a88ce836a8fa3dfc396465be40a5979c
3736601ea518cd707a46c60230e59212
5e097df7a36ae24882be508749468bcd
c2296baae4496a9e2f3f0b00db3e5585
c75d1a461bd813fbf8fc203b27bccec2
badb9f7b0f801ef6e43150c1cf48afa6
efafaeed3080be14777f4efcf73f53b6
44a9f1ac07ad8e014fed1aa6b3444dae
61bf3df0c2189057e627bf8600b228d3
44cc8003861ce806041ce986485d1a04
412cbbe94ec5e93854bec9d5f48a098b
ad7e53eab8925256637c837c0e8f9e95
afdd2b65f74452829d79e90996e4f7bf
8536aaf254d342dc11f149eef2fd0b3f
512fff53917799dd8f529789ea4a029a
6df5d7a7d580569232eb1b729c6b3adc
46f48e3e28e571a66e273aea97de977c
32e2ab5bc4c038916f6da3be6ad22b6b
0f437d555e421ed5307cc83938de4af9
4f8d6388186c9b9964e8f686a28fe7d0
8a03a5cf27f66308c54d329f41936e80
6221615a81bca1bb8808a8718e6a69da
81b758954e48c0556cdc4087d893eb46
50bf4efc933490a5e1068e720d442d87
214fe6f0396a3c0be0b8e1a5a636f8e1
168b7bdec4161f24ced7835245282afc
cd52bfaac34bddc958cf6d919ba014b6
fc429b828c33ff6c7b90ee30ee50c632
aab823fabee3321ee9e0c12437846ac0
5d7f471bde9dae841591dcf9aa2e1853
dc93f5a92ec982eb4162f2b01197eb40
a4e16f2f510a80578ea4e0ce5acaac85
55624ff62bef27416a70bbca6af4748b
4290d3c9ce5efc2fe37b498e62b249ca
504f325809f80197de0c9ac63f1c47f3
debd5b71c8ce41fbe9bdc2849b156d7a
3aa66d3850fa0bd74937f090739479ba
1985f435213d222f77b026e4a5c42260
dfe7192797ea6e3097990baefb3fd3a5
b71ad66822dce7f21afac16e35bece20
55847a10ba043ed30023899ab659c315
c557b4209e4794b1b3815e2a4f245b72
3c5ebe1b2eb8126d7f3af48812aa9024
40f02a38d2e11fbca732ed4fa81aad6b
512f46d989fda0d91242c5f7a0f37a24
5270ef470b238cc9ceaa2beb02e4bda8
cdef00dfee5d6917f65aef2e9a011ed4
1fcc093c966fa3f971401e15d49786e7
812e2ef5ebfef7e3d434689cb97e0fd7
26d56d104fa513f500f74b4d615b4bb6
34ae5c1275a373b3ed4683ed121d6f18
61bcfd10207914a1e29e772ebbe0da56
b7beda5910d55d17c78c3935303b1ef0
74f5b82d39e4e698854fe23bbcc56c56
da48480f94e36e8eac25326ec017e238
f4c9a444d345e8336ad3cf9adea92f9e
6d3c07ce4389ec3908d1f2bf4fc94ff2
0849fca3ebdc93192c9048ee97beec07
667008177342ea1b6d7f2ab8119cfcaf
fc69304b34fbfeb81c33a2b9867e5670
9c4e9a90f05036bdf3cea9a07e42a590
5c7997cac5aa61d6927fd0cd0b1d87cc
7b205dd6f9ab8cc319120bdbc25dde38
f7f99dc83b5afbb05a7ecbfc0b15a6f6
fc0b676ca31a4b2d904b485a44e29b1a
2898cdc27c85460a9227901c7c8c43d2
3d3f34b8d75b077277e797f642a702a4
cf8bcf62303eabac72db2a770809bbc3
f350721a3e9ebd7f91942c77e8f688e3
043346c15999b9c83c9c796da08f9310
14f0a9708faffed5d04c8ca8a4a3cf2e
0fe1e690d1f246b779a663123c2ec9ff
640f3f89cb87dd375667fc7c574958fd
048095e6b6c4a27f38f1cb08900f91e9
0a799b3d7e9d28f492deed3a3702c003
494e97dcada28e5eca7bd325d779819b
ec2f3d749c3f11ebc133005422b87969
f181358134287766b7547a5bc229637b
296f89fd4d408143b79bfed65155cf76
e4901d6372ef6fb82f33680cf5d1b6b8
b9c6e2536931bcf58b58352b0053ddb1
b75e3280eb9831ccaede4d71721c9873
818c92a4eb24217841c2b3bcd1f76e64
3b794e7a4a40fd840454f65f13c2eb67
84c9c962dd8950884de8e88b3404046b
b66a9de98f3c459b9012a4b5288b9477
590bdca9b6148a6bfbd460f8634e9b3b
201d2c183266ae8e026c71d659c587bd
9ffc0a3af63549c88c58982c33ea8391
050ebe3aee15a19e584c9e2df718496d
c17a32f781ff68b0c11cf6143c5d3628
a074b61a69fa75b49b2bba2b7c4ad517
329f8cd6b8e11de90a590092f46c6541
439575d2d0f3dfc2f463f9a2149b4ff8
754718de6518198a55edd061db96d7b7
424958a51f70c3cada4e2df8dc2ea20c
078adc5e83dc46e6dc78c308963859fe
12b07985fdb7122df23b050ca4a5e4fa
cab15225ef60f0c3a44650528c1ed0b6
ee234bb923605710ef8b7ea4b1f8f3cf
bcde1d51f3d7886262e5a6b20126ad5e
d360cae453047a9782f8cadeee5561ca
ed9f6eee24edb4c6aa43584a9a56a47d
ea46657be9491a3719ea0df9bfcb5e91
76834b9fc40713f3296e9e1959aba953
7a11a4b172bf3974f0abb52755e8491e
8fba7741f9c843470caf580400fcbb4d
cd0192bac00f5f5125af5edcda2c4a78
60bbe493c23afd75b98513d484fa2721
741841ac2f7049cada2396312b0932b1
4afc8a35efc23a932fdfc1ff0779278d
b8856dcc7cd114e1a9c3c28ae5263bb5
1c6f25e62320bed1dfa18558ce591fb4
879bf4cdc5fb826373a0d4e8d472aa86
028d1be43e33aa5c08fc23e4321a15f4
8312518a645dd223679f1cf12e1ac081
b18510d71a973fb8e84de1d1f10e1729
8cdb8c86417fd05f50e531939a262d1d
f6cef22c0a06f04c909b8363843cb84c
b08c173c533b9f50ca859bd8cfe904bd
cefd3fb655aa852b422421c921f5c9c0
937a4b9a5f7741ee3a589c47c6d596a6
4fb3d3d5d0e1d30ccdd644a5ebd88750
cc2beeaf56f6fd7c31fee664f5df4908
017c3497115a62bc23c43b15fb88014b
c8bd2b8de8950cbfd216a5e5ad8c5581
fe776d22379e1de5b36b7519f93af9ff
4d6a8347dec1b6d4ed8d05df7523ceba
c5cebbcdcb8a635b883a9d2db08a6bb1
e1fe6cdf662d6a02680fa0b069a93430
e2465dce4783d2ae7af5eb2c7d4576fb
6b2ef380dcbc38a317b27777551bfb41
5c3e7df49491a38487552765fd68afc4
6fcebcf44242ed4f6228ae11d19881d9
26308d42c6702969efd09ec1afc6670f
f005100bc29ce973d85e5849e27ad6f9
eaefa0ed7faccde6ed2834df8a51e2bd
775b903a1dc38fff8c47e21b55b31041
c776e26b53eb0cecd72b59072e4f92ef
d6a53bd47a413e5da5c91f635f5ca251
6e4e70eefa487b80cdc762f80df907ee
247e5bc3eb09036022839271e53cd328
e223bc789fb173a7d2ab9a2f8ee6bfb6
a7f0333b38122953f31a483bcc40e4ee
5dc9d3eeecd57be40b8d47063a9b6ce0
9aab57af2ec340f0bb27c317adebead5
71480ffdae4db8180260eddfc6f93a16
b18c382ce0c10c072cbffa5e8502ac08
278c960c8ddade3df713d7ebfd8c929f
300a0975ce9cd05423b790c0a7595c41
645ae45506fe5166da1d2106a513a131
184055ccd453ade002df63b0f537717b
ab838a5e8515d1f8ab35fcc4ebc283fb
aa398a75ecb0d669edee9668d06181aa
06898b2b564857d861a4b0774a0fa936
5589412d00d669b2c1d21fa3c5264662
9500d0400186696fc4f7f46b5cb2ecf8
a620fab86b5957f4d57f6fa0e275cd8d
de75f30beb379f8b60ffa1b7f1a4eb81
fdce56ce2349b15c7cbc88a064764249
3fb237b7ded561ab673989522bb8185d
cb4dde40f89275d7de6e3842b6ee8455
1aa96c31fe409a0120b184c97ec72553
ac01a0450d531a03ebb5f16c837d11ea
1e075880a81fbacaee717d80ba219e22
ba8001d89237ca80f7d9b72d604ec259
de8eb4eb69b68574323e98e03cf06ce3
a6f8b0bf33df97f759e7e1a25d62ec0c
c43a741c3128fc7de1ab45ed97625f9f
4ec93d8738a93e1607ac0c68cd3b3179
44ae09242c688864be9e6bbce16dffcb
f6f21324e8006018c2f052772de41fed
274cd12dec045c207e5a268cbaa0221e
5e8a84907e34d7c95af9b88bf0fb15b2
3256da73ba27501324dea5a8eb793885
0d9eb1639fc3ec4eb9bb9620604daa2f
5e7e166de23f8eaf26f404ca7d1e8bb6
60f17716257275e0a53ae0f4b3618b8f
501bfe6375ab1b6f5ccdd167c3abea44
e407ea62c7e4452584e7944dece1af4c
8f5fc9312653cad3eb60a53c4d66bdc1
9be848ecde428a46838a2d4feb49f59c
2b25ca3896f5db14dacb9495bc45cd74
7048d5ac461910ac1f404bcd3e086d38
bbfe9cce925fe5f7b58b26fc97e268d3
76c72aec5c5abb418cae65f855cf7e98
87b52eeeaa600c59780015f5a0e899bf
fef805aa37cccb21efff48f440fd6231
7906eeb2899adbe13b6eab8171b8f209
b4591552916be9a09d7bcb013b2e654b
cd2501a89df913d19a55cbe0770322ac
c86be0741ce4135a3ef04df204a65403
b23c3df5a1588926329f3657faa7e9aa
69b713f54872f529997348655cccb1e8
dc028a8ba4e8d5cd8ac3eb8afcd5c0f1
aa8fa30c3a88c390341c3c2be0b1f374
958dd7240d71a1f2c43b0fdd2c2454c0
34968622ad1f3161d8a65d30b4099568
6ea2ec2ac193fcd57d9455a0502fee72
d0498882d3197bfbf2e0599bf0508a27
abd729954f1848531f14a96b6db236df
930d3b8d00d24e647fdb51d0f37244cb
8801a48a192155f1b83cd58a7f951b26
5958348dfa52b9d23d62fd963375f848
a527f739cf93be3347375a497e977d1d
1e23092d455557499afe8d0de88715a4
47e3bc57b2786c1e67502d022686ff3f
5466c9bdbc5980670dfb7545df8659b1
3855c7f4b760e34af17af0b0aee177ba
66b54ac309a631dde56178bf5ca23607
ea911e20932bb15488bba16c4b3f910d
48ba84b43772dbd366a199a24a712126
9a369edbb37755be5e1a9abbb810df6d
eee36f4f666665d09eb21f6a4b368f60
f6def624dcc580698a47740405700a8c
07ac0002e9ab3c21da433a9d49a5241a
75138e0d5e04fee627d0d0998e1d7509
5b71bc451daa785458baeb5269c83367
54e717014b4974429abbdaf560e1d200
33cc54a12afb71060a7a61e8b93c350f
cd115212ef3c11d6a575631adb048732
9f2c656a7ce3c4f092163eb63ef52d9e
0d63a809e2cf4e9e80c1228efae99a32
28f25a573c56842d6df192f74d6d6533
afbe66d5ce84e1fd3cd7005e071b3d22
55929d71a291d87c0ba62b8b5b82ac04
b482a53e23aca4080fea528e74775012
f8534fc656025dcd2f9e8ec8c54e81a2
edbc687f2d4d24bdb6a3f0cd1264c9c8
1c2c99d05855197adbfa9ba0364f9da1
5c1579df167e608e43befcd132b7d088
ada98d53e6f5bd40e53111b1d04a18c2
f3986a1e59a219d4495fa2b0537dd94a
e2187cb38651009362267c5c9f17edef
b72c702244c98f3b18b6e84d3f912ecd
cc1f2cd10298f686caf0d4f1dd0eea6d
4406347f9423a50d8e048efabf4e6167
083cfd9ac021379a4f66fb859ce39949
209eb27a67cf98fb5a2445d0477d4336
1bbd56bfd1f0572d6807c33243bc51b4
99d0bbb25002267068545637cf8030b3
7c3821f2878238ba15b4ac2f2d83837f
4f13d8d05bac99b272b1ec08ae090ad3
01554e4ed2badc7663b2979cdace4f68
2ff78d26b939418a58cde66cdecb6874
a856c11bf7efc2446a4444639db2d235
4209327aa326997595cbba25116d1149
4e9c1c644ca3608856e237e0d9ea26cd
0916359fffda1e9b5fa0e56c74169fa0
0d956c70299562a28b3709ee1e0ad8d5
57e145d949b39ef818afd582408073e6
6694a672e608cf9d0d9c8e20345a5b28
49b4005af09b6e216a61bae16ba891aa
d943dcf81b29a510c9cf4b72a639279c
1a24e75bb608a02a6894986e6f6f1973
3c2e2ed2acfea8e1675dac29b179f40f
a88ce836a8fa3dfc396465be40a5979c
3736601ea518cd707a46c60230e59212
5e097df7a36ae24882be508749468bcd
c2296baae4496a9e2f3f0b00db3e5585
c75d1a461bd813fbf8fc203b27bccec2
badb9f7b0f801ef6e43150c1cf48afa6
efafaeed3080be14777f4efcf73f53b6
44a9f1ac07ad8e014fed1aa6b3444dae
61bf3df0c2189057e627bf8600b228d3
44cc8003861ce806041ce986485d1a04
412cbbe94ec5e93854bec9d5f48a098b
ad7e53eab8925256637c837c0e8f9e95
afdd2b65f74452829d79e90996e4f7bf
8536aaf254d342dc11f149eef2fd0b3f
512fff53917799dd8f529789ea4a029a
6df5d7a7d580569232eb1b729c6b3adc
46f48e3e28e571a66e273aea97de977c
32e2ab5bc4c038916f6da3be6ad22b6b
0f437d555e421ed5307cc83938de4af9
4f8d6388186c9b9964e8f686a28fe7d0
8a03a5cf27f66308c54d329f41936e80
6221615a81bca1bb8808a8718e6a69da
81b758954e48c0556cdc4087d893eb46
50bf4efc933490a5e1068e720d442d87
214fe6f0396a3c0be0b8e1a5a636f8e1
168b7bdec4161f24ced7835245282afc
cd52bfaac34bddc958cf6d919ba014b6
fc429b828c33ff6c7b90ee30ee50c632
aab823fabee3321ee9e0c12437846ac0
5d7f471bde9dae841591dcf9aa2e1853
dc93f5a92ec982eb4162f2b01197eb40
a4e16f2f510a80578ea4e0ce5acaac85
55624ff62bef27416a70bbca6af4748b
4290d3c9ce5efc2fe37b498e62b249ca
504f325809f80197de0c9ac63f1c47f3
debd5b71c8ce41fbe9bdc2849b156d7a
3aa66d3850fa0bd74937f090739479ba
1985f435213d222f77b026e4a5c42260
dfe7192797ea6e3097990baefb3fd3a5
b71ad66822dce7f21afac16e35bece20
55847a10ba043ed30023899ab659c315
c557b4209e4794b1b3815e2a4f245b72
3c5ebe1b2eb8126d7f3af48812aa9024
40f02a38d2e11fbca732ed4fa81aad6b
512f46d989fda0d91242c5f7a0f37a24
5270ef470b238cc9ceaa2beb02e4bda8
cdef00dfee5d6917f65aef2e9a011ed4
1fcc093c966fa3f971401e15d49786e7
812e2ef5ebfef7e3d434689cb97e0fd7
26d56d104fa513f500f74b4d615b4bb6
34ae5c1275a373b3ed4683ed121d6f18
61bcfd10207914a1e29e772ebbe0da56
b7beda5910d55d17c78c3935303b1ef0
74f5b82d39e4e698854fe23bbcc56c56
da48480f94e36e8eac25326ec017e238
f4c9a444d345e8336ad3cf9adea92f9e
6d3c07ce4389ec3908d1f2bf4fc94ff2
0849fca3ebdc93192c9048ee97beec07
667008177342ea1b6d7f2ab8119cfcaf
fc69304b34fbfeb81c33a2b9867e5670
9c4e9a90f05036bdf3cea9a07e42a590
5c7997cac5aa61d6927fd0cd0b1d87cc
7b205dd6f9ab8cc319120bdbc25dde38
f7f99dc83b5afbb05a7ecbfc0b15a6f6
fc0b676ca31a4b2d904b485a44e29b1a
2898cdc27c85460a9227901c7c8c43d2
3d3f34b8d75b077277e797f642a702a4
cf8bcf62303eabac72db2a770809bbc3
f350721a3e9ebd7f91942c77e8f688e3
043346c15999b9c83c9c796da08f9310
14f0a9708faffed5d04c8ca8a4a3cf2e
0fe1e690d1f246b779a663123c2ec9ff
640f3f89cb87dd375667fc7c574958fd
048095e6b6c4a27f38f1cb08900f91e9
0a799b3d7e9d28f492deed3a3702c003
494e97dcada28e5eca7bd325d779819b
ec2f3d749c3f11ebc133005422b87969
f181358134287766b7547a5bc229637b
296f89fd4d408143b79bfed65155cf76
e4901d6372ef6fb82f33680cf5d1b6b8
b9c6e2536931bcf58b58352b0053ddb1
b75e3280eb9831ccaede4d71721c9873
818c92a4eb24217841c2b3bcd1f76e64
3b794e7a4a40fd840454f65f13c2eb67
84c9c962dd8950884de8e88b3404046b
b66a9de98f3c459b9012a4b5288b9477
590bdca9b6148a6bfbd460f8634e9b3b
201d2c183266ae8e026c71d659c587bd
9ffc0a3af63549c88c58982c33ea8391
050ebe3aee15a19e584c9e2df718496d
c17a32f781ff68b0c11cf6143c5d3628
a074b61a69fa75b49b2bba2b7c4ad517
329f8cd6b8e11de90a590092f46c6541
439575d2d0f3dfc2f463f9a2149b4ff8
754718de6518198a55edd061db96d7b7
424958a51f70c3cada4e2df8dc2ea20c
078adc5e83dc46e6dc78c308963859fe
12b07985fdb7122df23b050ca4a5e4fa
cab15225ef60f0c3a44650528c1ed0b6
ee234bb923605710ef8b7ea4b1f8f3cf
bcde1d51f3d7886262e5a6b20126ad5e
d360cae453047a9782f8cadeee5561ca
ed9f6eee24edb4c6aa43584a9a56a47d
ea46657be9491a3719ea0df9bfcb5e91
76834b9fc40713f3296e9e1959aba953
7a11a4b172bf3974f0abb52755e8491e
8fba7741f9c843470caf580400fcbb4d
cd0192bac00f5f5125af5edcda2c4a78
60bbe493c23afd75b98513d484fa2721
741841ac2f7049cada2396312b0932b1
4afc8a35efc23a932fdfc1ff0779278d
b8856dcc7cd114e1a9c3c28ae5263bb5
1c6f25e62320bed1dfa18558ce591fb4
879bf4cdc5fb826373a0d4e8d472aa86
028d1be43e33aa5c08fc23e4321a15f4
8312518a645dd223679f1cf12e1ac081
b18510d71a973fb8e84de1d1f10e1729
8cdb8c86417fd05f50e531939a262d1d
f6cef22c0a06f04c909b8363843cb84c
b08c173c533b9f50ca859bd8cfe904bd
cefd3fb655aa852b422421c921f5c9c0
937a4b9a5f7741ee3a589c47c6d596a6
4fb3d3d5d0e1d30ccdd644a5ebd88750
cc2beeaf56f6fd7c31fee664f5df4908
017c3497115a62bc23c43b15fb88014b
c8bd2b8de8950cbfd216a5e5ad8c5581
fe776d22379e1de5b36b7519f93af9ff
4d6a8347dec1b6d4ed8d05df7523ceba
c5cebbcdcb8a635b883a9d2db08a6bb1
e1fe6cdf662d6a02680fa0b069a93430
e2465dce4783d2ae7af5eb2c7d4576fb
6b2ef380dcbc38a317b27777551bfb41
5c3e7df49491a38487552765fd68afc4
6fcebcf44242ed4f6228ae11d19881d9
26308d42c6702969efd09ec1afc6670f
f005100bc29ce973d85e5849e27ad6f9
eaefa0ed7faccde6ed2834df8a51e2bd
775b903a1dc38fff8c47e21b55b31041
c776e26b53eb0cecd72b59072e4f92ef
d6a53bd47a413e5da5c91f635f5ca251
6e4e70eefa487b80cdc762f80df907ee
247e5bc3eb09036022839271e53cd328
e223bc789fb173a7d2ab9a2f8ee6bfb6
a7f0333b38122953f31a483bcc40e4ee
5dc9d3eeecd57be40b8d47063a9b6ce0
9aab57af2ec340f0bb27c317adebead5
71480ffdae4db8180260eddfc6f93a16
b18c382ce0c10c072cbffa5e8502ac08
278c960c8ddade3df713d7ebfd8c929f
300a0975ce9cd05423b790c0a7595c41
645ae45506fe5166da1d2106a513a131
184055ccd453ade002df63b0f537717b
ab838a5e8515d1f8ab35fcc4ebc283fb
aa398a75ecb0d669edee9668d06181aa
06898b2b564857d861a4b0774a0fa936
5589412d00d669b2c1d21fa3c5264662
9500d0400186696fc4f7f46b5cb2ecf8
a620fab86b5957f4d57f6fa0e275cd8d
de75f30beb379f8b60ffa1b7f1a4eb81
fdce56ce2349b15c7cbc88a064764249
3fb237b7ded561ab673989522bb8185d
cb4dde40f89275d7de6e3842b6ee8455
1aa96c31fe409a0120b184c97ec72553
ac01a0450d531a03ebb5f16c837d11ea
1e075880a81fbacaee717d80ba219e22
ba8001d89237ca80f7d9b72d604ec259
de8eb4eb69b68574323e98e03cf06ce3
a6f8b0bf33df97f759e7e1a25d62ec0c
c43a741c3128fc7de1ab45ed97625f9f
4ec93d8738a93e1607ac0c68cd3b3179
44ae09242c688864be9e6bbce16dffcb
f6f21324e8006018c2f052772de41fed
274cd12dec045c207e5a268cbaa0221e
5e8a84907e34d7c95af9b88bf0fb15b2
3256da73ba27501324dea5a8eb793885
0d9eb1639fc3ec4eb9bb9620604daa2f
5e7e166de23f8eaf26f404ca7d1e8bb6
60f17716257275e0a53ae0f4b3618b8f
501bfe6375ab1b6f5ccdd167c3abea44
e407ea62c7e4452584e7944dece1af4c
8f5fc9312653cad3eb60a53c4d66bdc1
9be848ecde428a46838a2d4feb49f59c
2b25ca3896f5db14dacb9495bc45cd74
7048d5ac461910ac1f404bcd3e086d38
bbfe9cce925fe5f7b58b26fc97e268d3
76c72aec5c5abb418cae65f855cf7e98
87b52eeeaa600c59780015f5a0e899bf
fef805aa37cccb21efff48f440fd6231
7906eeb2899adbe13b6eab8171b8f209
b4591552916be9a09d7bcb013b2e654b
cd2501a89df913d19a55cbe0770322ac
c86be0741ce4135a3ef04df204a65403
b23c3df5a1588926329f3657faa7e9aa
69b713f54872f529997348655cccb1e8
dc028a8ba4e8d5cd8ac3eb8afcd5c0f1
aa8fa30c3a88c390341c3c2be0b1f374
958dd7240d71a1f2c43b0fdd2c2454c0
34968622ad1f3161d8a65d30b4099568
6ea2ec2ac193fcd57d9455a0502fee72
d0498882d3197bfbf2e0599bf0508a27
abd729954f1848531f14a96b6db236df
930d3b8d00d24e647fdb51d0f37244cb
8801a48a192155f1b83cd58a7f951b26
5958348dfa52b9d23d62fd963375f848
a527f739cf93be3347375a497e977d1d
1e23092d455557499afe8d0de88715a4
47e3bc57b2786c1e67502d022686ff3f
5466c9bdbc5980670dfb7545df8659b1
3855c7f4b760e34af17af0b0aee177ba
66b54ac309a631dde56178bf5ca23607
ea911e20932bb15488bba16c4b3f910d
48ba84b43772dbd366a199a24a712126
9a369edbb37755be5e1a9abbb810df6d
eee36f4f666665d09eb21f6a4b368f60
f6def624dcc580698a47740405700a8c
07ac0002e9ab3c21da433a9d49a5241a
75138e0d5e04fee627d0d0998e1d7509
5b71bc451daa785458baeb5269c83367
54e717014b4974429abbdaf560e1d200
33cc54a12afb71060a7a61e8b93c350f
cd115212ef3c11d6a575631adb048732
9f2c656a7ce3c4f092163eb63ef52d9e
0d63a809e2cf4e9e80c1228efae99a32
28f25a573c56842d6df192f74d6d6533
afbe66d5ce84e1fd3cd7005e071b3d22
55929d71a291d87c0ba62b8b5b82ac04
b482a53e23aca4080fea528e74775012
f8534fc656025dcd2f9e8ec8c54e81a2
edbc687f2d4d24bdb6a3f0cd1264c9c8
1c2c99d05855197adbfa9ba0364f9da1
5c1579df167e608e43befcd132b7d088
ada98d53e6f5bd40e53111b1d04a18c2
f3986a1e59a219d4495fa2b0537dd94a
e2187cb38651009362267c5c9f17edef
b72c702244c98f3b18b6e84d3f912ecd
cc1f2cd10298f686caf0d4f1dd0eea6d
4406347f9423a50d8e048efabf4e6167
083cfd9ac021379a4f66fb859ce39949
209eb27a67cf98fb5a2445d0477d4336
1bbd56bfd1f0572d6807c33243bc51b4
99d0bbb25002267068545637cf8030b3
7c3821f2878238ba15b4ac2f2d83837f
4f13d8d05bac99b272b1ec08ae090ad3
01554e4ed2badc7663b2979cdace4f68
2ff78d26b939418a58cde66cdecb6874
a856c11bf7efc2446a4444639db2d235
4209327aa326997595cbba25116d1149
4e9c1c644ca3608856e237e0d9ea26cd
0916359fffda1e9b5fa0e56c74169fa0
0d956c70299562a28b3709ee1e0ad8d5
57e145d949b39ef818afd582408073e6
6694a672e608cf9d0d9c8e20345a5b28
49b4005af09b6e216a61bae16ba891aa
d943dcf81b29a510c9cf4b72a639279c
1a24e75bb608a02a6894986e6f6f1973
3c2e2ed2acfea8e1675dac29b179f40f
a88ce836a8fa3dfc396465be40a5979c
3736601ea518cd707a46c60230e59212
5e097df7a36ae24882be508749468bcd
c2296baae4496a9e2f3f0b00db3e5585
c75d1a461bd813fbf8fc203b27bccec2
badb9f7b0f801ef6e43150c1cf48afa6
efafaeed3080be14777f4efcf73f53b6
44a9f1ac07ad8e014fed1aa6b3444dae
61bf3df0c2189057e627bf8600b228d3
44cc8003861ce806041ce986485d1a04
412cbbe94ec5e93854bec9d5f48a098b
ad7e53eab8925256637c837c0e8f9e95
afdd2b65f74452829d79e90996e4f7bf
8536aaf254d342dc11f149eef2fd0b3f
512fff53917799dd8f529789ea4a029a
6df5d7a7d580569232eb1b729c6b3adc
46f48e3e28e571a66e273aea97de977c
32e2ab5bc4c038916f6da3be6ad22b6b
0f437d555e421ed5307cc83938de4af9
4f8d6388186c9b9964e8f686a28fe7d0
8a03a5cf27f66308c54d329f41936e80
6221615a81bca1bb8808a8718e6a69da
81b758954e48c0556cdc4087d893eb46
50bf4efc933490a5e1068e720d442d87
214fe6f0396a3c0be0b8e1a5a636f8e1
168b7bdec4161f24ced7835245282afc
cd52bfaac34bddc958cf6d919ba014b6
fc429b828c33ff6c7b90ee30ee50c632
aab823fabee3321ee9e0c12437846ac0
5d7f471bde9dae841591dcf9aa2e1853
dc93f5a92ec982eb4162f2b01197eb40
a4e16f2f510a80578ea4e0ce5acaac85
55624ff62bef27416a70bbca6af4748b
4290d3c9ce5efc2fe37b498e62b249ca
504f325809f80197de0c9ac63f1c47f3
debd5b71c8ce41fbe9bdc2849b156d7a
3aa66d3850fa0bd74937f090739479ba
1985f435213d222f77b026e4a5c42260
dfe7192797ea6e3097990baefb3fd3a5
b71ad66822dce7f21afac16e35bece20
55847a10ba043ed30023899ab659c315
c557b4209e4794b1b3815e2a4f245b72
3c5ebe1b2eb8126d7f3af48812aa9024
40f02a38d2e11fbca732ed4fa81aad6b
512f46d989fda0d91242c5f7a0f37a24
5270ef470b238cc9ceaa2beb02e4bda8
cdef00dfee5d6917f65aef2e9a011ed4
1fcc093c966fa3f971401e15d49786e7
812e2ef5ebfef7e3d434689cb97e0fd7
26d56d104fa513f500f74b4d615b4bb6
34ae5c1275a373b3ed4683ed121d6f18
61bcfd10207914a1e29e772ebbe0da56
b7beda5910d55d17c78c3935303b1ef0
74f5b82d39e4e698854fe23bbcc56c56
da48480f94e36e8eac25326ec017e238
f4c9a444d345e8336ad3cf9adea92f9e
6d3c07ce4389ec3908d1f2bf4fc94ff2
0849fca3ebdc93192c9048ee97beec07
667008177342ea1b6d7f2ab8119cfcaf
fc69304b34fbfeb81c33a2b9867e5670
9c4e9a90f05036bdf3cea9a07e42a590
5c7997cac5aa61d6927fd0cd0b1d87cc
7b205dd6f9ab8cc319120bdbc25dde38
f7f99dc83b5afbb05a7ecbfc0b15a6f6
fc0b676ca31a4b2d904b485a44e29b1a
2898cdc27c85460a9227901c7c8c43d2
3d3f34b8d75b077277e797f642a702a4
cf8bcf62303eabac72db2a770809bbc3
f350721a3e9ebd7f91942c77e8f688e3
043346c15999b9c83c9c796da08f9310
14f0a9708faffed5d04c8ca8a4a3cf2e
0fe1e690d1f246b779a663123c2ec9ff
640f3f89cb87dd375667fc7c574958fd
048095e6b6c4a27f38f1cb08900f91e9
0a799b3d7e9d28f492deed3a3702c003
494e97dcada28e5eca7bd325d779819b
ec2f3d749c3f11ebc133005422b87969
f181358134287766b7547a5bc229637b
296f89fd4d408143b79bfed65155cf76
e4901d6372ef6fb82f33680cf5d1b6b8
b9c6e2536931bcf58b58352b0053ddb1
b75e3280eb9831ccaede4d71721c9873
818c92a4eb24217841c2b3bcd1f76e64
3b794e7a4a40fd840454f65f13c2eb67
84c9c962dd8950884de8e88b3404046b
b66a9de98f3c459b9012a4b5288b9477
590bdca9b6148a6bfbd460f8634e9b3b
201d2c183266ae8e026c71d659c587bd
9ffc0a3af63549c88c58982c33ea8391
050ebe3aee15a19e584c9e2df718496d
c17a32f781ff68b0c11cf6143c5d3628
a074b61a69fa75b49b2bba2b7c4ad517
329f8cd6b8e11de90a590092f46c6541
439575d2d0f3dfc2f463f9a2149b4ff8
754718de6518198a55edd061db96d7b7
424958a51f70c3cada4e2df8dc2ea20c
078adc5e83dc46e6dc78c308963859fe
12b07985fdb7122df23b050ca4a5e4fa
cab15225ef60f0c3a44650528c1ed0b6
ee234bb923605710ef8b7ea4b1f8f3cf
bcde1d51f3d7886262e5a6b20126ad5e
d360cae453047a9782f8cadeee5561ca
ed9f6eee24edb4c6aa43584a9a56a47d
ea46657be9491a3719ea0df9bfcb5e91
76834b9fc40713f3296e9e1959aba953
7a11a4b172bf3974f0abb52755e8491e
8fba7741f9c843470caf580400fcbb4d
cd0192bac00f5f5125af5edcda2c4a78
60bbe493c23afd75b98513d484fa2721
741841ac2f7049cada2396312b0932b1
4afc8a35efc23a932fdfc1ff0779278d
b8856dcc7cd114e1a9c3c28ae5263bb5
1c6f25e62320bed1dfa18558ce591fb4
879bf4cdc5fb826373a0d4e8d472aa86
028d1be43e33aa5c08fc23e4321a15f4
8312518a645dd223679f1cf12e1ac081
b18510d71a973fb8e84de1d1f10e1729
8cdb8c86417fd05f50e531939a262d1d
f6cef22c0a06f04c909b8363843cb84c
b08c173c533b9f50ca859bd8cfe904bd
cefd3fb655aa852b422421c921f5c9c0
937a4b9a5f7741ee3a589c47c6d596a6
4fb3d3d5d0e1d30ccdd644a5ebd88750
cc2beeaf56f6fd7c31fee664f5df4908
017c3497115a62bc23c43b15fb88014b
c8bd2b8de8950cbfd216a5e5ad8c5581
fe776d22379e1de5b36b7519f93af9ff
4d6a8347dec1b6d4ed8d05df7523ceba
c5cebbcdcb8a635b883a9d2db08a6bb1
e1fe6cdf662d6a02680fa0b069a93430
e2465dce4783d2ae7af5eb2c7d4576fb
6b2ef380dcbc38a317b27777551bfb41
5c3e7df49491a38487552765fd68afc4
6fcebcf44242ed4f6228ae11d19881d9
26308d42c6702969efd09ec1afc6670f
f005100bc29ce973d85e5849e27ad6f9
eaefa0ed7faccde6ed2834df8a51e2bd
775b903a1dc38fff8c47e21b55b31041
c776e26b53eb0cecd72b59072e4f92ef
d6a53bd47a413e5da5c91f635f5ca251
6e4e70eefa487b80cdc762f80df907ee
247e5bc3eb09036022839271e53cd328
e223bc789fb173a7d2ab9a2f8ee6bfb6
a7f0333b38122953f31a483bcc40e4ee
5dc9d3eeecd57be40b8d47063a9b6ce0
9aab57af2ec340f0bb27c317adebead5
71480ffdae4db8180260eddfc6f93a16
b18c382ce0c10c072cbffa5e8502ac08
278c960c8ddade3df713d7ebfd8c929f
300a0975ce9cd05423b790c0a7595c41
645ae45506fe5166da1d2106a513a131
184055ccd453ade002df63b0f537717b
ab838a5e8515d1f8ab35fcc4ebc283fb
aa398a75ecb0d669edee9668d06181aa
06898b2b564857d861a4b0774a0fa936
5589412d00d669b2c1d21fa3c5264662
9500d0400186696fc4f7f46b5cb2ecf8
a620fab86b5957f4d57f6fa0e275cd8d
de75f30beb379f8b60ffa1b7f1a4eb81
fdce56ce2349b15c7cbc88a064764249
3fb237b7ded561ab673989522bb8185d
cb4dde40f89275d7de6e3842b6ee8455
1aa96c31fe409a0120b184c97ec72553
ac01a0450d531a03ebb5f16c837d11ea
1e075880a81fbacaee717d80ba219e22
ba8001d89237ca80f7d9b72d604ec259
de8eb4eb69b68574323e98e03cf06ce3
a6f8b0bf33df97f759e7e1a25d62ec0c
c43a741c3128fc7de1ab45ed97625f9f
4ec93d8738a93e1607ac0c68cd3b3179
44ae09242c688864be9e6bbce16dffcb
f6f21324e8006018c2f052772de41fed
274cd12dec045c207e5a268cbaa0221e
5e8a84907e34d7c95af9b88bf0fb15b2
3256da73ba27501324dea5a8eb793885
0d9eb1639fc3ec4eb9bb9620604daa2f
5e7e166de23f8eaf26f404ca7d1e8bb6
60f17716257275e0a53ae0f4b3618b8f
501bfe6375ab1b6f5ccdd167c3abea44
e407ea62c7e4452584e7944dece1af4c
8f5fc9312653cad3eb60a53c4d66bdc1
9be848ecde428a46838a2d4feb49f59c
2b25ca3896f5db14dacb9495bc45cd74
7048d5ac461910ac1f404bcd3e086d38
bbfe9cce925fe5f7b58b26fc97e268d3
76c72aec5c5abb418cae65f855cf7e98
87b52eeeaa600c59780015f5a0e899bf
fef805aa37cccb21efff48f440fd6231
7906eeb2899adbe13b6eab8171b8f209
b4591552916be9a09d7bcb013b2e654b
cd2501a89df913d19a55cbe0770322ac
c86be0741ce4135a3ef04df204a65403
b23c3df5a1588926329f3657faa7e9aa
69b713f54872f529997348655cccb1e8
dc028a8ba4e8d5cd8ac3eb8afcd5c0f1
aa8fa30c3a88c390341c3c2be0b1f374
958dd7240d71a1f2c43b0fdd2c2454c0
34968622ad1f3161d8a65d30b4099568
6ea2ec2ac193fcd57d9455a0502fee72
d0498882d3197bfbf2e0599bf0508a27
abd729954f1848531f14a96b6db236df
930d3b8d00d24e647fdb51d0f37244cb
8801a48a192155f1b83cd58a7f951b26
5958348dfa52b9d23d62fd963375f848
a527f739cf93be3347375a497e977d1d
1e23092d455557499afe8d0de88715a4
47e3bc57b2786c1e67502d022686ff3f
5466c9bdbc5980670dfb7545df8659b1
3855c7f4b760e34af17af0b0aee177ba
66b54ac309a631dde56178bf5ca23607
ea911e20932bb15488bba16c4b3f910d
48ba84b43772dbd366a199a24a712126
9a369edbb37755be5e1a9abbb810df6d
eee36f4f666665d09eb21f6a4b368f60
f6def624dcc580698a47740405700a8c
07ac0002e9ab3c21da433a9d49a5241a
75138e0d5e04fee627d0d0998e1d7509
5b71bc451daa785458baeb5269c83367
54e717014b4974429abbdaf560e1d200
33cc54a12afb71060a7a61e8b93c350f
cd115212ef3c11d6a575631adb048732
9f2c656a7ce3c4f092163eb63ef52d9e
0d63a809e2cf4e9e80c1228efae99a32
28f25a573c56842d6df192f74d6d6533
afbe66d5ce84e1fd3cd7005e071b3d22
55929d71a291d87c0ba62b8b5b82ac04
b482a53e23aca4080fea528e74775012
f8534fc656025dcd2f9e8ec8c54e81a2
edbc687f2d4d24bdb6a3f0cd1264c9c8
1c2c99d05855197adbfa9ba0364f9da1
5c1579df167e608e43befcd132b7d088
ada98d53e6f5bd40e53111b1d04a18c2
f3986a1e59a219d4495fa2b0537dd94a
e2187cb38651009362267c5c9f17edef
b72c702244c98f3b18b6e84d3f912ecd
cc1f2cd10298f686caf0d4f1dd0eea6d
4406347f9423a50d8e048efabf4e6167
083cfd9ac021379a4f66fb859ce39949
209eb27a67cf98fb5a2445d0477d4336
1bbd56bfd1f0572d6807c33243bc51b4
99d0bbb25002267068545637cf8030b3
7c3821f2878238ba15b4ac2f2d83837f
4f13d8d05bac99b272b1ec08ae090ad3
01554e4ed2badc7663b2979cdace4f68
2ff78d26b939418a58cde66cdecb6874
a856c11bf7efc2446a4444639db2d235
4209327aa326997595cbba25116d1149
4e9c1c644ca3608856e237e0d9ea26cd
0916359fffda1e9b5fa0e56c74169fa0
0d956c70299562a28b3709ee1e0ad8d5
57e145d949b39ef818afd582408073e6
6694a672e608cf9d0d9c8e20345a5b28
49b4005af09b6e216a61bae16ba891aa
d943dcf81b29a510c9cf4b72a639279c
1a24e75bb608a02a6894986e6f6f1973
3c2e2ed2acfea8e1675dac29b179f40f
a88ce836a8fa3dfc396465be40a5979c
3736601ea518cd707a46c60230e59212
5e097df7a36ae24882be508749468bcd
c2296baae4496a9e2f3f0b00db3e5585
c75d1a461bd813fbf8fc203b27bccec2
badb9f7b0f801ef6e43150c1cf48afa6
efafaeed3080be14777f4efcf73f53b6
44a9f1ac07ad8e014fed1aa6b3444dae
61bf3df0c2189057e627bf8600b228d3
44cc8003861ce806041ce986485d1a04
412cbbe94ec5e93854bec9d5f48a098b
ad7e53eab8925256637c837c0e8f9e95
afdd2b65f74452829d79e90996e4f7bf
8536aaf254d342dc11f149eef2fd0b3f
512fff53917799dd8f529789ea4a029a
6df5d7a7d580569232eb1b729c6b3adc
46f48e3e28e571a66e273aea97de977c
32e2ab5bc4c038916f6da3be6ad22b6b
0f437d555e421ed5307cc83938de4af9
4f8d6388186c9b9964e8f686a28fe7d0
8a03a5cf27f66308c54d329f41936e80
6221615a81bca1bb8808a8718e6a69da
81b758954e48c0556cdc4087d893eb46
50bf4efc933490a5e1068e720d442d87
214fe6f0396a3c0be0b8e1a5a636f8e1
168b7bdec4161f24ced7835245282afc
cd52bfaac34bddc958cf6d919ba014b6
fc429b828c33ff6c7b90ee30ee50c632
aab823fabee3321ee9e0c12437846ac0
5d7f471bde9dae841591dcf9aa2e1853
dc93f5a92ec982eb4162f2b01197eb40
a4e16f2f510a80578ea4e0ce5acaac85
55624ff62bef27416a70bbca6af4748b
4290d3c9ce5efc2fe37b498e62b249ca
504f325809f80197de0c9ac63f1c47f3
debd5b71c8ce41fbe9bdc2849b156d7a
3aa66d3850fa0bd74937f090739479ba
1985f435213d222f77b026e4a5c42260
dfe7192797ea6e3097990baefb3fd3a5
b71ad66822dce7f21afac16e35bece20
55847a10ba043ed30023899ab659c315
c557b4209e4794b1b3815e2a4f245b72
3c5ebe1b2eb8126d7f3af48812aa9024
40f02a38d2e11fbca732ed4fa81aad6b
512f46d989fda0d91242c5f7a0f37a24
5270ef470b238cc9ceaa2beb02e4bda8
cdef00dfee5d6917f65aef2e9a011ed4
1fcc093c966fa3f971401e15d49786e7
812e2ef5ebfef7e3d434689cb97e0fd7
26d56d104fa513f500f74b4d615b4bb6
34ae5c1275a373b3ed4683ed121d6f18
61bcfd10207914a1e29e772ebbe0da56
b7beda5910d55d17c78c3935303b1ef0
74f5b82d39e4e698854fe23bbcc56c56
da48480f94e36e8eac25326ec017e238
f4c9a444d345e8336ad3cf9adea92f9e
6d3c07ce4389ec3908d1f2bf4fc94ff2
0849fca3ebdc93192c9048ee97beec07
667008177342ea1b6d7f2ab8119cfcaf
fc69304b34fbfeb81c33a2b9867e5670
9c4e9a90f05036bdf3cea9a07e42a590
5c7997cac5aa61d6927fd0cd0b1d87cc
7b205dd6f9ab8cc319120bdbc25dde38
f7f99dc83b5afbb05a7ecbfc0b15a6f6
fc0b676ca31a4b2d904b485a44e29b1a
2898cdc27c85460a9227901c7c8c43d2
3d3f34b8d75b077277e797f642a702a4
cf8bcf62303eabac72db2a770809bbc3
f350721a3e9ebd7f91942c77e8f688e3
043346c15999b9c83c9c796da08f9310
14f0a9708faffed5d04c8ca8a4a3cf2e
0fe1e690d1f246b779a663123c2ec9ff
640f3f89cb87dd375667fc7c574958fd
048095e6b6c4a27f38f1cb08900f91e9
0a799b3d7e9d28f492deed3a3702c003
494e97dcada28e5eca7bd325d779819b
ec2f3d749c3f11ebc133005422b87969
f181358134287766b7547a5bc229637b
296f89fd4d408143b79bfed65155cf76
e4901d6372ef6fb82f33680cf5d1b6b8
b9c6e2536931bcf58b58352b0053ddb1
b75e3280eb9831ccaede4d71721c9873
818c92a4eb24217841c2b3bcd1f76e64
3b794e7a4a40fd840454f65f13c2eb67
84c9c962dd8950884de8e88b3404046b
b66a9de98f3c459b9012a4b5288b9477
590bdca9b6148a6bfbd460f8634e9b3b
201d2c183266ae8e026c71d659c587bd
9ffc0a3af63549c88c58982c33ea8391
050ebe3aee15a19e584c9e2df718496d
c17a32f781ff68b0c11cf6143c5d3628
a074b61a69fa75b49b2bba2b7c4ad517
329f8cd6b8e11de90a590092f46c6541
439575d2d0f3dfc2f463f9a2149b4ff8
754718de6518198a55edd061db96d7b7
424958a51f70c3cada4e2df8dc2ea20c
078adc5e83dc46e6dc78c308963859fe
12b07985fdb7122df23b050ca4a5e4fa
cab15225ef60f0c3a44650528c1ed0b6
ee234bb923605710ef8b7ea4b1f8f3cf
bcde1d51f3d7886262e5a6b20126ad5e
d360cae453047a9782f8cadeee5561ca
ed9f6eee24edb4c6aa43584a9a56a47d
ea46657be9491a3719ea0df9bfcb5e91
76834b9fc40713f3296e9e1959aba953
7a11a4b172bf3974f0abb52755e8491e
8fba7741f9c843470caf580400fcbb4d
cd0192bac00f5f5125af5edcda2c4a78
60bbe493c23afd75b98513d484fa2721
741841ac2f7049cada2396312b0932b1
4afc8a35efc23a932fdfc1ff0779278d
b8856dcc7cd114e1a9c3c28ae5263bb5
1c6f25e62320bed1dfa18558ce591fb4
879bf4cdc5fb826373a0d4e8d472aa86
028d1be43e33aa5c08fc23e4321a15f4
8312518a645dd223679f1cf12e1ac081
b18510d71a973fb8e84de1d1f10e1729
8cdb8c86417fd05f50e531939a262d1d
f6cef22c0a06f04c909b8363843cb84c
b08c173c533b9f50ca859bd8cfe904bd
cefd3fb655aa852b422421c921f5c9c0
937a4b9a5f7741ee3a589c47c6d596a6
4fb3d3d5d0e1d30ccdd644a5ebd88750
cc2beeaf56f6fd7c31fee664f5df4908
017c3497115a62bc23c43b15fb88014b
c8bd2b8de8950cbfd216a5e5ad8c5581
fe776d22379e1de5b36b7519f93af9ff
4d6a8347dec1b6d4ed8d05df7523ceba
c5cebbcdcb8a635b883a9d2db08a6bb1
e1fe6cdf662d6a02680fa0b069a93430
e2465dce4783d2ae7af5eb2c7d4576fb
6b2ef380dcbc38a317b27777551bfb41
5c3e7df49491a38487552765fd68afc4
6fcebcf44242ed4f6228ae11d19881d9
26308d42c6702969efd09ec1afc6670f
f005100bc29ce973d85e5849e27ad6f9
eaefa0ed7faccde6ed2834df8a51e2bd
775b903a1dc38fff8c47e21b55b31041
c776e26b53eb0cecd72b59072e4f92ef
d6a53bd47a413e5da5c91f635f5ca251
6e4e70eefa487b80cdc762f80df907ee
247e5bc3eb09036022839271e53cd328
e223bc789fb173a7d2ab9a2f8ee6bfb6
a7f0333b38122953f31a483bcc40e4ee
5dc9d3eeecd57be40b8d47063a9b6ce0
9aab57af2ec340f0bb27c317adebead5
71480ffdae4db8180260eddfc6f93a16
b18c382ce0c10c072cbffa5e8502ac08
278c960c8ddade3df713d7ebfd8c929f
300a0975ce9cd05423b790c0a7595c41
645ae45506fe5166da1d2106a513a131
184055ccd453ade002df63b0f537717b
ab838a5e8515d1f8ab35fcc4ebc283fb
aa398a75ecb0d669edee9668d06181aa
06898b2b564857d861a4b0774a0fa936
5589412d00d669b2c1d21fa3c5264662
9500d0400186696fc4f7f46b5cb2ecf8
a620fab86b5957f4d57f6fa0e275cd8d
de75f30beb379f8b60ffa1b7f1a4eb81
fdce56ce2349b15c7cbc88a064764249
3fb237b7ded561ab673989522bb8185d
cb4dde40f89275d7de6e3842b6ee8455
1aa96c31fe409a0120b184c97ec72553
ac01a0450d531a03ebb5f16c837d11ea
1e075880a81fbacaee717d80ba219e22
ba8001d89237ca80f7d9b72d604ec259
de8eb4eb69b68574323e98e03cf06ce3
a6f8b0bf33df97f759e7e1a25d62ec0c
c43a741c3128fc7de1ab45ed97625f9f
4ec93d8738a93e1607ac0c68cd3b3179
44ae09242c688864be9e6bbce16dffcb
f6f21324e8006018c2f052772de41fed
274cd12dec045c207e5a268cbaa0221e
5e8a84907e34d7c95af9b88bf0fb15b2
3256da73ba27501324dea5a8eb793885
0d9eb1639fc3ec4eb9bb9620604daa2f
5e7e166de23f8eaf26f404ca7d1e8bb6
60f17716257275e0a53ae0f4b3618b8f
501bfe6375ab1b6f5ccdd167c3abea44
e407ea62c7e4452584e7944dece1af4c
8f5fc9312653cad3eb60a53c4d66bdc1
9be848ecde428a46838a2d4feb49f59c
2b25ca3896f5db14dacb9495bc45cd74
7048d5ac461910ac1f404bcd3e086d38
bbfe9cce925fe5f7b58b26fc97e268d3
76c72aec5c5abb418cae65f855cf7e98
87b52eeeaa600c59780015f5a0e899bf
fef805aa37cccb21efff48f440fd6231
7906eeb2899adbe13b6eab8171b8f209
b4591552916be9a09d7bcb013b2e654b
cd2501a89df913d19a55cbe0770322ac
c86be0741ce4135a3ef04df204a65403
b23c3df5a1588926329f3657faa7e9aa
69b713f54872f529997348655cccb1e8
dc028a8ba4e8d5cd8ac3eb8afcd5c0f1
aa8fa30c3a88c390341c3c2be0b1f374
958dd7240d71a1f2c43b0fdd2c2454c0
34968622ad1f3161d8a65d30b4099568
6ea2ec2ac193fcd57d9455a0502fee72
d0498882d3197bfbf2e0599bf0508a27
abd729954f1848531f14a96b6db236df
930d3b8d00d24e647fdb51d0f37244cb
8801a48a192155f1b83cd58a7f951b26
5958348dfa52b9d23d62fd963375f848
a527f739cf93be3347375a497e977d1d
1e23092d455557499afe8d0de88715a4
47e3bc57b2786c1e67502d022686ff3f
5466c9bdbc5980670dfb7545df8659b1
3855c7f4b760e34af17af0b0aee177ba
66b54ac309a631dde56178bf5ca23607
ea911e20932bb15488bba16c4b3f910d
48ba84b43772dbd366a199a24a712126
9a369edbb37755be5e1a9abbb810df6d
eee36f4f666665d09eb21f6a4b368f60
f6def624dcc580698a47740405700a8c
07ac0002e9ab3c21da433a9d49a5241a
75138e0d5e04fee627d0d0998e1d7509
5b71bc451daa785458baeb5269c83367
54e717014b4974429abbdaf560e1d200
33cc54a12afb71060a7a61e8b93c350f
cd115212ef3c11d6a575631adb048732
9f2c656a7ce3c4f092163eb63ef52d9e
0d63a809e2cf4e9e80c1228efae99a32
28f25a573c56842d6df192f74d6d6533
afbe66d5ce84e1fd3cd7005e071b3d22
55929d71a291d87c0ba62b8b5b82ac04
b482a53e23aca4080fea528e74775012
f8534fc656025dcd2f9e8ec8c54e81a2
edbc687f2d4d24bdb6a3f0cd1264c9c8
1c2c99d05855197adbfa9ba0364f9da1
5c1579df167e608e43befcd132b7d088
ada98d53e6f5bd40e53111b1d04a18c2
f3986a1e59a219d4495fa2b0537dd94a
e2187cb38651009362267c5c9f17edef
b72c702244c98f3b18b6e84d3f912ecd
cc1f2cd10298f686caf0d4f1dd0eea6d
4406347f9423a50d8e048efabf4e6167
083cfd9ac021379a4f66fb859ce39949
209eb27a67cf98fb5a2445d0477d4336
1bbd56bfd1f0572d6807c33243bc51b4
99d0bbb25002267068545637cf8030b3
7c3821f2878238ba15b4ac2f2d83837f
4f13d8d05bac99b272b1ec08ae090ad3
01554e4ed2badc7663b2979cdace4f68
2ff78d26b939418a58cde66cdecb6874
a856c11bf7efc2446a4444639db2d235
4209327aa326997595cbba25116d1149
4e9c1c644ca3608856e237e0d9ea26cd
0916359fffda1e9b5fa0e56c74169fa0
0d956c70299562a28b3709ee1e0ad8d5
57e145d949b39ef818afd582408073e6
6694a672e608cf9d0d9c8e20345a5b28
49b4005af09b6e216a61bae16ba891aa
d943dcf81b29a510c9cf4b72a639279c
1a24e75bb608a02a6894986e6f6f1973
3c2e2ed2acfea8e1675dac29b179f40f
a88ce836a8fa3dfc396465be40a5979c
3736601ea518cd707a46c60230e59212
5e097df7a36ae24882be508749468bcd
c2296baae4496a9e2f3f0b00db3e5585
c75d1a461bd813fbf8fc203b27bccec2
badb9f7b0f801ef6e43150c1cf48afa6
efafaeed3080be14777f4efcf73f53b6
44a9f1ac07ad8e014fed1aa6b3444dae
61bf3df0c2189057e627bf8600b228d3
44cc8003861ce806041ce986485d1a04
412cbbe94ec5e93854bec9d5f48a098b
ad7e53eab8925256637c837c0e8f9e95
afdd2b65f74452829d79e90996e4f7bf
8536aaf254d342dc11f149eef2fd0b3f
512fff53917799dd8f529789ea4a029a
6df5d7a7d580569232eb1b729c6b3adc
46f48e3e28e571a66e273aea97de977c
32e2ab5bc4c038916f6da3be6ad22b6b
0f437d555e421ed5307cc83938de4af9
4f8d6388186c9b9964e8f686a28fe7d0
8a03a5cf27f66308c54d329f41936e80
6221615a81bca1bb8808a8718e6a69da
81b758954e48c0556cdc4087d893eb46
50bf4efc933490a5e1068e720d442d87
214fe6f0396a3c0be0b8e1a5a636f8e1
168b7bdec4161f24ced7835245282afc
cd52bfaac34bddc958cf6d919ba014b6
fc429b828c33ff6c7b90ee30ee50c632
aab823fabee3321ee9e0c12437846ac0
5d7f471bde9dae841591dcf9aa2e1853
dc93f5a92ec982eb4162f2b01197eb40
a4e16f2f510a80578ea4e0ce5acaac85
55624ff62bef27416a70bbca6af4748b
4290d3c9ce5efc2fe37b498e62b249ca
504f325809f80197de0c9ac63f1c47f3
debd5b71c8ce41fbe9bdc2849b156d7a
3aa66d3850fa0bd74937f090739479ba
1985f435213d222f77b026e4a5c42260
dfe7192797ea6e3097990baefb3fd3a5
b71ad66822dce7f21afac16e35bece20
55847a10ba043ed30023899ab659c315
c557b4209e4794b1b3815e2a4f245b72
3c5ebe1b2eb8126d7f3af48812aa9024
40f02a38d2e11fbca732ed4fa81aad6b
512f46d989fda0d91242c5f7a0f37a24
5270ef470b238cc9ceaa2beb02e4bda8
cdef00dfee5d6917f65aef2e9a011ed4
1fcc093c966fa3f971401e15d49786e7
812e2ef5ebfef7e3d434689cb97e0fd7
26d56d104fa513f500f74b4d615b4bb6
34ae5c1275a373b3ed4683ed121d6f18
61bcfd10207914a1e29e772ebbe0da56
b7beda5910d55d17c78c3935303b1ef0
74f5b82d39e4e698854fe23bbcc56c56
da48480f94e36e8eac25326ec017e238
f4c9a444d345e8336ad3cf9adea92f9e
6d3c07ce4389ec3908d1f2bf4fc94ff2
0849fca3ebdc93192c9048ee97beec07
667008177342ea1b6d7f2ab8119cfcaf
fc69304b34fbfeb81c33a2b9867e5670
9c4e9a90f05036bdf3cea9a07e42a590
5c7997cac5aa61d6927fd0cd0b1d87cc
7b205dd6f9ab8cc319120bdbc25dde38
f7f99dc83b5afbb05a7ecbfc0b15a6f6
fc0b676ca31a4b2d904b485a44e29b1a
2898cdc27c85460a9227901c7c8c43d2
3d3f34b8d75b077277e797f642a702a4
cf8bcf62303eabac72db2a770809bbc3
f350721a3e9ebd7f91942c77e8f688e3
043346c15999b9c83c9c796da08f9310
14f0a9708faffed5d04c8ca8a4a3cf2e
0fe1e690d1f246b779a663123c2ec9ff
640f3f89cb87dd375667fc7c574958fd
048095e6b6c4a27f38f1cb08900f91e9
0a799b3d7e9d28f492deed3a3702c003
494e97dcada28e5eca7bd325d779819b
ec2f3d749c3f11ebc133005422b87969
f181358134287766b7547a5bc229637b
296f89fd4d408143b79bfed65155cf76
e4901d6372ef6fb82f33680cf5d1b6b8
b9c6e2536931bcf58b58352b0053ddb1
b75e3280eb9831ccaede4d71721c9873
818c92a4eb24217841c2b3bcd1f76e64
3b794e7a4a40fd840454f65f13c2eb67
84c9c962dd8950884de8e88b3404046b
b66a9de98f3c459b9012a4b5288b9477
590bdca9b6148a6bfbd460f8634e9b3b
201d2c183266ae8e026c71d659c587bd
9ffc0a3af63549c88c58982c33ea8391
050ebe3aee15a19e584c9e2df718496d
c17a32f781ff68b0c11cf6143c5d3628
a074b61a69fa75b49b2bba2b7c4ad517
329f8cd6b8e11de90a590092f46c6541
439575d2d0f3dfc2f463f9a2149b4ff8
754718de6518198a55edd061db96d7b7
424958a51f70c3cada4e2df8dc2ea20c
078adc5e83dc46e6dc78c308963859fe
12b07985fdb7122df23b050ca4a5e4fa
cab15225ef60f0c3a44650528c1ed0b6
ee234bb923605710ef8b7ea4b1f8f3cf
bcde1d51f3d7886262e5a6b20126ad5e
d360cae453047a9782f8cadeee5561ca
ed9f6eee24edb4c6aa43584a9a56a47d
ea46657be9491a3719ea0df9bfcb5e91
76834b9fc40713f3296e9e1959aba953
7a11a4b172bf3974f0abb52755e8491e
8fba7741f9c843470caf580400fcbb4d
cd0192bac00f5f5125af5edcda2c4a78
60bbe493c23afd75b98513d484fa2721
741841ac2f7049cada2396312b0932b1
4afc8a35efc23a932fdfc1ff0779278d
b8856dcc7cd114e1a9c3c28ae5263bb5
1c6f25e62320bed1dfa18558ce591fb4
879bf4cdc5fb826373a0d4e8d472aa86
028d1be43e33aa5c08fc23e4321a15f4
8312518a645dd223679f1cf12e1ac081
b18510d71a973fb8e84de1d1f10e1729
8cdb8c86417fd05f50e531939a262d1d
f6cef22c0a06f04c909b8363843cb84c
b08c173c533b9f50ca859bd8cfe904bd
cefd3fb655aa852b422421c921f5c9c0
937a4b9a5f7741ee3a589c47c6d596a6
4fb3d3d5d0e1d30ccdd644a5ebd88750
cc2beeaf56f6fd7c31fee664f5df4908
017c3497115a62bc23c43b15fb88014b
c8bd2b8de8950cbfd216a5e5ad8c5581
fe776d22379e1de5b36b7519f93af9ff
4d6a8347dec1b6d4ed8d05df7523ceba
c5cebbcdcb8a635b883a9d2db08a6bb1
e1fe6cdf662d6a02680fa0b069a93430
e2465dce4783d2ae7af5eb2c7d4576fb
6b2ef380dcbc38a317b27777551bfb41
5c3e7df49491a38487552765fd68afc4
6fcebcf44242ed4f6228ae11d19881d9
26308d42c6702969efd09ec1afc6670f
f005100bc29ce973d85e5849e27ad6f9
eaefa0ed7faccde6ed2834df8a51e2bd
775b903a1dc38fff8c47e21b55b31041
c776e26b53eb0cecd72b59072e4f92ef
d6a53bd47a413e5da5c91f635f5ca251
6e4e70eefa487b80cdc762f80df907ee
247e5bc3eb09036022839271e53cd328
e223bc789fb173a7d2ab9a2f8ee6bfb6
a7f0333b38122953f31a483bcc40e4ee
5dc9d3eeecd57be40b8d47063a9b6ce0
9aab57af2ec340f0bb27c317adebead5
71480ffdae4db8180260eddfc6f93a16
b18c382ce0c10c072cbffa5e8502ac08
278c960c8ddade3df713d7ebfd8c929f
300a0975ce9cd05423b790c0a7595c41
645ae45506fe5166da1d2106a513a131
184055ccd453ade002df63b0f537717b
ab838a5e8515d1f8ab35fcc4ebc283fb
aa398a75ecb0d669edee9668d06181aa
06898b2b564857d861a4b0774a0fa936
5589412d00d669b2c1d21fa3c5264662
9500d0400186696fc4f7f46b5cb2ecf8
a620fab86b5957f4d57f6fa0e275cd8d
de75f30beb379f8b60ffa1b7f1a4eb81
fdce56ce2349b15c7cbc88a064764249
3fb237b7ded561ab673989522bb8185d
cb4dde40f89275d7de6e3842b6ee8455
1aa96c31fe409a0120b184c97ec72553
ac01a0450d531a03ebb5f16c837d11ea
1e075880a81fbacaee717d80ba219e22
ba8001d89237ca80f7d9b72d604ec259
de8eb4eb69b68574323e98e03cf06ce3
a6f8b0bf33df97f759e7e1a25d62ec0c
c43a741c3128fc7de1ab45ed97625f9f
4ec93d8738a93e1607ac0c68cd3b3179
44ae09242c688864be9e6bbce16dffcb
f6f21324e8006018c2f052772de41fed
274cd12dec045c207e5a268cbaa0221e
5e8a84907e34d7c95af9b88bf0fb15b2
3256da73ba27501324dea5a8eb793885
0d9eb1639fc3ec4eb9bb9620604daa2f
5e7e166de23f8eaf26f404ca7d1e8bb6
60f17716257275e0a53ae0f4b3618b8f
501bfe6375ab1b6f5ccdd167c3abea44
e407ea62c7e4452584e7944dece1af4c
8f5fc9312653cad3eb60a53c4d66bdc1
9be848ecde428a46838a2d4feb49f59c
2b25ca3896f5db14dacb9495bc45cd74
7048d5ac461910ac1f404bcd3e086d38
bbfe9cce925fe5f7b58b26fc97e268d3
76c72aec5c5abb418cae65f855cf7e98
87b52eeeaa600c59780015f5a0e899bf
fef805aa37cccb21efff48f440fd6231
7906eeb2899adbe13b6eab8171b8f209
b4591552916be9a09d7bcb013b2e654b
cd2501a89df913d19a55cbe0770322ac
c86be0741ce4135a3ef04df204a65403
b23c3df5a1588926329f3657faa7e9aa
69b713f54872f529997348655cccb1e8
dc028a8ba4e8d5cd8ac3eb8afcd5c0f1
aa8fa30c3a88c390341c3c2be0b1f374
958dd7240d71a1f2c43b0fdd2c2454c0
34968622ad1f3161d8a65d30b4099568
6ea2ec2ac193fcd57d9455a0502fee72
d0498882d3197bfbf2e0599bf0508a27
abd729954f1848531f14a96b6db236df
930d3b8d00d24e647fdb51d0f37244cb
8801a48a192155f1b83cd58a7f951b26
5958348dfa52b9d23d62fd963375f848
a527f739cf93be3347375a497e977d1d
1e23092d455557499afe8d0de88715a4
47e3bc57b2786c1e67502d022686ff3f
5466c9bdbc5980670dfb7545df8659b1
3855c7f4b760e34af17af0b0aee177ba
66b54ac309a631dde56178bf5ca23607
ea911e20932bb15488bba16c4b3f910d
48ba84b43772dbd366a199a24a712126
9a369edbb37755be5e1a9abbb810df6d
eee36f4f666665d09eb21f6a4b368f60
f6def624dcc580698a47740405700a8c
07ac0002e9ab3c21da433a9d49a5241a
75138e0d5e04fee627d0d0998e1d7509
5b71bc451daa785458baeb5269c83367
54e717014b4974429abbdaf560e1d200
33cc54a12afb71060a7a61e8b93c350f
cd115212ef3c11d6a575631adb048732
9f2c656a7ce3c4f092163eb63ef52d9e
0d63a809e2cf4e9e80c1228efae99a32
28f25a573c56842d6df192f74d6d6533
afbe66d5ce84e1fd3cd7005e071b3d22
55929d71a291d87c0ba62b8b5b82ac04
b482a53e23aca4080fea528e74775012
f8534fc656025dcd2f9e8ec8c54e81a2
edbc687f2d4d24bdb6a3f0cd1264c9c8
1c2c99d05855197adbfa9ba0364f9da1
5c1579df167e608e43befcd132b7d088
ada98d53e6f5bd40e53111b1d04a18c2
f3986a1e59a219d4495fa2b0537dd94a
e2187cb38651009362267c5c9f17edef
b72c702244c98f3b18b6e84d3f912ecd
cc1f2cd10298f686caf0d4f1dd0eea6d
4406347f9423a50d8e048efabf4e6167
083cfd9ac021379a4f66fb859ce39949
209eb27a67cf98fb5a2445d0477d4336
1bbd56bfd1f0572d6807c33243bc51b4
99d0bbb25002267068545637cf8030b3
7c3821f2878238ba15b4ac2f2d83837f
4f13d8d05bac99b272b1ec08ae090ad3
01554e4ed2badc7663b2979cdace4f68
2ff78d26b939418a58cde66cdecb6874
a856c11bf7efc2446a4444639db2d235
4209327aa326997595cbba25116d1149
4e9c1c644ca3608856e237e0d9ea26cd
0916359fffda1e9b5fa0e56c74169fa0
0d956c70299562a28b3709ee1e0ad8d5
57e145d949b39ef818afd582408073e6
6694a672e608cf9d0d9c8e20345a5b28
49b4005af09b6e216a61bae16ba891aa
d943dcf81b29a510c9cf4b72a639279c
1a24e75bb608a02a6894986e6f6f1973
3c2e2ed2acfea8e1675dac29b179f40f
a88ce836a8fa3dfc396465be40a5979c
3736601ea518cd707a46c60230e59212
5e097df7a36ae24882be508749468bcd
c2296baae4496a9e2f3f0b00db3e5585
c75d1a461bd813fbf8fc203b27bccec2
badb9f7b0f801ef6e43150c1cf48afa6
efafaeed3080be14777f4efcf73f53b6
44a9f1ac07ad8e014fed1aa6b3444dae
61bf3df0c2189057e627bf8600b228d3
44cc8003861ce806041ce986485d1a04
412cbbe94ec5e93854bec9d5f48a098b
ad7e53eab8925256637c837c0e8f9e95
afdd2b65f74452829d79e90996e4f7bf
8536aaf254d342dc11f149eef2fd0b3f
512fff53917799dd8f529789ea4a029a
6df5d7a7d580569232eb1b729c6b3adc
46f48e3e28e571a66e273aea97de977c
32e2ab5bc4c038916f6da3be6ad22b6b
0f437d555e421ed5307cc83938de4af9
4f8d6388186c9b9964e8f686a28fe7d0
8a03a5cf27f66308c54d329f41936e80
6221615a81bca1bb8808a8718e6a69da
81b758954e48c0556cdc4087d893eb46
50bf4efc933490a5e1068e720d442d87
214fe6f0396a3c0be0b8e1a5a636f8e1
168b7bdec4161f24ced7835245282afc
cd52bfaac34bddc958cf6d919ba014b6
fc429b828c33ff6c7b90ee30ee50c632
aab823fabee3321ee9e0c12437846ac0
5d7f471bde9dae841591dcf9aa2e1853
dc93f5a92ec982eb4162f2b01197eb40
a4e16f2f510a80578ea4e0ce5acaac85
55624ff62bef27416a70bbca6af4748b
4290d3c9ce5efc2fe37b498e62b249ca
504f325809f80197de0c9ac63f1c47f3
debd5b71c8ce41fbe9bdc2849b156d7a
3aa66d3850fa0bd74937f090739479ba
1985f435213d222f77b026e4a5c42260
dfe7192797ea6e3097990baefb3fd3a5
b71ad66822dce7f21afac16e35bece20
55847a10ba043ed30023899ab659c315
c557b4209e4794b1b3815e2a4f245b72
3c5ebe1b2eb8126d7f3af48812aa9024
40f02a38d2e11fbca732ed4fa81aad6b
512f46d989fda0d91242c5f7a0f37a24
5270ef470b238cc9ceaa2beb02e4bda8
cdef00dfee5d6917f65aef2e9a011ed4
1fcc093c966fa3f971401e15d49786e7
812e2ef5ebfef7e3d434689cb97e0fd7
26d56d104fa513f500f74b4d615b4bb6
34ae5c1275a373b3ed4683ed121d6f18
61bcfd10207914a1e29e772ebbe0da56
b7beda5910d55d17c78c3935303b1ef0
74f5b82d39e4e698854fe23bbcc56c56
da48480f94e36e8eac25326ec017e238
f4c9a444d345e8336ad3cf9adea92f9e
6d3c07ce4389ec3908d1f2bf4fc94ff2
0849fca3ebdc93192c9048ee97beec07
667008177342ea1b6d7f2ab8119cfcaf
fc69304b34fbfeb81c33a2b9867e5670
9c4e9a90f05036bdf3cea9a07e42a590
5c7997cac5aa61d6927fd0cd0b1d87cc
7b205dd6f9ab8cc319120bdbc25dde38
f7f99dc83b5afbb05a7ecbfc0b15a6f6
fc0b676ca31a4b2d904b485a44e29b1a
2898cdc27c85460a9227901c7c8c43d2
3d3f34b8d75b077277e797f642a702a4
cf8bcf62303eabac72db2a770809bbc3
f350721a3e9ebd7f91942c77e8f688e3
043346c15999b9c83c9c796da08f9310
14f0a9708faffed5d04c8ca8a4a3cf2e
0fe1e690d1f246b779a663123c2ec9ff
640f3f89cb87dd375667fc7c574958fd
048095e6b6c4a27f38f1cb08900f91e9
0a799b3d7e9d28f492deed3a3702c003
494e97dcada28e5eca7bd325d779819b
ec2f3d749c3f11ebc133005422b87969
f181358134287766b7547a5bc229637b
296f89fd4d408143b79bfed65155cf76
e4901d6372ef6fb82f33680cf5d1b6b8
b9c6e2536931bcf58b58352b0053ddb1
b75e3280eb9831ccaede4d71721c9873
818c92a4eb24217841c2b3bcd1f76e64
3b794e7a4a40fd840454f65f13c2eb67
84c9c962dd8950884de8e88b3404046b
b66a9de98f3c459b9012a4b5288b9477
590bdca9b6148a6bfbd460f8634e9b3b
201d2c183266ae8e026c71d659c587bd
9ffc0a3af63549c88c58982c33ea8391
050ebe3aee15a19e584c9e2df718496d
c17a32f781ff68b0c11cf6143c5d3628
a074b61a69fa75b49b2bba2b7c4ad517
329f8cd6b8e11de90a590092f46c6541
439575d2d0f3dfc2f463f9a2149b4ff8
754718de6518198a55edd061db96d7b7
424958a51f70c3cada4e2df8dc2ea20c
078adc5e83dc46e6dc78c308963859fe
12b07985fdb7122df23b050ca4a5e4fa
cab15225ef60f0c3a44650528c1ed0b6
ee234bb923605710ef8b7ea4b1f8f3cf
bcde1d51f3d7886262e5a6b20126ad5e
d360cae453047a9782f8cadeee5561ca
ed9f6eee24edb4c6aa43584a9a56a47d
ea46657be9491a3719ea0df9bfcb5e91
76834b9fc40713f3296e9e1959aba953
7a11a4b172bf3974f0abb52755e8491e
8fba7741f9c843470caf580400fcbb4d
cd0192bac00f5f5125af5edcda2c4a78
60bbe493c23afd75b98513d484fa2721
741841ac2f7049cada2396312b0932b1
4afc8a35efc23a932fdfc1ff0779278d
b8856dcc7cd114e1a9c3c28ae5263bb5
1c6f25e62320bed1dfa18558ce591fb4
879bf4cdc5fb826373a0d4e8d472aa86
028d1be43e33aa5c08fc23e4321a15f4
8312518a645dd223679f1cf12e1ac081
b18510d71a973fb8e84de1d1f10e1729
8cdb8c86417fd05f50e531939a262d1d
f6cef22c0a06f04c909b8363843cb84c
b08c173c533b9f50ca859bd8cfe904bd
cefd3fb655aa852b422421c921f5c9c0
937a4b9a5f7741ee3a589c47c6d596a6
4fb3d3d5d0e1d30ccdd644a5ebd88750
cc2beeaf56f6fd7c31fee664f5df4908
017c3497115a62bc23c43b15fb88014b
c8bd2b8de8950cbfd216a5e5ad8c5581
fe776d22379e1de5b36b7519f93af9ff
4d6a8347dec1b6d4ed8d05df7523ceba
c5cebbcdcb8a635b883a9d2db08a6bb1
e1fe6cdf662d6a02680fa0b069a93430
e2465dce4783d2ae7af5eb2c7d4576fb
6b2ef380dcbc38a317b27777551bfb41
5c3e7df49491a38487552765fd68afc4
6fcebcf44242ed4f6228ae11d19881d9
26308d42c6702969efd09ec1afc6670f
f005100bc29ce973d85e5849e27ad6f9
eaefa0ed7faccde6ed2834df8a51e2bd
775b903a1dc38fff8c47e21b55b31041
c776e26b53eb0cecd72b59072e4f92ef
d6a53bd47a413e5da5c91f635f5ca251
6e4e70eefa487b80cdc762f80df907ee
247e5bc3eb09036022839271e53cd328
e223bc789fb173a7d2ab9a2f8ee6bfb6
a7f0333b38122953f31a483bcc40e4ee
5dc9d3eeecd57be40b8d47063a9b6ce0
9aab57af2ec340f0bb27c317adebead5
71480ffdae4db8180260eddfc6f93a16
b18c382ce0c10c072cbffa5e8502ac08
278c960c8ddade3df713d7ebfd8c929f
300a0975ce9cd05423b790c0a7595c41
645ae45506fe5166da1d2106a513a131
184055ccd453ade002df63b0f537717b
ab838a5e8515d1f8ab35fcc4ebc283fb
aa398a75ecb0d669edee9668d06181aa
06898b2b564857d861a4b0774a0fa936
5589412d00d669b2c1d21fa3c5264662
9500d0400186696fc4f7f46b5cb2ecf8
a620fab86b5957f4d57f6fa0e275cd8d
de75f30beb379f8b60ffa1b7f1a4eb81
fdce56ce2349b15c7cbc88a064764249
3fb237b7ded561ab673989522bb8185d
cb4dde40f89275d7de6e3842b6ee8455
1aa96c31fe409a0120b184c97ec72553
ac01a0450d531a03ebb5f16c837d11ea
1e075880a81fbacaee717d80ba219e22
ba8001d89237ca80f7d9b72d604ec259
de8eb4eb69b68574323e98e03cf06ce3
a6f8b0bf33df97f759e7e1a25d62ec0c
c43a741c3128fc7de1ab45ed97625f9f
4ec93d8738a93e1607ac0c68cd3b3179
44ae09242c688864be9e6bbce16dffcb
f6f21324e8006018c2f052772de41fed
274cd12dec045c207e5a268cbaa0221e
5e8a84907e34d7c95af9b88bf0fb15b2
3256da73ba27501324dea5a8eb793885
0d9eb1639fc3ec4eb9bb9620604daa2f
5e7e166de23f8eaf26f404ca7d1e8bb6
60f17716257275e0a53ae0f4b3618b8f
501bfe6375ab1b6f5ccdd167c3abea44
e407ea62c7e4452584e7944dece1af4c
8f5fc9312653cad3eb60a53c4d66bdc1
9be848ecde428a46838a2d4feb49f59c
2b25ca3896f5db14dacb9495bc45cd74
7048d5ac461910ac1f404bcd3e086d38
bbfe9cce925fe5f7b58b26fc97e268d3
76c72aec5c5abb418cae65f855cf7e98
87b52eeeaa600c59780015f5a0e899bf
fef805aa37cccb21efff48f440fd6231
7906eeb2899adbe13b6eab8171b8f209
b4591552916be9a09d7bcb013b2e654b
cd2501a89df913d19a55cbe0770322ac
c86be0741ce4135a3ef04df204a65403
b23c3df5a1588926329f3657faa7e9aa
69b713f54872f529997348655cccb1e8
dc028a8ba4e8d5cd8ac3eb8afcd5c0f1
aa8fa30c3a88c390341c3c2be0b1f374
958dd7240d71a1f2c43b0fdd2c2454c0
34968622ad1f3161d8a65d30b4099568
6ea2ec2ac193fcd57d9455a0502fee72
d0498882d3197bfbf2e0599bf0508a27
abd729954f1848531f14a96b6db236df
930d3b8d00d24e647fdb51d0f37244cb
8801a48a192155f1b83cd58a7f951b26
5958348dfa52b9d23d62fd963375f848
a527f739cf93be3347375a497e977d1d
1e23092d455557499afe8d0de88715a4
47e3bc57b2786c1e67502d022686ff3f
5466c9bdbc5980670dfb7545df8659b1
3855c7f4b760e34af17af0b0aee177ba
66b54ac309a631dde56178bf5ca23607
ea911e20932bb15488bba16c4b3f910d
48ba84b43772dbd366a199a24a712126
9a369edbb37755be5e1a9abbb810df6d
eee36f4f666665d09eb21f6a4b368f60
f6def624dcc580698a47740405700a8c
07ac0002e9ab3c21da433a9d49a5241a
75138e0d5e04fee627d0d0998e1d7509
5b71bc451daa785458baeb5269c83367
54e717014b4974429abbdaf560e1d200
33cc54a12afb71060a7a61e8b93c350f
cd115212ef3c11d6a575631adb048732
9f2c656a7ce3c4f092163eb63ef52d9e
0d63a809e2cf4e9e80c1228efae99a32
28f25a573c56842d6df192f74d6d6533
afbe66d5ce84e1fd3cd7005e071b3d22
55929d71a291d87c0ba62b8b5b82ac04
b482a53e23aca4080fea528e74775012
f8534fc656025dcd2f9e8ec8c54e81a2
edbc687f2d4d24bdb6a3f0cd1264c9c8
1c2c99d05855197adbfa9ba0364f9da1
5c1579df167e608e43befcd132b7d088
ada98d53e6f5bd40e53111b1d04a18c2
f3986a1e59a219d4495fa2b0537dd94a
e2187cb38651009362267c5c9f17edef
b72c702244c98f3b18b6e84d3f912ecd
cc1f2cd10298f686caf0d4f1dd0eea6d
4406347f9423a50d8e048efabf4e6167
083cfd9ac021379a4f66fb859ce39949
209eb27a67cf98fb5a2445d0477d4336
1bbd56bfd1f0572d6807c33243bc51b4
99d0bbb25002267068545637cf8030b3
7c3821f2878238ba15b4ac2f2d83837f
4f13d8d05bac99b272b1ec08ae090ad3
01554e4ed2badc7663b2979cdace4f68
2ff78d26b939418a58cde66cdecb6874
a856c11bf7efc2446a4444639db2d235
4209327aa326997595cbba25116d1149
4e9c1c644ca3608856e237e0d9ea26cd
0916359fffda1e9b5fa0e56c74169fa0
0d956c70299562a28b3709ee1e0ad8d5
57e145d949b39ef818afd582408073e6
6694a672e608cf9d0d9c8e20345a5b28
49b4005af09b6e216a61bae16ba891aa
d943dcf81b29a510c9cf4b72a639279c
1a24e75bb608a02a6894986e6f6f1973
3c2e2ed2acfea8e1675dac29b179f40f
a88ce836a8fa3dfc396465be40a5979c
3736601ea518cd707a46c60230e59212
5e097df7a36ae24882be508749468bcd
c2296baae4496a9e2f3f0b00db3e5585
c75d1a461bd813fbf8fc203b27bccec2
badb9f7b0f801ef6e43150c1cf48afa6
efafaeed3080be14777f4efcf73f53b6
44a9f1ac07ad8e014fed1aa6b3444dae
61bf3df0c2189057e627bf8600b228d3
44cc8003861ce806041ce986485d1a04
412cbbe94ec5e93854bec9d5f48a098b
ad7e53eab8925256637c837c0e8f9e95
afdd2b65f74452829d79e90996e4f7bf
8536aaf254d342dc11f149eef2fd0b3f
512fff53917799dd8f529789ea4a029a
6df5d7a7d580569232eb1b729c6b3adc
46f48e3e28e571a66e273aea97de977c
32e2ab5bc4c038916f6da3be6ad22b6b
0f437d555e421ed5307cc83938de4af9
4f8d6388186c9b9964e8f686a28fe7d0
8a03a5cf27f66308c54d329f41936e80
6221615a81bca1bb8808a8718e6a69da
81b758954e48c0556cdc4087d893eb46
50bf4efc933490a5e1068e720d442d87
214fe6f0396a3c0be0b8e1a5a636f8e1
168b7bdec4161f24ced7835245282afc
cd52bfaac34bddc958cf6d919ba014b6
fc429b828c33ff6c7b90ee30ee50c632
aab823fabee3321ee9e0c12437846ac0
5d7f471bde9dae841591dcf9aa2e1853
dc93f5a92ec982eb4162f2b01197eb40
a4e16f2f510a80578ea4e0ce5acaac85
55624ff62bef27416a70bbca6af4748b
4290d3c9ce5efc2fe37b498e62b249ca
504f325809f80197de0c9ac63f1c47f3
debd5b71c8ce41fbe9bdc2849b156d7a
3aa66d3850fa0bd74937f090739479ba
1985f435213d222f77b026e4a5c42260
dfe7192797ea6e3097990baefb3fd3a5
b71ad66822dce7f21afac16e35bece20
55847a10ba043ed30023899ab659c315
c557b4209e4794b1b3815e2a4f245b72
3c5ebe1b2eb8126d7f3af48812aa9024
40f02a38d2e11fbca732ed4fa81aad6b
512f46d989fda0d91242c5f7a0f37a24
5270ef470b238cc9ceaa2beb02e4bda8
cdef00dfee5d6917f65aef2e9a011ed4
1fcc093c966fa3f971401e15d49786e7
812e2ef5ebfef7e3d434689cb97e0fd7
26d56d104fa513f500f74b4d615b4bb6
34ae5c1275a373b3ed4683ed121d6f18
61bcfd10207914a1e29e772ebbe0da56
b7beda5910d55d17c78c3935303b1ef0
74f5b82d39e4e698854fe23bbcc56c56
da48480f94e36e8eac25326ec017e238
f4c9a444d345e8336ad3cf9adea92f9e
6d3c07ce4389ec3908d1f2bf4fc94ff2
0849fca3ebdc93192c9048ee97beec07
667008177342ea1b6d7f2ab8119cfcaf
fc69304b34fbfeb81c33a2b9867e5670
9c4e9a90f05036bdf3cea9a07e42a590
5c7997cac5aa61d6927fd0cd0b1d87cc
7b205dd6f9ab8cc319120bdbc25dde38
f7f99dc83b5afbb05a7ecbfc0b15a6f6
fc0b676ca31a4b2d904b485a44e29b1a
2898cdc27c85460a9227901c7c8c43d2
3d3f34b8d75b077277e797f642a702a4
cf8bcf62303eabac72db2a770809bbc3
f350721a3e9ebd7f91942c77e8f688e3
043346c15999b9c83c9c796da08f9310
14f0a9708faffed5d04c8ca8a4a3cf2e
0fe1e690d1f246b779a663123c2ec9ff
640f3f89cb87dd375667fc7c574958fd
048095e6b6c4a27f38f1cb08900f91e9
0a799b3d7e9d28f492deed3a3702c003
494e97dcada28e5eca7bd325d779819b
ec2f3d749c3f11ebc133005422b87969
f181358134287766b7547a5bc229637b
296f89fd4d408143b79bfed65155cf76
e4901d6372ef6fb82f33680cf5d1b6b8
b9c6e2536931bcf58b58352b0053ddb1
b75e3280eb9831ccaede4d71721c9873
818c92a4eb24217841c2b3bcd1f76e64
3b794e7a4a40fd840454f65f13c2eb67
84c9c962dd8950884de8e88b3404046b
b66a9de98f3c459b9012a4b5288b9477
590bdca9b6148a6bfbd460f8634e9b3b
201d2c183266ae8e026c71d659c587bd
9ffc0a3af63549c88c58982c33ea8391
050ebe3aee15a19e584c9e2df718496d
c17a32f781ff68b0c11cf6143c5d3628
a074b61a69fa75b49b2bba2b7c4ad517
329f8cd6b8e11de90a590092f46c6541
439575d2d0f3dfc2f463f9a2149b4ff8
754718de6518198a55edd061db96d7b7
424958a51f70c3cada4e2df8dc2ea20c
078adc5e83dc46e6dc78c308963859fe
12b07985fdb7122df23b050ca4a5e4fa
cab15225ef60f0c3a44650528c1ed0b6
ee234bb923605710ef8b7ea4b1f8f3cf
bcde1d51f3d7886262e5a6b20126ad5e
d360cae453047a9782f8cadeee5561ca
ed9f6eee24edb4c6aa43584a9a56a47d
ea46657be9491a3719ea0df9bfcb5e91
76834b9fc40713f3296e9e1959aba953
7a11a4b172bf3974f0abb52755e8491e
8fba7741f9c843470caf580400fcbb4d
cd0192bac00f5f5125af5edcda2c4a78
60bbe493c23afd75b98513d484fa2721
741841ac2f7049cada2396312b0932b1
4afc8a35efc23a932fdfc1ff0779278d
b8856dcc7cd114e1a9c3c28ae5263bb5
1c6f25e62320bed1dfa18558ce591fb4
879bf4cdc5fb826373a0d4e8d472aa86
028d1be43e33aa5c08fc23e4321a15f4
8312518a645dd223679f1cf12e1ac081
b18510d71a973fb8e84de1d1f10e1729
8cdb8c86417fd05f50e531939a262d1d
f6cef22c0a06f04c909b8363843cb84c
b08c173c533b9f50ca859bd8cfe904bd
cefd3fb655aa852b422421c921f5c9c0
937a4b9a5f7741ee3a589c47c6d596a6
4fb3d3d5d0e1d30ccdd644a5ebd88750
cc2beeaf56f6fd7c31fee664f5df4908
017c3497115a62bc23c43b15fb88014b
c8bd2b8de8950cbfd216a5e5ad8c5581
fe776d22379e1de5b36b7519f93af9ff
4d6a8347dec1b6d4ed8d05df7523ceba
c5cebbcdcb8a635b883a9d2db08a6bb1
e1fe6cdf662d6a02680fa0b069a93430
e2465dce4783d2ae7af5eb2c7d4576fb
6b2ef380dcbc38a317b27777551bfb41
5c3e7df49491a38487552765fd68afc4
6fcebcf44242ed4f6228ae11d19881d9
26308d42c6702969efd09ec1afc6670f
f005100bc29ce973d85e5849e27ad6f9
eaefa0ed7faccde6ed2834df8a51e2bd
775b903a1dc38fff8c47e21b55b31041
c776e26b53eb0cecd72b59072e4f92ef
d6a53bd47a413e5da5c91f635f5ca251
6e4e70eefa487b80cdc762f80df907ee
247e5bc3eb09036022839271e53cd328
e223bc789fb173a7d2ab9a2f8ee6bfb6
a7f0333b38122953f31a483bcc40e4ee
5dc9d3eeecd57be40b8d47063a9b6ce0
9aab57af2ec340f0bb27c317adebead5
71480ffdae4db8180260eddfc6f93a16
b18c382ce0c10c072cbffa5e8502ac08
278c960c8ddade3df713d7ebfd8c929f
300a0975ce9cd05423b790c0a7595c41
645ae45506fe5166da1d2106a513a131
184055ccd453ade002df63b0f537717b
ab838a5e8515d1f8ab35fcc4ebc283fb
aa398a75ecb0d669edee9668d06181aa
06898b2b564857d861a4b0774a0fa936
5589412d00d669b2c1d21fa3c5264662
9500d0400186696fc4f7f46b5cb2ecf8
a620fab86b5957f4d57f6fa0e275cd8d
de75f30beb379f8b60ffa1b7f1a4eb81
fdce56ce2349b15c7cbc88a064764249
3fb237b7ded561ab673989522bb8185d
cb4dde40f89275d7de6e3842b6ee8455
1aa96c31fe409a0120b184c97ec72553
ac01a0450d531a03ebb5f16c837d11ea
1e075880a81fbacaee717d80ba219e22
ba8001d89237ca80f7d9b72d604ec259
de8eb4eb69b68574323e98e03cf06ce3
a6f8b0bf33df97f759e7e1a25d62ec0c
c43a741c3128fc7de1ab45ed97625f9f
4ec93d8738a93e1607ac0c68cd3b3179
44ae09242c688864be9e6bbce16dffcb
f6f21324e8006018c2f052772de41fed
274cd12dec045c207e5a268cbaa0221e
5e8a84907e34d7c95af9b88bf0fb15b2
3256da73ba27501324dea5a8eb793885
0d9eb1639fc3ec4eb9bb9620604daa2f
5e7e166de23f8eaf26f404ca7d1e8bb6
60f17716257275e0a53ae0f4b3618b8f
501bfe6375ab1b6f5ccdd167c3abea44
e407ea62c7e4452584e7944dece1af4c
8f5fc9312653cad3eb60a53c4d66bdc1
9be848ecde428a46838a2d4feb49f59c
2b25ca3896f5db14dacb9495bc45cd74
7048d5ac461910ac1f404bcd3e086d38
bbfe9cce925fe5f7b58b26fc97e268d3
76c72aec5c5abb418cae65f855cf7e98
87b52eeeaa600c59780015f5a0e899bf
fef805aa37cccb21efff48f440fd6231
7906eeb2899adbe13b6eab8171b8f209
b4591552916be9a09d7bcb013b2e654b
cd2501a89df913d19a55cbe0770322ac
c86be0741ce4135a3ef04df204a65403
b23c3df5a1588926329f3657faa7e9aa
69b713f54872f529997348655cccb1e8
dc028a8ba4e8d5cd8ac3eb8afcd5c0f1
aa8fa30c3a88c390341c3c2be0b1f374
958dd7240d71a1f2c43b0fdd2c2454c0
34968622ad1f3161d8a65d30b4099568
6ea2ec2ac193fcd57d9455a0502fee72
d0498882d3197bfbf2e0599bf0508a27
abd729954f1848531f14a96b6db236df
930d3b8d00d24e647fdb51d0f37244cb
8801a48a192155f1b83cd58a7f951b26
5958348dfa52b9d23d62fd963375f848
a527f739cf93be3347375a497e977d1d
1e23092d455557499afe8d0de88715a4
47e3bc57b2786c1e67502d022686ff3f
5466c9bdbc5980670dfb7545df8659b1
3855c7f4b760e34af17af0b0aee177ba
66b54ac309a631dde56178bf5ca23607
ea911e20932bb15488bba16c4b3f910d
48ba84b43772dbd366a199a24a712126
9a369edbb37755be5e1a9abbb810df6d
eee36f4f666665d09eb21f6a4b368f60
f6def624dcc580698a47740405700a8c
07ac0002e9ab3c21da433a9d49a5241a
75138e0d5e04fee627d0d0998e1d7509
5b71bc451daa785458baeb5269c83367
54e717014b4974429abbdaf560e1d200
33cc54a12afb71060a7a61e8b93c350f
cd115212ef3c11d6a575631adb048732
9f2c656a7ce3c4f092163eb63ef52d9e
0d63a809e2cf4e9e80c1228efae99a32
28f25a573c56842d6df192f74d6d6533
afbe66d5ce84e1fd3cd7005e071b3d22
55929d71a291d87c0ba62b8b5b82ac04
b482a53e23aca4080fea528e74775012
f8534fc656025dcd2f9e8ec8c54e81a2
edbc687f2d4d24bdb6a3f0cd1264c9c8
1c2c99d05855197adbfa9ba0364f9da1
5c1579df167e608e43befcd132b7d088
ada98d53e6f5bd40e53111b1d04a18c2
f3986a1e59a219d4495fa2b0537dd94a
e2187cb38651009362267c5c9f17edef
b72c702244c98f3b18b6e84d3f912ecd
cc1f2cd10298f686caf0d4f1dd0eea6d
4406347f9423a50d8e048efabf4e6167
083cfd9ac021379a4f66fb859ce39949
209eb27a67cf98fb5a2445d0477d4336
1bbd56bfd1f0572d6807c33243bc51b4
99d0bbb25002267068545637cf8030b3
7c3821f2878238ba15b4ac2f2d83837f
4f13d8d05bac99b272b1ec08ae090ad3
01554e4ed2badc7663b2979cdace4f68
2ff78d26b939418a58cde66cdecb6874
a856c11bf7efc2446a4444639db2d235
4209327aa326997595cbba25116d1149
4e9c1c644ca3608856e237e0d9ea26cd
0916359fffda1e9b5fa0e56c74169fa0
0d956c70299562a28b3709ee1e0ad8d5
57e145d949b39ef818afd582408073e6
6694a672e608cf9d0d9c8e20345a5b28
49b4005af09b6e216a61bae16ba891aa
d943dcf81b29a510c9cf4b72a639279c
1a24e75bb608a02a6894986e6f6f1973
3c2e2ed2acfea8e1675dac29b179f40f
a88ce836a8fa3dfc396465be40a5979c
3736601ea518cd707a46c60230e59212
5e097df7a36ae24882be508749468bcd
c2296baae4496a9e2f3f0b00db3e5585
c75d1a461bd813fbf8fc203b27bccec2
badb9f7b0f801ef6e43150c1cf48afa6
efafaeed3080be14777f4efcf73f53b6
44a9f1ac07ad8e014fed1aa6b3444dae
61bf3df0c2189057e627bf8600b228d3
44cc8003861ce806041ce986485d1a04
412cbbe94ec5e93854bec9d5f48a098b
ad7e53eab8925256637c837c0e8f9e95
afdd2b65f74452829d79e90996e4f7bf
8536aaf254d342dc11f149eef2fd0b3f
512fff53917799dd8f529789ea4a029a
6df5d7a7d580569232eb1b729c6b3adc
46f48e3e28e571a66e273aea97de977c
32e2ab5bc4c038916f6da3be6ad22b6b
0f437d555e421ed5307cc83938de4af9
4f8d6388186c9b9964e8f686a28fe7d0
8a03a5cf27f66308c54d329f41936e80
6221615a81bca1bb8808a8718e6a69da
81b758954e48c0556cdc4087d893eb46
50bf4efc933490a5e1068e720d442d87
214fe6f0396a3c0be0b8e1a5a636f8e1
168b7bdec4161f24ced7835245282afc
cd52bfaac34bddc958cf6d919ba014b6
fc429b828c33ff6c7b90ee30ee50c632
aab823fabee3321ee9e0c12437846ac0
5d7f471bde9dae841591dcf9aa2e1853
dc93f5a92ec982eb4162f2b01197eb40
a4e16f2f510a80578ea4e0ce5acaac85
55624ff62bef27416a70bbca6af4748b
4290d3c9ce5efc2fe37b498e62b249ca
504f325809f80197de0c9ac63f1c47f3
debd5b71c8ce41fbe9bdc2849b156d7a
3aa66d3850fa0bd74937f090739479ba
1985f435213d222f77b026e4a5c42260
dfe7192797ea6e3097990baefb3fd3a5
b71ad66822dce7f21afac16e35bece20
55847a10ba043ed30023899ab659c315
c557b4209e4794b1b3815e2a4f245b72
3c5ebe1b2eb8126d7f3af48812aa9024
40f02a38d2e11fbca732ed4fa81aad6b
512f46d989fda0d91242c5f7a0f37a24
5270ef470b238cc9ceaa2beb02e4bda8
cdef00dfee5d6917f65aef2e9a011ed4
1fcc093c966fa3f971401e15d49786e7
812e2ef5ebfef7e3d434689cb97e0fd7
26d56d104fa513f500f74b4d615b4bb6
34ae5c1275a373b3ed4683ed121d6f18
61bcfd10207914a1e29e772ebbe0da56
b7beda5910d55d17c78c3935303b1ef0
74f5b82d39e4e698854fe23bbcc56c56
da48480f94e36e8eac25326ec017e238
f4c9a444d345e8336ad3cf9adea92f9e
6d3c07ce4389ec3908d1f2bf4fc94ff2
0849fca3ebdc93192c9048ee97beec07
667008177342ea1b6d7f2ab8119cfcaf
fc69304b34fbfeb81c33a2b9867e5670
9c4e9a90f05036bdf3cea9a07e42a590
5c7997cac5aa61d6927fd0cd0b1d87cc
7b205dd6f9ab8cc319120bdbc25dde38
f7f99dc83b5afbb05a7ecbfc0b15a6f6
fc0b676ca31a4b2d904b485a44e29b1a
2898cdc27c85460a9227901c7c8c43d2
3d3f34b8d75b077277e797f642a702a4
cf8bcf62303eabac72db2a770809bbc3
f350721a3e9ebd7f91942c77e8f688e3
043346c15999b9c83c9c796da08f9310
14f0a9708faffed5d04c8ca8a4a3cf2e
0fe1e690d1f246b779a663123c2ec9ff
640f3f89cb87dd375667fc7c574958fd
048095e6b6c4a27f38f1cb08900f91e9
0a799b3d7e9d28f492deed3a3702c003
494e97dcada28e5eca7bd325d779819b
ec2f3d749c3f11ebc133005422b87969
f181358134287766b7547a5bc229637b
296f89fd4d408143b79bfed65155cf76
e4901d6372ef6fb82f33680cf5d1b6b8
b9c6e2536931bcf58b58352b0053ddb1
b75e3280eb9831ccaede4d71721c9873
818c92a4eb24217841c2b3bcd1f76e64
3b794e7a4a40fd840454f65f13c2eb67
84c9c962dd8950884de8e88b3404046b
b66a9de98f3c459b9012a4b5288b9477
590bdca9b6148a6bfbd460f8634e9b3b
201d2c183266ae8e026c71d659c587bd
9ffc0a3af63549c88c58982c33ea8391
050ebe3aee15a19e584c9e2df718496d
c17a32f781ff68b0c11cf6143c5d3628
a074b61a69fa75b49b2bba2b7c4ad517
329f8cd6b8e11de90a590092f46c6541
439575d2d0f3dfc2f463f9a2149b4ff8
754718de6518198a55edd061db96d7b7
424958a51f70c3cada4e2df8dc2ea20c
078adc5e83dc46e6dc78c308963859fe
12b07985fdb7122df23b050ca4a5e4fa
cab15225ef60f0c3a44650528c1ed0b6
ee234bb923605710ef8b7ea4b1f8f3cf
bcde1d51f3d7886262e5a6b20126ad5e
d360cae453047a9782f8cadeee5561ca
ed9f6eee24edb4c6aa43584a9a56a47d
ea46657be9491a3719ea0df9bfcb5e91
76834b9fc40713f3296e9e1959aba953
7a11a4b172bf3974f0abb52755e8491e
8fba7741f9c843470caf580400fcbb4d
cd0192bac00f5f5125af5edcda2c4a78
60bbe493c23afd75b98513d484fa2721
741841ac2f7049cada2396312b0932b1
4afc8a35efc23a932fdfc1ff0779278d
b8856dcc7cd114e1a9c3c28ae5263bb5
1c6f25e62320bed1dfa18558ce591fb4
879bf4cdc5fb826373a0d4e8d472aa86
028d1be43e33aa5c08fc23e4321a15f4
8312518a645dd223679f1cf12e1ac081
b18510d71a973fb8e84de1d1f10e1729
8cdb8c86417fd05f50e531939a262d1d
f6cef22c0a06f04c909b8363843cb84c
b08c173c533b9f50ca859bd8cfe904bd
cefd3fb655aa852b422421c921f5c9c0
937a4b9a5f7741ee3a589c47c6d596a6
4fb3d3d5d0e1d30ccdd644a5ebd88750
cc2beeaf56f6fd7c31fee664f5df4908
017c3497115a62bc23c43b15fb88014b
c8bd2b8de8950cbfd216a5e5ad8c5581
fe776d22379e1de5b36b7519f93af9ff
4d6a8347dec1b6d4ed8d05df7523ceba
c5cebbcdcb8a635b883a9d2db08a6bb1
e1fe6cdf662d6a02680fa0b069a93430
e2465dce4783d2ae7af5eb2c7d4576fb
6b2ef380dcbc38a317b27777551bfb41
5c3e7df49491a38487552765fd68afc4
6fcebcf44242ed4f6228ae11d19881d9
26308d42c6702969efd09ec1afc6670f
f005100bc29ce973d85e5849e27ad6f9
eaefa0ed7faccde6ed2834df8a51e2bd
775b903a1dc38fff8c47e21b55b31041
c776e26b53eb0cecd72b59072e4f92ef
d6a53bd47a413e5da5c91f635f5ca251
6e4e70eefa487b80cdc762f80df907ee
247e5bc3eb09036022839271e53cd328
e223bc789fb173a7d2ab9a2f8ee6bfb6
a7f0333b38122953f31a483bcc40e4ee
5dc9d3eeecd57be40b8d47063a9b6ce0
9aab57af2ec340f0bb27c317adebead5
71480ffdae4db8180260eddfc6f93a16
b18c382ce0c10c072cbffa5e8502ac08
278c960c8ddade3df713d7ebfd8c929f
300a0975ce9cd05423b790c0a7595c41
645ae45506fe5166da1d2106a513a131
184055ccd453ade002df63b0f537717b
ab838a5e8515d1f8ab35fcc4ebc283fb
aa398a75ecb0d669edee9668d06181aa
06898b2b564857d861a4b0774a0fa936
5589412d00d669b2c1d21fa3c5264662
9500d0400186696fc4f7f46b5cb2ecf8
a620fab86b5957f4d57f6fa0e275cd8d
de75f30beb379f8b60ffa1b7f1a4eb81
fdce56ce2349b15c7cbc88a064764249
3fb237b7ded561ab673989522bb8185d
cb4dde40f89275d7de6e3842b6ee8455
1aa96c31fe409a0120b184c97ec72553
ac01a0450d531a03ebb5f16c837d11ea
1e075880a81fbacaee717d80ba219e22
ba8001d89237ca80f7d9b72d604ec259
de8eb4eb69b68574323e98e03cf06ce3
a6f8b0bf33df97f759e7e1a25d62ec0c
c43a741c3128fc7de1ab45ed97625f9f
4ec93d8738a93e1607ac0c68cd3b3179
44ae09242c688864be9e6bbce16dffcb
f6f21324e8006018c2f052772de41fed
274cd12dec045c207e5a268cbaa0221e
5e8a84907e34d7c95af9b88bf0fb15b2
3256da73ba27501324dea5a8eb793885
0d9eb1639fc3ec4eb9bb9620604daa2f
5e7e166de23f8eaf26f404ca7d1e8bb6
60f17716257275e0a53ae0f4b3618b8f
501bfe6375ab1b6f5ccdd167c3abea44
e407ea62c7e4452584e7944dece1af4c
8f5fc9312653cad3eb60a53c4d66bdc1
9be848ecde428a46838a2d4feb49f59c
2b25ca3896f5db14dacb9495bc45cd74
7048d5ac461910ac1f404bcd3e086d38
bbfe9cce925fe5f7b58b26fc97e268d3
76c72aec5c5abb418cae65f855cf7e98
87b52eeeaa600c59780015f5a0e899bf
fef805aa37cccb21efff48f440fd6231
7906eeb2899adbe13b6eab8171b8f209
b4591552916be9a09d7bcb013b2e654b
cd2501a89df913d19a55cbe0770322ac
c86be0741ce4135a3ef04df204a65403
b23c3df5a1588926329f3657faa7e9aa
69b713f54872f529997348655cccb1e8
dc028a8ba4e8d5cd8ac3eb8afcd5c0f1
aa8fa30c3a88c390341c3c2be0b1f374
958dd7240d71a1f2c43b0fdd2c2454c0
34968622ad1f3161d8a65d30b4099568
6ea2ec2ac193fcd57d9455a0502fee72
d0498882d3197bfbf2e0599bf0508a27
abd729954f1848531f14a96b6db236df
930d3b8d00d24e647fdb51d0f37244cb
8801a48a192155f1b83cd58a7f951b26
5958348dfa52b9d23d62fd963375f848
a527f739cf93be3347375a497e977d1d
1e23092d455557499afe8d0de88715a4
47e3bc57b2786c1e67502d022686ff3f
5466c9bdbc5980670dfb7545df8659b1
3855c7f4b760e34af17af0b0aee177ba
66b54ac309a631dde56178bf5ca23607
ea911e20932bb15488bba16c4b3f910d
48ba84b43772dbd366a199a24a712126
9a369edbb37755be5e1a9abbb810df6d
eee36f4f666665d09eb21f6a4b368f60
f6def624dcc580698a47740405700a8c
07ac0002e9ab3c21da433a9d49a5241a
75138e0d5e04fee627d0d0998e1d7509
5b71bc451daa785458baeb5269c83367
54e717014b4974429abbdaf560e1d200
33cc54a12afb71060a7a61e8b93c350f
cd115212ef3c11d6a575631adb048732
9f2c656a7ce3c4f092163eb63ef52d9e
0d63a809e2cf4e9e80c1228efae99a32
28f25a573c56842d6df192f74d6d6533
afbe66d5ce84e1fd3cd7005e071b3d22
55929d71a291d87c0ba62b8b5b82ac04
b482a53e23aca4080fea528e74775012
f8534fc656025dcd2f9e8ec8c54e81a2
edbc687f2d4d24bdb6a3f0cd1264c9c8
1c2c99d05855197adbfa9ba0364f9da1
5c1579df167e608e43befcd132b7d088
ada98d53e6f5bd40e53111b1d04a18c2
f3986a1e59a219d4495fa2b0537dd94a
e2187cb38651009362267c5c9f17edef
b72c702244c98f3b18b6e84d3f912ecd
cc1f2cd10298f686caf0d4f1dd0eea6d
4406347f9423a50d8e048efabf4e6167
083cfd9ac021379a4f66fb859ce39949
209eb27a67cf98fb5a2445d0477d4336
1bbd56bfd1f0572d6807c33243bc51b4
99d0bbb25002267068545637cf8030b3
7c3821f2878238ba15b4ac2f2d83837f
4f13d8d05bac99b272b1ec08ae090ad3
01554e4ed2badc7663b2979cdace4f68
2ff78d26b939418a58cde66cdecb6874
a856c11bf7efc2446a4444639db2d235
4209327aa326997595cbba25116d1149
4e9c1c644ca3608856e237e0d9ea26cd
0916359fffda1e9b5fa0e56c74169fa0
0d956c70299562a28b3709ee1e0ad8d5
57e145d949b39ef818afd582408073e6
6694a672e608cf9d0d9c8e20345a5b28
49b4005af09b6e216a61bae16ba891aa
d943dcf81b29a510c9cf4b72a639279c
1a24e75bb608a02a6894986e6f6f1973
3c2e2ed2acfea8e1675dac29b179f40f
a88ce836a8fa3dfc396465be40a5979c
3736601ea518cd707a46c60230e59212
5e097df7a36ae24882be508749468bcd
c2296baae4496a9e2f3f0b00db3e5585
c75d1a461bd813fbf8fc203b27bccec2
badb9f7b0f801ef6e43150c1cf48afa6
efafaeed3080be14777f4efcf73f53b6
44a9f1ac07ad8e014fed1aa6b3444dae
61bf3df0c2189057e627bf8600b228d3
44cc8003861ce806041ce986485d1a04
412cbbe94ec5e93854bec9d5f48a098b
ad7e53eab8925256637c837c0e8f9e95
afdd2b65f74452829d79e90996e4f7bf
8536aaf254d342dc11f149eef2fd0b3f
512fff53917799dd8f529789ea4a029a
6df5d7a7d580569232eb1b729c6b3adc
46f48e3e28e571a66e273aea97de977c
32e2ab5bc4c038916f6da3be6ad22b6b
0f437d555e421ed5307cc83938de4af9
4f8d6388186c9b9964e8f686a28fe7d0
8a03a5cf27f66308c54d329f41936e80
6221615a81bca1bb8808a8718e6a69da
81b758954e48c0556cdc4087d893eb46
50bf4efc933490a5e1068e720d442d87
214fe6f0396a3c0be0b8e1a5a636f8e1
168b7bdec4161f24ced7835245282afc
cd52bfaac34bddc958cf6d919ba014b6
fc429b828c33ff6c7b90ee30ee50c632
aab823fabee3321ee9e0c12437846ac0
5d7f471bde9dae841591dcf9aa2e1853
dc93f5a92ec982eb4162f2b01197eb40
a4e16f2f510a80578ea4e0ce5acaac85
55624ff62bef27416a70bbca6af4748b
4290d3c9ce5efc2fe37b498e62b249ca
504f325809f80197de0c9ac63f1c47f3
debd5b71c8ce41fbe9bdc2849b156d7a
3aa66d3850fa0bd74937f090739479ba
1985f435213d222f77b026e4a5c42260
dfe7192797ea6e3097990baefb3fd3a5
b71ad66822dce7f21afac16e35bece20
55847a10ba043ed30023899ab659c315
c557b4209e4794b1b3815e2a4f245b72
3c5ebe1b2eb8126d7f3af48812aa9024
40f02a38d2e11fbca732ed4fa81aad6b
512f46d989fda0d91242c5f7a0f37a24
5270ef470b238cc9ceaa2beb02e4bda8
cdef00dfee5d6917f65aef2e9a011ed4
1fcc093c966fa3f971401e15d49786e7
812e2ef5ebfef7e3d434689cb97e0fd7
26d56d104fa513f500f74b4d615b4bb6
34ae5c1275a373b3ed4683ed121d6f18
61bcfd10207914a1e29e772ebbe0da56
b7beda5910d55d17c78c3935303b1ef0
74f5b82d39e4e698854fe23bbcc56c56
da48480f94e36e8eac25326ec017e238
f4c9a444d345e8336ad3cf9adea92f9e
6d3c07ce4389ec3908d1f2bf4fc94ff2
0849fca3ebdc93192c9048ee97beec07
667008177342ea1b6d7f2ab8119cfcaf
fc69304b34fbfeb81c33a2b9867e5670
9c4e9a90f05036bdf3cea9a07e42a590
5c7997cac5aa61d6927fd0cd0b1d87cc
7b205dd6f9ab8cc319120bdbc25dde38
f7f99dc83b5afbb05a7ecbfc0b15a6f6
fc0b676ca31a4b2d904b485a44e29b1a
2898cdc27c85460a9227901c7c8c43d2
3d3f34b8d75b077277e797f642a702a4
cf8bcf62303eabac72db2a770809bbc3
f350721a3e9ebd7f91942c77e8f688e3
043346c15999b9c83c9c796da08f9310
14f0a9708faffed5d04c8ca8a4a3cf2e
0fe1e690d1f246b779a663123c2ec9ff
640f3f89cb87dd375667fc7c574958fd
048095e6b6c4a27f38f1cb08900f91e9
0a799b3d7e9d28f492deed3a3702c003
494e97dcada28e5eca7bd325d779819b
ec2f3d749c3f11ebc133005422b87969
f181358134287766b7547a5bc229637b
296f89fd4d408143b79bfed65155cf76
e4901d6372ef6fb82f33680cf5d1b6b8
b9c6e2536931bcf58b58352b0053ddb1
b75e3280eb9831ccaede4d71721c9873
818c92a4eb24217841c2b3bcd1f76e64
3b794e7a4a40fd840454f65f13c2eb67
84c9c962dd8950884de8e88b3404046b
b66a9de98f3c459b9012a4b5288b9477
590bdca9b6148a6bfbd460f8634e9b3b
201d2c183266ae8e026c71d659c587bd
9ffc0a3af63549c88c58982c33ea8391
050ebe3aee15a19e584c9e2df718496d
c17a32f781ff68b0c11cf6143c5d3628
a074b61a69fa75b49b2bba2b7c4ad517
329f8cd6b8e11de90a590092f46c6541
439575d2d0f3dfc2f463f9a2149b4ff8
754718de6518198a55edd061db96d7b7
424958a51f70c3cada4e2df8dc2ea20c
078adc5e83dc46e6dc78c308963859fe
12b07985fdb7122df23b050ca4a5e4fa
cab15225ef60f0c3a44650528c1ed0b6
ee234bb923605710ef8b7ea4b1f8f3cf
bcde1d51f3d7886262e5a6b20126ad5e
d360cae453047a9782f8cadeee5561ca
ed9f6eee24edb4c6aa43584a9a56a47d
ea46657be9491a3719ea0df9bfcb5e91
76834b9fc40713f3296e9e1959aba953
7a11a4b172bf3974f0abb52755e8491e
8fba7741f9c843470caf580400fcbb4d
cd0192bac00f5f5125af5edcda2c4a78
60bbe493c23afd75b98513d484fa2721
741841ac2f7049cada2396312b0932b1
4afc8a35efc23a932fdfc1ff0779278d
b8856dcc7cd114e1a9c3c28ae5263bb5
1c6f25e62320bed1dfa18558ce591fb4
879bf4cdc5fb826373a0d4e8d472aa86
028d1be43e33aa5c08fc23e4321a15f4
8312518a645dd223679f1cf12e1ac081
b18510d71a973fb8e84de1d1f10e1729
8cdb8c86417fd05f50e531939a262d1d
f6cef22c0a06f04c909b8363843cb84c
b08c173c533b9f50ca859bd8cfe904bd
cefd3fb655aa852b422421c921f5c9c0
937a4b9a5f7741ee3a589c47c6d596a6
4fb3d3d5d0e1d30ccdd644a5ebd88750
cc2beeaf56f6fd7c31fee664f5df4908
017c3497115a62bc23c43b15fb88014b
c8bd2b8de8950cbfd216a5e5ad8c5581
fe776d22379e1de5b36b7519f93af9ff
4d6a8347dec1b6d4ed8d05df7523ceba
c5cebbcdcb8a635b883a9d2db08a6bb1
e1fe6cdf662d6a02680fa0b069a93430
e2465dce4783d2ae7af5eb2c7d4576fb
6b2ef380dcbc38a317b27777551bfb41
5c3e7df49491a38487552765fd68afc4
6fcebcf44242ed4f6228ae11d19881d9
26308d42c6702969efd09ec1afc6670f
f005100bc29ce973d85e5849e27ad6f9
eaefa0ed7faccde6ed2834df8a51e2bd
775b903a1dc38fff8c47e21b55b31041
c776e26b53eb0cecd72b59072e4f92ef
d6a53bd47a413e5da5c91f635f5ca251
6e4e70eefa487b80cdc762f80df907ee
247e5bc3eb09036022839271e53cd328
e223bc789fb173a7d2ab9a2f8ee6bfb6
a7f0333b38122953f31a483bcc40e4ee
5dc9d3eeecd57be40b8d47063a9b6ce0
9aab57af2ec340f0bb27c317adebead5
71480ffdae4db8180260eddfc6f93a16
b18c382ce0c10c072cbffa5e8502ac08
278c960c8ddade3df713d7ebfd8c929f
300a0975ce9cd05423b790c0a7595c41
645ae45506fe5166da1d2106a513a131
184055ccd453ade002df63b0f537717b
ab838a5e8515d1f8ab35fcc4ebc283fb
aa398a75ecb0d669edee9668d06181aa
06898b2b564857d861a4b0774a0fa936
5589412d00d669b2c1d21fa3c5264662
9500d0400186696fc4f7f46b5cb2ecf8
a620fab86b5957f4d57f6fa0e275cd8d
de75f30beb379f8b60ffa1b7f1a4eb81
fdce56ce2349b15c7cbc88a064764249
3fb237b7ded561ab673989522bb8185d
cb4dde40f89275d7de6e3842b6ee8455
1aa96c31fe409a0120b184c97ec72553
ac01a0450d531a03ebb5f16c837d11ea
1e075880a81fbacaee717d80ba219e22
ba8001d89237ca80f7d9b72d604ec259
de8eb4eb69b68574323e98e03cf06ce3
a6f8b0bf33df97f759e7e1a25d62ec0c
c43a741c3128fc7de1ab45ed97625f9f
4ec93d8738a93e1607ac0c68cd3b3179
44ae09242c688864be9e6bbce16dffcb
f6f21324e8006018c2f052772de41fed
274cd12dec045c207e5a268cbaa0221e
5e8a84907e34d7c95af9b88bf0fb15b2
3256da73ba27501324dea5a8eb793885
0d9eb1639fc3ec4eb9bb9620604daa2f
5e7e166de23f8eaf26f404ca7d1e8bb6
60f17716257275e0a53ae0f4b3618b8f
501bfe6375ab1b6f5ccdd167c3abea44
e407ea62c7e4452584e7944dece1af4c
8f5fc9312653cad3eb60a53c4d66bdc1
9be848ecde428a46838a2d4feb49f59c
2b25ca3896f5db14dacb9495bc45cd74
7048d5ac461910ac1f404bcd3e086d38
bbfe9cce925fe5f7b58b26fc97e268d3
76c72aec5c5abb418cae65f855cf7e98
87b52eeeaa600c59780015f5a0e899bf
fef805aa37cccb21efff48f440fd6231
7906eeb2899adbe13b6eab8171b8f209
b4591552916be9a09d7bcb013b2e654b
cd2501a89df913d19a55cbe0770322ac
c86be0741ce4135a3ef04df204a65403
b23c3df5a1588926329f3657faa7e9aa
69b713f54872f529997348655cccb1e8
dc028a8ba4e8d5cd8ac3eb8afcd5c0f1
aa8fa30c3a88c390341c3c2be0b1f374
958dd7240d71a1f2c43b0fdd2c2454c0
34968622ad1f3161d8a65d30b4099568
6ea2ec2ac193fcd57d9455a0502fee72
d0498882d3197bfbf2e0599bf0508a27
abd729954f1848531f14a96b6db236df
930d3b8d00d24e647fdb51d0f37244cb
8801a48a192155f1b83cd58a7f951b26
5958348dfa52b9d23d62fd963375f848
a527f739cf93be3347375a497e977d1d
1e23092d455557499afe8d0de88715a4
47e3bc57b2786c1e67502d022686ff3f
5466c9bdbc5980670dfb7545df8659b1
3855c7f4b760e34af17af0b0aee177ba
66b54ac309a631dde56178bf5ca23607
ea911e20932bb15488bba16c4b3f910d
48ba84b43772dbd366a199a24a712126
9a369edbb37755be5e1a9abbb810df6d
eee36f4f666665d09eb21f6a4b368f60
f6def624dcc580698a47740405700a8c
07ac0002e9ab3c21da433a9d49a5241a
75138e0d5e04fee627d0d0998e1d7509
5b71bc451daa785458baeb5269c83367
54e717014b4974429abbdaf560e1d200
33cc54a12afb71060a7a61e8b93c350f
cd115212ef3c11d6a575631adb048732
9f2c656a7ce3c4f092163eb63ef52d9e
0d63a809e2cf4e9e80c1228efae99a32
28f25a573c56842d6df192f74d6d6533
afbe66d5ce84e1fd3cd7005e071b3d22
55929d71a291d87c0ba62b8b5b82ac04
b482a53e23aca4080fea528e74775012
f8534fc656025dcd2f9e8ec8c54e81a2
edbc687f2d4d24bdb6a3f0cd1264c9c8
1c2c99d05855197adbfa9ba0364f9da1
5c1579df167e608e43befcd132b7d088
ada98d53e6f5bd40e53111b1d04a18c2
f3986a1e59a219d4495fa2b0537dd94a
e2187cb38651009362267c5c9f17edef
b72c702244c98f3b18b6e84d3f912ecd
cc1f2cd10298f686caf0d4f1dd0eea6d
4406347f9423a50d8e048efabf4e6167
083cfd9ac021379a4f66fb859ce39949
209eb27a67cf98fb5a2445d0477d4336
1bbd56bfd1f0572d6807c33243bc51b4
99d0bbb25002267068545637cf8030b3
7c3821f2878238ba15b4ac2f2d83837f
4f13d8d05bac99b272b1ec08ae090ad3
01554e4ed2badc7663b2979cdace4f68
2ff78d26b939418a58cde66cdecb6874
a856c11bf7efc2446a4444639db2d235
4209327aa326997595cbba25116d1149
4e9c1c644ca3608856e237e0d9ea26cd
0916359fffda1e9b5fa0e56c74169fa0
0d956c70299562a28b3709ee1e0ad8d5
57e145d949b39ef818afd582408073e6
6694a672e608cf9d0d9c8e20345a5b28
49b4005af09b6e216a61bae16ba891aa
d943dcf81b29a510c9cf4b72a639279c
1a24e75bb608a02a6894986e6f6f1973
3c2e2ed2acfea8e1675dac29b179f40f
a88ce836a8fa3dfc396465be40a5979c
3736601ea518cd707a46c60230e59212
5e097df7a36ae24882be508749468bcd
c2296baae4496a9e2f3f0b00db3e5585
c75d1a461bd813fbf8fc203b27bccec2
badb9f7b0f801ef6e43150c1cf48afa6
efafaeed3080be14777f4efcf73f53b6
44a9f1ac07ad8e014fed1aa6b3444dae
61bf3df0c2189057e627bf8600b228d3
44cc8003861ce806041ce986485d1a04
412cbbe94ec5e93854bec9d5f48a098b
ad7e53eab8925256637c837c0e8f9e95
afdd2b65f74452829d79e90996e4f7bf
8536aaf254d342dc11f149eef2fd0b3f
512fff53917799dd8f529789ea4a029a
6df5d7a7d580569232eb1b729c6b3adc
46f48e3e28e571a66e273aea97de977c
32e2ab5bc4c038916f6da3be6ad22b6b
0f437d555e421ed5307cc83938de4af9
4f8d6388186c9b9964e8f686a28fe7d0
8a03a5cf27f66308c54d329f41936e80
6221615a81bca1bb8808a8718e6a69da
81b758954e48c0556cdc4087d893eb46
50bf4efc933490a5e1068e720d442d87
214fe6f0396a3c0be0b8e1a5a636f8e1
168b7bdec4161f24ced7835245282afc
cd52bfaac34bddc958cf6d919ba014b6
fc429b828c33ff6c7b90ee30ee50c632
aab823fabee3321ee9e0c12437846ac0
5d7f471bde9dae841591dcf9aa2e1853
dc93f5a92ec982eb4162f2b01197eb40
a4e16f2f510a80578ea4e0ce5acaac85
55624ff62bef27416a70bbca6af4748b
4290d3c9ce5efc2fe37b498e62b249ca
504f325809f80197de0c9ac63f1c47f3
debd5b71c8ce41fbe9bdc2849b156d7a
3aa66d3850fa0bd74937f090739479ba
1985f435213d222f77b026e4a5c42260
dfe7192797ea6e3097990baefb3fd3a5
b71ad66822dce7f21afac16e35bece20
55847a10ba043ed30023899ab659c315
c557b4209e4794b1b3815e2a4f245b72
3c5ebe1b2eb8126d7f3af48812aa9024
40f02a38d2e11fbca732ed4fa81aad6b
512f46d989fda0d91242c5f7a0f37a24
5270ef470b238cc9ceaa2beb02e4bda8
cdef00dfee5d6917f65aef2e9a011ed4
1fcc093c966fa3f971401e15d49786e7
812e2ef5ebfef7e3d434689cb97e0fd7
26d56d104fa513f500f74b4d615b4bb6
34ae5c1275a373b3ed4683ed121d6f18
61bcfd10207914a1e29e772ebbe0da56
b7beda5910d55d17c78c3935303b1ef0
74f5b82d39e4e698854fe23bbcc56c56
da48480f94e36e8eac25326ec017e238
f4c9a444d345e8336ad3cf9adea92f9e
6d3c07ce4389ec3908d1f2bf4fc94ff2
0849fca3ebdc93192c9048ee97beec07
667008177342ea1b6d7f2ab8119cfcaf
fc69304b34fbfeb81c33a2b9867e5670
9c4e9a90f05036bdf3cea9a07e42a590
5c7997cac5aa61d6927fd0cd0b1d87cc
7b205dd6f9ab8cc319120bdbc25dde38
f7f99dc83b5afbb05a7ecbfc0b15a6f6
fc0b676ca31a4b2d904b485a44e29b1a
2898cdc27c85460a9227901c7c8c43d2
3d3f34b8d75b077277e797f642a702a4
cf8bcf62303eabac72db2a770809bbc3
f350721a3e9ebd7f91942c77e8f688e3
043346c15999b9c83c9c796da08f9310
14f0a9708faffed5d04c8ca8a4a3cf2e
0fe1e690d1f246b779a663123c2ec9ff
640f3f89cb87dd375667fc7c574958fd
048095e6b6c4a27f38f1cb08900f91e9
0a799b3d7e9d28f492deed3a3702c003
494e97dcada28e5eca7bd325d779819b
ec2f3d749c3f11ebc133005422b87969
f181358134287766b7547a5bc229637b
296f89fd4d408143b79bfed65155cf76
e4901d6372ef6fb82f33680cf5d1b6b8
b9c6e2536931bcf58b58352b0053ddb1
b75e3280eb9831ccaede4d71721c9873
818c92a4eb24217841c2b3bcd1f76e64
3b794e7a4a40fd840454f65f13c2eb67
84c9c962dd8950884de8e88b3404046b
b66a9de98f3c459b9012a4b5288b9477
590bdca9b6148a6bfbd460f8634e9b3b
201d2c183266ae8e026c71d659c587bd
9ffc0a3af63549c88c58982c33ea8391
050ebe3aee15a19e584c9e2df718496d
c17a32f781ff68b0c11cf6143c5d3628
a074b61a69fa75b49b2bba2b7c4ad517
329f8cd6b8e11de90a590092f46c6541
439575d2d0f3dfc2f463f9a2149b4ff8
754718de6518198a55edd061db96d7b7
424958a51f70c3cada4e2df8dc2ea20c
078adc5e83dc46e6dc78c308963859fe
12b07985fdb7122df23b050ca4a5e4fa
cab15225ef60f0c3a44650528c1ed0b6
ee234bb923605710ef8b7ea4b1f8f3cf
bcde1d51f3d7886262e5a6b20126ad5e
d360cae453047a9782f8cadeee5561ca
ed9f6eee24edb4c6aa43584a9a56a47d
ea46657be9491a3719ea0df9bfcb5e91
76834b9fc40713f3296e9e1959aba953
7a11a4b172bf3974f0abb52755e8491e
8fba7741f9c843470caf580400fcbb4d
cd0192bac00f5f5125af5edcda2c4a78
60bbe493c23afd75b98513d484fa2721
741841ac2f7049cada2396312b0932b1
4afc8a35efc23a932fdfc1ff0779278d
b8856dcc7cd114e1a9c3c28ae5263bb5
1c6f25e62320bed1dfa18558ce591fb4
879bf4cdc5fb826373a0d4e8d472aa86
028d1be43e33aa5c08fc23e4321a15f4
8312518a645dd223679f1cf12e1ac081
b18510d71a973fb8e84de1d1f10e1729
8cdb8c86417fd05f50e531939a262d1d
f6cef22c0a06f04c909b8363843cb84c
b08c173c533b9f50ca859bd8cfe904bd
cefd3fb655aa852b422421c921f5c9c0
937a4b9a5f7741ee3a589c47c6d596a6
4fb3d3d5d0e1d30ccdd644a5ebd88750
cc2beeaf56f6fd7c31fee664f5df4908
017c3497115a62bc23c43b15fb88014b
c8bd2b8de8950cbfd216a5e5ad8c5581
fe776d22379e1de5b36b7519f93af9ff
4d6a8347dec1b6d4ed8d05df7523ceba
c5cebbcdcb8a635b883a9d2db08a6bb1
e1fe6cdf662d6a02680fa0b069a93430
e2465dce4783d2ae7af5eb2c7d4576fb
6b2ef380dcbc38a317b27777551bfb41
5c3e7df49491a38487552765fd68afc4
6fcebcf44242ed4f6228ae11d19881d9
26308d42c6702969efd09ec1afc6670f
f005100bc29ce973d85e5849e27ad6f9
eaefa0ed7faccde6ed2834df8a51e2bd
775b903a1dc38fff8c47e21b55b31041
c776e26b53eb0cecd72b59072e4f92ef
d6a53bd47a413e5da5c91f635f5ca251
6e4e70eefa487b80cdc762f80df907ee
247e5bc3eb09036022839271e53cd328
e223bc789fb173a7d2ab9a2f8ee6bfb6
a7f0333b38122953f31a483bcc40e4ee
5dc9d3eeecd57be40b8d47063a9b6ce0
9aab57af2ec340f0bb27c317adebead5
71480ffdae4db8180260eddfc6f93a16
b18c382ce0c10c072cbffa5e8502ac08
278c960c8ddade3df713d7ebfd8c929f
300a0975ce9cd05423b790c0a7595c41
645ae45506fe5166da1d2106a513a131
184055ccd453ade002df63b0f537717b
ab838a5e8515d1f8ab35fcc4ebc283fb
aa398a75ecb0d669edee9668d06181aa
06898b2b564857d861a4b0774a0fa936
5589412d00d669b2c1d21fa3c5264662
9500d0400186696fc4f7f46b5cb2ecf8
a620fab86b5957f4d57f6fa0e275cd8d
de75f30beb379f8b60ffa1b7f1a4eb81
fdce56ce2349b15c7cbc88a064764249
3fb237b7ded561ab673989522bb8185d
cb4dde40f89275d7de6e3842b6ee8455
1aa96c31fe409a0120b184c97ec72553
ac01a0450d531a03ebb5f16c837d11ea
1e075880a81fbacaee717d80ba219e22
ba8001d89237ca80f7d9b72d604ec259
de8eb4eb69b68574323e98e03cf06ce3
a6f8b0bf33df97f759e7e1a25d62ec0c
c43a741c3128fc7de1ab45ed97625f9f
4ec93d8738a93e1607ac0c68cd3b3179
44ae09242c688864be9e6bbce16dffcb
f6f21324e8006018c2f052772de41fed
274cd12dec045c207e5a268cbaa0221e
5e8a84907e34d7c95af9b88bf0fb15b2
3256da73ba27501324dea5a8eb793885
0d9eb1639fc3ec4eb9bb9620604daa2f
5e7e166de23f8eaf26f404ca7d1e8bb6
60f17716257275e0a53ae0f4b3618b8f
501bfe6375ab1b6f5ccdd167c3abea44
e407ea62c7e4452584e7944dece1af4c
8f5fc9312653cad3eb60a53c4d66bdc1
9be848ecde428a46838a2d4feb49f59c
2b25ca3896f5db14dacb9495bc45cd74
7048d5ac461910ac1f404bcd3e086d38
bbfe9cce925fe5f7b58b26fc97e268d3
76c72aec5c5abb418cae65f855cf7e98
87b52eeeaa600c59780015f5a0e899bf
fef805aa37cccb21efff48f440fd6231
7906eeb2899adbe13b6eab8171b8f209
b4591552916be9a09d7bcb013b2e654b
cd2501a89df913d19a55cbe0770322ac
c86be0741ce4135a3ef04df204a65403
b23c3df5a1588926329f3657faa7e9aa
69b713f54872f529997348655cccb1e8
dc028a8ba4e8d5cd8ac3eb8afcd5c0f1
aa8fa30c3a88c390341c3c2be0b1f374
958dd7240d71a1f2c43b0fdd2c2454c0
34968622ad1f3161d8a65d30b4099568
6ea2ec2ac193fcd57d9455a0502fee72
d0498882d3197bfbf2e0599bf0508a27
abd729954f1848531f14a96b6db236df
930d3b8d00d24e647fdb51d0f37244cb
8801a48a192155f1b83cd58a7f951b26
5958348dfa52b9d23d62fd963375f848
a527f739cf93be3347375a497e977d1d
1e23092d455557499afe8d0de88715a4
47e3bc57b2786c1e67502d022686ff3f
5466c9bdbc5980670dfb7545df8659b1
3855c7f4b760e34af17af0b0aee177ba
66b54ac309a631dde56178bf5ca23607
ea911e20932bb15488bba16c4b3f910d
48ba84b43772dbd366a199a24a712126
9a369edbb37755be5e1a9abbb810df6d
eee36f4f666665d09eb21f6a4b368f60
f6def624dcc580698a47740405700a8c
07ac0002e9ab3c21da433a9d49a5241a
75138e0d5e04fee627d0d0998e1d7509
5b71bc451daa785458baeb5269c83367
54e717014b4974429abbdaf560e1d200
33cc54a12afb71060a7a61e8b93c350f
cd115212ef3c11d6a575631adb048732
9f2c656a7ce3c4f092163eb63ef52d9e
0d63a809e2cf4e9e80c1228efae99a32
28f25a573c56842d6df192f74d6d6533
afbe66d5ce84e1fd3cd7005e071b3d22
55929d71a291d87c0ba62b8b5b82ac04
b482a53e23aca4080fea528e74775012
f8534fc656025dcd2f9e8ec8c54e81a2
edbc687f2d4d24bdb6a3f0cd1264c9c8
1c2c99d05855197adbfa9ba0364f9da1
5c1579df167e608e43befcd132b7d088
ada98d53e6f5bd40e53111b1d04a18c2
f3986a1e59a219d4495fa2b0537dd94a
e2187cb38651009362267c5c9f17edef
b72c702244c98f3b18b6e84d3f912ecd
cc1f2cd10298f686caf0d4f1dd0eea6d
4406347f9423a50d8e048efabf4e6167
083cfd9ac021379a4f66fb859ce39949
209eb27a67cf98fb5a2445d0477d4336
1bbd56bfd1f0572d6807c33243bc51b4
99d0bbb25002267068545637cf8030b3
7c3821f2878238ba15b4ac2f2d83837f
4f13d8d05bac99b272b1ec08ae090ad3
01554e4ed2badc7663b2979cdace4f68
2ff78d26b939418a58cde66cdecb6874
a856c11bf7efc2446a4444639db2d235
4209327aa326997595cbba25116d1149
4e9c1c644ca3608856e237e0d9ea26cd
0916359fffda1e9b5fa0e56c74169fa0
0d956c70299562a28b3709ee1e0ad8d5
57e145d949b39ef818afd582408073e6
6694a672e608cf9d0d9c8e20345a5b28
49b4005af09b6e216a61bae16ba891aa
d943dcf81b29a510c9cf4b72a639279c
1a24e75bb608a02a6894986e6f6f1973
3c2e2ed2acfea8e1675dac29b179f40f
a88ce836a8fa3dfc396465be40a5979c
3736601ea518cd707a46c60230e59212
5e097df7a36ae24882be508749468bcd
c2296baae4496a9e2f3f0b00db3e5585
c75d1a461bd813fbf8fc203b27bccec2
badb9f7b0f801ef6e43150c1cf48afa6
efafaeed3080be14777f4efcf73f53b6
44a9f1ac07ad8e014fed1aa6b3444dae
61bf3df0c2189057e627bf8600b228d3
44cc8003861ce806041ce986485d1a04
412cbbe94ec5e93854bec9d5f48a098b
ad7e53eab8925256637c837c0e8f9e95
afdd2b65f74452829d79e90996e4f7bf
8536aaf254d342dc11f149eef2fd0b3f
512fff53917799dd8f529789ea4a029a
6df5d7a7d580569232eb1b729c6b3adc
46f48e3e28e571a66e273aea97de977c
32e2ab5bc4c038916f6da3be6ad22b6b
0f437d555e421ed5307cc83938de4af9
4f8d6388186c9b9964e8f686a28fe7d0
8a03a5cf27f66308c54d329f41936e80
6221615a81bca1bb8808a8718e6a69da
81b758954e48c0556cdc4087d893eb46
50bf4efc933490a5e1068e720d442d87
214fe6f0396a3c0be0b8e1a5a636f8e1
168b7bdec4161f24ced7835245282afc
cd52bfaac34bddc958cf6d919ba014b6
fc429b828c33ff6c7b90ee30ee50c632
aab823fabee3321ee9e0c12437846ac0
5d7f471bde9dae841591dcf9aa2e1853
dc93f5a92ec982eb4162f2b01197eb40
a4e16f2f510a80578ea4e0ce5acaac85
55624ff62bef27416a70bbca6af4748b
4290d3c9ce5efc2fe37b498e62b249ca
504f325809f80197de0c9ac63f1c47f3
debd5b71c8ce41fbe9bdc2849b156d7a
3aa66d3850fa0bd74937f090739479ba
1985f435213d222f77b026e4a5c42260
dfe7192797ea6e3097990baefb3fd3a5
b71ad66822dce7f21afac16e35bece20
55847a10ba043ed30023899ab659c315
c557b4209e4794b1b3815e2a4f245b72
3c5ebe1b2eb8126d7f3af48812aa9024
40f02a38d2e11fbca732ed4fa81aad6b
512f46d989fda0d91242c5f7a0f37a24
5270ef470b238cc9ceaa2beb02e4bda8
cdef00dfee5d6917f65aef2e9a011ed4
1fcc093c966fa3f971401e15d49786e7
812e2ef5ebfef7e3d434689cb97e0fd7
26d56d104fa513f500f74b4d615b4bb6
34ae5c1275a373b3ed4683ed121d6f18
61bcfd10207914a1e29e772ebbe0da56
b7beda5910d55d17c78c3935303b1ef0
74f5b82d39e4e698854fe23bbcc56c56
da48480f94e36e8eac25326ec017e238
f4c9a444d345e8336ad3cf9adea92f9e
6d3c07ce4389ec3908d1f2bf4fc94ff2
0849fca3ebdc93192c9048ee97beec07
667008177342ea1b6d7f2ab8119cfcaf
fc69304b34fbfeb81c33a2b9867e5670
9c4e9a90f05036bdf3cea9a07e42a590
5c7997cac5aa61d6927fd0cd0b1d87cc
7b205dd6f9ab8cc319120bdbc25dde38
f7f99dc83b5afbb05a7ecbfc0b15a6f6
fc0b676ca31a4b2d904b485a44e29b1a
2898cdc27c85460a9227901c7c8c43d2
3d3f34b8d75b077277e797f642a702a4
cf8bcf62303eabac72db2a770809bbc3
f350721a3e9ebd7f91942c77e8f688e3
043346c15999b9c83c9c796da08f9310
14f0a9708faffed5d04c8ca8a4a3cf2e
0fe1e690d1f246b779a663123c2ec9ff
640f3f89cb87dd375667fc7c574958fd
048095e6b6c4a27f38f1cb08900f91e9
0a799b3d7e9d28f492deed3a3702c003
494e97dcada28e5eca7bd325d779819b
ec2f3d749c3f11ebc133005422b87969
f181358134287766b7547a5bc229637b
296f89fd4d408143b79bfed65155cf76
e4901d6372ef6fb82f33680cf5d1b6b8
b9c6e2536931bcf58b58352b0053ddb1
b75e3280eb9831ccaede4d71721c9873
818c92a4eb24217841c2b3bcd1f76e64
3b794e7a4a40fd840454f65f13c2eb67
84c9c962dd8950884de8e88b3404046b
b66a9de98f3c459b9012a4b5288b9477
590bdca9b6148a6bfbd460f8634e9b3b
201d2c183266ae8e026c71d659c587bd
9ffc0a3af63549c88c58982c33ea8391
050ebe3aee15a19e584c9e2df718496d
c17a32f781ff68b0c11cf6143c5d3628
a074b61a69fa75b49b2bba2b7c4ad517
329f8cd6b8e11de90a590092f46c6541
439575d2d0f3dfc2f463f9a2149b4ff8
754718de6518198a55edd061db96d7b7
424958a51f70c3cada4e2df8dc2ea20c
078adc5e83dc46e6dc78c308963859fe
12b07985fdb7122df23b050ca4a5e4fa
cab15225ef60f0c3a44650528c1ed0b6
ee234bb923605710ef8b7ea4b1f8f3cf
bcde1d51f3d7886262e5a6b20126ad5e
d360cae453047a9782f8cadeee5561ca
ed9f6eee24edb4c6aa43584a9a56a47d
ea46657be9491a3719ea0df9bfcb5e91
76834b9fc40713f3296e9e1959aba953
7a11a4b172bf3974f0abb52755e8491e
8fba7741f9c843470caf580400fcbb4d
cd0192bac00f5f5125af5edcda2c4a78
60bbe493c23afd75b98513d484fa2721
741841ac2f7049cada2396312b0932b1
4afc8a35efc23a932fdfc1ff0779278d
b8856dcc7cd114e1a9c3c28ae5263bb5
1c6f25e62320bed1dfa18558ce591fb4
879bf4cdc5fb826373a0d4e8d472aa86
028d1be43e33aa5c08fc23e4321a15f4
8312518a645dd223679f1cf12e1ac081
b18510d71a973fb8e84de1d1f10e1729
8cdb8c86417fd05f50e531939a262d1d
f6cef22c0a06f04c909b8363843cb84c
b08c173c533b9f50ca859bd8cfe904bd
cefd3fb655aa852b422421c921f5c9c0
937a4b9a5f7741ee3a589c47c6d596a6
4fb3d3d5d0e1d30ccdd644a5ebd88750
cc2beeaf56f6fd7c31fee664f5df4908
017c3497115a62bc23c43b15fb88014b
c8bd2b8de8950cbfd216a5e5ad8c5581
fe776d22379e1de5b36b7519f93af9ff
4d6a8347dec1b6d4ed8d05df7523ceba
c5cebbcdcb8a635b883a9d2db08a6bb1
e1fe6cdf662d6a02680fa0b069a93430
e2465dce4783d2ae7af5eb2c7d4576fb
6b2ef380dcbc38a317b27777551bfb41
5c3e7df49491a38487552765fd68afc4
6fcebcf44242ed4f6228ae11d19881d9
26308d42c6702969efd09ec1afc6670f
f005100bc29ce973d85e5849e27ad6f9
eaefa0ed7faccde6ed2834df8a51e2bd
775b903a1dc38fff8c47e21b55b31041
c776e26b53eb0cecd72b59072e4f92ef
d6a53bd47a413e5da5c91f635f5ca251
6e4e70eefa487b80cdc762f80df907ee
247e5bc3eb09036022839271e53cd328
e223bc789fb173a7d2ab9a2f8ee6bfb6
a7f0333b38122953f31a483bcc40e4ee
5dc9d3eeecd57be40b8d47063a9b6ce0
9aab57af2ec340f0bb27c317adebead5
71480ffdae4db8180260eddfc6f93a16
b18c382ce0c10c072cbffa5e8502ac08
278c960c8ddade3df713d7ebfd8c929f
300a0975ce9cd05423b790c0a7595c41
645ae45506fe5166da1d2106a513a131
184055ccd453ade002df63b0f537717b
ab838a5e8515d1f8ab35fcc4ebc283fb
aa398a75ecb0d669edee9668d06181aa
06898b2b564857d861a4b0774a0fa936
5589412d00d669b2c1d21fa3c5264662
9500d0400186696fc4f7f46b5cb2ecf8
a620fab86b5957f4d57f6fa0e275cd8d
de75f30beb379f8b60ffa1b7f1a4eb81
fdce56ce2349b15c7cbc88a064764249
3fb237b7ded561ab673989522bb8185d
cb4dde40f89275d7de6e3842b6ee8455
1aa96c31fe409a0120b184c97ec72553
ac01a0450d531a03ebb5f16c837d11ea
1e075880a81fbacaee717d80ba219e22
ba8001d89237ca80f7d9b72d604ec259
de8eb4eb69b68574323e98e03cf06ce3
a6f8b0bf33df97f759e7e1a25d62ec0c
c43a741c3128fc7de1ab45ed97625f9f
4ec93d8738a93e1607ac0c68cd3b3179
44ae09242c688864be9e6bbce16dffcb
f6f21324e8006018c2f052772de41fed
274cd12dec045c207e5a268cbaa0221e
5e8a84907e34d7c95af9b88bf0fb15b2
3256da73ba27501324dea5a8eb793885
0d9eb1639fc3ec4eb9bb9620604daa2f
5e7e166de23f8eaf26f404ca7d1e8bb6
60f17716257275e0a53ae0f4b3618b8f
501bfe6375ab1b6f5ccdd167c3abea44
e407ea62c7e4452584e7944dece1af4c
8f5fc9312653cad3eb60a53c4d66bdc1
9be848ecde428a46838a2d4feb49f59c
2b25ca3896f5db14dacb9495bc45cd74
7048d5ac461910ac1f404bcd3e086d38
bbfe9cce925fe5f7b58b26fc97e268d3
76c72aec5c5abb418cae65f855cf7e98
87b52eeeaa600c59780015f5a0e899bf
fef805aa37cccb21efff48f440fd6231
7906eeb2899adbe13b6eab8171b8f209
b4591552916be9a09d7bcb013b2e654b
cd2501a89df913d19a55cbe0770322ac
c86be0741ce4135a3ef04df204a65403
b23c3df5a1588926329f3657faa7e9aa
69b713f54872f529997348655cccb1e8
dc028a8ba4e8d5cd8ac3eb8afcd5c0f1
aa8fa30c3a88c390341c3c2be0b1f374
958dd7240d71a1f2c43b0fdd2c2454c0
34968622ad1f3161d8a65d30b4099568
6ea2ec2ac193fcd57d9455a0502fee72
d0498882d3197bfbf2e0599bf0508a27
abd729954f1848531f14a96b6db236df
930d3b8d00d24e647fdb51d0f37244cb
8801a48a192155f1b83cd58a7f951b26
5958348dfa52b9d23d62fd963375f848
a527f739cf93be3347375a497e977d1d
1e23092d455557499afe8d0de88715a4
47e3bc57b2786c1e67502d022686ff3f
5466c9bdbc5980670dfb7545df8659b1
3855c7f4b760e34af17af0b0aee177ba
66b54ac309a631dde56178bf5ca23607
ea911e20932bb15488bba16c4b3f910d
48ba84b43772dbd366a199a24a712126
9a369edbb37755be5e1a9abbb810df6d
eee36f4f666665d09eb21f6a4b368f60
f6def624dcc580698a47740405700a8c
07ac0002e9ab3c21da433a9d49a5241a
75138e0d5e04fee627d0d0998e1d7509
5b71bc451daa785458baeb5269c83367
54e717014b4974429abbdaf560e1d200
33cc54a12afb71060a7a61e8b93c350f
cd115212ef3c11d6a575631adb048732
9f2c656a7ce3c4f092163eb63ef52d9e
0d63a809e2cf4e9e80c1228efae99a32
28f25a573c56842d6df192f74d6d6533
afbe66d5ce84e1fd3cd7005e071b3d22
55929d71a291d87c0ba62b8b5b82ac04
b482a53e23aca4080fea528e74775012
f8534fc656025dcd2f9e8ec8c54e81a2
edbc687f2d4d24bdb6a3f0cd1264c9c8
1c2c99d05855197adbfa9ba0364f9da1
5c1579df167e608e43befcd132b7d088
ada98d53e6f5bd40e53111b1d04a18c2
f3986a1e59a219d4495fa2b0537dd94a
e2187cb38651009362267c5c9f17edef
b72c702244c98f3b18b6e84d3f912ecd
cc1f2cd10298f686caf0d4f1dd0eea6d
4406347f9423a50d8e048efabf4e6167
083cfd9ac021379a4f66fb859ce39949
209eb27a67cf98fb5a2445d0477d4336
1bbd56bfd1f0572d6807c33243bc51b4
99d0bbb25002267068545637cf8030b3
7c3821f2878238ba15b4ac2f2d83837f
4f13d8d05bac99b272b1ec08ae090ad3
01554e4ed2badc7663b2979cdace4f68
2ff78d26b939418a58cde66cdecb6874
a856c11bf7efc2446a4444639db2d235
4209327aa326997595cbba25116d1149
4e9c1c644ca3608856e237e0d9ea26cd
0916359fffda1e9b5fa0e56c74169fa0
0d956c70299562a28b3709ee1e0ad8d5
57e145d949b39ef818afd582408073e6
6694a672e608cf9d0d9c8e20345a5b28
49b4005af09b6e216a61bae16ba891aa
d943dcf81b29a510c9cf4b72a639279c
1a24e75bb608a02a6894986e6f6f1973
3c2e2ed2acfea8e1675dac29b179f40f
a88ce836a8fa3dfc396465be40a5979c
3736601ea518cd707a46c60230e59212
5e097df7a36ae24882be508749468bcd
c2296baae4496a9e2f3f0b00db3e5585
c75d1a461bd813fbf8fc203b27bccec2
badb9f7b0f801ef6e43150c1cf48afa6
efafaeed3080be14777f4efcf73f53b6
44a9f1ac07ad8e014fed1aa6b3444dae
61bf3df0c2189057e627bf8600b228d3
44cc8003861ce806041ce986485d1a04
412cbbe94ec5e93854bec9d5f48a098b
ad7e53eab8925256637c837c0e8f9e95
afdd2b65f74452829d79e90996e4f7bf
8536aaf254d342dc11f149eef2fd0b3f
512fff53917799dd8f529789ea4a029a
6df5d7a7d580569232eb1b729c6b3adc
46f48e3e28e571a66e273aea97de977c
32e2ab5bc4c038916f6da3be6ad22b6b
0f437d555e421ed5307cc83938de4af9
4f8d6388186c9b9964e8f686a28fe7d0
8a03a5cf27f66308c54d329f41936e80
6221615a81bca1bb8808a8718e6a69da
81b758954e48c0556cdc4087d893eb46
50bf4efc933490a5e1068e720d442d87
214fe6f0396a3c0be0b8e1a5a636f8e1
168b7bdec4161f24ced7835245282afc
cd52bfaac34bddc958cf6d919ba014b6
fc429b828c33ff6c7b90ee30ee50c632
aab823fabee3321ee9e0c12437846ac0
5d7f471bde9dae841591dcf9aa2e1853
dc93f5a92ec982eb4162f2b01197eb40
a4e16f2f510a80578ea4e0ce5acaac85
55624ff62bef27416a70bbca6af4748b
4290d3c9ce5efc2fe37b498e62b249ca
504f325809f80197de0c9ac63f1c47f3
debd5b71c8ce41fbe9bdc2849b156d7a
3aa66d3850fa0bd74937f090739479ba
1985f435213d222f77b026e4a5c42260
dfe7192797ea6e3097990baefb3fd3a5
b71ad66822dce7f21afac16e35bece20
55847a10ba043ed30023899ab659c315
c557b4209e4794b1b3815e2a4f245b72
3c5ebe1b2eb8126d7f3af48812aa9024
40f02a38d2e11fbca732ed4fa81aad6b
512f46d989fda0d91242c5f7a0f37a24
5270ef470b238cc9ceaa2beb02e4bda8
cdef00dfee5d6917f65aef2e9a011ed4
1fcc093c966fa3f971401e15d49786e7
812e2ef5ebfef7e3d434689cb97e0fd7
26d56d104fa513f500f74b4d615b4bb6
34ae5c1275a373b3ed4683ed121d6f18
61bcfd10207914a1e29e772ebbe0da56
b7beda5910d55d17c78c3935303b1ef0
74f5b82d39e4e698854fe23bbcc56c56
da48480f94e36e8eac25326ec017e238
f4c9a444d345e8336ad3cf9adea92f9e
6d3c07ce4389ec3908d1f2bf4fc94ff2
0849fca3ebdc93192c9048ee97beec07
667008177342ea1b6d7f2ab8119cfcaf
fc69304b34fbfeb81c33a2b9867e5670
9c4e9a90f05036bdf3cea9a07e42a590
5c7997cac5aa61d6927fd0cd0b1d87cc
7b205dd6f9ab8cc319120bdbc25dde38
f7f99dc83b5afbb05a7ecbfc0b15a6f6
fc0b676ca31a4b2d904b485a44e29b1a
2898cdc27c85460a9227901c7c8c43d2
3d3f34b8d75b077277e797f642a702a4
cf8bcf62303eabac72db2a770809bbc3
f350721a3e9ebd7f91942c77e8f688e3
043346c15999b9c83c9c796da08f9310
14f0a9708faffed5d04c8ca8a4a3cf2e
0fe1e690d1f246b779a663123c2ec9ff
640f3f89cb87dd375667fc7c574958fd
048095e6b6c4a27f38f1cb08900f91e9
0a799b3d7e9d28f492deed3a3702c003
494e97dcada28e5eca7bd325d779819b
ec2f3d749c3f11ebc133005422b87969
f181358134287766b7547a5bc229637b
296f89fd4d408143b79bfed65155cf76
e4901d6372ef6fb82f33680cf5d1b6b8
b9c6e2536931bcf58b58352b0053ddb1
b75e3280eb9831ccaede4d71721c9873
818c92a4eb24217841c2b3bcd1f76e64
3b794e7a4a40fd840454f65f13c2eb67
84c9c962dd8950884de8e88b3404046b
b66a9de98f3c459b9012a4b5288b9477
590bdca9b6148a6bfbd460f8634e9b3b
201d2c183266ae8e026c71d659c587bd
9ffc0a3af63549c88c58982c33ea8391
050ebe3aee15a19e584c9e2df718496d
c17a32f781ff68b0c11cf6143c5d3628
a074b61a69fa75b49b2bba2b7c4ad517
329f8cd6b8e11de90a590092f46c6541
439575d2d0f3dfc2f463f9a2149b4ff8
754718de6518198a55edd061db96d7b7
424958a51f70c3cada4e2df8dc2ea20c
078adc5e83dc46e6dc78c308963859fe
12b07985fdb7122df23b050ca4a5e4fa
cab15225ef60f0c3a44650528c1ed0b6
ee234bb923605710ef8b7ea4b1f8f3cf
bcde1d51f3d7886262e5a6b20126ad5e
d360cae453047a9782f8cadeee5561ca
ed9f6eee24edb4c6aa43584a9a56a47d
ea46657be9491a3719ea0df9bfcb5e91
76834b9fc40713f3296e9e1959aba953
7a11a4b172bf3974f0abb52755e8491e
8fba7741f9c843470caf580400fcbb4d
cd0192bac00f5f5125af5edcda2c4a78
60bbe493c23afd75b98513d484fa2721
741841ac2f7049cada2396312b0932b1
4afc8a35efc23a932fdfc1ff0779278d
b8856dcc7cd114e1a9c3c28ae5263bb5
1c6f25e62320bed1dfa18558ce591fb4
879bf4cdc5fb826373a0d4e8d472aa86
028d1be43e33aa5c08fc23e4321a15f4
8312518a645dd223679f1cf12e1ac081
b18510d71a973fb8e84de1d1f10e1729
8cdb8c86417fd05f50e531939a262d1d
f6cef22c0a06f04c909b8363843cb84c
b08c173c533b9f50ca859bd8cfe904bd
cefd3fb655aa852b422421c921f5c9c0
937a4b9a5f7741ee3a589c47c6d596a6
4fb3d3d5d0e1d30ccdd644a5ebd88750
cc2beeaf56f6fd7c31fee664f5df4908
017c3497115a62bc23c43b15fb88014b
c8bd2b8de8950cbfd216a5e5ad8c5581
fe776d22379e1de5b36b7519f93af9ff
4d6a8347dec1b6d4ed8d05df7523ceba
c5cebbcdcb8a635b883a9d2db08a6bb1
e1fe6cdf662d6a02680fa0b069a93430
e2465dce4783d2ae7af5eb2c7d4576fb
6b2ef380dcbc38a317b27777551bfb41
5c3e7df49491a38487552765fd68afc4
6fcebcf44242ed4f6228ae11d19881d9
26308d42c6702969efd09ec1afc6670f
f005100bc29ce973d85e5849e27ad6f9
eaefa0ed7faccde6ed2834df8a51e2bd
775b903a1dc38fff8c47e21b55b31041
c776e26b53eb0cecd72b59072e4f92ef
d6a53bd47a413e5da5c91f635f5ca251
6e4e70eefa487b80cdc762f80df907ee
247e5bc3eb09036022839271e53cd328
e223bc789fb173a7d2ab9a2f8ee6bfb6
a7f0333b38122953f31a483bcc40e4ee
5dc9d3eeecd57be40b8d47063a9b6ce0
9aab57af2ec340f0bb27c317adebead5
71480ffdae4db8180260eddfc6f93a16
b18c382ce0c10c072cbffa5e8502ac08
278c960c8ddade3df713d7ebfd8c929f
300a0975ce9cd05423b790c0a7595c41
645ae45506fe5166da1d2106a513a131
184055ccd453ade002df63b0f537717b
ab838a5e8515d1f8ab35fcc4ebc283fb
aa398a75ecb0d669edee9668d06181aa
06898b2b564857d861a4b0774a0fa936
5589412d00d669b2c1d21fa3c5264662
9500d0400186696fc4f7f46b5cb2ecf8
a620fab86b5957f4d57f6fa0e275cd8d
de75f30beb379f8b60ffa1b7f1a4eb81
fdce56ce2349b15c7cbc88a064764249
3fb237b7ded561ab673989522bb8185d
cb4dde40f89275d7de6e3842b6ee8455
1aa96c31fe409a0120b184c97ec72553
ac01a0450d531a03ebb5f16c837d11ea
1e075880a81fbacaee717d80ba219e22
ba8001d89237ca80f7d9b72d604ec259
de8eb4eb69b68574323e98e03cf06ce3
a6f8b0bf33df97f759e7e1a25d62ec0c
c43a741c3128fc7de1ab45ed97625f9f
4ec93d8738a93e1607ac0c68cd3b3179
44ae09242c688864be9e6bbce16dffcb
f6f21324e8006018c2f052772de41fed
274cd12dec045c207e5a268cbaa0221e
5e8a84907e34d7c95af9b88bf0fb15b2
3256da73ba27501324dea5a8eb793885
0d9eb1639fc3ec4eb9bb9620604daa2f
5e7e166de23f8eaf26f404ca7d1e8bb6
60f17716257275e0a53ae0f4b3618b8f
501bfe6375ab1b6f5ccdd167c3abea44
e407ea62c7e4452584e7944dece1af4c
8f5fc9312653cad3eb60a53c4d66bdc1
9be848ecde428a46838a2d4feb49f59c
2b25ca3896f5db14dacb9495bc45cd74
7048d5ac461910ac1f404bcd3e086d38
bbfe9cce925fe5f7b58b26fc97e268d3
76c72aec5c5abb418cae65f855cf7e98
87b52eeeaa600c59780015f5a0e899bf
fef805aa37cccb21efff48f440fd6231
7906eeb2899adbe13b6eab8171b8f209
b4591552916be9a09d7bcb013b2e654b
cd2501a89df913d19a55cbe0770322ac
c86be0741ce4135a3ef04df204a65403
b23c3df5a1588926329f3657faa7e9aa
69b713f54872f529997348655cccb1e8
dc028a8ba4e8d5cd8ac3eb8afcd5c0f1
aa8fa30c3a88c390341c3c2be0b1f374
958dd7240d71a1f2c43b0fdd2c2454c0
34968622ad1f3161d8a65d30b4099568
6ea2ec2ac193fcd57d9455a0502fee72
d0498882d3197bfbf2e0599bf0508a27
abd729954f1848531f14a96b6db236df
930d3b8d00d24e647fdb51d0f37244cb
8801a48a192155f1b83cd58a7f951b26
5958348dfa52b9d23d62fd963375f848
a527f739cf93be3347375a497e977d1d
1e23092d455557499afe8d0de88715a4
47e3bc57b2786c1e67502d022686ff3f
5466c9bdbc5980670dfb7545df8659b1
3855c7f4b760e34af17af0b0aee177ba
66b54ac309a631dde56178bf5ca23607
ea911e20932bb15488bba16c4b3f910d
48ba84b43772dbd366a199a24a712126
9a369edbb37755be5e1a9abbb810df6d
eee36f4f666665d09eb21f6a4b368f60
f6def624dcc580698a47740405700a8c
07ac0002e9ab3c21da433a9d49a5241a
75138e0d5e04fee627d0d0998e1d7509
5b71bc451daa785458baeb5269c83367
54e717014b4974429abbdaf560e1d200
33cc54a12afb71060a7a61e8b93c350f
cd115212ef3c11d6a575631adb048732
9f2c656a7ce3c4f092163eb63ef52d9e
0d63a809e2cf4e9e80c1228efae99a32
28f25a573c56842d6df192f74d6d6533
afbe66d5ce84e1fd3cd7005e071b3d22
55929d71a291d87c0ba62b8b5b82ac04
b482a53e23aca4080fea528e74775012
f8534fc656025dcd2f9e8ec8c54e81a2
edbc687f2d4d24bdb6a3f0cd1264c9c8
1c2c99d05855197adbfa9ba0364f9da1
5c1579df167e608e43befcd132b7d088
ada98d53e6f5bd40e53111b1d04a18c2
f3986a1e59a219d4495fa2b0537dd94a
e2187cb38651009362267c5c9f17edef
b72c702244c98f3b18b6e84d3f912ecd
cc1f2cd10298f686caf0d4f1dd0eea6d
4406347f9423a50d8e048efabf4e6167
083cfd9ac021379a4f66fb859ce39949
209eb27a67cf98fb5a2445d0477d4336
1bbd56bfd1f0572d6807c33243bc51b4
99d0bbb25002267068545637cf8030b3
7c3821f2878238ba15b4ac2f2d83837f
4f13d8d05bac99b272b1ec08ae090ad3
01554e4ed2badc7663b2979cdace4f68
2ff78d26b939418a58cde66cdecb6874
a856c11bf7efc2446a4444639db2d235
4209327aa326997595cbba25116d1149
4e9c1c644ca3608856e237e0d9ea26cd
0916359fffda1e9b5fa0e56c74169fa0
0d956c70299562a28b3709ee1e0ad8d5
57e145d949b39ef818afd582408073e6
6694a672e608cf9d0d9c8e20345a5b28
49b4005af09b6e216a61bae16ba891aa
d943dcf81b29a510c9cf4b72a639279c
1a24e75bb608a02a6894986e6f6f1973
3c2e2ed2acfea8e1675dac29b179f40f
a88ce836a8fa3dfc396465be40a5979c
3736601ea518cd707a46c60230e59212
5e097df7a36ae24882be508749468bcd
c2296baae4496a9e2f3f0b00db3e5585
c75d1a461bd813fbf8fc203b27bccec2
badb9f7b0f801ef6e43150c1cf48afa6
efafaeed3080be14777f4efcf73f53b6
44a9f1ac07ad8e014fed1aa6b3444dae
61bf3df0c2189057e627bf8600b228d3
44cc8003861ce806041ce986485d1a04
412cbbe94ec5e93854bec9d5f48a098b
ad7e53eab8925256637c837c0e8f9e95
afdd2b65f74452829d79e90996e4f7bf
8536aaf254d342dc11f149eef2fd0b3f
512fff53917799dd8f529789ea4a029a
6df5d7a7d580569232eb1b729c6b3adc
46f48e3e28e571a66e273aea97de977c
32e2ab5bc4c038916f6da3be6ad22b6b
0f437d555e421ed5307cc83938de4af9
4f8d6388186c9b9964e8f686a28fe7d0
8a03a5cf27f66308c54d329f41936e80
6221615a81bca1bb8808a8718e6a69da
81b758954e48c0556cdc4087d893eb46
50bf4efc933490a5e1068e720d442d87
214fe6f0396a3c0be0b8e1a5a636f8e1
168b7bdec4161f24ced7835245282afc
cd52bfaac34bddc958cf6d919ba014b6
fc429b828c33ff6c7b90ee30ee50c632
aab823fabee3321ee9e0c12437846ac0
5d7f471bde9dae841591dcf9aa2e1853
dc93f5a92ec982eb4162f2b01197eb40
a4e16f2f510a80578ea4e0ce5acaac85
55624ff62bef27416a70bbca6af4748b
4290d3c9ce5efc2fe37b498e62b249ca
504f325809f80197de0c9ac63f1c47f3
debd5b71c8ce41fbe9bdc2849b156d7a
3aa66d3850fa0bd74937f090739479ba
1985f435213d222f77b026e4a5c42260
dfe7192797ea6e3097990baefb3fd3a5
b71ad66822dce7f21afac16e35bece20
55847a10ba043ed30023899ab659c315
c557b4209e4794b1b3815e2a4f245b72
3c5ebe1b2eb8126d7f3af48812aa9024
40f02a38d2e11fbca732ed4fa81aad6b
512f46d989fda0d91242c5f7a0f37a24
5270ef470b238cc9ceaa2beb02e4bda8
cdef00dfee5d6917f65aef2e9a011ed4
1fcc093c966fa3f971401e15d49786e7
812e2ef5ebfef7e3d434689cb97e0fd7
26d56d104fa513f500f74b4d615b4bb6
34ae5c1275a373b3ed4683ed121d6f18
61bcfd10207914a1e29e772ebbe0da56
b7beda5910d55d17c78c3935303b1ef0
74f5b82d39e4e698854fe23bbcc56c56
da48480f94e36e8eac25326ec017e238
f4c9a444d345e8336ad3cf9adea92f9e
6d3c07ce4389ec3908d1f2bf4fc94ff2
0849fca3ebdc93192c9048ee97beec07
667008177342ea1b6d7f2ab8119cfcaf
fc69304b34fbfeb81c33a2b9867e5670
9c4e9a90f05036bdf3cea9a07e42a590
5c7997cac5aa61d6927fd0cd0b1d87cc
7b205dd6f9ab8cc319120bdbc25dde38
f7f99dc83b5afbb05a7ecbfc0b15a6f6
fc0b676ca31a4b2d904b485a44e29b1a
2898cdc27c85460a9227901c7c8c43d2
3d3f34b8d75b077277e797f642a702a4
cf8bcf62303eabac72db2a770809bbc3
f350721a3e9ebd7f91942c77e8f688e3
043346c15999b9c83c9c796da08f9310
14f0a9708faffed5d04c8ca8a4a3cf2e
0fe1e690d1f246b779a663123c2ec9ff
640f3f89cb87dd375667fc7c574958fd
048095e6b6c4a27f38f1cb08900f91e9
0a799b3d7e9d28f492deed3a3702c003
494e97dcada28e5eca7bd325d779819b
ec2f3d749c3f11ebc133005422b87969
f181358134287766b7547a5bc229637b
296f89fd4d408143b79bfed65155cf76
e4901d6372ef6fb82f33680cf5d1b6b8
b9c6e2536931bcf58b58352b0053ddb1
b75e3280eb9831ccaede4d71721c9873
818c92a4eb24217841c2b3bcd1f76e64
3b794e7a4a40fd840454f65f13c2eb67
84c9c962dd8950884de8e88b3404046b
b66a9de98f3c459b9012a4b5288b9477
590bdca9b6148a6bfbd460f8634e9b3b
201d2c183266ae8e026c71d659c587bd
9ffc0a3af63549c88c58982c33ea8391
050ebe3aee15a19e584c9e2df718496d
c17a32f781ff68b0c11cf6143c5d3628
a074b61a69fa75b49b2bba2b7c4ad517
329f8cd6b8e11de90a590092f46c6541
439575d2d0f3dfc2f463f9a2149b4ff8
754718de6518198a55edd061db96d7b7
424958a51f70c3cada4e2df8dc2ea20c
078adc5e83dc46e6dc78c308963859fe
12b07985fdb7122df23b050ca4a5e4fa
cab15225ef60f0c3a44650528c1ed0b6
ee234bb923605710ef8b7ea4b1f8f3cf
bcde1d51f3d7886262e5a6b20126ad5e
d360cae453047a9782f8cadeee5561ca
ed9f6eee24edb4c6aa43584a9a56a47d
ea46657be9491a3719ea0df9bfcb5e91
76834b9fc40713f3296e9e1959aba953
7a11a4b172bf3974f0abb52755e8491e
8fba7741f9c843470caf580400fcbb4d
cd0192bac00f5f5125af5edcda2c4a78
60bbe493c23afd75b98513d484fa2721
741841ac2f7049cada2396312b0932b1
4afc8a35efc23a932fdfc1ff0779278d
b8856dcc7cd114e1a9c3c28ae5263bb5
1c6f25e62320bed1dfa18558ce591fb4
879bf4cdc5fb826373a0d4e8d472aa86
028d1be43e33aa5c08fc23e4321a15f4
8312518a645dd223679f1cf12e1ac081
b18510d71a973fb8e84de1d1f10e1729
8cdb8c86417fd05f50e531939a262d1d
f6cef22c0a06f04c909b8363843cb84c
b08c173c533b9f50ca859bd8cfe904bd
cefd3fb655aa852b422421c921f5c9c0
937a4b9a5f7741ee3a589c47c6d596a6
4fb3d3d5d0e1d30ccdd644a5ebd88750
cc2beeaf56f6fd7c31fee664f5df4908
017c3497115a62bc23c43b15fb88014b
c8bd2b8de8950cbfd216a5e5ad8c5581
fe776d22379e1de5b36b7519f93af9ff
4d6a8347dec1b6d4ed8d05df7523ceba
c5cebbcdcb8a635b883a9d2db08a6bb1
e1fe6cdf662d6a02680fa0b069a93430
e2465dce4783d2ae7af5eb2c7d4576fb
6b2ef380dcbc38a317b27777551bfb41
5c3e7df49491a38487552765fd68afc4
6fcebcf44242ed4f6228ae11d19881d9
26308d42c6702969efd09ec1afc6670f
f005100bc29ce973d85e5849e27ad6f9
eaefa0ed7faccde6ed2834df8a51e2bd
775b903a1dc38fff8c47e21b55b31041
c776e26b53eb0cecd72b59072e4f92ef
d6a53bd47a413e5da5c91f635f5ca251
6e4e70eefa487b80cdc762f80df907ee
247e5bc3eb09036022839271e53cd328
e223bc789fb173a7d2ab9a2f8ee6bfb6
a7f0333b38122953f31a483bcc40e4ee
5dc9d3eeecd57be40b8d47063a9b6ce0
9aab57af2ec340f0bb27c317adebead5
71480ffdae4db8180260eddfc6f93a16
b18c382ce0c10c072cbffa5e8502ac08
278c960c8ddade3df713d7ebfd8c929f
300a0975ce9cd05423b790c0a7595c41
645ae45506fe5166da1d2106a513a131
184055ccd453ade002df63b0f537717b
ab838a5e8515d1f8ab35fcc4ebc283fb
aa398a75ecb0d669edee9668d06181aa
06898b2b564857d861a4b0774a0fa936
5589412d00d669b2c1d21fa3c5264662
9500d0400186696fc4f7f46b5cb2ecf8
a620fab86b5957f4d57f6fa0e275cd8d
de75f30beb379f8b60ffa1b7f1a4eb81
fdce56ce2349b15c7cbc88a064764249
3fb237b7ded561ab673989522bb8185d
cb4dde40f89275d7de6e3842b6ee8455
1aa96c31fe409a0120b184c97ec72553
ac01a0450d531a03ebb5f16c837d11ea
1e075880a81fbacaee717d80ba219e22
ba8001d89237ca80f7d9b72d604ec259
de8eb4eb69b68574323e98e03cf06ce3
a6f8b0bf33df97f759e7e1a25d62ec0c
c43a741c3128fc7de1ab45ed97625f9f
4ec93d8738a93e1607ac0c68cd3b3179
44ae09242c688864be9e6bbce16dffcb
f6f21324e8006018c2f052772de41fed
274cd12dec045c207e5a268cbaa0221e
5e8a84907e34d7c95af9b88bf0fb15b2
3256da73ba27501324dea5a8eb793885
0d9eb1639fc3ec4eb9bb9620604daa2f
5e7e166de23f8eaf26f404ca7d1e8bb6
60f17716257275e0a53ae0f4b3618b8f
501bfe6375ab1b6f5ccdd167c3abea44
e407ea62c7e4452584e7944dece1af4c
8f5fc9312653cad3eb60a53c4d66bdc1
9be848ecde428a46838a2d4feb49f59c
2b25ca3896f5db14dacb9495bc45cd74
7048d5ac461910ac1f404bcd3e086d38
bbfe9cce925fe5f7b58b26fc97e268d3
76c72aec5c5abb418cae65f855cf7e98
87b52eeeaa600c59780015f5a0e899bf
fef805aa37cccb21efff48f440fd6231
7906eeb2899adbe13b6eab8171b8f209
b4591552916be9a09d7bcb013b2e654b
cd2501a89df913d19a55cbe0770322ac
c86be0741ce4135a3ef04df204a65403
b23c3df5a1588926329f3657faa7e9aa
69b713f54872f529997348655cccb1e8
dc028a8ba4e8d5cd8ac3eb8afcd5c0f1
aa8fa30c3a88c390341c3c2be0b1f374
958dd7240d71a1f2c43b0fdd2c2454c0
34968622ad1f3161d8a65d30b4099568
6ea2ec2ac193fcd57d9455a0502fee72
d0498882d3197bfbf2e0599bf0508a27
abd729954f1848531f14a96b6db236df
930d3b8d00d24e647fdb51d0f37244cb
8801a48a192155f1b83cd58a7f951b26
5958348dfa52b9d23d62fd963375f848
a527f739cf93be3347375a497e977d1d
1e23092d455557499afe8d0de88715a4
47e3bc57b2786c1e67502d022686ff3f
5466c9bdbc5980670dfb7545df8659b1
3855c7f4b760e34af17af0b0aee177ba
66b54ac309a631dde56178bf5ca23607
ea911e20932bb15488bba16c4b3f910d
48ba84b43772dbd366a199a24a712126
9a369edbb37755be5e1a9abbb810df6d
eee36f4f666665d09eb21f6a4b368f60
f6def624dcc580698a47740405700a8c
07ac0002e9ab3c21da433a9d49a5241a
75138e0d5e04fee627d0d0998e1d7509
5b71bc451daa785458baeb5269c83367
54e717014b4974429abbdaf560e1d200
33cc54a12afb71060a7a61e8b93c350f
cd115212ef3c11d6a575631adb048732
9f2c656a7ce3c4f092163eb63ef52d9e
0d63a809e2cf4e9e80c1228efae99a32
28f25a573c56842d6df192f74d6d6533
afbe66d5ce84e1fd3cd7005e071b3d22
55929d71a291d87c0ba62b8b5b82ac04
b482a53e23aca4080fea528e74775012
f8534fc656025dcd2f9e8ec8c54e81a2
edbc687f2d4d24bdb6a3f0cd1264c9c8
1c2c99d05855197adbfa9ba0364f9da1
5c1579df167e608e43befcd132b7d088
ada98d53e6f5bd40e53111b1d04a18c2
f3986a1e59a219d4495fa2b0537dd94a
e2187cb38651009362267c5c9f17edef
b72c702244c98f3b18b6e84d3f912ecd
cc1f2cd10298f686caf0d4f1dd0eea6d
4406347f9423a50d8e048efabf4e6167
083cfd9ac021379a4f66fb859ce39949
209eb27a67cf98fb5a2445d0477d4336
1bbd56bfd1f0572d6807c33243bc51b4
99d0bbb25002267068545637cf8030b3
7c3821f2878238ba15b4ac2f2d83837f
4f13d8d05bac99b272b1ec08ae090ad3
01554e4ed2badc7663b2979cdace4f68
2ff78d26b939418a58cde66cdecb6874
a856c11bf7efc2446a4444639db2d235
4209327aa326997595cbba25116d1149
4e9c1c644ca3608856e237e0d9ea26cd
0916359fffda1e9b5fa0e56c74169fa0
0d956c70299562a28b3709ee1e0ad8d5
57e145d949b39ef818afd582408073e6
6694a672e608cf9d0d9c8e20345a5b28
49b4005af09b6e216a61bae16ba891aa
d943dcf81b29a510c9cf4b72a639279c
1a24e75bb608a02a6894986e6f6f1973
3c2e2ed2acfea8e1675dac29b179f40f
a88ce836a8fa3dfc396465be40a5979c
3736601ea518cd707a46c60230e59212
5e097df7a36ae24882be508749468bcd
c2296baae4496a9e2f3f0b00db3e5585
c75d1a461bd813fbf8fc203b27bccec2
badb9f7b0f801ef6e43150c1cf48afa6
efafaeed3080be14777f4efcf73f53b6
44a9f1ac07ad8e014fed1aa6b3444dae
61bf3df0c2189057e627bf8600b228d3
44cc8003861ce806041ce986485d1a04
412cbbe94ec5e93854bec9d5f48a098b
ad7e53eab8925256637c837c0e8f9e95
afdd2b65f74452829d79e90996e4f7bf
8536aaf254d342dc11f149eef2fd0b3f
512fff53917799dd8f529789ea4a029a
6df5d7a7d580569232eb1b729c6b3adc
46f48e3e28e571a66e273aea97de977c
32e2ab5bc4c038916f6da3be6ad22b6b
0f437d555e421ed5307cc83938de4af9
4f8d6388186c9b9964e8f686a28fe7d0
8a03a5cf27f66308c54d329f41936e80
6221615a81bca1bb8808a8718e6a69da
81b758954e48c0556cdc4087d893eb46
50bf4efc933490a5e1068e720d442d87
214fe6f0396a3c0be0b8e1a5a636f8e1
168b7bdec4161f24ced7835245282afc
cd52bfaac34bddc958cf6d919ba014b6
fc429b828c33ff6c7b90ee30ee50c632
aab823fabee3321ee9e0c12437846ac0
5d7f471bde9dae841591dcf9aa2e1853
dc93f5a92ec982eb4162f2b01197eb40
a4e16f2f510a80578ea4e0ce5acaac85
55624ff62bef27416a70bbca6af4748b
4290d3c9ce5efc2fe37b498e62b249ca
504f325809f80197de0c9ac63f1c47f3
debd5b71c8ce41fbe9bdc2849b156d7a
3aa66d3850fa0bd74937f090739479ba
1985f435213d222f77b026e4a5c42260
dfe7192797ea6e3097990baefb3fd3a5
b71ad66822dce7f21afac16e35bece20
55847a10ba043ed30023899ab659c315
c557b4209e4794b1b3815e2a4f245b72
3c5ebe1b2eb8126d7f3af48812aa9024
40f02a38d2e11fbca732ed4fa81aad6b
512f46d989fda0d91242c5f7a0f37a24
5270ef470b238cc9ceaa2beb02e4bda8
cdef00dfee5d6917f65aef2e9a011ed4
1fcc093c966fa3f971401e15d49786e7
812e2ef5ebfef7e3d434689cb97e0fd7
26d56d104fa513f500f74b4d615b4bb6
34ae5c1275a373b3ed4683ed121d6f18
61bcfd10207914a1e29e772ebbe0da56
b7beda5910d55d17c78c3935303b1ef0
74f5b82d39e4e698854fe23bbcc56c56
da48480f94e36e8eac25326ec017e238
f4c9a444d345e8336ad3cf9adea92f9e
6d3c07ce4389ec3908d1f2bf4fc94ff2
0849fca3ebdc93192c9048ee97beec07
667008177342ea1b6d7f2ab8119cfcaf
fc69304b34fbfeb81c33a2b9867e5670
9c4e9a90f05036bdf3cea9a07e42a590
5c7997cac5aa61d6927fd0cd0b1d87cc
7b205dd6f9ab8cc319120bdbc25dde38
f7f99dc83b5afbb05a7ecbfc0b15a6f6
fc0b676ca31a4b2d904b485a44e29b1a
2898cdc27c85460a9227901c7c8c43d2
3d3f34b8d75b077277e797f642a702a4
cf8bcf62303eabac72db2a770809bbc3
f350721a3e9ebd7f91942c77e8f688e3
043346c15999b9c83c9c796da08f9310
14f0a9708faffed5d04c8ca8a4a3cf2e
0fe1e690d1f246b779a663123c2ec9ff
640f3f89cb87dd375667fc7c574958fd
048095e6b6c4a27f38f1cb08900f91e9
0a799b3d7e9d28f492deed3a3702c003
494e97dcada28e5eca7bd325d779819b
ec2f3d749c3f11ebc133005422b87969
f181358134287766b7547a5bc229637b
296f89fd4d408143b79bfed65155cf76
e4901d6372ef6fb82f33680cf5d1b6b8
b9c6e2536931bcf58b58352b0053ddb1
b75e3280eb9831ccaede4d71721c9873
818c92a4eb24217841c2b3bcd1f76e64
3b794e7a4a40fd840454f65f13c2eb67
84c9c962dd8950884de8e88b3404046b
b66a9de98f3c459b9012a4b5288b9477
590bdca9b6148a6bfbd460f8634e9b3b
201d2c183266ae8e026c71d659c587bd
9ffc0a3af63549c88c58982c33ea8391
050ebe3aee15a19e584c9e2df718496d
c17a32f781ff68b0c11cf6143c5d3628
a074b61a69fa75b49b2bba2b7c4ad517
329f8cd6b8e11de90a590092f46c6541
439575d2d0f3dfc2f463f9a2149b4ff8
754718de6518198a55edd061db96d7b7
424958a51f70c3cada4e2df8dc2ea20c
078adc5e83dc46e6dc78c308963859fe
12b07985fdb7122df23b050ca4a5e4fa
cab15225ef60f0c3a44650528c1ed0b6
ee234bb923605710ef8b7ea4b1f8f3cf
bcde1d51f3d7886262e5a6b20126ad5e
d360cae453047a9782f8cadeee5561ca
ed9f6eee24edb4c6aa43584a9a56a47d
ea46657be9491a3719ea0df9bfcb5e91
76834b9fc40713f3296e9e1959aba953
7a11a4b172bf3974f0abb52755e8491e
8fba7741f9c843470caf580400fcbb4d
cd0192bac00f5f5125af5edcda2c4a78
60bbe493c23afd75b98513d484fa2721
741841ac2f7049cada2396312b0932b1
4afc8a35efc23a932fdfc1ff0779278d
b8856dcc7cd114e1a9c3c28ae5263bb5
1c6f25e62320bed1dfa18558ce591fb4
879bf4cdc5fb826373a0d4e8d472aa86
028d1be43e33aa5c08fc23e4321a15f4
8312518a645dd223679f1cf12e1ac081
b18510d71a973fb8e84de1d1f10e1729
8cdb8c86417fd05f50e531939a262d1d
f6cef22c0a06f04c909b8363843cb84c
b08c173c533b9f50ca859bd8cfe904bd
cefd3fb655aa852b422421c921f5c9c0
937a4b9a5f7741ee3a589c47c6d596a6
4fb3d3d5d0e1d30ccdd644a5ebd88750
cc2beeaf56f6fd7c31fee664f5df4908
017c3497115a62bc23c43b15fb88014b
c8bd2b8de8950cbfd216a5e5ad8c5581
fe776d22379e1de5b36b7519f93af9ff
4d6a8347dec1b6d4ed8d05df7523ceba
c5cebbcdcb8a635b883a9d2db08a6bb1
e1fe6cdf662d6a02680fa0b069a93430
e2465dce4783d2ae7af5eb2c7d4576fb
6b2ef380dcbc38a317b27777551bfb41
5c3e7df49491a38487552765fd68afc4
6fcebcf44242ed4f6228ae11d19881d9
26308d42c6702969efd09ec1afc6670f
f005100bc29ce973d85e5849e27ad6f9
eaefa0ed7faccde6ed2834df8a51e2bd
775b903a1dc38fff8c47e21b55b31041
c776e26b53eb0cecd72b59072e4f92ef
d6a53bd47a413e5da5c91f635f5ca251
6e4e70eefa487b80cdc762f80df907ee
247e5bc3eb09036022839271e53cd328
e223bc789fb173a7d2ab9a2f8ee6bfb6
a7f0333b38122953f31a483bcc40e4ee
5dc9d3eeecd57be40b8d47063a9b6ce0
9aab57af2ec340f0bb27c317adebead5
71480ffdae4db8180260eddfc6f93a16
b18c382ce0c10c072cbffa5e8502ac08
278c960c8ddade3df713d7ebfd8c929f
300a0975ce9cd05423b790c0a7595c41
645ae45506fe5166da1d2106a513a131
184055ccd453ade002df63b0f537717b
ab838a5e8515d1f8ab35fcc4ebc283fb
aa398a75ecb0d669edee9668d06181aa
06898b2b564857d861a4b0774a0fa936
5589412d00d669b2c1d21fa3c5264662
9500d0400186696fc4f7f46b5cb2ecf8
a620fab86b5957f4d57f6fa0e275cd8d
de75f30beb379f8b60ffa1b7f1a4eb81
fdce56ce2349b15c7cbc88a064764249
3fb237b7ded561ab673989522bb8185d
cb4dde40f89275d7de6e3842b6ee8455
1aa96c31fe409a0120b184c97ec72553
ac01a0450d531a03ebb5f16c837d11ea
1e075880a81fbacaee717d80ba219e22
ba8001d89237ca80f7d9b72d604ec259
de8eb4eb69b68574323e98e03cf06ce3
a6f8b0bf33df97f759e7e1a25d62ec0c
c43a741c3128fc7de1ab45ed97625f9f
4ec93d8738a93e1607ac0c68cd3b3179
44ae09242c688864be9e6bbce16dffcb
f6f21324e8006018c2f052772de41fed
274cd12dec045c207e5a268cbaa0221e
5e8a84907e34d7c95af9b88bf0fb15b2
3256da73ba27501324dea5a8eb793885
0d9eb1639fc3ec4eb9bb9620604daa2f
5e7e166de23f8eaf26f404ca7d1e8bb6
60f17716257275e0a53ae0f4b3618b8f
501bfe6375ab1b6f5ccdd167c3abea44
e407ea62c7e4452584e7944dece1af4c
8f5fc9312653cad3eb60a53c4d66bdc1
9be848ecde428a46838a2d4feb49f59c
2b25ca3896f5db14dacb9495bc45cd74
7048d5ac461910ac1f404bcd3e086d38
bbfe9cce925fe5f7b58b26fc97e268d3
76c72aec5c5abb418cae65f855cf7e98
87b52eeeaa600c59780015f5a0e899bf
fef805aa37cccb21efff48f440fd6231
7906eeb2899adbe13b6eab8171b8f209
b4591552916be9a09d7bcb013b2e654b
cd2501a89df913d19a55cbe0770322ac
c86be0741ce4135a3ef04df204a65403
b23c3df5a1588926329f3657faa7e9aa
69b713f54872f529997348655cccb1e8
dc028a8ba4e8d5cd8ac3eb8afcd5c0f1
aa8fa30c3a88c390341c3c2be0b1f374
958dd7240d71a1f2c43b0fdd2c2454c0
34968622ad1f3161d8a65d30b4099568
6ea2ec2ac193fcd57d9455a0502fee72
d0498882d3197bfbf2e0599bf0508a27
abd729954f1848531f14a96b6db236df
930d3b8d00d24e647fdb51d0f37244cb
8801a48a192155f1b83cd58a7f951b26
5958348dfa52b9d23d62fd963375f848
a527f739cf93be3347375a497e977d1d
1e23092d455557499afe8d0de88715a4
47e3bc57b2786c1e67502d022686ff3f
5466c9bdbc5980670dfb7545df8659b1
3855c7f4b760e34af17af0b0aee177ba
66b54ac309a631dde56178bf5ca23607
ea911e20932bb15488bba16c4b3f910d
48ba84b43772dbd366a199a24a712126
9a369edbb37755be5e1a9abbb810df6d
eee36f4f666665d09eb21f6a4b368f60
f6def624dcc580698a47740405700a8c
07ac0002e9ab3c21da433a9d49a5241a
75138e0d5e04fee627d0d0998e1d7509
5b71bc451daa785458baeb5269c83367
54e717014b4974429abbdaf560e1d200
33cc54a12afb71060a7a61e8b93c350f
cd115212ef3c11d6a575631adb048732
9f2c656a7ce3c4f092163eb63ef52d9e
0d63a809e2cf4e9e80c1228efae99a32
28f25a573c56842d6df192f74d6d6533
afbe66d5ce84e1fd3cd7005e071b3d22
55929d71a291d87c0ba62b8b5b82ac04
b482a53e23aca4080fea528e74775012
f8534fc656025dcd2f9e8ec8c54e81a2
edbc687f2d4d24bdb6a3f0cd1264c9c8
1c2c99d05855197adbfa9ba0364f9da1
5c1579df167e608e43befcd132b7d088
ada98d53e6f5bd40e53111b1d04a18c2
f3986a1e59a219d4495fa2b0537dd94a
e2187cb38651009362267c5c9f17edef
b72c702244c98f3b18b6e84d3f912ecd
cc1f2cd10298f686caf0d4f1dd0eea6d
4406347f9423a50d8e048efabf4e6167
083cfd9ac021379a4f66fb859ce39949
209eb27a67cf98fb5a2445d0477d4336
1bbd56bfd1f0572d6807c33243bc51b4
99d0bbb25002267068545637cf8030b3
7c3821f2878238ba15b4ac2f2d83837f
4f13d8d05bac99b272b1ec08ae090ad3
01554e4ed2badc7663b2979cdace4f68
2ff78d26b939418a58cde66cdecb6874
a856c11bf7efc2446a4444639db2d235
4209327aa326997595cbba25116d1149
4e9c1c644ca3608856e237e0d9ea26cd
0916359fffda1e9b5fa0e56c74169fa0
0d956c70299562a28b3709ee1e0ad8d5
57e145d949b39ef818afd582408073e6
6694a672e608cf9d0d9c8e20345a5b28
49b4005af09b6e216a61bae16ba891aa
d943dcf81b29a510c9cf4b72a639279c
1a24e75bb608a02a6894986e6f6f1973
3c2e2ed2acfea8e1675dac29b179f40f
a88ce836a8fa3dfc396465be40a5979c
3736601ea518cd707a46c60230e59212
5e097df7a36ae24882be508749468bcd
c2296baae4496a9e2f3f0b00db3e5585
c75d1a461bd813fbf8fc203b27bccec2
badb9f7b0f801ef6e43150c1cf48afa6
efafaeed3080be14777f4efcf73f53b6
44a9f1ac07ad8e014fed1aa6b3444dae
61bf3df0c2189057e627bf8600b228d3
44cc8003861ce806041ce986485d1a04
412cbbe94ec5e93854bec9d5f48a098b
ad7e53eab8925256637c837c0e8f9e95
afdd2b65f74452829d79e90996e4f7bf
8536aaf254d342dc11f149eef2fd0b3f
512fff53917799dd8f529789ea4a029a
6df5d7a7d580569232eb1b729c6b3adc
46f48e3e28e571a66e273aea97de977c
32e2ab5bc4c038916f6da3be6ad22b6b
0f437d555e421ed5307cc83938de4af9
4f8d6388186c9b9964e8f686a28fe7d0
8a03a5cf27f66308c54d329f41936e80
6221615a81bca1bb8808a8718e6a69da
81b758954e48c0556cdc4087d893eb46
50bf4efc933490a5e1068e720d442d87
214fe6f0396a3c0be0b8e1a5a636f8e1
168b7bdec4161f24ced7835245282afc
cd52bfaac34bddc958cf6d919ba014b6
fc429b828c33ff6c7b90ee30ee50c632
aab823fabee3321ee9e0c12437846ac0
5d7f471bde9dae841591dcf9aa2e1853
dc93f5a92ec982eb4162f2b01197eb40
a4e16f2f510a80578ea4e0ce5acaac85
55624ff62bef27416a70bbca6af4748b
4290d3c9ce5efc2fe37b498e62b249ca
504f325809f80197de0c9ac63f1c47f3
debd5b71c8ce41fbe9bdc2849b156d7a
3aa66d3850fa0bd74937f090739479ba
1985f435213d222f77b026e4a5c42260
dfe7192797ea6e3097990baefb3fd3a5
b71ad66822dce7f21afac16e35bece20
55847a10ba043ed30023899ab659c315
c557b4209e4794b1b3815e2a4f245b72
3c5ebe1b2eb8126d7f3af48812aa9024
40f02a38d2e11fbca732ed4fa81aad6b
512f46d989fda0d91242c5f7a0f37a24
5270ef470b238cc9ceaa2beb02e4bda8
cdef00dfee5d6917f65aef2e9a011ed4
1fcc093c966fa3f971401e15d49786e7
812e2ef5ebfef7e3d434689cb97e0fd7
26d56d104fa513f500f74b4d615b4bb6
34ae5c1275a373b3ed4683ed121d6f18
61bcfd10207914a1e29e772ebbe0da56
b7beda5910d55d17c78c3935303b1ef0
74f5b82d39e4e698854fe23bbcc56c56
da48480f94e36e8eac25326ec017e238
f4c9a444d345e8336ad3cf9adea92f9e
6d3c07ce4389ec3908d1f2bf4fc94ff2
0849fca3ebdc93192c9048ee97beec07
667008177342ea1b6d7f2ab8119cfcaf
fc69304b34fbfeb81c33a2b9867e5670
9c4e9a90f05036bdf3cea9a07e42a590
5c7997cac5aa61d6927fd0cd0b1d87cc
7b205dd6f9ab8cc319120bdbc25dde38
f7f99dc83b5afbb05a7ecbfc0b15a6f6
fc0b676ca31a4b2d904b485a44e29b1a
2898cdc27c85460a9227901c7c8c43d2
3d3f34b8d75b077277e797f642a702a4
cf8bcf62303eabac72db2a770809bbc3
f350721a3e9ebd7f91942c77e8f688e3
043346c15999b9c83c9c796da08f9310
14f0a9708faffed5d04c8ca8a4a3cf2e
0fe1e690d1f246b779a663123c2ec9ff
640f3f89cb87dd375667fc7c574958fd
048095e6b6c4a27f38f1cb08900f91e9
0a799b3d7e9d28f492deed3a3702c003
494e97dcada28e5eca7bd325d779819b
ec2f3d749c3f11ebc133005422b87969
f181358134287766b7547a5bc229637b
296f89fd4d408143b79bfed65155cf76
e4901d6372ef6fb82f33680cf5d1b6b8
b9c6e2536931bcf58b58352b0053ddb1
b75e3280eb9831ccaede4d71721c9873
818c92a4eb24217841c2b3bcd1f76e64
3b794e7a4a40fd840454f65f13c2eb67
84c9c962dd8950884de8e88b3404046b
b66a9de98f3c459b9012a4b5288b9477
590bdca9b6148a6bfbd460f8634e9b3b
201d2c183266ae8e026c71d659c587bd
9ffc0a3af63549c88c58982c33ea8391
050ebe3aee15a19e584c9e2df718496d
c17a32f781ff68b0c11cf6143c5d3628
a074b61a69fa75b49b2bba2b7c4ad517
329f8cd6b8e11de90a590092f46c6541
439575d2d0f3dfc2f463f9a2149b4ff8
754718de6518198a55edd061db96d7b7
424958a51f70c3cada4e2df8dc2ea20c
078adc5e83dc46e6dc78c308963859fe
12b07985fdb7122df23b050ca4a5e4fa
cab15225ef60f0c3a44650528c1ed0b6
ee234bb923605710ef8b7ea4b1f8f3cf
bcde1d51f3d7886262e5a6b20126ad5e
d360cae453047a9782f8cadeee5561ca
ed9f6eee24edb4c6aa43584a9a56a47d
ea46657be9491a3719ea0df9bfcb5e91
76834b9fc40713f3296e9e1959aba953
7a11a4b172bf3974f0abb52755e8491e
8fba7741f9c843470caf580400fcbb4d
cd0192bac00f5f5125af5edcda2c4a78
60bbe493c23afd75b98513d484fa2721
741841ac2f7049cada2396312b0932b1
4afc8a35efc23a932fdfc1ff0779278d
b8856dcc7cd114e1a9c3c28ae5263bb5
1c6f25e62320bed1dfa18558ce591fb4
879bf4cdc5fb826373a0d4e8d472aa86
028d1be43e33aa5c08fc23e4321a15f4
8312518a645dd223679f1cf12e1ac081
b18510d71a973fb8e84de1d1f10e1729
8cdb8c86417fd05f50e531939a262d1d
f6cef22c0a06f04c909b8363843cb84c
b08c173c533b9f50ca859bd8cfe904bd
cefd3fb655aa852b422421c921f5c9c0
937a4b9a5f7741ee3a589c47c6d596a6
4fb3d3d5d0e1d30ccdd644a5ebd88750
cc2beeaf56f6fd7c31fee664f5df4908
017c3497115a62bc23c43b15fb88014b
c8bd2b8de8950cbfd216a5e5ad8c5581
fe776d22379e1de5b36b7519f93af9ff
4d6a8347dec1b6d4ed8d05df7523ceba
c5cebbcdcb8a635b883a9d2db08a6bb1
e1fe6cdf662d6a02680fa0b069a93430
e2465dce4783d2ae7af5eb2c7d4576fb
6b2ef380dcbc38a317b27777551bfb41
5c3e7df49491a38487552765fd68afc4
6fcebcf44242ed4f6228ae11d19881d9
26308d42c6702969efd09ec1afc6670f
f005100bc29ce973d85e5849e27ad6f9
eaefa0ed7faccde6ed2834df8a51e2bd
775b903a1dc38fff8c47e21b55b31041
c776e26b53eb0cecd72b59072e4f92ef
d6a53bd47a413e5da5c91f635f5ca251
6e4e70eefa487b80cdc762f80df907ee
247e5bc3eb09036022839271e53cd328
e223bc789fb173a7d2ab9a2f8ee6bfb6
a7f0333b38122953f31a483bcc40e4ee
5dc9d3eeecd57be40b8d47063a9b6ce0
9aab57af2ec340f0bb27c317adebead5
71480ffdae4db8180260eddfc6f93a16
b18c382ce0c10c072cbffa5e8502ac08
278c960c8ddade3df713d7ebfd8c929f
300a0975ce9cd05423b790c0a7595c41
645ae45506fe5166da1d2106a513a131
184055ccd453ade002df63b0f537717b
ab838a5e8515d1f8ab35fcc4ebc283fb
aa398a75ecb0d669edee9668d06181aa
06898b2b564857d861a4b0774a0fa936
5589412d00d669b2c1d21fa3c5264662
9500d0400186696fc4f7f46b5cb2ecf8
a620fab86b5957f4d57f6fa0e275cd8d
de75f30beb379f8b60ffa1b7f1a4eb81
fdce56ce2349b15c7cbc88a064764249
3fb237b7ded561ab673989522bb8185d
cb4dde40f89275d7de6e3842b6ee8455
1aa96c31fe409a0120b184c97ec72553
ac01a0450d531a03ebb5f16c837d11ea
1e075880a81fbacaee717d80ba219e22
ba8001d89237ca80f7d9b72d604ec259
de8eb4eb69b68574323e98e03cf06ce3
a6f8b0bf33df97f759e7e1a25d62ec0c
c43a741c3128fc7de1ab45ed97625f9f
4ec93d8738a93e1607ac0c68cd3b3179
44ae09242c688864be9e6bbce16dffcb
f6f21324e8006018c2f052772de41fed
274cd12dec045c207e5a268cbaa0221e
5e8a84907e34d7c95af9b88bf0fb15b2
3256da73ba27501324dea5a8eb793885
0d9eb1639fc3ec4eb9bb9620604daa2f
5e7e166de23f8eaf26f404ca7d1e8bb6
60f17716257275e0a53ae0f4b3618b8f
501bfe6375ab1b6f5ccdd167c3abea44
e407ea62c7e4452584e7944dece1af4c
8f5fc9312653cad3eb60a53c4d66bdc1
9be848ecde428a46838a2d4feb49f59c
2b25ca3896f5db14dacb9495bc45cd74
7048d5ac461910ac1f404bcd3e086d38
bbfe9cce925fe5f7b58b26fc97e268d3
76c72aec5c5abb418cae65f855cf7e98
87b52eeeaa600c59780015f5a0e899bf
fef805aa37cccb21efff48f440fd6231
7906eeb2899adbe13b6eab8171b8f209
b4591552916be9a09d7bcb013b2e654b
cd2501a89df913d19a55cbe0770322ac
c86be0741ce4135a3ef04df204a65403
b23c3df5a1588926329f3657faa7e9aa
69b713f54872f529997348655cccb1e8
dc028a8ba4e8d5cd8ac3eb8afcd5c0f1
aa8fa30c3a88c390341c3c2be0b1f374
958dd7240d71a1f2c43b0fdd2c2454c0
34968622ad1f3161d8a65d30b4099568
6ea2ec2ac193fcd57d9455a0502fee72
d0498882d3197bfbf2e0599bf0508a27
abd729954f1848531f14a96b6db236df
930d3b8d00d24e647fdb51d0f37244cb
8801a48a192155f1b83cd58a7f951b26
5958348dfa52b9d23d62fd963375f848
a527f739cf93be3347375a497e977d1d
1e23092d455557499afe8d0de88715a4
47e3bc57b2786c1e67502d022686ff3f
5466c9bdbc5980670dfb7545df8659b1
3855c7f4b760e34af17af0b0aee177ba
66b54ac309a631dde56178bf5ca23607
ea911e20932bb15488bba16c4b3f910d
48ba84b43772dbd366a199a24a712126
9a369edbb37755be5e1a9abbb810df6d
eee36f4f666665d09eb21f6a4b368f60
f6def624dcc580698a47740405700a8c
07ac0002e9ab3c21da433a9d49a5241a
75138e0d5e04fee627d0d0998e1d7509
5b71bc451daa785458baeb5269c83367
54e717014b4974429abbdaf560e1d200
33cc54a12afb71060a7a61e8b93c350f
cd115212ef3c11d6a575631adb048732
9f2c656a7ce3c4f092163eb63ef52d9e
0d63a809e2cf4e9e80c1228efae99a32
28f25a573c56842d6df192f74d6d6533
afbe66d5ce84e1fd3cd7005e071b3d22
55929d71a291d87c0ba62b8b5b82ac04
b482a53e23aca4080fea528e74775012
f8534fc656025dcd2f9e8ec8c54e81a2
edbc687f2d4d24bdb6a3f0cd1264c9c8
1c2c99d05855197adbfa9ba0364f9da1
5c1579df167e608e43befcd132b7d088
ada98d53e6f5bd40e53111b1d04a18c2
f3986a1e59a219d4495fa2b0537dd94a
e2187cb38651009362267c5c9f17edef
b72c702244c98f3b18b6e84d3f912ecd
cc1f2cd10298f686caf0d4f1dd0eea6d
4406347f9423a50d8e048efabf4e6167
083cfd9ac021379a4f66fb859ce39949
209eb27a67cf98fb5a2445d0477d4336
1bbd56bfd1f0572d6807c33243bc51b4
99d0bbb25002267068545637cf8030b3
7c3821f2878238ba15b4ac2f2d83837f
4f13d8d05bac99b272b1ec08ae090ad3
01554e4ed2badc7663b2979cdace4f68
2ff78d26b939418a58cde66cdecb6874
a856c11bf7efc2446a4444639db2d235
4209327aa326997595cbba25116d1149
4e9c1c644ca3608856e237e0d9ea26cd
0916359fffda1e9b5fa0e56c74169fa0
0d956c70299562a28b3709ee1e0ad8d5
57e145d949b39ef818afd582408073e6
6694a672e608cf9d0d9c8e20345a5b28
49b4005af09b6e216a61bae16ba891aa
d943dcf81b29a510c9cf4b72a639279c
1a24e75bb608a02a6894986e6f6f1973
3c2e2ed2acfea8e1675dac29b179f40f
a88ce836a8fa3dfc396465be40a5979c
3736601ea518cd707a46c60230e59212
5e097df7a36ae24882be508749468bcd
c2296baae4496a9e2f3f0b00db3e5585
c75d1a461bd813fbf8fc203b27bccec2
badb9f7b0f801ef6e43150c1cf48afa6
efafaeed3080be14777f4efcf73f53b6
44a9f1ac07ad8e014fed1aa6b3444dae
61bf3df0c2189057e627bf8600b228d3
44cc8003861ce806041ce986485d1a04
412cbbe94ec5e93854bec9d5f48a098b
ad7e53eab8925256637c837c0e8f9e95
afdd2b65f74452829d79e90996e4f7bf
8536aaf254d342dc11f149eef2fd0b3f
512fff53917799dd8f529789ea4a029a
6df5d7a7d580569232eb1b729c6b3adc
46f48e3e28e571a66e273aea97de977c
32e2ab5bc4c038916f6da3be6ad22b6b
0f437d555e421ed5307cc83938de4af9
4f8d6388186c9b9964e8f686a28fe7d0
8a03a5cf27f66308c54d329f41936e80
6221615a81bca1bb8808a8718e6a69da
81b758954e48c0556cdc4087d893eb46
50bf4efc933490a5e1068e720d442d87
214fe6f0396a3c0be0b8e1a5a636f8e1
168b7bdec4161f24ced7835245282afc
cd52bfaac34bddc958cf6d919ba014b6
fc429b828c33ff6c7b90ee30ee50c632
aab823fabee3321ee9e0c12437846ac0
5d7f471bde9dae841591dcf9aa2e1853
dc93f5a92ec982eb4162f2b01197eb40
a4e16f2f510a80578ea4e0ce5acaac85
55624ff62bef27416a70bbca6af4748b
4290d3c9ce5efc2fe37b498e62b249ca
504f325809f80197de0c9ac63f1c47f3
debd5b71c8ce41fbe9bdc2849b156d7a
3aa66d3850fa0bd74937f090739479ba
1985f435213d222f77b026e4a5c42260
dfe7192797ea6e3097990baefb3fd3a5
b71ad66822dce7f21afac16e35bece20
55847a10ba043ed30023899ab659c315
c557b4209e4794b1b3815e2a4f245b72
3c5ebe1b2eb8126d7f3af48812aa9024
40f02a38d2e11fbca732ed4fa81aad6b
512f46d989fda0d91242c5f7a0f37a24
5270ef470b238cc9ceaa2beb02e4bda8
cdef00dfee5d6917f65aef2e9a011ed4
1fcc093c966fa3f971401e15d49786e7
812e2ef5ebfef7e3d434689cb97e0fd7
26d56d104fa513f500f74b4d615b4bb6
34ae5c1275a373b3ed4683ed121d6f18
61bcfd10207914a1e29e772ebbe0da56
b7beda5910d55d17c78c3935303b1ef0
74f5b82d39e4e698854fe23bbcc56c56
da48480f94e36e8eac25326ec017e238
f4c9a444d345e8336ad3cf9adea92f9e
6d3c07ce4389ec3908d1f2bf4fc94ff2
0849fca3ebdc93192c9048ee97beec07
667008177342ea1b6d7f2ab8119cfcaf
fc69304b34fbfeb81c33a2b9867e5670
9c4e9a90f05036bdf3cea9a07e42a590
5c7997cac5aa61d6927fd0cd0b1d87cc
7b205dd6f9ab8cc319120bdbc25dde38
f7f99dc83b5afbb05a7ecbfc0b15a6f6
fc0b676ca31a4b2d904b485a44e29b1a
2898cdc27c85460a9227901c7c8c43d2
3d3f34b8d75b077277e797f642a702a4
cf8bcf62303eabac72db2a770809bbc3
f350721a3e9ebd7f91942c77e8f688e3
043346c15999b9c83c9c796da08f9310
14f0a9708faffed5d04c8ca8a4a3cf2e
0fe1e690d1f246b779a663123c2ec9ff
640f3f89cb87dd375667fc7c574958fd
048095e6b6c4a27f38f1cb08900f91e9
0a799b3d7e9d28f492deed3a3702c003
494e97dcada28e5eca7bd325d779819b
ec2f3d749c3f11ebc133005422b87969
f181358134287766b7547a5bc229637b
296f89fd4d408143b79bfed65155cf76
e4901d6372ef6fb82f33680cf5d1b6b8
b9c6e2536931bcf58b58352b0053ddb1
b75e3280eb9831ccaede4d71721c9873
818c92a4eb24217841c2b3bcd1f76e64
3b794e7a4a40fd840454f65f13c2eb67
84c9c962dd8950884de8e88b3404046b
b66a9de98f3c459b9012a4b5288b9477
590bdca9b6148a6bfbd460f8634e9b3b
201d2c183266ae8e026c71d659c587bd
9ffc0a3af63549c88c58982c33ea8391
050ebe3aee15a19e584c9e2df718496d
c17a32f781ff68b0c11cf6143c5d3628
a074b61a69fa75b49b2bba2b7c4ad517
329f8cd6b8e11de90a590092f46c6541
439575d2d0f3dfc2f463f9a2149b4ff8
754718de6518198a55edd061db96d7b7
424958a51f70c3cada4e2df8dc2ea20c
078adc5e83dc46e6dc78c308963859fe
12b07985fdb7122df23b050ca4a5e4fa
cab15225ef60f0c3a44650528c1ed0b6
ee234bb923605710ef8b7ea4b1f8f3cf
bcde1d51f3d7886262e5a6b20126ad5e
d360cae453047a9782f8cadeee5561ca
ed9f6eee24edb4c6aa43584a9a56a47d
ea46657be9491a3719ea0df9bfcb5e91
76834b9fc40713f3296e9e1959aba953
7a11a4b172bf3974f0abb52755e8491e
8fba7741f9c843470caf580400fcbb4d
cd0192bac00f5f5125af5edcda2c4a78
60bbe493c23afd75b98513d484fa2721
741841ac2f7049cada2396312b0932b1
4afc8a35efc23a932fdfc1ff0779278d
b8856dcc7cd114e1a9c3c28ae5263bb5
1c6f25e62320bed1dfa18558ce591fb4
879bf4cdc5fb826373a0d4e8d472aa86
028d1be43e33aa5c08fc23e4321a15f4
8312518a645dd223679f1cf12e1ac081
b18510d71a973fb8e84de1d1f10e1729
8cdb8c86417fd05f50e531939a262d1d
f6cef22c0a06f04c909b8363843cb84c
b08c173c533b9f50ca859bd8cfe904bd
cefd3fb655aa852b422421c921f5c9c0
937a4b9a5f7741ee3a589c47c6d596a6
4fb3d3d5d0e1d30ccdd644a5ebd88750
cc2beeaf56f6fd7c31fee664f5df4908
017c3497115a62bc23c43b15fb88014b
c8bd2b8de8950cbfd216a5e5ad8c5581
fe776d22379e1de5b36b7519f93af9ff
4d6a8347dec1b6d4ed8d05df7523ceba
c5cebbcdcb8a635b883a9d2db08a6bb1
e1fe6cdf662d6a02680fa0b069a93430
e2465dce4783d2ae7af5eb2c7d4576fb
6b2ef380dcbc38a317b27777551bfb41
5c3e7df49491a38487552765fd68afc4
6fcebcf44242ed4f6228ae11d19881d9
26308d42c6702969efd09ec1afc6670f
f005100bc29ce973d85e5849e27ad6f9
eaefa0ed7faccde6ed2834df8a51e2bd
775b903a1dc38fff8c47e21b55b31041
c776e26b53eb0cecd72b59072e4f92ef
d6a53bd47a413e5da5c91f635f5ca251
6e4e70eefa487b80cdc762f80df907ee
247e5bc3eb09036022839271e53cd328
e223bc789fb173a7d2ab9a2f8ee6bfb6
a7f0333b38122953f31a483bcc40e4ee
5dc9d3eeecd57be40b8d47063a9b6ce0
9aab57af2ec340f0bb27c317adebead5
71480ffdae4db8180260eddfc6f93a16
b18c382ce0c10c072cbffa5e8502ac08
278c960c8ddade3df713d7ebfd8c929f
300a0975ce9cd05423b790c0a7595c41
645ae45506fe5166da1d2106a513a131
184055ccd453ade002df63b0f537717b
ab838a5e8515d1f8ab35fcc4ebc283fb
aa398a75ecb0d669edee9668d06181aa
06898b2b564857d861a4b0774a0fa936
5589412d00d669b2c1d21fa3c5264662
9500d0400186696fc4f7f46b5cb2ecf8
a620fab86b5957f4d57f6fa0e275cd8d
de75f30beb379f8b60ffa1b7f1a4eb81
fdce56ce2349b15c7cbc88a064764249
3fb237b7ded561ab673989522bb8185d
cb4dde40f89275d7de6e3842b6ee8455
1aa96c31fe409a0120b184c97ec72553
ac01a0450d531a03ebb5f16c837d11ea
1e075880a81fbacaee717d80ba219e22
ba8001d89237ca80f7d9b72d604ec259
de8eb4eb69b68574323e98e03cf06ce3
a6f8b0bf33df97f759e7e1a25d62ec0c
c43a741c3128fc7de1ab45ed97625f9f
4ec93d8738a93e1607ac0c68cd3b3179
44ae09242c688864be9e6bbce16dffcb
f6f21324e8006018c2f052772de41fed
274cd12dec045c207e5a268cbaa0221e
5e8a84907e34d7c95af9b88bf0fb15b2
3256da73ba27501324dea5a8eb793885
0d9eb1639fc3ec4eb9bb9620604daa2f
5e7e166de23f8eaf26f404ca7d1e8bb6
60f17716257275e0a53ae0f4b3618b8f
501bfe6375ab1b6f5ccdd167c3abea44
e407ea62c7e4452584e7944dece1af4c
8f5fc9312653cad3eb60a53c4d66bdc1
9be848ecde428a46838a2d4feb49f59c
2b25ca3896f5db14dacb9495bc45cd74
7048d5ac461910ac1f404bcd3e086d38
bbfe9cce925fe5f7b58b26fc97e268d3
76c72aec5c5abb418cae65f855cf7e98
87b52eeeaa600c59780015f5a0e899bf
fef805aa37cccb21efff48f440fd6231
7906eeb2899adbe13b6eab8171b8f209
b4591552916be9a09d7bcb013b2e654b
cd2501a89df913d19a55cbe0770322ac
c86be0741ce4135a3ef04df204a65403
b23c3df5a1588926329f3657faa7e9aa
69b713f54872f529997348655cccb1e8
dc028a8ba4e8d5cd8ac3eb8afcd5c0f1
aa8fa30c3a88c390341c3c2be0b1f374
958dd7240d71a1f2c43b0fdd2c2454c0
34968622ad1f3161d8a65d30b4099568
6ea2ec2ac193fcd57d9455a0502fee72
d0498882d3197bfbf2e0599bf0508a27
abd729954f1848531f14a96b6db236df
930d3b8d00d24e647fdb51d0f37244cb
8801a48a192155f1b83cd58a7f951b26
5958348dfa52b9d23d62fd963375f848
a527f739cf93be3347375a497e977d1d
1e23092d455557499afe8d0de88715a4
47e3bc57b2786c1e67502d022686ff3f
5466c9bdbc5980670dfb7545df8659b1
3855c7f4b760e34af17af0b0aee177ba
66b54ac309a631dde56178bf5ca23607
ea911e20932bb15488bba16c4b3f910d
48ba84b43772dbd366a199a24a712126
9a369edbb37755be5e1a9abbb810df6d
eee36f4f666665d09eb21f6a4b368f60
f6def624dcc580698a47740405700a8c
07ac0002e9ab3c21da433a9d49a5241a
75138e0d5e04fee627d0d0998e1d7509
5b71bc451daa785458baeb5269c83367
54e717014b4974429abbdaf560e1d200
33cc54a12afb71060a7a61e8b93c350f
cd115212ef3c11d6a575631adb048732
9f2c656a7ce3c4f092163eb63ef52d9e
0d63a809e2cf4e9e80c1228efae99a32
28f25a573c56842d6df192f74d6d6533
afbe66d5ce84e1fd3cd7005e071b3d22
55929d71a291d87c0ba62b8b5b82ac04
b482a53e23aca4080fea528e74775012
f8534fc656025dcd2f9e8ec8c54e81a2
edbc687f2d4d24bdb6a3f0cd1264c9c8
1c2c99d05855197adbfa9ba0364f9da1
5c1579df167e608e43befcd132b7d088
ada98d53e6f5bd40e53111b1d04a18c2
f3986a1e59a219d4495fa2b0537dd94a
e2187cb38651009362267c5c9f17edef
b72c702244c98f3b18b6e84d3f912ecd
cc1f2cd10298f686caf0d4f1dd0eea6d
4406347f9423a50d8e048efabf4e6167
083cfd9ac021379a4f66fb859ce39949
209eb27a67cf98fb5a2445d0477d4336
1bbd56bfd1f0572d6807c33243bc51b4
99d0bbb25002267068545637cf8030b3
7c3821f2878238ba15b4ac2f2d83837f
4f13d8d05bac99b272b1ec08ae090ad3
01554e4ed2badc7663b2979cdace4f68
2ff78d26b939418a58cde66cdecb6874
a856c11bf7efc2446a4444639db2d235
4209327aa326997595cbba25116d1149
4e9c1c644ca3608856e237e0d9ea26cd
0916359fffda1e9b5fa0e56c74169fa0
0d956c70299562a28b3709ee1e0ad8d5
57e145d949b39ef818afd582408073e6
6694a672e608cf9d0d9c8e20345a5b28
49b4005af09b6e216a61bae16ba891aa
d943dcf81b29a510c9cf4b72a639279c
1a24e75bb608a02a6894986e6f6f1973
3c2e2ed2acfea8e1675dac29b179f40f
a88ce836a8fa3dfc396465be40a5979c
3736601ea518cd707a46c60230e59212
5e097df7a36ae24882be508749468bcd
c2296baae4496a9e2f3f0b00db3e5585
c75d1a461bd813fbf8fc203b27bccec2
badb9f7b0f801ef6e43150c1cf48afa6
efafaeed3080be14777f4efcf73f53b6
44a9f1ac07ad8e014fed1aa6b3444dae
61bf3df0c2189057e627bf8600b228d3
44cc8003861ce806041ce986485d1a04
412cbbe94ec5e93854bec9d5f48a098b
ad7e53eab8925256637c837c0e8f9e95
afdd2b65f74452829d79e90996e4f7bf
8536aaf254d342dc11f149eef2fd0b3f
512fff53917799dd8f529789ea4a029a
6df5d7a7d580569232eb1b729c6b3adc
46f48e3e28e571a66e273aea97de977c
32e2ab5bc4c038916f6da3be6ad22b6b
0f437d555e421ed5307cc83938de4af9
4f8d6388186c9b9964e8f686a28fe7d0
8a03a5cf27f66308c54d329f41936e80
6221615a81bca1bb8808a8718e6a69da
81b758954e48c0556cdc4087d893eb46
50bf4efc933490a5e1068e720d442d87
214fe6f0396a3c0be0b8e1a5a636f8e1
168b7bdec4161f24ced7835245282afc
cd52bfaac34bddc958cf6d919ba014b6
fc429b828c33ff6c7b90ee30ee50c632
aab823fabee3321ee9e0c12437846ac0
5d7f471bde9dae841591dcf9aa2e1853
dc93f5a92ec982eb4162f2b01197eb40
a4e16f2f510a80578ea4e0ce5acaac85
55624ff62bef27416a70bbca6af4748b
4290d3c9ce5efc2fe37b498e62b249ca
504f325809f80197de0c9ac63f1c47f3
debd5b71c8ce41fbe9bdc2849b156d7a
3aa66d3850fa0bd74937f090739479ba
1985f435213d222f77b026e4a5c42260
dfe7192797ea6e3097990baefb3fd3a5
b71ad66822dce7f21afac16e35bece20
55847a10ba043ed30023899ab659c315
c557b4209e4794b1b3815e2a4f245b72
3c5ebe1b2eb8126d7f3af48812aa9024
40f02a38d2e11fbca732ed4fa81aad6b
512f46d989fda0d91242c5f7a0f37a24
5270ef470b238cc9ceaa2beb02e4bda8
cdef00dfee5d6917f65aef2e9a011ed4
1fcc093c966fa3f971401e15d49786e7
812e2ef5ebfef7e3d434689cb97e0fd7
26d56d104fa513f500f74b4d615b4bb6
34ae5c1275a373b3ed4683ed121d6f18
61bcfd10207914a1e29e772ebbe0da56
b7beda5910d55d17c78c3935303b1ef0
74f5b82d39e4e698854fe23bbcc56c56
da48480f94e36e8eac25326ec017e238
f4c9a444d345e8336ad3cf9adea92f9e
6d3c07ce4389ec3908d1f2bf4fc94ff2
0849fca3ebdc93192c9048ee97beec07
667008177342ea1b6d7f2ab8119cfcaf
fc69304b34fbfeb81c33a2b9867e5670
9c4e9a90f05036bdf3cea9a07e42a590
5c7997cac5aa61d6927fd0cd0b1d87cc
7b205dd6f9ab8cc319120bdbc25dde38
f7f99dc83b5afbb05a7ecbfc0b15a6f6
fc0b676ca31a4b2d904b485a44e29b1a
2898cdc27c85460a9227901c7c8c43d2
3d3f34b8d75b077277e797f642a702a4
cf8bcf62303eabac72db2a770809bbc3
f350721a3e9ebd7f91942c77e8f688e3
043346c15999b9c83c9c796da08f9310
14f0a9708faffed5d04c8ca8a4a3cf2e
0fe1e690d1f246b779a663123c2ec9ff
640f3f89cb87dd375667fc7c574958fd
048095e6b6c4a27f38f1cb08900f91e9
0a799b3d7e9d28f492deed3a3702c003
494e97dcada28e5eca7bd325d779819b
ec2f3d749c3f11ebc133005422b87969
f181358134287766b7547a5bc229637b
296f89fd4d408143b79bfed65155cf76
e4901d6372ef6fb82f33680cf5d1b6b8
b9c6e2536931bcf58b58352b0053ddb1
b75e3280eb9831ccaede4d71721c9873
818c92a4eb24217841c2b3bcd1f76e64
3b794e7a4a40fd840454f65f13c2eb67
84c9c962dd8950884de8e88b3404046b
b66a9de98f3c459b9012a4b5288b9477
590bdca9b6148a6bfbd460f8634e9b3b
201d2c183266ae8e026c71d659c587bd
9ffc0a3af63549c88c58982c33ea8391
050ebe3aee15a19e584c9e2df718496d
c17a32f781ff68b0c11cf6143c5d3628
a074b61a69fa75b49b2bba2b7c4ad517
329f8cd6b8e11de90a590092f46c6541
439575d2d0f3dfc2f463f9a2149b4ff8
754718de6518198a55edd061db96d7b7
424958a51f70c3cada4e2df8dc2ea20c
078adc5e83dc46e6dc78c308963859fe
12b07985fdb7122df23b050ca4a5e4fa
cab15225ef60f0c3a44650528c1ed0b6
ee234bb923605710ef8b7ea4b1f8f3cf
bcde1d51f3d7886262e5a6b20126ad5e
d360cae453047a9782f8cadeee5561ca
ed9f6eee24edb4c6aa43584a9a56a47d
ea46657be9491a3719ea0df9bfcb5e91
76834b9fc40713f3296e9e1959aba953
7a11a4b172bf3974f0abb52755e8491e
8fba7741f9c843470caf580400fcbb4d
cd0192bac00f5f5125af5edcda2c4a78
60bbe493c23afd75b98513d484fa2721
741841ac2f7049cada2396312b0932b1
4afc8a35efc23a932fdfc1ff0779278d
b8856dcc7cd114e1a9c3c28ae5263bb5
1c6f25e62320bed1dfa18558ce591fb4
879bf4cdc5fb826373a0d4e8d472aa86
028d1be43e33aa5c08fc23e4321a15f4
8312518a645dd223679f1cf12e1ac081
b18510d71a973fb8e84de1d1f10e1729
8cdb8c86417fd05f50e531939a262d1d
f6cef22c0a06f04c909b8363843cb84c
b08c173c533b9f50ca859bd8cfe904bd
cefd3fb655aa852b422421c921f5c9c0
937a4b9a5f7741ee3a589c47c6d596a6
4fb3d3d5d0e1d30ccdd644a5ebd88750
cc2beeaf56f6fd7c31fee664f5df4908
017c3497115a62bc23c43b15fb88014b
c8bd2b8de8950cbfd216a5e5ad8c5581
fe776d22379e1de5b36b7519f93af9ff
4d6a8347dec1b6d4ed8d05df7523ceba
c5cebbcdcb8a635b883a9d2db08a6bb1
e1fe6cdf662d6a02680fa0b069a93430
e2465dce4783d2ae7af5eb2c7d4576fb
6b2ef380dcbc38a317b27777551bfb41
5c3e7df49491a38487552765fd68afc4
6fcebcf44242ed4f6228ae11d19881d9
26308d42c6702969efd09ec1afc6670f
f005100bc29ce973d85e5849e27ad6f9
eaefa0ed7faccde6ed2834df8a51e2bd
775b903a1dc38fff8c47e21b55b31041
c776e26b53eb0cecd72b59072e4f92ef
d6a53bd47a413e5da5c91f635f5ca251
6e4e70eefa487b80cdc762f80df907ee
247e5bc3eb09036022839271e53cd328
e223bc789fb173a7d2ab9a2f8ee6bfb6
a7f0333b38122953f31a483bcc40e4ee
5dc9d3eeecd57be40b8d47063a9b6ce0
9aab57af2ec340f0bb27c317adebead5
71480ffdae4db8180260eddfc6f93a16
b18c382ce0c10c072cbffa5e8502ac08
278c960c8ddade3df713d7ebfd8c929f
300a0975ce9cd05423b790c0a7595c41
645ae45506fe5166da1d2106a513a131
184055ccd453ade002df63b0f537717b
ab838a5e8515d1f8ab35fcc4ebc283fb
aa398a75ecb0d669edee9668d06181aa
06898b2b564857d861a4b0774a0fa936
5589412d00d669b2c1d21fa3c5264662
9500d0400186696fc4f7f46b5cb2ecf8
a620fab86b5957f4d57f6fa0e275cd8d
de75f30beb379f8b60ffa1b7f1a4eb81
fdce56ce2349b15c7cbc88a064764249
3fb237b7ded561ab673989522bb8185d
cb4dde40f89275d7de6e3842b6ee8455
1aa96c31fe409a0120b184c97ec72553
ac01a0450d531a03ebb5f16c837d11ea
1e075880a81fbacaee717d80ba219e22
ba8001d89237ca80f7d9b72d604ec259
de8eb4eb69b68574323e98e03cf06ce3
a6f8b0bf33df97f759e7e1a25d62ec0c
c43a741c3128fc7de1ab45ed97625f9f
4ec93d8738a93e1607ac0c68cd3b3179
44ae09242c688864be9e6bbce16dffcb
f6f21324e8006018c2f052772de41fed
274cd12dec045c207e5a268cbaa0221e
5e8a84907e34d7c95af9b88bf0fb15b2
3256da73ba27501324dea5a8eb793885
0d9eb1639fc3ec4eb9bb9620604daa2f
5e7e166de23f8eaf26f404ca7d1e8bb6
60f17716257275e0a53ae0f4b3618b8f
501bfe6375ab1b6f5ccdd167c3abea44
e407ea62c7e4452584e7944dece1af4c
8f5fc9312653cad3eb60a53c4d66bdc1
9be848ecde428a46838a2d4feb49f59c
2b25ca3896f5db14dacb9495bc45cd74
7048d5ac461910ac1f404bcd3e086d38
bbfe9cce925fe5f7b58b26fc97e268d3
76c72aec5c5abb418cae65f855cf7e98
87b52eeeaa600c59780015f5a0e899bf
fef805aa37cccb21efff48f440fd6231
7906eeb2899adbe13b6eab8171b8f209
b4591552916be9a09d7bcb013b2e654b
cd2501a89df913d19a55cbe0770322ac
c86be0741ce4135a3ef04df204a65403
b23c3df5a1588926329f3657faa7e9aa
69b713f54872f529997348655cccb1e8
dc028a8ba4e8d5cd8ac3eb8afcd5c0f1
aa8fa30c3a88c390341c3c2be0b1f374
958dd7240d71a1f2c43b0fdd2c2454c0
34968622ad1f3161d8a65d30b4099568
6ea2ec2ac193fcd57d9455a0502fee72
d0498882d3197bfbf2e0599bf0508a27
abd729954f1848531f14a96b6db236df
930d3b8d00d24e647fdb51d0f37244cb
8801a48a192155f1b83cd58a7f951b26
5958348dfa52b9d23d62fd963375f848
a527f739cf93be3347375a497e977d1d
1e23092d455557499afe8d0de88715a4
47e3bc57b2786c1e67502d022686ff3f
5466c9bdbc5980670dfb7545df8659b1
3855c7f4b760e34af17af0b0aee177ba
66b54ac309a631dde56178bf5ca23607
ea911e20932bb15488bba16c4b3f910d
48ba84b43772dbd366a199a24a712126
9a369edbb37755be5e1a9abbb810df6d
eee36f4f666665d09eb21f6a4b368f60
f6def624dcc580698a47740405700a8c
07ac0002e9ab3c21da433a9d49a5241a
75138e0d5e04fee627d0d0998e1d7509
5b71bc451daa785458baeb5269c83367
54e717014b4974429abbdaf560e1d200
33cc54a12afb71060a7a61e8b93c350f
cd115212ef3c11d6a575631adb048732
9f2c656a7ce3c4f092163eb63ef52d9e
0d63a809e2cf4e9e80c1228efae99a32
28f25a573c56842d6df192f74d6d6533
afbe66d5ce84e1fd3cd7005e071b3d22
55929d71a291d87c0ba62b8b5b82ac04
b482a53e23aca4080fea528e74775012
f8534fc656025dcd2f9e8ec8c54e81a2
edbc687f2d4d24bdb6a3f0cd1264c9c8
1c2c99d05855197adbfa9ba0364f9da1
5c1579df167e608e43befcd132b7d088
ada98d53e6f5bd40e53111b1d04a18c2
f3986a1e59a219d4495fa2b0537dd94a
e2187cb38651009362267c5c9f17edef
b72c702244c98f3b18b6e84d3f912ecd
cc1f2cd10298f686caf0d4f1dd0eea6d
4406347f9423a50d8e048efabf4e6167
083cfd9ac021379a4f66fb859ce39949
209eb27a67cf98fb5a2445d0477d4336
1bbd56bfd1f0572d6807c33243bc51b4
99d0bbb25002267068545637cf8030b3
7c3821f2878238ba15b4ac2f2d83837f
4f13d8d05bac99b272b1ec08ae090ad3
01554e4ed2badc7663b2979cdace4f68
2ff78d26b939418a58cde66cdecb6874
a856c11bf7efc2446a4444639db2d235
4209327aa326997595cbba25116d1149
4e9c1c644ca3608856e237e0d9ea26cd
0916359fffda1e9b5fa0e56c74169fa0
0d956c70299562a28b3709ee1e0ad8d5
57e145d949b39ef818afd582408073e6
6694a672e608cf9d0d9c8e20345a5b28
49b4005af09b6e216a61bae16ba891aa
d943dcf81b29a510c9cf4b72a639279c
1a24e75bb608a02a6894986e6f6f1973
3c2e2ed2acfea8e1675dac29b179f40f
a88ce836a8fa3dfc396465be40a5979c
3736601ea518cd707a46c60230e59212
5e097df7a36ae24882be508749468bcd
c2296baae4496a9e2f3f0b00db3e5585
c75d1a461bd813fbf8fc203b27bccec2
badb9f7b0f801ef6e43150c1cf48afa6
efafaeed3080be14777f4efcf73f53b6
44a9f1ac07ad8e014fed1aa6b3444dae
61bf3df0c2189057e627bf8600b228d3
44cc8003861ce806041ce986485d1a04
412cbbe94ec5e93854bec9d5f48a098b
ad7e53eab8925256637c837c0e8f9e95
afdd2b65f74452829d79e90996e4f7bf
8536aaf254d342dc11f149eef2fd0b3f
512fff53917799dd8f529789ea4a029a
6df5d7a7d580569232eb1b729c6b3adc
46f48e3e28e571a66e273aea97de977c
32e2ab5bc4c038916f6da3be6ad22b6b
0f437d555e421ed5307cc83938de4af9
4f8d6388186c9b9964e8f686a28fe7d0
8a03a5cf27f66308c54d329f41936e80
6221615a81bca1bb8808a8718e6a69da
81b758954e48c0556cdc4087d893eb46
50bf4efc933490a5e1068e720d442d87
214fe6f0396a3c0be0b8e1a5a636f8e1
168b7bdec4161f24ced7835245282afc
cd52bfaac34bddc958cf6d919ba014b6
fc429b828c33ff6c7b90ee30ee50c632
aab823fabee3321ee9e0c12437846ac0
5d7f471bde9dae841591dcf9aa2e1853
dc93f5a92ec982eb4162f2b01197eb40
a4e16f2f510a80578ea4e0ce5acaac85
55624ff62bef27416a70bbca6af4748b
4290d3c9ce5efc2fe37b498e62b249ca
504f325809f80197de0c9ac63f1c47f3
debd5b71c8ce41fbe9bdc2849b156d7a
3aa66d3850fa0bd74937f090739479ba
1985f435213d222f77b026e4a5c42260
dfe7192797ea6e3097990baefb3fd3a5
b71ad66822dce7f21afac16e35bece20
55847a10ba043ed30023899ab659c315
c557b4209e4794b1b3815e2a4f245b72
3c5ebe1b2eb8126d7f3af48812aa9024
40f02a38d2e11fbca732ed4fa81aad6b
512f46d989fda0d91242c5f7a0f37a24
5270ef470b238cc9ceaa2beb02e4bda8
cdef00dfee5d6917f65aef2e9a011ed4
1fcc093c966fa3f971401e15d49786e7
812e2ef5ebfef7e3d434689cb97e0fd7
26d56d104fa513f500f74b4d615b4bb6
34ae5c1275a373b3ed4683ed121d6f18
61bcfd10207914a1e29e772ebbe0da56
b7beda5910d55d17c78c3935303b1ef0
74f5b82d39e4e698854fe23bbcc56c56
da48480f94e36e8eac25326ec017e238
f4c9a444d345e8336ad3cf9adea92f9e
6d3c07ce4389ec3908d1f2bf4fc94ff2
0849fca3ebdc93192c9048ee97beec07
667008177342ea1b6d7f2ab8119cfcaf
fc69304b34fbfeb81c33a2b9867e5670
9c4e9a90f05036bdf3cea9a07e42a590
5c7997cac5aa61d6927fd0cd0b1d87cc
7b205dd6f9ab8cc319120bdbc25dde38
f7f99dc83b5afbb05a7ecbfc0b15a6f6
fc0b676ca31a4b2d904b485a44e29b1a
2898cdc27c85460a9227901c7c8c43d2
3d3f34b8d75b077277e797f642a702a4
cf8bcf62303eabac72db2a770809bbc3
f350721a3e9ebd7f91942c77e8f688e3
043346c15999b9c83c9c796da08f9310
14f0a9708faffed5d04c8ca8a4a3cf2e
0fe1e690d1f246b779a663123c2ec9ff
640f3f89cb87dd375667fc7c574958fd
048095e6b6c4a27f38f1cb08900f91e9
0a799b3d7e9d28f492deed3a3702c003
494e97dcada28e5eca7bd325d779819b
ec2f3d749c3f11ebc133005422b87969
f181358134287766b7547a5bc229637b
296f89fd4d408143b79bfed65155cf76
e4901d6372ef6fb82f33680cf5d1b6b8
b9c6e2536931bcf58b58352b0053ddb1
b75e3280eb9831ccaede4d71721c9873
818c92a4eb24217841c2b3bcd1f76e64
3b794e7a4a40fd840454f65f13c2eb67
84c9c962dd8950884de8e88b3404046b
b66a9de98f3c459b9012a4b5288b9477
590bdca9b6148a6bfbd460f8634e9b3b
201d2c183266ae8e026c71d659c587bd
9ffc0a3af63549c88c58982c33ea8391
050ebe3aee15a19e584c9e2df718496d
c17a32f781ff68b0c11cf6143c5d3628
a074b61a69fa75b49b2bba2b7c4ad517
329f8cd6b8e11de90a590092f46c6541
439575d2d0f3dfc2f463f9a2149b4ff8
754718de6518198a55edd061db96d7b7
424958a51f70c3cada4e2df8dc2ea20c
078adc5e83dc46e6dc78c308963859fe
12b07985fdb7122df23b050ca4a5e4fa
cab15225ef60f0c3a44650528c1ed0b6
ee234bb923605710ef8b7ea4b1f8f3cf
bcde1d51f3d7886262e5a6b20126ad5e
d360cae453047a9782f8cadeee5561ca
ed9f6eee24edb4c6aa43584a9a56a47d
ea46657be9491a3719ea0df9bfcb5e91
76834b9fc40713f3296e9e1959aba953
7a11a4b172bf3974f0abb52755e8491e
8fba7741f9c843470caf580400fcbb4d
cd0192bac00f5f5125af5edcda2c4a78
60bbe493c23afd75b98513d484fa2721
741841ac2f7049cada2396312b0932b1
4afc8a35efc23a932fdfc1ff0779278d
b8856dcc7cd114e1a9c3c28ae5263bb5
1c6f25e62320bed1dfa18558ce591fb4
879bf4cdc5fb826373a0d4e8d472aa86
028d1be43e33aa5c08fc23e4321a15f4
8312518a645dd223679f1cf12e1ac081
b18510d71a973fb8e84de1d1f10e1729
8cdb8c86417fd05f50e531939a262d1d
f6cef22c0a06f04c909b8363843cb84c
b08c173c533b9f50ca859bd8cfe904bd
cefd3fb655aa852b422421c921f5c9c0
937a4b9a5f7741ee3a589c47c6d596a6
4fb3d3d5d0e1d30ccdd644a5ebd88750
cc2beeaf56f6fd7c31fee664f5df4908
017c3497115a62bc23c43b15fb88014b
c8bd2b8de8950cbfd216a5e5ad8c5581
fe776d22379e1de5b36b7519f93af9ff
4d6a8347dec1b6d4ed8d05df7523ceba
c5cebbcdcb8a635b883a9d2db08a6bb1
e1fe6cdf662d6a02680fa0b069a93430
e2465dce4783d2ae7af5eb2c7d4576fb
6b2ef380dcbc38a317b27777551bfb41
5c3e7df49491a38487552765fd68afc4
6fcebcf44242ed4f6228ae11d19881d9
26308d42c6702969efd09ec1afc6670f
f005100bc29ce973d85e5849e27ad6f9
eaefa0ed7faccde6ed2834df8a51e2bd
775b903a1dc38fff8c47e21b55b31041
c776e26b53eb0cecd72b59072e4f92ef
d6a53bd47a413e5da5c91f635f5ca251
6e4e70eefa487b80cdc762f80df907ee
247e5bc3eb09036022839271e53cd328
e223bc789fb173a7d2ab9a2f8ee6bfb6
a7f0333b38122953f31a483bcc40e4ee
5dc9d3eeecd57be40b8d47063a9b6ce0
9aab57af2ec340f0bb27c317adebead5
71480ffdae4db8180260eddfc6f93a16
b18c382ce0c10c072cbffa5e8502ac08
278c960c8ddade3df713d7ebfd8c929f
300a0975ce9cd05423b790c0a7595c41
645ae45506fe5166da1d2106a513a131
184055ccd453ade002df63b0f537717b
ab838a5e8515d1f8ab35fcc4ebc283fb
aa398a75ecb0d669edee9668d06181aa
06898b2b564857d861a4b0774a0fa936
5589412d00d669b2c1d21fa3c5264662
9500d0400186696fc4f7f46b5cb2ecf8
a620fab86b5957f4d57f6fa0e275cd8d
de75f30beb379f8b60ffa1b7f1a4eb81
fdce56ce2349b15c7cbc88a064764249
3fb237b7ded561ab673989522bb8185d
cb4dde40f89275d7de6e3842b6ee8455
1aa96c31fe409a0120b184c97ec72553
ac01a0450d531a03ebb5f16c837d11ea
1e075880a81fbacaee717d80ba219e22
ba8001d89237ca80f7d9b72d604ec259
de8eb4eb69b68574323e98e03cf06ce3
a6f8b0bf33df97f759e7e1a25d62ec0c
c43a741c3128fc7de1ab45ed97625f9f
4ec93d8738a93e1607ac0c68cd3b3179
44ae09242c688864be9e6bbce16dffcb
f6f21324e8006018c2f052772de41fed
274cd12dec045c207e5a268cbaa0221e
5e8a84907e34d7c95af9b88bf0fb15b2
3256da73ba27501324dea5a8eb793885
0d9eb1639fc3ec4eb9bb9620604daa2f
5e7e166de23f8eaf26f404ca7d1e8bb6
60f17716257275e0a53ae0f4b3618b8f
501bfe6375ab1b6f5ccdd167c3abea44
e407ea62c7e4452584e7944dece1af4c
8f5fc9312653cad3eb60a53c4d66bdc1
9be848ecde428a46838a2d4feb49f59c
2b25ca3896f5db14dacb9495bc45cd74
7048d5ac461910ac1f404bcd3e086d38
bbfe9cce925fe5f7b58b26fc97e268d3
76c72aec5c5abb418cae65f855cf7e98
87b52eeeaa600c59780015f5a0e899bf
fef805aa37cccb21efff48f440fd6231
7906eeb2899adbe13b6eab8171b8f209
b4591552916be9a09d7bcb013b2e654b
cd2501a89df913d19a55cbe0770322ac
c86be0741ce4135a3ef04df204a65403
b23c3df5a1588926329f3657faa7e9aa
69b713f54872f529997348655cccb1e8
dc028a8ba4e8d5cd8ac3eb8afcd5c0f1
aa8fa30c3a88c390341c3c2be0b1f374
958dd7240d71a1f2c43b0fdd2c2454c0
34968622ad1f3161d8a65d30b4099568
6ea2ec2ac193fcd57d9455a0502fee72
d0498882d3197bfbf2e0599bf0508a27
abd729954f1848531f14a96b6db236df
930d3b8d00d24e647fdb51d0f37244cb
8801a48a192155f1b83cd58a7f951b26
5958348dfa52b9d23d62fd963375f848
a527f739cf93be3347375a497e977d1d
1e23092d455557499afe8d0de88715a4
47e3bc57b2786c1e67502d022686ff3f
5466c9bdbc5980670dfb7545df8659b1
3855c7f4b760e34af17af0b0aee177ba
66b54ac309a631dde56178bf5ca23607
ea911e20932bb15488bba16c4b3f910d
48ba84b43772dbd366a199a24a712126
9a369edbb37755be5e1a9abbb810df6d
eee36f4f666665d09eb21f6a4b368f60
f6def624dcc580698a47740405700a8c
07ac0002e9ab3c21da433a9d49a5241a
75138e0d5e04fee627d0d0998e1d7509
5b71bc451daa785458baeb5269c83367
54e717014b4974429abbdaf560e1d200
33cc54a12afb71060a7a61e8b93c350f
cd115212ef3c11d6a575631adb048732
9f2c656a7ce3c4f092163eb63ef52d9e
0d63a809e2cf4e9e80c1228efae99a32
28f25a573c56842d6df192f74d6d6533
afbe66d5ce84e1fd3cd7005e071b3d22
55929d71a291d87c0ba62b8b5b82ac04
b482a53e23aca4080fea528e74775012
f8534fc656025dcd2f9e8ec8c54e81a2
edbc687f2d4d24bdb6a3f0cd1264c9c8
1c2c99d05855197adbfa9ba0364f9da1
5c1579df167e608e43befcd132b7d088
ada98d53e6f5bd40e53111b1d04a18c2
f3986a1e59a219d4495fa2b0537dd94a
e2187cb38651009362267c5c9f17edef
b72c702244c98f3b18b6e84d3f912ecd
cc1f2cd10298f686caf0d4f1dd0eea6d
4406347f9423a50d8e048efabf4e6167
083cfd9ac021379a4f66fb859ce39949
209eb27a67cf98fb5a2445d0477d4336
1bbd56bfd1f0572d6807c33243bc51b4
99d0bbb25002267068545637cf8030b3
7c3821f2878238ba15b4ac2f2d83837f
4f13d8d05bac99b272b1ec08ae090ad3
01554e4ed2badc7663b2979cdace4f68
2ff78d26b939418a58cde66cdecb6874
a856c11bf7efc2446a4444639db2d235
4209327aa326997595cbba25116d1149
4e9c1c644ca3608856e237e0d9ea26cd
0916359fffda1e9b5fa0e56c74169fa0
0d956c70299562a28b3709ee1e0ad8d5
57e145d949b39ef818afd582408073e6
6694a672e608cf9d0d9c8e20345a5b28
49b4005af09b6e216a61bae16ba891aa
d943dcf81b29a510c9cf4b72a639279c
1a24e75bb608a02a6894986e6f6f1973
3c2e2ed2acfea8e1675dac29b179f40f
a88ce836a8fa3dfc396465be40a5979c
3736601ea518cd707a46c60230e59212
5e097df7a36ae24882be508749468bcd
c2296baae4496a9e2f3f0b00db3e5585
c75d1a461bd813fbf8fc203b27bccec2
badb9f7b0f801ef6e43150c1cf48afa6
efafaeed3080be14777f4efcf73f53b6
44a9f1ac07ad8e014fed1aa6b3444dae
61bf3df0c2189057e627bf8600b228d3
44cc8003861ce806041ce986485d1a04
412cbbe94ec5e93854bec9d5f48a098b
ad7e53eab8925256637c837c0e8f9e95
afdd2b65f74452829d79e90996e4f7bf
8536aaf254d342dc11f149eef2fd0b3f
512fff53917799dd8f529789ea4a029a
6df5d7a7d580569232eb1b729c6b3adc
46f48e3e28e571a66e273aea97de977c
32e2ab5bc4c038916f6da3be6ad22b6b
0f437d555e421ed5307cc83938de4af9
4f8d6388186c9b9964e8f686a28fe7d0
8a03a5cf27f66308c54d329f41936e80
6221615a81bca1bb8808a8718e6a69da
81b758954e48c0556cdc4087d893eb46
50bf4efc933490a5e1068e720d442d87
214fe6f0396a3c0be0b8e1a5a636f8e1
168b7bdec4161f24ced7835245282afc
cd52bfaac34bddc958cf6d919ba014b6
fc429b828c33ff6c7b90ee30ee50c632
aab823fabee3321ee9e0c12437846ac0
5d7f471bde9dae841591dcf9aa2e1853
dc93f5a92ec982eb4162f2b01197eb40
a4e16f2f510a80578ea4e0ce5acaac85
55624ff62bef27416a70bbca6af4748b
4290d3c9ce5efc2fe37b498e62b249ca
504f325809f80197de0c9ac63f1c47f3
debd5b71c8ce41fbe9bdc2849b156d7a
3aa66d3850fa0bd74937f090739479ba
1985f435213d222f77b026e4a5c42260
dfe7192797ea6e3097990baefb3fd3a5
b71ad66822dce7f21afac16e35bece20
55847a10ba043ed30023899ab659c315
c557b4209e4794b1b3815e2a4f245b72
3c5ebe1b2eb8126d7f3af48812aa9024
40f02a38d2e11fbca732ed4fa81aad6b
512f46d989fda0d91242c5f7a0f37a24
5270ef470b238cc9ceaa2beb02e4bda8
cdef00dfee5d6917f65aef2e9a011ed4
1fcc093c966fa3f971401e15d49786e7
812e2ef5ebfef7e3d434689cb97e0fd7
26d56d104fa513f500f74b4d615b4bb6
34ae5c1275a373b3ed4683ed121d6f18
61bcfd10207914a1e29e772ebbe0da56
b7beda5910d55d17c78c3935303b1ef0
74f5b82d39e4e698854fe23bbcc56c56
da48480f94e36e8eac25326ec017e238
f4c9a444d345e8336ad3cf9adea92f9e
6d3c07ce4389ec3908d1f2bf4fc94ff2
0849fca3ebdc93192c9048ee97beec07
667008177342ea1b6d7f2ab8119cfcaf
fc69304b34fbfeb81c33a2b9867e5670
9c4e9a90f05036bdf3cea9a07e42a590
5c7997cac5aa61d6927fd0cd0b1d87cc
7b205dd6f9ab8cc319120bdbc25dde38
f7f99dc83b5afbb05a7ecbfc0b15a6f6
fc0b676ca31a4b2d904b485a44e29b1a
2898cdc27c85460a9227901c7c8c43d2
3d3f34b8d75b077277e797f642a702a4
cf8bcf62303eabac72db2a770809bbc3
f350721a3e9ebd7f91942c77e8f688e3
043346c15999b9c83c9c796da08f9310
14f0a9708faffed5d04c8ca8a4a3cf2e
0fe1e690d1f246b779a663123c2ec9ff
640f3f89cb87dd375667fc7c574958fd
048095e6b6c4a27f38f1cb08900f91e9
0a799b3d7e9d28f492deed3a3702c003
494e97dcada28e5eca7bd325d779819b
ec2f3d749c3f11ebc133005422b87969
f181358134287766b7547a5bc229637b
296f89fd4d408143b79bfed65155cf76
e4901d6372ef6fb82f33680cf5d1b6b8
b9c6e2536931bcf58b58352b0053ddb1
b75e3280eb9831ccaede4d71721c9873
818c92a4eb24217841c2b3bcd1f76e64
3b794e7a4a40fd840454f65f13c2eb67
84c9c962dd8950884de8e88b3404046b
b66a9de98f3c459b9012a4b5288b9477
590bdca9b6148a6bfbd460f8634e9b3b
201d2c183266ae8e026c71d659c587bd
9ffc0a3af63549c88c58982c33ea8391
050ebe3aee15a19e584c9e2df718496d
c17a32f781ff68b0c11cf6143c5d3628
a074b61a69fa75b49b2bba2b7c4ad517
329f8cd6b8e11de90a590092f46c6541
439575d2d0f3dfc2f463f9a2149b4ff8
754718de6518198a55edd061db96d7b7
424958a51f70c3cada4e2df8dc2ea20c
078adc5e83dc46e6dc78c308963859fe
12b07985fdb7122df23b050ca4a5e4fa
cab15225ef60f0c3a44650528c1ed0b6
ee234bb923605710ef8b7ea4b1f8f3cf
bcde1d51f3d7886262e5a6b20126ad5e
d360cae453047a9782f8cadeee5561ca
ed9f6eee24edb4c6aa43584a9a56a47d
ea46657be9491a3719ea0df9bfcb5e91
76834b9fc40713f3296e9e1959aba953
7a11a4b172bf3974f0abb52755e8491e
8fba7741f9c843470caf580400fcbb4d
cd0192bac00f5f5125af5edcda2c4a78
60bbe493c23afd75b98513d484fa2721
741841ac2f7049cada2396312b0932b1
4afc8a35efc23a932fdfc1ff0779278d
b8856dcc7cd114e1a9c3c28ae5263bb5
1c6f25e62320bed1dfa18558ce591fb4
879bf4cdc5fb826373a0d4e8d472aa86
028d1be43e33aa5c08fc23e4321a15f4
8312518a645dd223679f1cf12e1ac081
b18510d71a973fb8e84de1d1f10e1729
8cdb8c86417fd05f50e531939a262d1d
f6cef22c0a06f04c909b8363843cb84c
b08c173c533b9f50ca859bd8cfe904bd
cefd3fb655aa852b422421c921f5c9c0
937a4b9a5f7741ee3a589c47c6d596a6
4fb3d3d5d0e1d30ccdd644a5ebd88750
cc2beeaf56f6fd7c31fee664f5df4908
017c3497115a62bc23c43b15fb88014b
c8bd2b8de8950cbfd216a5e5ad8c5581
fe776d22379e1de5b36b7519f93af9ff
4d6a8347dec1b6d4ed8d05df7523ceba
c5cebbcdcb8a635b883a9d2db08a6bb1
e1fe6cdf662d6a02680fa0b069a93430
e2465dce4783d2ae7af5eb2c7d4576fb
6b2ef380dcbc38a317b27777551bfb41
5c3e7df49491a38487552765fd68afc4
6fcebcf44242ed4f6228ae11d19881d9
26308d42c6702969efd09ec1afc6670f
f005100bc29ce973d85e5849e27ad6f9
eaefa0ed7faccde6ed2834df8a51e2bd
775b903a1dc38fff8c47e21b55b31041
c776e26b53eb0cecd72b59072e4f92ef
d6a53bd47a413e5da5c91f635f5ca251
6e4e70eefa487b80cdc762f80df907ee
247e5bc3eb09036022839271e53cd328
e223bc789fb173a7d2ab9a2f8ee6bfb6
a7f0333b38122953f31a483bcc40e4ee
5dc9d3eeecd57be40b8d47063a9b6ce0
9aab57af2ec340f0bb27c317adebead5
71480ffdae4db8180260eddfc6f93a16
b18c382ce0c10c072cbffa5e8502ac08
278c960c8ddade3df713d7ebfd8c929f
300a0975ce9cd05423b790c0a7595c41
645ae45506fe5166da1d2106a513a131
184055ccd453ade002df63b0f537717b
ab838a5e8515d1f8ab35fcc4ebc283fb
aa398a75ecb0d669edee9668d06181aa
06898b2b564857d861a4b0774a0fa936
5589412d00d669b2c1d21fa3c5264662
9500d0400186696fc4f7f46b5cb2ecf8
a620fab86b5957f4d57f6fa0e275cd8d
de75f30beb379f8b60ffa1b7f1a4eb81
fdce56ce2349b15c7cbc88a064764249
3fb237b7ded561ab673989522bb8185d
cb4dde40f89275d7de6e3842b6ee8455
1aa96c31fe409a0120b184c97ec72553
ac01a0450d531a03ebb5f16c837d11ea
1e075880a81fbacaee717d80ba219e22
ba8001d89237ca80f7d9b72d604ec259
de8eb4eb69b68574323e98e03cf06ce3
a6f8b0bf33df97f759e7e1a25d62ec0c
c43a741c3128fc7de1ab45ed97625f9f
4ec93d8738a93e1607ac0c68cd3b3179
44ae09242c688864be9e6bbce16dffcb
f6f21324e8006018c2f052772de41fed
274cd12dec045c207e5a268cbaa0221e
5e8a84907e34d7c95af9b88bf0fb15b2
3256da73ba27501324dea5a8eb793885
0d9eb1639fc3ec4eb9bb9620604daa2f
5e7e166de23f8eaf26f404ca7d1e8bb6
60f17716257275e0a53ae0f4b3618b8f
501bfe6375ab1b6f5ccdd167c3abea44
e407ea62c7e4452584e7944dece1af4c
8f5fc9312653cad3eb60a53c4d66bdc1
9be848ecde428a46838a2d4feb49f59c
2b25ca3896f5db14dacb9495bc45cd74
7048d5ac461910ac1f404bcd3e086d38
bbfe9cce925fe5f7b58b26fc97e268d3
76c72aec5c5abb418cae65f855cf7e98
87b52eeeaa600c59780015f5a0e899bf
fef805aa37cccb21efff48f440fd6231
7906eeb2899adbe13b6eab8171b8f209
b4591552916be9a09d7bcb013b2e654b
cd2501a89df913d19a55cbe0770322ac
c86be0741ce4135a3ef04df204a65403
b23c3df5a1588926329f3657faa7e9aa
69b713f54872f529997348655cccb1e8
dc028a8ba4e8d5cd8ac3eb8afcd5c0f1
aa8fa30c3a88c390341c3c2be0b1f374
958dd7240d71a1f2c43b0fdd2c2454c0
34968622ad1f3161d8a65d30b4099568
6ea2ec2ac193fcd57d9455a0502fee72
d0498882d3197bfbf2e0599bf0508a27
abd729954f1848531f14a96b6db236df
930d3b8d00d24e647fdb51d0f37244cb
8801a48a192155f1b83cd58a7f951b26
5958348dfa52b9d23d62fd963375f848
a527f739cf93be3347375a497e977d1d
1e23092d455557499afe8d0de88715a4
47e3bc57b2786c1e67502d022686ff3f
5466c9bdbc5980670dfb7545df8659b1
3855c7f4b760e34af17af0b0aee177ba
66b54ac309a631dde56178bf5ca23607
ea911e20932bb15488bba16c4b3f910d
48ba84b43772dbd366a199a24a712126
9a369edbb37755be5e1a9abbb810df6d
eee36f4f666665d09eb21f6a4b368f60
f6def624dcc580698a47740405700a8c
07ac0002e9ab3c21da433a9d49a5241a
75138e0d5e04fee627d0d0998e1d7509
5b71bc451daa785458baeb5269c83367
54e717014b4974429abbdaf560e1d200
33cc54a12afb71060a7a61e8b93c350f
cd115212ef3c11d6a575631adb048732
9f2c656a7ce3c4f092163eb63ef52d9e
0d63a809e2cf4e9e80c1228efae99a32
28f25a573c56842d6df192f74d6d6533
afbe66d5ce84e1fd3cd7005e071b3d22
55929d71a291d87c0ba62b8b5b82ac04
b482a53e23aca4080fea528e74775012
f8534fc656025dcd2f9e8ec8c54e81a2
edbc687f2d4d24bdb6a3f0cd1264c9c8
1c2c99d05855197adbfa9ba0364f9da1
5c1579df167e608e43befcd132b7d088
ada98d53e6f5bd40e53111b1d04a18c2
f3986a1e59a219d4495fa2b0537dd94a
e2187cb38651009362267c5c9f17edef
b72c702244c98f3b18b6e84d3f912ecd
cc1f2cd10298f686caf0d4f1dd0eea6d
4406347f9423a50d8e048efabf4e6167
083cfd9ac021379a4f66fb859ce39949
209eb27a67cf98fb5a2445d0477d4336
1bbd56bfd1f0572d6807c33243bc51b4
99d0bbb25002267068545637cf8030b3
7c3821f2878238ba15b4ac2f2d83837f
4f13d8d05bac99b272b1ec08ae090ad3
01554e4ed2badc7663b2979cdace4f68
2ff78d26b939418a58cde66cdecb6874
a856c11bf7efc2446a4444639db2d235
4209327aa326997595cbba25116d1149
4e9c1c644ca3608856e237e0d9ea26cd
0916359fffda1e9b5fa0e56c74169fa0
0d956c70299562a28b3709ee1e0ad8d5
57e145d949b39ef818afd582408073e6
6694a672e608cf9d0d9c8e20345a5b28
49b4005af09b6e216a61bae16ba891aa
d943dcf81b29a510c9cf4b72a639279c
1a24e75bb608a02a6894986e6f6f1973
3c2e2ed2acfea8e1675dac29b179f40f
a88ce836a8fa3dfc396465be40a5979c
3736601ea518cd707a46c60230e59212
5e097df7a36ae24882be508749468bcd
c2296baae4496a9e2f3f0b00db3e5585
c75d1a461bd813fbf8fc203b27bccec2
badb9f7b0f801ef6e43150c1cf48afa6
efafaeed3080be14777f4efcf73f53b6
44a9f1ac07ad8e014fed1aa6b3444dae
61bf3df0c2189057e627bf8600b228d3
44cc8003861ce806041ce986485d1a04
412cbbe94ec5e93854bec9d5f48a098b
ad7e53eab8925256637c837c0e8f9e95
afdd2b65f74452829d79e90996e4f7bf
8536aaf254d342dc11f149eef2fd0b3f
512fff53917799dd8f529789ea4a029a
6df5d7a7d580569232eb1b729c6b3adc
46f48e3e28e571a66e273aea97de977c
32e2ab5bc4c038916f6da3be6ad22b6b
0f437d555e421ed5307cc83938de4af9
4f8d6388186c9b9964e8f686a28fe7d0
8a03a5cf27f66308c54d329f41936e80
6221615a81bca1bb8808a8718e6a69da
81b758954e48c0556cdc4087d893eb46
50bf4efc933490a5e1068e720d442d87
214fe6f0396a3c0be0b8e1a5a636f8e1
168b7bdec4161f24ced7835245282afc
cd52bfaac34bddc958cf6d919ba014b6
fc429b828c33ff6c7b90ee30ee50c632
aab823fabee3321ee9e0c12437846ac0
5d7f471bde9dae841591dcf9aa2e1853
dc93f5a92ec982eb4162f2b01197eb40
a4e16f2f510a80578ea4e0ce5acaac85
55624ff62bef27416a70bbca6af4748b
4290d3c9ce5efc2fe37b498e62b249ca
504f325809f80197de0c9ac63f1c47f3
debd5b71c8ce41fbe9bdc2849b156d7a
3aa66d3850fa0bd74937f090739479ba
1985f435213d222f77b026e4a5c42260
dfe7192797ea6e3097990baefb3fd3a5
b71ad66822dce7f21afac16e35bece20
55847a10ba043ed30023899ab659c315
c557b4209e4794b1b3815e2a4f245b72
3c5ebe1b2eb8126d7f3af48812aa9024
40f02a38d2e11fbca732ed4fa81aad6b
512f46d989fda0d91242c5f7a0f37a24
5270ef470b238cc9ceaa2beb02e4bda8
cdef00dfee5d6917f65aef2e9a011ed4
1fcc093c966fa3f971401e15d49786e7
812e2ef5ebfef7e3d434689cb97e0fd7
26d56d104fa513f500f74b4d615b4bb6
34ae5c1275a373b3ed4683ed121d6f18
61bcfd10207914a1e29e772ebbe0da56
b7beda5910d55d17c78c3935303b1ef0
74f5b82d39e4e698854fe23bbcc56c56
da48480f94e36e8eac25326ec017e238
f4c9a444d345e8336ad3cf9adea92f9e
6d3c07ce4389ec3908d1f2bf4fc94ff2
0849fca3ebdc93192c9048ee97beec07
667008177342ea1b6d7f2ab8119cfcaf
fc69304b34fbfeb81c33a2b9867e5670
9c4e9a90f05036bdf3cea9a07e42a590
5c7997cac5aa61d6927fd0cd0b1d87cc
7b205dd6f9ab8cc319120bdbc25dde38
f7f99dc83b5afbb05a7ecbfc0b15a6f6
fc0b676ca31a4b2d904b485a44e29b1a
2898cdc27c85460a9227901c7c8c43d2
3d3f34b8d75b077277e797f642a702a4
cf8bcf62303eabac72db2a770809bbc3
f350721a3e9ebd7f91942c77e8f688e3
043346c15999b9c83c9c796da08f9310
14f0a9708faffed5d04c8ca8a4a3cf2e
0fe1e690d1f246b779a663123c2ec9ff
640f3f89cb87dd375667fc7c574958fd
048095e6b6c4a27f38f1cb08900f91e9
0a799b3d7e9d28f492deed3a3702c003
494e97dcada28e5eca7bd325d779819b
ec2f3d749c3f11ebc133005422b87969
f181358134287766b7547a5bc229637b
296f89fd4d408143b79bfed65155cf76
e4901d6372ef6fb82f33680cf5d1b6b8
b9c6e2536931bcf58b58352b0053ddb1
b75e3280eb9831ccaede4d71721c9873
818c92a4eb24217841c2b3bcd1f76e64
3b794e7a4a40fd840454f65f13c2eb67
84c9c962dd8950884de8e88b3404046b
b66a9de98f3c459b9012a4b5288b9477
590bdca9b6148a6bfbd460f8634e9b3b
201d2c183266ae8e026c71d659c587bd
9ffc0a3af63549c88c58982c33ea8391
050ebe3aee15a19e584c9e2df718496d
c17a32f781ff68b0c11cf6143c5d3628
a074b61a69fa75b49b2bba2b7c4ad517
329f8cd6b8e11de90a590092f46c6541
439575d2d0f3dfc2f463f9a2149b4ff8
754718de6518198a55edd061db96d7b7
424958a51f70c3cada4e2df8dc2ea20c
078adc5e83dc46e6dc78c308963859fe
12b07985fdb7122df23b050ca4a5e4fa
cab15225ef60f0c3a44650528c1ed0b6
ee234bb923605710ef8b7ea4b1f8f3cf
bcde1d51f3d7886262e5a6b20126ad5e
d360cae453047a9782f8cadeee5561ca
ed9f6eee24edb4c6aa43584a9a56a47d
ea46657be9491a3719ea0df9bfcb5e91
76834b9fc40713f3296e9e1959aba953
7a11a4b172bf3974f0abb52755e8491e
8fba7741f9c843470caf580400fcbb4d
cd0192bac00f5f5125af5edcda2c4a78
60bbe493c23afd75b98513d484fa2721
741841ac2f7049cada2396312b0932b1
4afc8a35efc23a932fdfc1ff0779278d
b8856dcc7cd114e1a9c3c28ae5263bb5
1c6f25e62320bed1dfa18558ce591fb4
879bf4cdc5fb826373a0d4e8d472aa86
028d1be43e33aa5c08fc23e4321a15f4
8312518a645dd223679f1cf12e1ac081
b18510d71a973fb8e84de1d1f10e1729
8cdb8c86417fd05f50e531939a262d1d
f6cef22c0a06f04c909b8363843cb84c
b08c173c533b9f50ca859bd8cfe904bd
cefd3fb655aa852b422421c921f5c9c0
937a4b9a5f7741ee3a589c47c6d596a6
4fb3d3d5d0e1d30ccdd644a5ebd88750
cc2beeaf56f6fd7c31fee664f5df4908
017c3497115a62bc23c43b15fb88014b
c8bd2b8de8950cbfd216a5e5ad8c5581
fe776d22379e1de5b36b7519f93af9ff
4d6a8347dec1b6d4ed8d05df7523ceba
c5cebbcdcb8a635b883a9d2db08a6bb1
e1fe6cdf662d6a02680fa0b069a93430
e2465dce4783d2ae7af5eb2c7d4576fb
6b2ef380dcbc38a317b27777551bfb41
5c3e7df49491a38487552765fd68afc4
6fcebcf44242ed4f6228ae11d19881d9
26308d42c6702969efd09ec1afc6670f
f005100bc29ce973d85e5849e27ad6f9
eaefa0ed7faccde6ed2834df8a51e2bd
775b903a1dc38fff8c47e21b55b31041
c776e26b53eb0cecd72b59072e4f92ef
d6a53bd47a413e5da5c91f635f5ca251
6e4e70eefa487b80cdc762f80df907ee
247e5bc3eb09036022839271e53cd328
e223bc789fb173a7d2ab9a2f8ee6bfb6
a7f0333b38122953f31a483bcc40e4ee
5dc9d3eeecd57be40b8d47063a9b6ce0
9aab57af2ec340f0bb27c317adebead5
71480ffdae4db8180260eddfc6f93a16
b18c382ce0c10c072cbffa5e8502ac08
278c960c8ddade3df713d7ebfd8c929f
300a0975ce9cd05423b790c0a7595c41
645ae45506fe5166da1d2106a513a131
184055ccd453ade002df63b0f537717b
ab838a5e8515d1f8ab35fcc4ebc283fb
aa398a75ecb0d669edee9668d06181aa
06898b2b564857d861a4b0774a0fa936
5589412d00d669b2c1d21fa3c5264662
9500d0400186696fc4f7f46b5cb2ecf8
a620fab86b5957f4d57f6fa0e275cd8d
de75f30beb379f8b60ffa1b7f1a4eb81
fdce56ce2349b15c7cbc88a064764249
3fb237b7ded561ab673989522bb8185d
cb4dde40f89275d7de6e3842b6ee8455
1aa96c31fe409a0120b184c97ec72553
ac01a0450d531a03ebb5f16c837d11ea
1e075880a81fbacaee717d80ba219e22
ba8001d89237ca80f7d9b72d604ec259
de8eb4eb69b68574323e98e03cf06ce3
a6f8b0bf33df97f759e7e1a25d62ec0c
c43a741c3128fc7de1ab45ed97625f9f
4ec93d8738a93e1607ac0c68cd3b3179
44ae09242c688864be9e6bbce16dffcb
f6f21324e8006018c2f052772de41fed
274cd12dec045c207e5a268cbaa0221e
5e8a84907e34d7c95af9b88bf0fb15b2
3256da73ba27501324dea5a8eb793885
0d9eb1639fc3ec4eb9bb9620604daa2f
5e7e166de23f8eaf26f404ca7d1e8bb6
60f17716257275e0a53ae0f4b3618b8f
501bfe6375ab1b6f5ccdd167c3abea44
e407ea62c7e4452584e7944dece1af4c
8f5fc9312653cad3eb60a53c4d66bdc1
9be848ecde428a46838a2d4feb49f59c
2b25ca3896f5db14dacb9495bc45cd74
7048d5ac461910ac1f404bcd3e086d38
bbfe9cce925fe5f7b58b26fc97e268d3
76c72aec5c5abb418cae65f855cf7e98
87b52eeeaa600c59780015f5a0e899bf
fef805aa37cccb21efff48f440fd6231
7906eeb2899adbe13b6eab8171b8f209
b4591552916be9a09d7bcb013b2e654b
cd2501a89df913d19a55cbe0770322ac
c86be0741ce4135a3ef04df204a65403
b23c3df5a1588926329f3657faa7e9aa
69b713f54872f529997348655cccb1e8
dc028a8ba4e8d5cd8ac3eb8afcd5c0f1
aa8fa30c3a88c390341c3c2be0b1f374
958dd7240d71a1f2c43b0fdd2c2454c0
34968622ad1f3161d8a65d30b4099568
6ea2ec2ac193fcd57d9455a0502fee72
d0498882d3197bfbf2e0599bf0508a27
abd729954f1848531f14a96b6db236df
930d3b8d00d24e647fdb51d0f37244cb
8801a48a192155f1b83cd58a7f951b26
5958348dfa52b9d23d62fd963375f848
a527f739cf93be3347375a497e977d1d
1e23092d455557499afe8d0de88715a4
47e3bc57b2786c1e67502d022686ff3f
5466c9bdbc5980670dfb7545df8659b1
3855c7f4b760e34af17af0b0aee177ba
66b54ac309a631dde56178bf5ca23607
ea911e20932bb15488bba16c4b3f910d
48ba84b43772dbd366a199a24a712126
9a369edbb37755be5e1a9abbb810df6d
eee36f4f666665d09eb21f6a4b368f60
f6def624dcc580698a47740405700a8c
07ac0002e9ab3c21da433a9d49a5241a
75138e0d5e04fee627d0d0998e1d7509
5b71bc451daa785458baeb5269c83367
54e717014b4974429abbdaf560e1d200
33cc54a12afb71060a7a61e8b93c350f
cd115212ef3c11d6a575631adb048732
9f2c656a7ce3c4f092163eb63ef52d9e
0d63a809e2cf4e9e80c1228efae99a32
28f25a573c56842d6df192f74d6d6533
afbe66d5ce84e1fd3cd7005e071b3d22
55929d71a291d87c0ba62b8b5b82ac04
b482a53e23aca4080fea528e74775012
f8534fc656025dcd2f9e8ec8c54e81a2
edbc687f2d4d24bdb6a3f0cd1264c9c8
1c2c99d05855197adbfa9ba0364f9da1
5c1579df167e608e43befcd132b7d088
ada98d53e6f5bd40e53111b1d04a18c2
f3986a1e59a219d4495fa2b0537dd94a
e2187cb38651009362267c5c9f17edef
b72c702244c98f3b18b6e84d3f912ecd
cc1f2cd10298f686caf0d4f1dd0eea6d
4406347f9423a50d8e048efabf4e6167
083cfd9ac021379a4f66fb859ce39949
209eb27a67cf98fb5a2445d0477d4336
1bbd56bfd1f0572d6807c33243bc51b4
99d0bbb25002267068545637cf8030b3
7c3821f2878238ba15b4ac2f2d83837f
4f13d8d05bac99b272b1ec08ae090ad3
01554e4ed2badc7663b2979cdace4f68
2ff78d26b939418a58cde66cdecb6874
a856c11bf7efc2446a4444639db2d235
4209327aa326997595cbba25116d1149
4e9c1c644ca3608856e237e0d9ea26cd
0916359fffda1e9b5fa0e56c74169fa0
0d956c70299562a28b3709ee1e0ad8d5
57e145d949b39ef818afd582408073e6
6694a672e608cf9d0d9c8e20345a5b28
49b4005af09b6e216a61bae16ba891aa
d943dcf81b29a510c9cf4b72a639279c
1a24e75bb608a02a6894986e6f6f1973
3c2e2ed2acfea8e1675dac29b179f40f
a88ce836a8fa3dfc396465be40a5979c
3736601ea518cd707a46c60230e59212
5e097df7a36ae24882be508749468bcd
c2296baae4496a9e2f3f0b00db3e5585
c75d1a461bd813fbf8fc203b27bccec2
badb9f7b0f801ef6e43150c1cf48afa6
efafaeed3080be14777f4efcf73f53b6
44a9f1ac07ad8e014fed1aa6b3444dae
61bf3df0c2189057e627bf8600b228d3
44cc8003861ce806041ce986485d1a04
412cbbe94ec5e93854bec9d5f48a098b
ad7e53eab8925256637c837c0e8f9e95
afdd2b65f74452829d79e90996e4f7bf
8536aaf254d342dc11f149eef2fd0b3f
512fff53917799dd8f529789ea4a029a
6df5d7a7d580569232eb1b729c6b3adc
46f48e3e28e571a66e273aea97de977c
32e2ab5bc4c038916f6da3be6ad22b6b
0f437d555e421ed5307cc83938de4af9
4f8d6388186c9b9964e8f686a28fe7d0
8a03a5cf27f66308c54d329f41936e80
6221615a81bca1bb8808a8718e6a69da
81b758954e48c0556cdc4087d893eb46
50bf4efc933490a5e1068e720d442d87
214fe6f0396a3c0be0b8e1a5a636f8e1
168b7bdec4161f24ced7835245282afc
cd52bfaac34bddc958cf6d919ba014b6
fc429b828c33ff6c7b90ee30ee50c632
aab823fabee3321ee9e0c12437846ac0
5d7f471bde9dae841591dcf9aa2e1853
dc93f5a92ec982eb4162f2b01197eb40
a4e16f2f510a80578ea4e0ce5acaac85
55624ff62bef27416a70bbca6af4748b
4290d3c9ce5efc2fe37b498e62b249ca
504f325809f80197de0c9ac63f1c47f3
debd5b71c8ce41fbe9bdc2849b156d7a
3aa66d3850fa0bd74937f090739479ba
1985f435213d222f77b026e4a5c42260
dfe7192797ea6e3097990baefb3fd3a5
b71ad66822dce7f21afac16e35bece20
55847a10ba043ed30023899ab659c315
c557b4209e4794b1b3815e2a4f245b72
3c5ebe1b2eb8126d7f3af48812aa9024
40f02a38d2e11fbca732ed4fa81aad6b
512f46d989fda0d91242c5f7a0f37a24
5270ef470b238cc9ceaa2beb02e4bda8
cdef00dfee5d6917f65aef2e9a011ed4
1fcc093c966fa3f971401e15d49786e7
812e2ef5ebfef7e3d434689cb97e0fd7
26d56d104fa513f500f74b4d615b4bb6
34ae5c1275a373b3ed4683ed121d6f18
61bcfd10207914a1e29e772ebbe0da56
b7beda5910d55d17c78c3935303b1ef0
74f5b82d39e4e698854fe23bbcc56c56
da48480f94e36e8eac25326ec017e238
f4c9a444d345e8336ad3cf9adea92f9e
6d3c07ce4389ec3908d1f2bf4fc94ff2
0849fca3ebdc93192c9048ee97beec07
667008177342ea1b6d7f2ab8119cfcaf
fc69304b34fbfeb81c33a2b9867e5670
9c4e9a90f05036bdf3cea9a07e42a590
5c7997cac5aa61d6927fd0cd0b1d87cc
7b205dd6f9ab8cc319120bdbc25dde38
f7f99dc83b5afbb05a7ecbfc0b15a6f6
fc0b676ca31a4b2d904b485a44e29b1a
2898cdc27c85460a9227901c7c8c43d2
3d3f34b8d75b077277e797f642a702a4
cf8bcf62303eabac72db2a770809bbc3
f350721a3e9ebd7f91942c77e8f688e3
043346c15999b9c83c9c796da08f9310
14f0a9708faffed5d04c8ca8a4a3cf2e
0fe1e690d1f246b779a663123c2ec9ff
640f3f89cb87dd375667fc7c574958fd
048095e6b6c4a27f38f1cb08900f91e9
0a799b3d7e9d28f492deed3a3702c003
494e97dcada28e5eca7bd325d779819b
ec2f3d749c3f11ebc133005422b87969
f181358134287766b7547a5bc229637b
296f89fd4d408143b79bfed65155cf76
e4901d6372ef6fb82f33680cf5d1b6b8
b9c6e2536931bcf58b58352b0053ddb1
b75e3280eb9831ccaede4d71721c9873
818c92a4eb24217841c2b3bcd1f76e64
3b794e7a4a40fd840454f65f13c2eb67
84c9c962dd8950884de8e88b3404046b
b66a9de98f3c459b9012a4b5288b9477
590bdca9b6148a6bfbd460f8634e9b3b
201d2c183266ae8e026c71d659c587bd
9ffc0a3af63549c88c58982c33ea8391
050ebe3aee15a19e584c9e2df718496d
c17a32f781ff68b0c11cf6143c5d3628
a074b61a69fa75b49b2bba2b7c4ad517
329f8cd6b8e11de90a590092f46c6541
439575d2d0f3dfc2f463f9a2149b4ff8
754718de6518198a55edd061db96d7b7
424958a51f70c3cada4e2df8dc2ea20c
078adc5e83dc46e6dc78c308963859fe
12b07985fdb7122df23b050ca4a5e4fa
cab15225ef60f0c3a44650528c1ed0b6
ee234bb923605710ef8b7ea4b1f8f3cf
bcde1d51f3d7886262e5a6b20126ad5e
d360cae453047a9782f8cadeee5561ca
ed9f6eee24edb4c6aa43584a9a56a47d
ea46657be9491a3719ea0df9bfcb5e91
76834b9fc40713f3296e9e1959aba953
7a11a4b172bf3974f0abb52755e8491e
8fba7741f9c843470caf580400fcbb4d
cd0192bac00f5f5125af5edcda2c4a78
60bbe493c23afd75b98513d484fa2721
741841ac2f7049cada2396312b0932b1
4afc8a35efc23a932fdfc1ff0779278d
b8856dcc7cd114e1a9c3c28ae5263bb5
1c6f25e62320bed1dfa18558ce591fb4
879bf4cdc5fb826373a0d4e8d472aa86
028d1be43e33aa5c08fc23e4321a15f4
8312518a645dd223679f1cf12e1ac081
b18510d71a973fb8e84de1d1f10e1729
8cdb8c86417fd05f50e531939a262d1d
f6cef22c0a06f04c909b8363843cb84c
b08c173c533b9f50ca859bd8cfe904bd
cefd3fb655aa852b422421c921f5c9c0
937a4b9a5f7741ee3a589c47c6d596a6
4fb3d3d5d0e1d30ccdd644a5ebd88750
cc2beeaf56f6fd7c31fee664f5df4908
017c3497115a62bc23c43b15fb88014b
c8bd2b8de8950cbfd216a5e5ad8c5581
fe776d22379e1de5b36b7519f93af9ff
4d6a8347dec1b6d4ed8d05df7523ceba
c5cebbcdcb8a635b883a9d2db08a6bb1
e1fe6cdf662d6a02680fa0b069a93430
e2465dce4783d2ae7af5eb2c7d4576fb
6b2ef380dcbc38a317b27777551bfb41
5c3e7df49491a38487552765fd68afc4
6fcebcf44242ed4f6228ae11d19881d9
26308d42c6702969efd09ec1afc6670f
f005100bc29ce973d85e5849e27ad6f9
eaefa0ed7faccde6ed2834df8a51e2bd
775b903a1dc38fff8c47e21b55b31041
c776e26b53eb0cecd72b59072e4f92ef
d6a53bd47a413e5da5c91f635f5ca251
6e4e70eefa487b80cdc762f80df907ee
247e5bc3eb09036022839271e53cd328
e223bc789fb173a7d2ab9a2f8ee6bfb6
a7f0333b38122953f31a483bcc40e4ee
5dc9d3eeecd57be40b8d47063a9b6ce0
9aab57af2ec340f0bb27c317adebead5
71480ffdae4db8180260eddfc6f93a16
b18c382ce0c10c072cbffa5e8502ac08
278c960c8ddade3df713d7ebfd8c929f
300a0975ce9cd05423b790c0a7595c41
645ae45506fe5166da1d2106a513a131
184055ccd453ade002df63b0f537717b
ab838a5e8515d1f8ab35fcc4ebc283fb
aa398a75ecb0d669edee9668d06181aa
06898b2b564857d861a4b0774a0fa936
5589412d00d669b2c1d21fa3c5264662
9500d0400186696fc4f7f46b5cb2ecf8
a620fab86b5957f4d57f6fa0e275cd8d
de75f30beb379f8b60ffa1b7f1a4eb81
fdce56ce2349b15c7cbc88a064764249
3fb237b7ded561ab673989522bb8185d
cb4dde40f89275d7de6e3842b6ee8455
1aa96c31fe409a0120b184c97ec72553
ac01a0450d531a03ebb5f16c837d11ea
1e075880a81fbacaee717d80ba219e22
ba8001d89237ca80f7d9b72d604ec259
de8eb4eb69b68574323e98e03cf06ce3
a6f8b0bf33df97f759e7e1a25d62ec0c
c43a741c3128fc7de1ab45ed97625f9f
4ec93d8738a93e1607ac0c68cd3b3179
44ae09242c688864be9e6bbce16dffcb
f6f21324e8006018c2f052772de41fed
274cd12dec045c207e5a268cbaa0221e
5e8a84907e34d7c95af9b88bf0fb15b2
3256da73ba27501324dea5a8eb793885
0d9eb1639fc3ec4eb9bb9620604daa2f
5e7e166de23f8eaf26f404ca7d1e8bb6
60f17716257275e0a53ae0f4b3618b8f
501bfe6375ab1b6f5ccdd167c3abea44
e407ea62c7e4452584e7944dece1af4c
8f5fc9312653cad3eb60a53c4d66bdc1
9be848ecde428a46838a2d4feb49f59c
2b25ca3896f5db14dacb9495bc45cd74
7048d5ac461910ac1f404bcd3e086d38
bbfe9cce925fe5f7b58b26fc97e268d3
76c72aec5c5abb418cae65f855cf7e98
87b52eeeaa600c59780015f5a0e899bf
fef805aa37cccb21efff48f440fd6231
7906eeb2899adbe13b6eab8171b8f209
b4591552916be9a09d7bcb013b2e654b
cd2501a89df913d19a55cbe0770322ac
c86be0741ce4135a3ef04df204a65403
b23c3df5a1588926329f3657faa7e9aa
69b713f54872f529997348655cccb1e8
dc028a8ba4e8d5cd8ac3eb8afcd5c0f1
aa8fa30c3a88c390341c3c2be0b1f374
958dd7240d71a1f2c43b0fdd2c2454c0
34968622ad1f3161d8a65d30b4099568
6ea2ec2ac193fcd57d9455a0502fee72
d0498882d3197bfbf2e0599bf0508a27
abd729954f1848531f14a96b6db236df
930d3b8d00d24e647fdb51d0f37244cb
8801a48a192155f1b83cd58a7f951b26
5958348dfa52b9d23d62fd963375f848
a527f739cf93be3347375a497e977d1d
1e23092d455557499afe8d0de88715a4
47e3bc57b2786c1e67502d022686ff3f
5466c9bdbc5980670dfb7545df8659b1
3855c7f4b760e34af17af0b0aee177ba
66b54ac309a631dde56178bf5ca23607
ea911e20932bb15488bba16c4b3f910d
48ba84b43772dbd366a199a24a712126
9a369edbb37755be5e1a9abbb810df6d
eee36f4f666665d09eb21f6a4b368f60
f6def624dcc580698a47740405700a8c
07ac0002e9ab3c21da433a9d49a5241a
75138e0d5e04fee627d0d0998e1d7509
5b71bc451daa785458baeb5269c83367
54e717014b4974429abbdaf560e1d200
33cc54a12afb71060a7a61e8b93c350f
cd115212ef3c11d6a575631adb048732
9f2c656a7ce3c4f092163eb63ef52d9e
0d63a809e2cf4e9e80c1228efae99a32
28f25a573c56842d6df192f74d6d6533
afbe66d5ce84e1fd3cd7005e071b3d22
55929d71a291d87c0ba62b8b5b82ac04
b482a53e23aca4080fea528e74775012
f8534fc656025dcd2f9e8ec8c54e81a2
edbc687f2d4d24bdb6a3f0cd1264c9c8
1c2c99d05855197adbfa9ba0364f9da1
5c1579df167e608e43befcd132b7d088
ada98d53e6f5bd40e53111b1d04a18c2
f3986a1e59a219d4495fa2b0537dd94a
e2187cb38651009362267c5c9f17edef
b72c702244c98f3b18b6e84d3f912ecd
cc1f2cd10298f686caf0d4f1dd0eea6d
4406347f9423a50d8e048efabf4e6167
083cfd9ac021379a4f66fb859ce39949
209eb27a67cf98fb5a2445d0477d4336
1bbd56bfd1f0572d6807c33243bc51b4
99d0bbb25002267068545637cf8030b3
7c3821f2878238ba15b4ac2f2d83837f
4f13d8d05bac99b272b1ec08ae090ad3
01554e4ed2badc7663b2979cdace4f68
2ff78d26b939418a58cde66cdecb6874
a856c11bf7efc2446a4444639db2d235
4209327aa326997595cbba25116d1149
4e9c1c644ca3608856e237e0d9ea26cd
0916359fffda1e9b5fa0e56c74169fa0
0d956c70299562a28b3709ee1e0ad8d5
57e145d949b39ef818afd582408073e6
6694a672e608cf9d0d9c8e20345a5b28
49b4005af09b6e216a61bae16ba891aa
d943dcf81b29a510c9cf4b72a639279c
1a24e75bb608a02a6894986e6f6f1973
3c2e2ed2acfea8e1675dac29b179f40f
a88ce836a8fa3dfc396465be40a5979c
3736601ea518cd707a46c60230e59212
5e097df7a36ae24882be508749468bcd
c2296baae4496a9e2f3f0b00db3e5585
c75d1a461bd813fbf8fc203b27bccec2
badb9f7b0f801ef6e43150c1cf48afa6
efafaeed3080be14777f4efcf73f53b6
44a9f1ac07ad8e014fed1aa6b3444dae
61bf3df0c2189057e627bf8600b228d3
44cc8003861ce806041ce986485d1a04
412cbbe94ec5e93854bec9d5f48a098b
ad7e53eab8925256637c837c0e8f9e95
afdd2b65f74452829d79e90996e4f7bf
8536aaf254d342dc11f149eef2fd0b3f
512fff53917799dd8f529789ea4a029a
6df5d7a7d580569232eb1b729c6b3adc
46f48e3e28e571a66e273aea97de977c
32e2ab5bc4c038916f6da3be6ad22b6b
0f437d555e421ed5307cc83938de4af9
4f8d6388186c9b9964e8f686a28fe7d0
8a03a5cf27f66308c54d329f41936e80
6221615a81bca1bb8808a8718e6a69da
81b758954e48c0556cdc4087d893eb46
50bf4efc933490a5e1068e720d442d87
214fe6f0396a3c0be0b8e1a5a636f8e1
168b7bdec4161f24ced7835245282afc
cd52bfaac34bddc958cf6d919ba014b6
fc429b828c33ff6c7b90ee30ee50c632
aab823fabee3321ee9e0c12437846ac0
5d7f471bde9dae841591dcf9aa2e1853
dc93f5a92ec982eb4162f2b01197eb40
a4e16f2f510a80578ea4e0ce5acaac85
55624ff62bef27416a70bbca6af4748b
4290d3c9ce5efc2fe37b498e62b249ca
504f325809f80197de0c9ac63f1c47f3
debd5b71c8ce41fbe9bdc2849b156d7a
3aa66d3850fa0bd74937f090739479ba
1985f435213d222f77b026e4a5c42260
dfe7192797ea6e3097990baefb3fd3a5
b71ad66822dce7f21afac16e35bece20
55847a10ba043ed30023899ab659c315
c557b4209e4794b1b3815e2a4f245b72
3c5ebe1b2eb8126d7f3af48812aa9024
40f02a38d2e11fbca732ed4fa81aad6b
512f46d989fda0d91242c5f7a0f37a24
5270ef470b238cc9ceaa2beb02e4bda8
cdef00dfee5d6917f65aef2e9a011ed4
1fcc093c966fa3f971401e15d49786e7
812e2ef5ebfef7e3d434689cb97e0fd7
26d56d104fa513f500f74b4d615b4bb6
34ae5c1275a373b3ed4683ed121d6f18
61bcfd10207914a1e29e772ebbe0da56
b7beda5910d55d17c78c3935303b1ef0
74f5b82d39e4e698854fe23bbcc56c56
da48480f94e36e8eac25326ec017e238
f4c9a444d345e8336ad3cf9adea92f9e
6d3c07ce4389ec3908d1f2bf4fc94ff2
0849fca3ebdc93192c9048ee97beec07
667008177342ea1b6d7f2ab8119cfcaf
fc69304b34fbfeb81c33a2b9867e5670
9c4e9a90f05036bdf3cea9a07e42a590
5c7997cac5aa61d6927fd0cd0b1d87cc
7b205dd6f9ab8cc319120bdbc25dde38
f7f99dc83b5afbb05a7ecbfc0b15a6f6
fc0b676ca31a4b2d904b485a44e29b1a
2898cdc27c85460a9227901c7c8c43d2
3d3f34b8d75b077277e797f642a702a4
cf8bcf62303eabac72db2a770809bbc3
f350721a3e9ebd7f91942c77e8f688e3
043346c15999b9c83c9c796da08f9310
14f0a9708faffed5d04c8ca8a4a3cf2e
0fe1e690d1f246b779a663123c2ec9ff
640f3f89cb87dd375667fc7c574958fd
048095e6b6c4a27f38f1cb08900f91e9
0a799b3d7e9d28f492deed3a3702c003
494e97dcada28e5eca7bd325d779819b
ec2f3d749c3f11ebc133005422b87969
f181358134287766b7547a5bc229637b
296f89fd4d408143b79bfed65155cf76
e4901d6372ef6fb82f33680cf5d1b6b8
b9c6e2536931bcf58b58352b0053ddb1
b75e3280eb9831ccaede4d71721c9873
818c92a4eb24217841c2b3bcd1f76e64
3b794e7a4a40fd840454f65f13c2eb67
84c9c962dd8950884de8e88b3404046b
b66a9de98f3c459b9012a4b5288b9477
590bdca9b6148a6bfbd460f8634e9b3b
201d2c183266ae8e026c71d659c587bd
9ffc0a3af63549c88c58982c33ea8391
050ebe3aee15a19e584c9e2df718496d
c17a32f781ff68b0c11cf6143c5d3628
a074b61a69fa75b49b2bba2b7c4ad517
329f8cd6b8e11de90a590092f46c6541
439575d2d0f3dfc2f463f9a2149b4ff8
754718de6518198a55edd061db96d7b7
424958a51f70c3cada4e2df8dc2ea20c
078adc5e83dc46e6dc78c308963859fe
12b07985fdb7122df23b050ca4a5e4fa
cab15225ef60f0c3a44650528c1ed0b6
ee234bb923605710ef8b7ea4b1f8f3cf
bcde1d51f3d7886262e5a6b20126ad5e
d360cae453047a9782f8cadeee5561ca
ed9f6eee24edb4c6aa43584a9a56a47d
ea46657be9491a3719ea0df9bfcb5e91
76834b9fc40713f3296e9e1959aba953
7a11a4b172bf3974f0abb52755e8491e
8fba7741f9c843470caf580400fcbb4d
cd0192bac00f5f5125af5edcda2c4a78
60bbe493c23afd75b98513d484fa2721
741841ac2f7049cada2396312b0932b1
4afc8a35efc23a932fdfc1ff0779278d
b8856dcc7cd114e1a9c3c28ae5263bb5
1c6f25e62320bed1dfa18558ce591fb4
879bf4cdc5fb826373a0d4e8d472aa86
028d1be43e33aa5c08fc23e4321a15f4
8312518a645dd223679f1cf12e1ac081
b18510d71a973fb8e84de1d1f10e1729
8cdb8c86417fd05f50e531939a262d1d
f6cef22c0a06f04c909b8363843cb84c
b08c173c533b9f50ca859bd8cfe904bd
cefd3fb655aa852b422421c921f5c9c0
937a4b9a5f7741ee3a589c47c6d596a6
4fb3d3d5d0e1d30ccdd644a5ebd88750
cc2beeaf56f6fd7c31fee664f5df4908
017c3497115a62bc23c43b15fb88014b
c8bd2b8de8950cbfd216a5e5ad8c5581
fe776d22379e1de5b36b7519f93af9ff
4d6a8347dec1b6d4ed8d05df7523ceba
c5cebbcdcb8a635b883a9d2db08a6bb1
e1fe6cdf662d6a02680fa0b069a93430
e2465dce4783d2ae7af5eb2c7d4576fb
6b2ef380dcbc38a317b27777551bfb41
5c3e7df49491a38487552765fd68afc4
6fcebcf44242ed4f6228ae11d19881d9
26308d42c6702969efd09ec1afc6670f
f005100bc29ce973d85e5849e27ad6f9
eaefa0ed7faccde6ed2834df8a51e2bd
775b903a1dc38fff8c47e21b55b31041
c776e26b53eb0cecd72b59072e4f92ef
d6a53bd47a413e5da5c91f635f5ca251
6e4e70eefa487b80cdc762f80df907ee
247e5bc3eb09036022839271e53cd328
e223bc789fb173a7d2ab9a2f8ee6bfb6
a7f0333b38122953f31a483bcc40e4ee
5dc9d3eeecd57be40b8d47063a9b6ce0
9aab57af2ec340f0bb27c317adebead5
71480ffdae4db8180260eddfc6f93a16
b18c382ce0c10c072cbffa5e8502ac08
278c960c8ddade3df713d7ebfd8c929f
300a0975ce9cd05423b790c0a7595c41
645ae45506fe5166da1d2106a513a131
184055ccd453ade002df63b0f537717b
ab838a5e8515d1f8ab35fcc4ebc283fb
aa398a75ecb0d669edee9668d06181aa
06898b2b564857d861a4b0774a0fa936
5589412d00d669b2c1d21fa3c5264662
9500d0400186696fc4f7f46b5cb2ecf8
a620fab86b5957f4d57f6fa0e275cd8d
de75f30beb379f8b60ffa1b7f1a4eb81
fdce56ce2349b15c7cbc88a064764249
3fb237b7ded561ab673989522bb8185d
cb4dde40f89275d7de6e3842b6ee8455
1aa96c31fe409a0120b184c97ec72553
ac01a0450d531a03ebb5f16c837d11ea
1e075880a81fbacaee717d80ba219e22
ba8001d89237ca80f7d9b72d604ec259
de8eb4eb69b68574323e98e03cf06ce3
a6f8b0bf33df97f759e7e1a25d62ec0c
c43a741c3128fc7de1ab45ed97625f9f
4ec93d8738a93e1607ac0c68cd3b3179
44ae09242c688864be9e6bbce16dffcb
f6f21324e8006018c2f052772de41fed
274cd12dec045c207e5a268cbaa0221e
5e8a84907e34d7c95af9b88bf0fb15b2
3256da73ba27501324dea5a8eb793885
0d9eb1639fc3ec4eb9bb9620604daa2f
5e7e166de23f8eaf26f404ca7d1e8bb6
60f17716257275e0a53ae0f4b3618b8f
501bfe6375ab1b6f5ccdd167c3abea44
e407ea62c7e4452584e7944dece1af4c
8f5fc9312653cad3eb60a53c4d66bdc1
9be848ecde428a46838a2d4feb49f59c
2b25ca3896f5db14dacb9495bc45cd74
7048d5ac461910ac1f404bcd3e086d38
bbfe9cce925fe5f7b58b26fc97e268d3
76c72aec5c5abb418cae65f855cf7e98
87b52eeeaa600c59780015f5a0e899bf
fef805aa37cccb21efff48f440fd6231
7906eeb2899adbe13b6eab8171b8f209
b4591552916be9a09d7bcb013b2e654b
cd2501a89df913d19a55cbe0770322ac
c86be0741ce4135a3ef04df204a65403
b23c3df5a1588926329f3657faa7e9aa
69b713f54872f529997348655cccb1e8
dc028a8ba4e8d5cd8ac3eb8afcd5c0f1
aa8fa30c3a88c390341c3c2be0b1f374
958dd7240d71a1f2c43b0fdd2c2454c0
34968622ad1f3161d8a65d30b4099568
6ea2ec2ac193fcd57d9455a0502fee72
d0498882d3197bfbf2e0599bf0508a27
abd729954f1848531f14a96b6db236df
930d3b8d00d24e647fdb51d0f37244cb
8801a48a192155f1b83cd58a7f951b26
5958348dfa52b9d23d62fd963375f848
a527f739cf93be3347375a497e977d1d
1e23092d455557499afe8d0de88715a4
47e3bc57b2786c1e67502d022686ff3f
5466c9bdbc5980670dfb7545df8659b1
3855c7f4b760e34af17af0b0aee177ba
66b54ac309a631dde56178bf5ca23607
ea911e20932bb15488bba16c4b3f910d
48ba84b43772dbd366a199a24a712126
9a369edbb37755be5e1a9abbb810df6d
eee36f4f666665d09eb21f6a4b368f60
f6def624dcc580698a47740405700a8c
07ac0002e9ab3c21da433a9d49a5241a
75138e0d5e04fee627d0d0998e1d7509
5b71bc451daa785458baeb5269c83367
54e717014b4974429abbdaf560e1d200
33cc54a12afb71060a7a61e8b93c350f
cd115212ef3c11d6a575631adb048732
9f2c656a7ce3c4f092163eb63ef52d9e
0d63a809e2cf4e9e80c1228efae99a32
28f25a573c56842d6df192f74d6d6533
afbe66d5ce84e1fd3cd7005e071b3d22
55929d71a291d87c0ba62b8b5b82ac04
b482a53e23aca4080fea528e74775012
f8534fc656025dcd2f9e8ec8c54e81a2
edbc687f2d4d24bdb6a3f0cd1264c9c8
1c2c99d05855197adbfa9ba0364f9da1
5c1579df167e608e43befcd132b7d088
ada98d53e6f5bd40e53111b1d04a18c2
f3986a1e59a219d4495fa2b0537dd94a
e2187cb38651009362267c5c9f17edef
b72c702244c98f3b18b6e84d3f912ecd
cc1f2cd10298f686caf0d4f1dd0eea6d
4406347f9423a50d8e048efabf4e6167
083cfd9ac021379a4f66fb859ce39949
209eb27a67cf98fb5a2445d0477d4336
1bbd56bfd1f0572d6807c33243bc51b4
99d0bbb25002267068545637cf8030b3
7c3821f2878238ba15b4ac2f2d83837f
4f13d8d05bac99b272b1ec08ae090ad3
01554e4ed2badc7663b2979cdace4f68
2ff78d26b939418a58cde66cdecb6874
a856c11bf7efc2446a4444639db2d235
4209327aa326997595cbba25116d1149
4e9c1c644ca3608856e237e0d9ea26cd
0916359fffda1e9b5fa0e56c74169fa0
0d956c70299562a28b3709ee1e0ad8d5
57e145d949b39ef818afd582408073e6
6694a672e608cf9d0d9c8e20345a5b28
49b4005af09b6e216a61bae16ba891aa
d943dcf81b29a510c9cf4b72a639279c
1a24e75bb608a02a6894986e6f6f1973
3c2e2ed2acfea8e1675dac29b179f40f
a88ce836a8fa3dfc396465be40a5979c
3736601ea518cd707a46c60230e59212
5e097df7a36ae24882be508749468bcd
c2296baae4496a9e2f3f0b00db3e5585
c75d1a461bd813fbf8fc203b27bccec2
badb9f7b0f801ef6e43150c1cf48afa6
efafaeed3080be14777f4efcf73f53b6
44a9f1ac07ad8e014fed1aa6b3444dae
61bf3df0c2189057e627bf8600b228d3
44cc8003861ce806041ce986485d1a04
412cbbe94ec5e93854bec9d5f48a098b
ad7e53eab8925256637c837c0e8f9e95
afdd2b65f74452829d79e90996e4f7bf
8536aaf254d342dc11f149eef2fd0b3f
512fff53917799dd8f529789ea4a029a
6df5d7a7d580569232eb1b729c6b3adc
46f48e3e28e571a66e273aea97de977c
32e2ab5bc4c038916f6da3be6ad22b6b
0f437d555e421ed5307cc83938de4af9
4f8d6388186c9b9964e8f686a28fe7d0
8a03a5cf27f66308c54d329f41936e80
6221615a81bca1bb8808a8718e6a69da
81b758954e48c0556cdc4087d893eb46
50bf4efc933490a5e1068e720d442d87
214fe6f0396a3c0be0b8e1a5a636f8e1
168b7bdec4161f24ced7835245282afc
cd52bfaac34bddc958cf6d919ba014b6
fc429b828c33ff6c7b90ee30ee50c632
aab823fabee3321ee9e0c12437846ac0
5d7f471bde9dae841591dcf9aa2e1853
dc93f5a92ec982eb4162f2b01197eb40
a4e16f2f510a80578ea4e0ce5acaac85
55624ff62bef27416a70bbca6af4748b
4290d3c9ce5efc2fe37b498e62b249ca
504f325809f80197de0c9ac63f1c47f3
debd5b71c8ce41fbe9bdc2849b156d7a
3aa66d3850fa0bd74937f090739479ba
1985f435213d222f77b026e4a5c42260
dfe7192797ea6e3097990baefb3fd3a5
b71ad66822dce7f21afac16e35bece20
55847a10ba043ed30023899ab659c315
c557b4209e4794b1b3815e2a4f245b72
3c5ebe1b2eb8126d7f3af48812aa9024
40f02a38d2e11fbca732ed4fa81aad6b
512f46d989fda0d91242c5f7a0f37a24
5270ef470b238cc9ceaa2beb02e4bda8
cdef00dfee5d6917f65aef2e9a011ed4
1fcc093c966fa3f971401e15d49786e7
812e2ef5ebfef7e3d434689cb97e0fd7
26d56d104fa513f500f74b4d615b4bb6
34ae5c1275a373b3ed4683ed121d6f18
61bcfd10207914a1e29e772ebbe0da56
b7beda5910d55d17c78c3935303b1ef0
74f5b82d39e4e698854fe23bbcc56c56
da48480f94e36e8eac25326ec017e238
f4c9a444d345e8336ad3cf9adea92f9e
6d3c07ce4389ec3908d1f2bf4fc94ff2
0849fca3ebdc93192c9048ee97beec07
667008177342ea1b6d7f2ab8119cfcaf
fc69304b34fbfeb81c33a2b9867e5670
9c4e9a90f05036bdf3cea9a07e42a590
5c7997cac5aa61d6927fd0cd0b1d87cc
7b205dd6f9ab8cc319120bdbc25dde38
f7f99dc83b5afbb05a7ecbfc0b15a6f6
fc0b676ca31a4b2d904b485a44e29b1a
2898cdc27c85460a9227901c7c8c43d2
3d3f34b8d75b077277e797f642a702a4
cf8bcf62303eabac72db2a770809bbc3
f350721a3e9ebd7f91942c77e8f688e3
043346c15999b9c83c9c796da08f9310
14f0a9708faffed5d04c8ca8a4a3cf2e
0fe1e690d1f246b779a663123c2ec9ff
640f3f89cb87dd375667fc7c574958fd
048095e6b6c4a27f38f1cb08900f91e9
0a799b3d7e9d28f492deed3a3702c003
494e97dcada28e5eca7bd325d779819b
ec2f3d749c3f11ebc133005422b87969
f181358134287766b7547a5bc229637b
296f89fd4d408143b79bfed65155cf76
e4901d6372ef6fb82f33680cf5d1b6b8
b9c6e2536931bcf58b58352b0053ddb1
b75e3280eb9831ccaede4d71721c9873
818c92a4eb24217841c2b3bcd1f76e64
3b794e7a4a40fd840454f65f13c2eb67
84c9c962dd8950884de8e88b3404046b
b66a9de98f3c459b9012a4b5288b9477
590bdca9b6148a6bfbd460f8634e9b3b
201d2c183266ae8e026c71d659c587bd
9ffc0a3af63549c88c58982c33ea8391
050ebe3aee15a19e584c9e2df718496d
c17a32f781ff68b0c11cf6143c5d3628
a074b61a69fa75b49b2bba2b7c4ad517
329f8cd6b8e11de90a590092f46c6541
439575d2d0f3dfc2f463f9a2149b4ff8
754718de6518198a55edd061db96d7b7
424958a51f70c3cada4e2df8dc2ea20c
078adc5e83dc46e6dc78c308963859fe
12b07985fdb7122df23b050ca4a5e4fa
cab15225ef60f0c3a44650528c1ed0b6
ee234bb923605710ef8b7ea4b1f8f3cf
bcde1d51f3d7886262e5a6b20126ad5e
d360cae453047a9782f8cadeee5561ca
ed9f6eee24edb4c6aa43584a9a56a47d
ea46657be9491a3719ea0df9bfcb5e91
76834b9fc40713f3296e9e1959aba953
7a11a4b172bf3974f0abb52755e8491e
8fba7741f9c843470caf580400fcbb4d
cd0192bac00f5f5125af5edcda2c4a78
60bbe493c23afd75b98513d484fa2721
741841ac2f7049cada2396312b0932b1
4afc8a35efc23a932fdfc1ff0779278d
b8856dcc7cd114e1a9c3c28ae5263bb5
1c6f25e62320bed1dfa18558ce591fb4
879bf4cdc5fb826373a0d4e8d472aa86
028d1be43e33aa5c08fc23e4321a15f4
8312518a645dd223679f1cf12e1ac081
b18510d71a973fb8e84de1d1f10e1729
8cdb8c86417fd05f50e531939a262d1d
f6cef22c0a06f04c909b8363843cb84c
b08c173c533b9f50ca859bd8cfe904bd
cefd3fb655aa852b422421c921f5c9c0
937a4b9a5f7741ee3a589c47c6d596a6
4fb3d3d5d0e1d30ccdd644a5ebd88750
cc2beeaf56f6fd7c31fee664f5df4908
017c3497115a62bc23c43b15fb88014b
c8bd2b8de8950cbfd216a5e5ad8c5581
fe776d22379e1de5b36b7519f93af9ff
4d6a8347dec1b6d4ed8d05df7523ceba
c5cebbcdcb8a635b883a9d2db08a6bb1
e1fe6cdf662d6a02680fa0b069a93430
e2465dce4783d2ae7af5eb2c7d4576fb
6b2ef380dcbc38a317b27777551bfb41
5c3e7df49491a38487552765fd68afc4
6fcebcf44242ed4f6228ae11d19881d9
26308d42c6702969efd09ec1afc6670f
f005100bc29ce973d85e5849e27ad6f9
eaefa0ed7faccde6ed2834df8a51e2bd
775b903a1dc38fff8c47e21b55b31041
c776e26b53eb0cecd72b59072e4f92ef
d6a53bd47a413e5da5c91f635f5ca251
6e4e70eefa487b80cdc762f80df907ee
247e5bc3eb09036022839271e53cd328
e223bc789fb173a7d2ab9a2f8ee6bfb6
a7f0333b38122953f31a483bcc40e4ee
5dc9d3eeecd57be40b8d47063a9b6ce0
9aab57af2ec340f0bb27c317adebead5
71480ffdae4db8180260eddfc6f93a16
b18c382ce0c10c072cbffa5e8502ac08
278c960c8ddade3df713d7ebfd8c929f
300a0975ce9cd05423b790c0a7595c41
645ae45506fe5166da1d2106a513a131
184055ccd453ade002df63b0f537717b
ab838a5e8515d1f8ab35fcc4ebc283fb
aa398a75ecb0d669edee9668d06181aa
06898b2b564857d861a4b0774a0fa936
5589412d00d669b2c1d21fa3c5264662
9500d0400186696fc4f7f46b5cb2ecf8
a620fab86b5957f4d57f6fa0e275cd8d
de75f30beb379f8b60ffa1b7f1a4eb81
fdce56ce2349b15c7cbc88a064764249
3fb237b7ded561ab673989522bb8185d
cb4dde40f89275d7de6e3842b6ee8455
1aa96c31fe409a0120b184c97ec72553
ac01a0450d531a03ebb5f16c837d11ea
1e075880a81fbacaee717d80ba219e22
ba8001d89237ca80f7d9b72d604ec259
de8eb4eb69b68574323e98e03cf06ce3
a6f8b0bf33df97f759e7e1a25d62ec0c
c43a741c3128fc7de1ab45ed97625f9f
4ec93d8738a93e1607ac0c68cd3b3179
44ae09242c688864be9e6bbce16dffcb
f6f21324e8006018c2f052772de41fed
274cd12dec045c207e5a268cbaa0221e
5e8a84907e34d7c95af9b88bf0fb15b2
3256da73ba27501324dea5a8eb793885
0d9eb1639fc3ec4eb9bb9620604daa2f
5e7e166de23f8eaf26f404ca7d1e8bb6
60f17716257275e0a53ae0f4b3618b8f
501bfe6375ab1b6f5ccdd167c3abea44
e407ea62c7e4452584e7944dece1af4c
8f5fc9312653cad3eb60a53c4d66bdc1
9be848ecde428a46838a2d4feb49f59c
2b25ca3896f5db14dacb9495bc45cd74
7048d5ac461910ac1f404bcd3e086d38
bbfe9cce925fe5f7b58b26fc97e268d3
76c72aec5c5abb418cae65f855cf7e98
87b52eeeaa600c59780015f5a0e899bf
fef805aa37cccb21efff48f440fd6231
7906eeb2899adbe13b6eab8171b8f209
b4591552916be9a09d7bcb013b2e654b
cd2501a89df913d19a55cbe0770322ac
c86be0741ce4135a3ef04df204a65403
b23c3df5a1588926329f3657faa7e9aa
69b713f54872f529997348655cccb1e8
dc028a8ba4e8d5cd8ac3eb8afcd5c0f1
aa8fa30c3a88c390341c3c2be0b1f374
958dd7240d71a1f2c43b0fdd2c2454c0
34968622ad1f3161d8a65d30b4099568
6ea2ec2ac193fcd57d9455a0502fee72
d0498882d3197bfbf2e0599bf0508a27
abd729954f1848531f14a96b6db236df
930d3b8d00d24e647fdb51d0f37244cb
8801a48a192155f1b83cd58a7f951b26
5958348dfa52b9d23d62fd963375f848
a527f739cf93be3347375a497e977d1d
1e23092d455557499afe8d0de88715a4
47e3bc57b2786c1e67502d022686ff3f
5466c9bdbc5980670dfb7545df8659b1
3855c7f4b760e34af17af0b0aee177ba
66b54ac309a631dde56178bf5ca23607
ea911e20932bb15488bba16c4b3f910d
48ba84b43772dbd366a199a24a712126
9a369edbb37755be5e1a9abbb810df6d
eee36f4f666665d09eb21f6a4b368f60
f6def624dcc580698a47740405700a8c
07ac0002e9ab3c21da433a9d49a5241a
75138e0d5e04fee627d0d0998e1d7509
5b71bc451daa785458baeb5269c83367
54e717014b4974429abbdaf560e1d200
33cc54a12afb71060a7a61e8b93c350f
cd115212ef3c11d6a575631adb048732
9f2c656a7ce3c4f092163eb63ef52d9e
0d63a809e2cf4e9e80c1228efae99a32
28f25a573c56842d6df192f74d6d6533
afbe66d5ce84e1fd3cd7005e071b3d22
55929d71a291d87c0ba62b8b5b82ac04
b482a53e23aca4080fea528e74775012
f8534fc656025dcd2f9e8ec8c54e81a2
edbc687f2d4d24bdb6a3f0cd1264c9c8
1c2c99d05855197adbfa9ba0364f9da1
5c1579df167e608e43befcd132b7d088
ada98d53e6f5bd40e53111b1d04a18c2
f3986a1e59a219d4495fa2b0537dd94a
e2187cb38651009362267c5c9f17edef
b72c702244c98f3b18b6e84d3f912ecd
cc1f2cd10298f686caf0d4f1dd0eea6d
4406347f9423a50d8e048efabf4e6167
083cfd9ac021379a4f66fb859ce39949
209eb27a67cf98fb5a2445d0477d4336
1bbd56bfd1f0572d6807c33243bc51b4
99d0bbb25002267068545637cf8030b3
7c3821f2878238ba15b4ac2f2d83837f
4f13d8d05bac99b272b1ec08ae090ad3
01554e4ed2badc7663b2979cdace4f68
2ff78d26b939418a58cde66cdecb6874
a856c11bf7efc2446a4444639db2d235
4209327aa326997595cbba25116d1149
4e9c1c644ca3608856e237e0d9ea26cd
0916359fffda1e9b5fa0e56c74169fa0
0d956c70299562a28b3709ee1e0ad8d5
57e145d949b39ef818afd582408073e6
6694a672e608cf9d0d9c8e20345a5b28
49b4005af09b6e216a61bae16ba891aa
d943dcf81b29a510c9cf4b72a639279c
1a24e75bb608a02a6894986e6f6f1973
3c2e2ed2acfea8e1675dac29b179f40f
a88ce836a8fa3dfc396465be40a5979c
3736601ea518cd707a46c60230e59212
5e097df7a36ae24882be508749468bcd
c2296baae4496a9e2f3f0b00db3e5585
c75d1a461bd813fbf8fc203b27bccec2
badb9f7b0f801ef6e43150c1cf48afa6
efafaeed3080be14777f4efcf73f53b6
44a9f1ac07ad8e014fed1aa6b3444dae
61bf3df0c2189057e627bf8600b228d3
44cc8003861ce806041ce986485d1a04
412cbbe94ec5e93854bec9d5f48a098b
ad7e53eab8925256637c837c0e8f9e95
afdd2b65f74452829d79e90996e4f7bf
8536aaf254d342dc11f149eef2fd0b3f
512fff53917799dd8f529789ea4a029a
6df5d7a7d580569232eb1b729c6b3adc
46f48e3e28e571a66e273aea97de977c
32e2ab5bc4c038916f6da3be6ad22b6b
0f437d555e421ed5307cc83938de4af9
4f8d6388186c9b9964e8f686a28fe7d0
8a03a5cf27f66308c54d329f41936e80
6221615a81bca1bb8808a8718e6a69da
81b758954e48c0556cdc4087d893eb46
50bf4efc933490a5e1068e720d442d87
214fe6f0396a3c0be0b8e1a5a636f8e1
168b7bdec4161f24ced7835245282afc
cd52bfaac34bddc958cf6d919ba014b6
fc429b828c33ff6c7b90ee30ee50c632
aab823fabee3321ee9e0c12437846ac0
5d7f471bde9dae841591dcf9aa2e1853
dc93f5a92ec982eb4162f2b01197eb40
a4e16f2f510a80578ea4e0ce5acaac85
55624ff62bef27416a70bbca6af4748b
4290d3c9ce5efc2fe37b498e62b249ca
504f325809f80197de0c9ac63f1c47f3
debd5b71c8ce41fbe9bdc2849b156d7a
3aa66d3850fa0bd74937f090739479ba
1985f435213d222f77b026e4a5c42260
dfe7192797ea6e3097990baefb3fd3a5
b71ad66822dce7f21afac16e35bece20
55847a10ba043ed30023899ab659c315
c557b4209e4794b1b3815e2a4f245b72
3c5ebe1b2eb8126d7f3af48812aa9024
40f02a38d2e11fbca732ed4fa81aad6b
512f46d989fda0d91242c5f7a0f37a24
5270ef470b238cc9ceaa2beb02e4bda8
cdef00dfee5d6917f65aef2e9a011ed4
1fcc093c966fa3f971401e15d49786e7
812e2ef5ebfef7e3d434689cb97e0fd7
26d56d104fa513f500f74b4d615b4bb6
34ae5c1275a373b3ed4683ed121d6f18
61bcfd10207914a1e29e772ebbe0da56
b7beda5910d55d17c78c3935303b1ef0
74f5b82d39e4e698854fe23bbcc56c56
da48480f94e36e8eac25326ec017e238
f4c9a444d345e8336ad3cf9adea92f9e
6d3c07ce4389ec3908d1f2bf4fc94ff2
0849fca3ebdc93192c9048ee97beec07
667008177342ea1b6d7f2ab8119cfcaf
fc69304b34fbfeb81c33a2b9867e5670
9c4e9a90f05036bdf3cea9a07e42a590
5c7997cac5aa61d6927fd0cd0b1d87cc
7b205dd6f9ab8cc319120bdbc25dde38
f7f99dc83b5afbb05a7ecbfc0b15a6f6
fc0b676ca31a4b2d904b485a44e29b1a
2898cdc27c85460a9227901c7c8c43d2
3d3f34b8d75b077277e797f642a702a4
cf8bcf62303eabac72db2a770809bbc3
f350721a3e9ebd7f91942c77e8f688e3
043346c15999b9c83c9c796da08f9310
14f0a9708faffed5d04c8ca8a4a3cf2e
0fe1e690d1f246b779a663123c2ec9ff
640f3f89cb87dd375667fc7c574958fd
048095e6b6c4a27f38f1cb08900f91e9
0a799b3d7e9d28f492deed3a3702c003
494e97dcada28e5eca7bd325d779819b
ec2f3d749c3f11ebc133005422b87969
f181358134287766b7547a5bc229637b
296f89fd4d408143b79bfed65155cf76
e4901d6372ef6fb82f33680cf5d1b6b8
b9c6e2536931bcf58b58352b0053ddb1
b75e3280eb9831ccaede4d71721c9873
818c92a4eb24217841c2b3bcd1f76e64
3b794e7a4a40fd840454f65f13c2eb67
84c9c962dd8950884de8e88b3404046b
b66a9de98f3c459b9012a4b5288b9477
590bdca9b6148a6bfbd460f8634e9b3b
201d2c183266ae8e026c71d659c587bd
9ffc0a3af63549c88c58982c33ea8391
050ebe3aee15a19e584c9e2df718496d
c17a32f781ff68b0c11cf6143c5d3628
a074b61a69fa75b49b2bba2b7c4ad517
329f8cd6b8e11de90a590092f46c6541
439575d2d0f3dfc2f463f9a2149b4ff8
754718de6518198a55edd061db96d7b7
424958a51f70c3cada4e2df8dc2ea20c
078adc5e83dc46e6dc78c308963859fe
12b07985fdb7122df23b050ca4a5e4fa
cab15225ef60f0c3a44650528c1ed0b6
ee234bb923605710ef8b7ea4b1f8f3cf
bcde1d51f3d7886262e5a6b20126ad5e
d360cae453047a9782f8cadeee5561ca
ed9f6eee24edb4c6aa43584a9a56a47d
ea46657be9491a3719ea0df9bfcb5e91
76834b9fc40713f3296e9e1959aba953
7a11a4b172bf3974f0abb52755e8491e
8fba7741f9c843470caf580400fcbb4d
cd0192bac00f5f5125af5edcda2c4a78
60bbe493c23afd75b98513d484fa2721
741841ac2f7049cada2396312b0932b1
4afc8a35efc23a932fdfc1ff0779278d
b8856dcc7cd114e1a9c3c28ae5263bb5
1c6f25e62320bed1dfa18558ce591fb4
879bf4cdc5fb826373a0d4e8d472aa86
028d1be43e33aa5c08fc23e4321a15f4
8312518a645dd223679f1cf12e1ac081
b18510d71a973fb8e84de1d1f10e1729
8cdb8c86417fd05f50e531939a262d1d
f6cef22c0a06f04c909b8363843cb84c
b08c173c533b9f50ca859bd8cfe904bd
cefd3fb655aa852b422421c921f5c9c0
937a4b9a5f7741ee3a589c47c6d596a6
4fb3d3d5d0e1d30ccdd644a5ebd88750
cc2beeaf56f6fd7c31fee664f5df4908
017c3497115a62bc23c43b15fb88014b
c8bd2b8de8950cbfd216a5e5ad8c5581
fe776d22379e1de5b36b7519f93af9ff
4d6a8347dec1b6d4ed8d05df7523ceba
c5cebbcdcb8a635b883a9d2db08a6bb1
e1fe6cdf662d6a02680fa0b069a93430
e2465dce4783d2ae7af5eb2c7d4576fb
6b2ef380dcbc38a317b27777551bfb41
5c3e7df49491a38487552765fd68afc4
6fcebcf44242ed4f6228ae11d19881d9
26308d42c6702969efd09ec1afc6670f
f005100bc29ce973d85e5849e27ad6f9
eaefa0ed7faccde6ed2834df8a51e2bd
775b903a1dc38fff8c47e21b55b31041
c776e26b53eb0cecd72b59072e4f92ef
d6a53bd47a413e5da5c91f635f5ca251
6e4e70eefa487b80cdc762f80df907ee
247e5bc3eb09036022839271e53cd328
e223bc789fb173a7d2ab9a2f8ee6bfb6
a7f0333b38122953f31a483bcc40e4ee
5dc9d3eeecd57be40b8d47063a9b6ce0
9aab57af2ec340f0bb27c317adebead5
71480ffdae4db8180260eddfc6f93a16
b18c382ce0c10c072cbffa5e8502ac08
278c960c8ddade3df713d7ebfd8c929f
300a0975ce9cd05423b790c0a7595c41
645ae45506fe5166da1d2106a513a131
184055ccd453ade002df63b0f537717b
ab838a5e8515d1f8ab35fcc4ebc283fb
aa398a75ecb0d669edee9668d06181aa
06898b2b564857d861a4b0774a0fa936
5589412d00d669b2c1d21fa3c5264662
9500d0400186696fc4f7f46b5cb2ecf8
a620fab86b5957f4d57f6fa0e275cd8d
de75f30beb379f8b60ffa1b7f1a4eb81
fdce56ce2349b15c7cbc88a064764249
3fb237b7ded561ab673989522bb8185d
cb4dde40f89275d7de6e3842b6ee8455
1aa96c31fe409a0120b184c97ec72553
ac01a0450d531a03ebb5f16c837d11ea
1e075880a81fbacaee717d80ba219e22
ba8001d89237ca80f7d9b72d604ec259
de8eb4eb69b68574323e98e03cf06ce3
a6f8b0bf33df97f759e7e1a25d62ec0c
c43a741c3128fc7de1ab45ed97625f9f
4ec93d8738a93e1607ac0c68cd3b3179
44ae09242c688864be9e6bbce16dffcb
f6f21324e8006018c2f052772de41fed
274cd12dec045c207e5a268cbaa0221e
5e8a84907e34d7c95af9b88bf0fb15b2
3256da73ba27501324dea5a8eb793885
0d9eb1639fc3ec4eb9bb9620604daa2f
5e7e166de23f8eaf26f404ca7d1e8bb6
60f17716257275e0a53ae0f4b3618b8f
501bfe6375ab1b6f5ccdd167c3abea44
e407ea62c7e4452584e7944dece1af4c
8f5fc9312653cad3eb60a53c4d66bdc1
9be848ecde428a46838a2d4feb49f59c
2b25ca3896f5db14dacb9495bc45cd74
7048d5ac461910ac1f404bcd3e086d38
bbfe9cce925fe5f7b58b26fc97e268d3
76c72aec5c5abb418cae65f855cf7e98
87b52eeeaa600c59780015f5a0e899bf
fef805aa37cccb21efff48f440fd6231
7906eeb2899adbe13b6eab8171b8f209
b4591552916be9a09d7bcb013b2e654b
cd2501a89df913d19a55cbe0770322ac
c86be0741ce4135a3ef04df204a65403
b23c3df5a1588926329f3657faa7e9aa
69b713f54872f529997348655cccb1e8
dc028a8ba4e8d5cd8ac3eb8afcd5c0f1
aa8fa30c3a88c390341c3c2be0b1f374
958dd7240d71a1f2c43b0fdd2c2454c0
34968622ad1f3161d8a65d30b4099568
6ea2ec2ac193fcd57d9455a0502fee72
d0498882d3197bfbf2e0599bf0508a27
abd729954f1848531f14a96b6db236df
930d3b8d00d24e647fdb51d0f37244cb
8801a48a192155f1b83cd58a7f951b26
5958348dfa52b9d23d62fd963375f848
a527f739cf93be3347375a497e977d1d
1e23092d455557499afe8d0de88715a4
47e3bc57b2786c1e67502d022686ff3f
5466c9bdbc5980670dfb7545df8659b1
3855c7f4b760e34af17af0b0aee177ba
66b54ac309a631dde56178bf5ca23607
ea911e20932bb15488bba16c4b3f910d
48ba84b43772dbd366a199a24a712126
9a369edbb37755be5e1a9abbb810df6d
eee36f4f666665d09eb21f6a4b368f60
f6def624dcc580698a47740405700a8c
07ac0002e9ab3c21da433a9d49a5241a
75138e0d5e04fee627d0d0998e1d7509
5b71bc451daa785458baeb5269c83367
54e717014b4974429abbdaf560e1d200
33cc54a12afb71060a7a61e8b93c350f
cd115212ef3c11d6a575631adb048732
9f2c656a7ce3c4f092163eb63ef52d9e
0d63a809e2cf4e9e80c1228efae99a32
28f25a573c56842d6df192f74d6d6533
afbe66d5ce84e1fd3cd7005e071b3d22
55929d71a291d87c0ba62b8b5b82ac04
b482a53e23aca4080fea528e74775012
f8534fc656025dcd2f9e8ec8c54e81a2
edbc687f2d4d24bdb6a3f0cd1264c9c8
1c2c99d05855197adbfa9ba0364f9da1
5c1579df167e608e43befcd132b7d088
ada98d53e6f5bd40e53111b1d04a18c2
f3986a1e59a219d4495fa2b0537dd94a
e2187cb38651009362267c5c9f17edef
b72c702244c98f3b18b6e84d3f912ecd
cc1f2cd10298f686caf0d4f1dd0eea6d
4406347f9423a50d8e048efabf4e6167
083cfd9ac021379a4f66fb859ce39949
209eb27a67cf98fb5a2445d0477d4336
1bbd56bfd1f0572d6807c33243bc51b4
99d0bbb25002267068545637cf8030b3
7c3821f2878238ba15b4ac2f2d83837f
4f13d8d05bac99b272b1ec08ae090ad3
01554e4ed2badc7663b2979cdace4f68
2ff78d26b939418a58cde66cdecb6874
a856c11bf7efc2446a4444639db2d235
4209327aa326997595cbba25116d1149
4e9c1c644ca3608856e237e0d9ea26cd
0916359fffda1e9b5fa0e56c74169fa0
0d956c70299562a28b3709ee1e0ad8d5
57e145d949b39ef818afd582408073e6
6694a672e608cf9d0d9c8e20345a5b28
49b4005af09b6e216a61bae16ba891aa
d943dcf81b29a510c9cf4b72a639279c
1a24e75bb608a02a6894986e6f6f1973
3c2e2ed2acfea8e1675dac29b179f40f
a88ce836a8fa3dfc396465be40a5979c
3736601ea518cd707a46c60230e59212
5e097df7a36ae24882be508749468bcd
c2296baae4496a9e2f3f0b00db3e5585
c75d1a461bd813fbf8fc203b27bccec2
badb9f7b0f801ef6e43150c1cf48afa6
efafaeed3080be14777f4efcf73f53b6
44a9f1ac07ad8e014fed1aa6b3444dae
61bf3df0c2189057e627bf8600b228d3
44cc8003861ce806041ce986485d1a04
412cbbe94ec5e93854bec9d5f48a098b
ad7e53eab8925256637c837c0e8f9e95
afdd2b65f74452829d79e90996e4f7bf
8536aaf254d342dc11f149eef2fd0b3f
512fff53917799dd8f529789ea4a029a
6df5d7a7d580569232eb1b729c6b3adc
46f48e3e28e571a66e273aea97de977c
32e2ab5bc4c038916f6da3be6ad22b6b
0f437d555e421ed5307cc83938de4af9
4f8d6388186c9b9964e8f686a28fe7d0
8a03a5cf27f66308c54d329f41936e80
6221615a81bca1bb8808a8718e6a69da
81b758954e48c0556cdc4087d893eb46
50bf4efc933490a5e1068e720d442d87
214fe6f0396a3c0be0b8e1a5a636f8e1
168b7bdec4161f24ced7835245282afc
cd52bfaac34bddc958cf6d919ba014b6
fc429b828c33ff6c7b90ee30ee50c632
aab823fabee3321ee9e0c12437846ac0
5d7f471bde9dae841591dcf9aa2e1853
dc93f5a92ec982eb4162f2b01197eb40
a4e16f2f510a80578ea4e0ce5acaac85
55624ff62bef27416a70bbca6af4748b
4290d3c9ce5efc2fe37b498e62b249ca
504f325809f80197de0c9ac63f1c47f3
debd5b71c8ce41fbe9bdc2849b156d7a
3aa66d3850fa0bd74937f090739479ba
1985f435213d222f77b026e4a5c42260
dfe7192797ea6e3097990baefb3fd3a5
b71ad66822dce7f21afac16e35bece20
55847a10ba043ed30023899ab659c315
c557b4209e4794b1b3815e2a4f245b72
3c5ebe1b2eb8126d7f3af48812aa9024
40f02a38d2e11fbca732ed4fa81aad6b
512f46d989fda0d91242c5f7a0f37a24
5270ef470b238cc9ceaa2beb02e4bda8
cdef00dfee5d6917f65aef2e9a011ed4
1fcc093c966fa3f971401e15d49786e7
812e2ef5ebfef7e3d434689cb97e0fd7
26d56d104fa513f500f74b4d615b4bb6
34ae5c1275a373b3ed4683ed121d6f18
61bcfd10207914a1e29e772ebbe0da56
b7beda5910d55d17c78c3935303b1ef0
74f5b82d39e4e698854fe23bbcc56c56
da48480f94e36e8eac25326ec017e238
f4c9a444d345e8336ad3cf9adea92f9e
6d3c07ce4389ec3908d1f2bf4fc94ff2
0849fca3ebdc93192c9048ee97beec07
667008177342ea1b6d7f2ab8119cfcaf
fc69304b34fbfeb81c33a2b9867e5670
9c4e9a90f05036bdf3cea9a07e42a590
5c7997cac5aa61d6927fd0cd0b1d87cc
7b205dd6f9ab8cc319120bdbc25dde38
f7f99dc83b5afbb05a7ecbfc0b15a6f6
fc0b676ca31a4b2d904b485a44e29b1a
2898cdc27c85460a9227901c7c8c43d2
3d3f34b8d75b077277e797f642a702a4
cf8bcf62303eabac72db2a770809bbc3
f350721a3e9ebd7f91942c77e8f688e3
043346c15999b9c83c9c796da08f9310
14f0a9708faffed5d04c8ca8a4a3cf2e
0fe1e690d1f246b779a663123c2ec9ff
640f3f89cb87dd375667fc7c574958fd
048095e6b6c4a27f38f1cb08900f91e9
0a799b3d7e9d28f492deed3a3702c003
494e97dcada28e5eca7bd325d779819b
ec2f3d749c3f11ebc133005422b87969
f181358134287766b7547a5bc229637b
296f89fd4d408143b79bfed65155cf76
e4901d6372ef6fb82f33680cf5d1b6b8
b9c6e2536931bcf58b58352b0053ddb1
b75e3280eb9831ccaede4d71721c9873
818c92a4eb24217841c2b3bcd1f76e64
3b794e7a4a40fd840454f65f13c2eb67
84c9c962dd8950884de8e88b3404046b
b66a9de98f3c459b9012a4b5288b9477
590bdca9b6148a6bfbd460f8634e9b3b
201d2c183266ae8e026c71d659c587bd
9ffc0a3af63549c88c58982c33ea8391
050ebe3aee15a19e584c9e2df718496d
c17a32f781ff68b0c11cf6143c5d3628
a074b61a69fa75b49b2bba2b7c4ad517
329f8cd6b8e11de90a590092f46c6541
439575d2d0f3dfc2f463f9a2149b4ff8
754718de6518198a55edd061db96d7b7
424958a51f70c3cada4e2df8dc2ea20c
078adc5e83dc46e6dc78c308963859fe
12b07985fdb7122df23b050ca4a5e4fa
cab15225ef60f0c3a44650528c1ed0b6
ee234bb923605710ef8b7ea4b1f8f3cf
bcde1d51f3d7886262e5a6b20126ad5e
d360cae453047a9782f8cadeee5561ca
ed9f6eee24edb4c6aa43584a9a56a47d
ea46657be9491a3719ea0df9bfcb5e91
76834b9fc40713f3296e9e1959aba953
7a11a4b172bf3974f0abb52755e8491e
8fba7741f9c843470caf580400fcbb4d
cd0192bac00f5f5125af5edcda2c4a78
60bbe493c23afd75b98513d484fa2721
741841ac2f7049cada2396312b0932b1
4afc8a35efc23a932fdfc1ff0779278d
b8856dcc7cd114e1a9c3c28ae5263bb5
1c6f25e62320bed1dfa18558ce591fb4
879bf4cdc5fb826373a0d4e8d472aa86
028d1be43e33aa5c08fc23e4321a15f4
8312518a645dd223679f1cf12e1ac081
b18510d71a973fb8e84de1d1f10e1729
8cdb8c86417fd05f50e531939a262d1d
f6cef22c0a06f04c909b8363843cb84c
b08c173c533b9f50ca859bd8cfe904bd
cefd3fb655aa852b422421c921f5c9c0
937a4b9a5f7741ee3a589c47c6d596a6
4fb3d3d5d0e1d30ccdd644a5ebd88750
cc2beeaf56f6fd7c31fee664f5df4908
017c3497115a62bc23c43b15fb88014b
c8bd2b8de8950cbfd216a5e5ad8c5581
fe776d22379e1de5b36b7519f93af9ff
4d6a8347dec1b6d4ed8d05df7523ceba
c5cebbcdcb8a635b883a9d2db08a6bb1
e1fe6cdf662d6a02680fa0b069a93430
e2465dce4783d2ae7af5eb2c7d4576fb
6b2ef380dcbc38a317b27777551bfb41
5c3e7df49491a38487552765fd68afc4
6fcebcf44242ed4f6228ae11d19881d9
26308d42c6702969efd09ec1afc6670f
f005100bc29ce973d85e5849e27ad6f9
eaefa0ed7faccde6ed2834df8a51e2bd
775b903a1dc38fff8c47e21b55b31041
c776e26b53eb0cecd72b59072e4f92ef
d6a53bd47a413e5da5c91f635f5ca251
6e4e70eefa487b80cdc762f80df907ee
247e5bc3eb09036022839271e53cd328
e223bc789fb173a7d2ab9a2f8ee6bfb6
a7f0333b38122953f31a483bcc40e4ee
5dc9d3eeecd57be40b8d47063a9b6ce0
9aab57af2ec340f0bb27c317adebead5
71480ffdae4db8180260eddfc6f93a16
b18c382ce0c10c072cbffa5e8502ac08
278c960c8ddade3df713d7ebfd8c929f
300a0975ce9cd05423b790c0a7595c41
645ae45506fe5166da1d2106a513a131
184055ccd453ade002df63b0f537717b
ab838a5e8515d1f8ab35fcc4ebc283fb
aa398a75ecb0d669edee9668d06181aa
06898b2b564857d861a4b0774a0fa936
5589412d00d669b2c1d21fa3c5264662
9500d0400186696fc4f7f46b5cb2ecf8
a620fab86b5957f4d57f6fa0e275cd8d
de75f30beb379f8b60ffa1b7f1a4eb81
fdce56ce2349b15c7cbc88a064764249
3fb237b7ded561ab673989522bb8185d
cb4dde40f89275d7de6e3842b6ee8455
1aa96c31fe409a0120b184c97ec72553
ac01a0450d531a03ebb5f16c837d11ea
1e075880a81fbacaee717d80ba219e22
ba8001d89237ca80f7d9b72d604ec259
de8eb4eb69b68574323e98e03cf06ce3
a6f8b0bf33df97f759e7e1a25d62ec0c
c43a741c3128fc7de1ab45ed97625f9f
4ec93d8738a93e1607ac0c68cd3b3179
44ae09242c688864be9e6bbce16dffcb
f6f21324e8006018c2f052772de41fed
274cd12dec045c207e5a268cbaa0221e
5e8a84907e34d7c95af9b88bf0fb15b2
3256da73ba27501324dea5a8eb793885
0d9eb1639fc3ec4eb9bb9620604daa2f
5e7e166de23f8eaf26f404ca7d1e8bb6
60f17716257275e0a53ae0f4b3618b8f
501bfe6375ab1b6f5ccdd167c3abea44
e407ea62c7e4452584e7944dece1af4c
8f5fc9312653cad3eb60a53c4d66bdc1
9be848ecde428a46838a2d4feb49f59c
2b25ca3896f5db14dacb9495bc45cd74
7048d5ac461910ac1f404bcd3e086d38
bbfe9cce925fe5f7b58b26fc97e268d3
76c72aec5c5abb418cae65f855cf7e98
87b52eeeaa600c59780015f5a0e899bf
fef805aa37cccb21efff48f440fd6231
7906eeb2899adbe13b6eab8171b8f209
b4591552916be9a09d7bcb013b2e654b
cd2501a89df913d19a55cbe0770322ac
c86be0741ce4135a3ef04df204a65403
b23c3df5a1588926329f3657faa7e9aa
69b713f54872f529997348655cccb1e8
dc028a8ba4e8d5cd8ac3eb8afcd5c0f1
aa8fa30c3a88c390341c3c2be0b1f374
958dd7240d71a1f2c43b0fdd2c2454c0
34968622ad1f3161d8a65d30b4099568
6ea2ec2ac193fcd57d9455a0502fee72
d0498882d3197bfbf2e0599bf0508a27
abd729954f1848531f14a96b6db236df
930d3b8d00d24e647fdb51d0f37244cb
8801a48a192155f1b83cd58a7f951b26
5958348dfa52b9d23d62fd963375f848
a527f739cf93be3347375a497e977d1d
1e23092d455557499afe8d0de88715a4
47e3bc57b2786c1e67502d022686ff3f
5466c9bdbc5980670dfb7545df8659b1
3855c7f4b760e34af17af0b0aee177ba
66b54ac309a631dde56178bf5ca23607
ea911e20932bb15488bba16c4b3f910d
48ba84b43772dbd366a199a24a712126
9a369edbb37755be5e1a9abbb810df6d
eee36f4f666665d09eb21f6a4b368f60
f6def624dcc580698a47740405700a8c
07ac0002e9ab3c21da433a9d49a5241a
75138e0d5e04fee627d0d0998e1d7509
5b71bc451daa785458baeb5269c83367
54e717014b4974429abbdaf560e1d200
33cc54a12afb71060a7a61e8b93c350f
cd115212ef3c11d6a575631adb048732
9f2c656a7ce3c4f092163eb63ef52d9e
0d63a809e2cf4e9e80c1228efae99a32
28f25a573c56842d6df192f74d6d6533
afbe66d5ce84e1fd3cd7005e071b3d22
55929d71a291d87c0ba62b8b5b82ac04
b482a53e23aca4080fea528e74775012
f8534fc656025dcd2f9e8ec8c54e81a2
edbc687f2d4d24bdb6a3f0cd1264c9c8
1c2c99d05855197adbfa9ba0364f9da1
5c1579df167e608e43befcd132b7d088
ada98d53e6f5bd40e53111b1d04a18c2
f3986a1e59a219d4495fa2b0537dd94a
e2187cb38651009362267c5c9f17edef
b72c702244c98f3b18b6e84d3f912ecd
cc1f2cd10298f686caf0d4f1dd0eea6d
4406347f9423a50d8e048efabf4e6167
083cfd9ac021379a4f66fb859ce39949
209eb27a67cf98fb5a2445d0477d4336
1bbd56bfd1f0572d6807c33243bc51b4
99d0bbb25002267068545637cf8030b3
7c3821f2878238ba15b4ac2f2d83837f
4f13d8d05bac99b272b1ec08ae090ad3
01554e4ed2badc7663b2979cdace4f68
2ff78d26b939418a58cde66cdecb6874
a856c11bf7efc2446a4444639db2d235
4209327aa326997595cbba25116d1149
4e9c1c644ca3608856e237e0d9ea26cd
0916359fffda1e9b5fa0e56c74169fa0
0d956c70299562a28b3709ee1e0ad8d5
57e145d949b39ef818afd582408073e6
6694a672e608cf9d0d9c8e20345a5b28
49b4005af09b6e216a61bae16ba891aa
d943dcf81b29a510c9cf4b72a639279c
1a24e75bb608a02a6894986e6f6f1973
3c2e2ed2acfea8e1675dac29b179f40f
a88ce836a8fa3dfc396465be40a5979c
3736601ea518cd707a46c60230e59212
5e097df7a36ae24882be508749468bcd
c2296baae4496a9e2f3f0b00db3e5585
c75d1a461bd813fbf8fc203b27bccec2
badb9f7b0f801ef6e43150c1cf48afa6
efafaeed3080be14777f4efcf73f53b6
44a9f1ac07ad8e014fed1aa6b3444dae
61bf3df0c2189057e627bf8600b228d3
44cc8003861ce806041ce986485d1a04
412cbbe94ec5e93854bec9d5f48a098b
ad7e53eab8925256637c837c0e8f9e95
afdd2b65f74452829d79e90996e4f7bf
8536aaf254d342dc11f149eef2fd0b3f
512fff53917799dd8f529789ea4a029a
6df5d7a7d580569232eb1b729c6b3adc
46f48e3e28e571a66e273aea97de977c
32e2ab5bc4c038916f6da3be6ad22b6b
0f437d555e421ed5307cc83938de4af9
4f8d6388186c9b9964e8f686a28fe7d0
8a03a5cf27f66308c54d329f41936e80
6221615a81bca1bb8808a8718e6a69da
81b758954e48c0556cdc4087d893eb46
50bf4efc933490a5e1068e720d442d87
214fe6f0396a3c0be0b8e1a5a636f8e1
168b7bdec4161f24ced7835245282afc
cd52bfaac34bddc958cf6d919ba014b6
fc429b828c33ff6c7b90ee30ee50c632
aab823fabee3321ee9e0c12437846ac0
5d7f471bde9dae841591dcf9aa2e1853
dc93f5a92ec982eb4162f2b01197eb40
a4e16f2f510a80578ea4e0ce5acaac85
55624ff62bef27416a70bbca6af4748b
4290d3c9ce5efc2fe37b498e62b249ca
504f325809f80197de0c9ac63f1c47f3
debd5b71c8ce41fbe9bdc2849b156d7a
3aa66d3850fa0bd74937f090739479ba
1985f435213d222f77b026e4a5c42260
dfe7192797ea6e3097990baefb3fd3a5
b71ad66822dce7f21afac16e35bece20
55847a10ba043ed30023899ab659c315
c557b4209e4794b1b3815e2a4f245b72
3c5ebe1b2eb8126d7f3af48812aa9024
40f02a38d2e11fbca732ed4fa81aad6b
512f46d989fda0d91242c5f7a0f37a24
5270ef470b238cc9ceaa2beb02e4bda8
cdef00dfee5d6917f65aef2e9a011ed4
1fcc093c966fa3f971401e15d49786e7
812e2ef5ebfef7e3d434689cb97e0fd7
26d56d104fa513f500f74b4d615b4bb6
34ae5c1275a373b3ed4683ed121d6f18
61bcfd10207914a1e29e772ebbe0da56
b7beda5910d55d17c78c3935303b1ef0
74f5b82d39e4e698854fe23bbcc56c56
da48480f94e36e8eac25326ec017e238
f4c9a444d345e8336ad3cf9adea92f9e
6d3c07ce4389ec3908d1f2bf4fc94ff2
0849fca3ebdc93192c9048ee97beec07
667008177342ea1b6d7f2ab8119cfcaf
fc69304b34fbfeb81c33a2b9867e5670
9c4e9a90f05036bdf3cea9a07e42a590
5c7997cac5aa61d6927fd0cd0b1d87cc
7b205dd6f9ab8cc319120bdbc25dde38
f7f99dc83b5afbb05a7ecbfc0b15a6f6
fc0b676ca31a4b2d904b485a44e29b1a
2898cdc27c85460a9227901c7c8c43d2
3d3f34b8d75b077277e797f642a702a4
cf8bcf62303eabac72db2a770809bbc3
f350721a3e9ebd7f91942c77e8f688e3
043346c15999b9c83c9c796da08f9310
14f0a9708faffed5d04c8ca8a4a3cf2e
0fe1e690d1f246b779a663123c2ec9ff
640f3f89cb87dd375667fc7c574958fd
048095e6b6c4a27f38f1cb08900f91e9
0a799b3d7e9d28f492deed3a3702c003
494e97dcada28e5eca7bd325d779819b
ec2f3d749c3f11ebc133005422b87969
f181358134287766b7547a5bc229637b
296f89fd4d408143b79bfed65155cf76
e4901d6372ef6fb82f33680cf5d1b6b8
b9c6e2536931bcf58b58352b0053ddb1
b75e3280eb9831ccaede4d71721c9873
818c92a4eb24217841c2b3bcd1f76e64
3b794e7a4a40fd840454f65f13c2eb67
84c9c962dd8950884de8e88b3404046b
b66a9de98f3c459b9012a4b5288b9477
590bdca9b6148a6bfbd460f8634e9b3b
201d2c183266ae8e026c71d659c587bd
9ffc0a3af63549c88c58982c33ea8391
050ebe3aee15a19e584c9e2df718496d
c17a32f781ff68b0c11cf6143c5d3628
a074b61a69fa75b49b2bba2b7c4ad517
329f8cd6b8e11de90a590092f46c6541
439575d2d0f3dfc2f463f9a2149b4ff8
754718de6518198a55edd061db96d7b7
424958a51f70c3cada4e2df8dc2ea20c
078adc5e83dc46e6dc78c308963859fe
12b07985fdb7122df23b050ca4a5e4fa
cab15225ef60f0c3a44650528c1ed0b6
ee234bb923605710ef8b7ea4b1f8f3cf
bcde1d51f3d7886262e5a6b20126ad5e
d360cae453047a9782f8cadeee5561ca
ed9f6eee24edb4c6aa43584a9a56a47d
ea46657be9491a3719ea0df9bfcb5e91
76834b9fc40713f3296e9e1959aba953
7a11a4b172bf3974f0abb52755e8491e
8fba7741f9c843470caf580400fcbb4d
cd0192bac00f5f5125af5edcda2c4a78
60bbe493c23afd75b98513d484fa2721
741841ac2f7049cada2396312b0932b1
4afc8a35efc23a932fdfc1ff0779278d
b8856dcc7cd114e1a9c3c28ae5263bb5
1c6f25e62320bed1dfa18558ce591fb4
879bf4cdc5fb826373a0d4e8d472aa86
028d1be43e33aa5c08fc23e4321a15f4
8312518a645dd223679f1cf12e1ac081
b18510d71a973fb8e84de1d1f10e1729
8cdb8c86417fd05f50e531939a262d1d
f6cef22c0a06f04c909b8363843cb84c
b08c173c533b9f50ca859bd8cfe904bd
cefd3fb655aa852b422421c921f5c9c0
937a4b9a5f7741ee3a589c47c6d596a6
4fb3d3d5d0e1d30ccdd644a5ebd88750
cc2beeaf56f6fd7c31fee664f5df4908
017c3497115a62bc23c43b15fb88014b
c8bd2b8de8950cbfd216a5e5ad8c5581
fe776d22379e1de5b36b7519f93af9ff
4d6a8347dec1b6d4ed8d05df7523ceba
c5cebbcdcb8a635b883a9d2db08a6bb1
e1fe6cdf662d6a02680fa0b069a93430
e2465dce4783d2ae7af5eb2c7d4576fb
6b2ef380dcbc38a317b27777551bfb41
5c3e7df49491a38487552765fd68afc4
6fcebcf44242ed4f6228ae11d19881d9
26308d42c6702969efd09ec1afc6670f
f005100bc29ce973d85e5849e27ad6f9
eaefa0ed7faccde6ed2834df8a51e2bd
775b903a1dc38fff8c47e21b55b31041
c776e26b53eb0cecd72b59072e4f92ef
d6a53bd47a413e5da5c91f635f5ca251
6e4e70eefa487b80cdc762f80df907ee
247e5bc3eb09036022839271e53cd328
e223bc789fb173a7d2ab9a2f8ee6bfb6
a7f0333b38122953f31a483bcc40e4ee
5dc9d3eeecd57be40b8d47063a9b6ce0
9aab57af2ec340f0bb27c317adebead5
71480ffdae4db8180260eddfc6f93a16
b18c382ce0c10c072cbffa5e8502ac08
278c960c8ddade3df713d7ebfd8c929f
300a0975ce9cd05423b790c0a7595c41
645ae45506fe5166da1d2106a513a131
184055ccd453ade002df63b0f537717b
ab838a5e8515d1f8ab35fcc4ebc283fb
aa398a75ecb0d669edee9668d06181aa
06898b2b564857d861a4b0774a0fa936
5589412d00d669b2c1d21fa3c5264662
9500d0400186696fc4f7f46b5cb2ecf8
a620fab86b5957f4d57f6fa0e275cd8d
de75f30beb379f8b60ffa1b7f1a4eb81
fdce56ce2349b15c7cbc88a064764249
3fb237b7ded561ab673989522bb8185d
cb4dde40f89275d7de6e3842b6ee8455
1aa96c31fe409a0120b184c97ec72553
ac01a0450d531a03ebb5f16c837d11ea
1e075880a81fbacaee717d80ba219e22
ba8001d89237ca80f7d9b72d604ec259
de8eb4eb69b68574323e98e03cf06ce3
a6f8b0bf33df97f759e7e1a25d62ec0c
c43a741c3128fc7de1ab45ed97625f9f
4ec93d8738a93e1607ac0c68cd3b3179
44ae09242c688864be9e6bbce16dffcb
f6f21324e8006018c2f052772de41fed
274cd12dec045c207e5a268cbaa0221e
5e8a84907e34d7c95af9b88bf0fb15b2
3256da73ba27501324dea5a8eb793885
0d9eb1639fc3ec4eb9bb9620604daa2f
5e7e166de23f8eaf26f404ca7d1e8bb6
60f17716257275e0a53ae0f4b3618b8f
501bfe6375ab1b6f5ccdd167c3abea44
e407ea62c7e4452584e7944dece1af4c
8f5fc9312653cad3eb60a53c4d66bdc1
9be848ecde428a46838a2d4feb49f59c
2b25ca3896f5db14dacb9495bc45cd74
7048d5ac461910ac1f404bcd3e086d38
bbfe9cce925fe5f7b58b26fc97e268d3
76c72aec5c5abb418cae65f855cf7e98
87b52eeeaa600c59780015f5a0e899bf
fef805aa37cccb21efff48f440fd6231
7906eeb2899adbe13b6eab8171b8f209
b4591552916be9a09d7bcb013b2e654b
cd2501a89df913d19a55cbe0770322ac
c86be0741ce4135a3ef04df204a65403
b23c3df5a1588926329f3657faa7e9aa
69b713f54872f529997348655cccb1e8
dc028a8ba4e8d5cd8ac3eb8afcd5c0f1
aa8fa30c3a88c390341c3c2be0b1f374
958dd7240d71a1f2c43b0fdd2c2454c0
34968622ad1f3161d8a65d30b4099568
6ea2ec2ac193fcd57d9455a0502fee72
d0498882d3197bfbf2e0599bf0508a27
abd729954f1848531f14a96b6db236df
930d3b8d00d24e647fdb51d0f37244cb
8801a48a192155f1b83cd58a7f951b26
5958348dfa52b9d23d62fd963375f848
a527f739cf93be3347375a497e977d1d
1e23092d455557499afe8d0de88715a4
47e3bc57b2786c1e67502d022686ff3f
5466c9bdbc5980670dfb7545df8659b1
3855c7f4b760e34af17af0b0aee177ba
66b54ac309a631dde56178bf5ca23607
ea911e20932bb15488bba16c4b3f910d
48ba84b43772dbd366a199a24a712126
9a369edbb37755be5e1a9abbb810df6d
eee36f4f666665d09eb21f6a4b368f60
f6def624dcc580698a47740405700a8c
07ac0002e9ab3c21da433a9d49a5241a
75138e0d5e04fee627d0d0998e1d7509
5b71bc451daa785458baeb5269c83367
54e717014b4974429abbdaf560e1d200
33cc54a12afb71060a7a61e8b93c350f
cd115212ef3c11d6a575631adb048732
9f2c656a7ce3c4f092163eb63ef52d9e
0d63a809e2cf4e9e80c1228efae99a32
28f25a573c56842d6df192f74d6d6533
afbe66d5ce84e1fd3cd7005e071b3d22
55929d71a291d87c0ba62b8b5b82ac04
b482a53e23aca4080fea528e74775012
f8534fc656025dcd2f9e8ec8c54e81a2
edbc687f2d4d24bdb6a3f0cd1264c9c8
1c2c99d05855197adbfa9ba0364f9da1
5c1579df167e608e43befcd132b7d088
ada98d53e6f5bd40e53111b1d04a18c2
f3986a1e59a219d4495fa2b0537dd94a
e2187cb38651009362267c5c9f17edef
b72c702244c98f3b18b6e84d3f912ecd
cc1f2cd10298f686caf0d4f1dd0eea6d
4406347f9423a50d8e048efabf4e6167
083cfd9ac021379a4f66fb859ce39949
209eb27a67cf98fb5a2445d0477d4336
1bbd56bfd1f0572d6807c33243bc51b4
99d0bbb25002267068545637cf8030b3
7c3821f2878238ba15b4ac2f2d83837f
4f13d8d05bac99b272b1ec08ae090ad3
01554e4ed2badc7663b2979cdace4f68
2ff78d26b939418a58cde66cdecb6874
a856c11bf7efc2446a4444639db2d235
4209327aa326997595cbba25116d1149
4e9c1c644ca3608856e237e0d9ea26cd
0916359fffda1e9b5fa0e56c74169fa0
0d956c70299562a28b3709ee1e0ad8d5
57e145d949b39ef818afd582408073e6
6694a672e608cf9d0d9c8e20345a5b28
49b4005af09b6e216a61bae16ba891aa
d943dcf81b29a510c9cf4b72a639279c
1a24e75bb608a02a6894986e6f6f1973
3c2e2ed2acfea8e1675dac29b179f40f
a88ce836a8fa3dfc396465be40a5979c
3736601ea518cd707a46c60230e59212
5e097df7a36ae24882be508749468bcd
c2296baae4496a9e2f3f0b00db3e5585
c75d1a461bd813fbf8fc203b27bccec2
badb9f7b0f801ef6e43150c1cf48afa6
efafaeed3080be14777f4efcf73f53b6
44a9f1ac07ad8e014fed1aa6b3444dae
61bf3df0c2189057e627bf8600b228d3
44cc8003861ce806041ce986485d1a04
412cbbe94ec5e93854bec9d5f48a098b
ad7e53eab8925256637c837c0e8f9e95
afdd2b65f74452829d79e90996e4f7bf
8536aaf254d342dc11f149eef2fd0b3f
512fff53917799dd8f529789ea4a029a
6df5d7a7d580569232eb1b729c6b3adc
46f48e3e28e571a66e273aea97de977c
32e2ab5bc4c038916f6da3be6ad22b6b
0f437d555e421ed5307cc83938de4af9
4f8d6388186c9b9964e8f686a28fe7d0
8a03a5cf27f66308c54d329f41936e80
6221615a81bca1bb8808a8718e6a69da
81b758954e48c0556cdc4087d893eb46
50bf4efc933490a5e1068e720d442d87
214fe6f0396a3c0be0b8e1a5a636f8e1
168b7bdec4161f24ced7835245282afc
cd52bfaac34bddc958cf6d919ba014b6
fc429b828c33ff6c7b90ee30ee50c632
aab823fabee3321ee9e0c12437846ac0
5d7f471bde9dae841591dcf9aa2e1853
dc93f5a92ec982eb4162f2b01197eb40
a4e16f2f510a80578ea4e0ce5acaac85
55624ff62bef27416a70bbca6af4748b
4290d3c9ce5efc2fe37b498e62b249ca
504f325809f80197de0c9ac63f1c47f3
debd5b71c8ce41fbe9bdc2849b156d7a
3aa66d3850fa0bd74937f090739479ba
1985f435213d222f77b026e4a5c42260
dfe7192797ea6e3097990baefb3fd3a5
b71ad66822dce7f21afac16e35bece20
55847a10ba043ed30023899ab659c315
c557b4209e4794b1b3815e2a4f245b72
3c5ebe1b2eb8126d7f3af48812aa9024
40f02a38d2e11fbca732ed4fa81aad6b
512f46d989fda0d91242c5f7a0f37a24
5270ef470b238cc9ceaa2beb02e4bda8
cdef00dfee5d6917f65aef2e9a011ed4
1fcc093c966fa3f971401e15d49786e7
812e2ef5ebfef7e3d434689cb97e0fd7
26d56d104fa513f500f74b4d615b4bb6
34ae5c1275a373b3ed4683ed121d6f18
61bcfd10207914a1e29e772ebbe0da56
b7beda5910d55d17c78c3935303b1ef0
74f5b82d39e4e698854fe23bbcc56c56
da48480f94e36e8eac25326ec017e238
f4c9a444d345e8336ad3cf9adea92f9e
6d3c07ce4389ec3908d1f2bf4fc94ff2
0849fca3ebdc93192c9048ee97beec07
667008177342ea1b6d7f2ab8119cfcaf
fc69304b34fbfeb81c33a2b9867e5670
9c4e9a90f05036bdf3cea9a07e42a590
5c7997cac5aa61d6927fd0cd0b1d87cc
7b205dd6f9ab8cc319120bdbc25dde38
f7f99dc83b5afbb05a7ecbfc0b15a6f6
fc0b676ca31a4b2d904b485a44e29b1a
2898cdc27c85460a9227901c7c8c43d2
3d3f34b8d75b077277e797f642a702a4
cf8bcf62303eabac72db2a770809bbc3
f350721a3e9ebd7f91942c77e8f688e3
043346c15999b9c83c9c796da08f9310
14f0a9708faffed5d04c8ca8a4a3cf2e
0fe1e690d1f246b779a663123c2ec9ff
640f3f89cb87dd375667fc7c574958fd
048095e6b6c4a27f38f1cb08900f91e9
0a799b3d7e9d28f492deed3a3702c003
494e97dcada28e5eca7bd325d779819b
ec2f3d749c3f11ebc133005422b87969
f181358134287766b7547a5bc229637b
296f89fd4d408143b79bfed65155cf76
e4901d6372ef6fb82f33680cf5d1b6b8
b9c6e2536931bcf58b58352b0053ddb1
b75e3280eb9831ccaede4d71721c9873
818c92a4eb24217841c2b3bcd1f76e64
3b794e7a4a40fd840454f65f13c2eb67
84c9c962dd8950884de8e88b3404046b
b66a9de98f3c459b9012a4b5288b9477
590bdca9b6148a6bfbd460f8634e9b3b
201d2c183266ae8e026c71d659c587bd
9ffc0a3af63549c88c58982c33ea8391
050ebe3aee15a19e584c9e2df718496d
c17a32f781ff68b0c11cf6143c5d3628
a074b61a69fa75b49b2bba2b7c4ad517
329f8cd6b8e11de90a590092f46c6541
439575d2d0f3dfc2f463f9a2149b4ff8
754718de6518198a55edd061db96d7b7
424958a51f70c3cada4e2df8dc2ea20c
078adc5e83dc46e6dc78c308963859fe
12b07985fdb7122df23b050ca4a5e4fa
cab15225ef60f0c3a44650528c1ed0b6
ee234bb923605710ef8b7ea4b1f8f3cf
bcde1d51f3d7886262e5a6b20126ad5e
d360cae453047a9782f8cadeee5561ca
ed9f6eee24edb4c6aa43584a9a56a47d
ea46657be9491a3719ea0df9bfcb5e91
76834b9fc40713f3296e9e1959aba953
7a11a4b172bf3974f0abb52755e8491e
8fba7741f9c843470caf580400fcbb4d
cd0192bac00f5f5125af5edcda2c4a78
60bbe493c23afd75b98513d484fa2721
741841ac2f7049cada2396312b0932b1
4afc8a35efc23a932fdfc1ff0779278d
b8856dcc7cd114e1a9c3c28ae5263bb5
1c6f25e62320bed1dfa18558ce591fb4
879bf4cdc5fb826373a0d4e8d472aa86
028d1be43e33aa5c08fc23e4321a15f4
8312518a645dd223679f1cf12e1ac081
b18510d71a973fb8e84de1d1f10e1729
8cdb8c86417fd05f50e531939a262d1d
f6cef22c0a06f04c909b8363843cb84c
b08c173c533b9f50ca859bd8cfe904bd
cefd3fb655aa852b422421c921f5c9c0
937a4b9a5f7741ee3a589c47c6d596a6
4fb3d3d5d0e1d30ccdd644a5ebd88750
cc2beeaf56f6fd7c31fee664f5df4908
017c3497115a62bc23c43b15fb88014b
c8bd2b8de8950cbfd216a5e5ad8c5581
fe776d22379e1de5b36b7519f93af9ff
4d6a8347dec1b6d4ed8d05df7523ceba
c5cebbcdcb8a635b883a9d2db08a6bb1
e1fe6cdf662d6a02680fa0b069a93430
e2465dce4783d2ae7af5eb2c7d4576fb
6b2ef380dcbc38a317b27777551bfb41
5c3e7df49491a38487552765fd68afc4
6fcebcf44242ed4f6228ae11d19881d9
26308d42c6702969efd09ec1afc6670f
f005100bc29ce973d85e5849e27ad6f9
eaefa0ed7faccde6ed2834df8a51e2bd
775b903a1dc38fff8c47e21b55b31041
c776e26b53eb0cecd72b59072e4f92ef
d6a53bd47a413e5da5c91f635f5ca251
6e4e70eefa487b80cdc762f80df907ee
247e5bc3eb09036022839271e53cd328
e223bc789fb173a7d2ab9a2f8ee6bfb6
a7f0333b38122953f31a483bcc40e4ee
5dc9d3eeecd57be40b8d47063a9b6ce0
9aab57af2ec340f0bb27c317adebead5
71480ffdae4db8180260eddfc6f93a16
b18c382ce0c10c072cbffa5e8502ac08
278c960c8ddade3df713d7ebfd8c929f
300a0975ce9cd05423b790c0a7595c41
645ae45506fe5166da1d2106a513a131
184055ccd453ade002df63b0f537717b
ab838a5e8515d1f8ab35fcc4ebc283fb
aa398a75ecb0d669edee9668d06181aa
06898b2b564857d861a4b0774a0fa936
5589412d00d669b2c1d21fa3c5264662
9500d0400186696fc4f7f46b5cb2ecf8
a620fab86b5957f4d57f6fa0e275cd8d
de75f30beb379f8b60ffa1b7f1a4eb81
fdce56ce2349b15c7cbc88a064764249
3fb237b7ded561ab673989522bb8185d
cb4dde40f89275d7de6e3842b6ee8455
1aa96c31fe409a0120b184c97ec72553
ac01a0450d531a03ebb5f16c837d11ea
1e075880a81fbacaee717d80ba219e22
ba8001d89237ca80f7d9b72d604ec259
de8eb4eb69b68574323e98e03cf06ce3
a6f8b0bf33df97f759e7e1a25d62ec0c
c43a741c3128fc7de1ab45ed97625f9f
4ec93d8738a93e1607ac0c68cd3b3179
44ae09242c688864be9e6bbce16dffcb
f6f21324e8006018c2f052772de41fed
274cd12dec045c207e5a268cbaa0221e
5e8a84907e34d7c95af9b88bf0fb15b2
3256da73ba27501324dea5a8eb793885
0d9eb1639fc3ec4eb9bb9620604daa2f
5e7e166de23f8eaf26f404ca7d1e8bb6
60f17716257275e0a53ae0f4b3618b8f
501bfe6375ab1b6f5ccdd167c3abea44
e407ea62c7e4452584e7944dece1af4c
8f5fc9312653cad3eb60a53c4d66bdc1
9be848ecde428a46838a2d4feb49f59c
2b25ca3896f5db14dacb9495bc45cd74
7048d5ac461910ac1f404bcd3e086d38
bbfe9cce925fe5f7b58b26fc97e268d3
76c72aec5c5abb418cae65f855cf7e98
87b52eeeaa600c59780015f5a0e899bf
fef805aa37cccb21efff48f440fd6231
7906eeb2899adbe13b6eab8171b8f209
b4591552916be9a09d7bcb013b2e654b
cd2501a89df913d19a55cbe0770322ac
c86be0741ce4135a3ef04df204a65403
b23c3df5a1588926329f3657faa7e9aa
69b713f54872f529997348655cccb1e8
dc028a8ba4e8d5cd8ac3eb8afcd5c0f1
aa8fa30c3a88c390341c3c2be0b1f374
958dd7240d71a1f2c43b0fdd2c2454c0
34968622ad1f3161d8a65d30b4099568
6ea2ec2ac193fcd57d9455a0502fee72
d0498882d3197bfbf2e0599bf0508a27
abd729954f1848531f14a96b6db236df
930d3b8d00d24e647fdb51d0f37244cb
8801a48a192155f1b83cd58a7f951b26
5958348dfa52b9d23d62fd963375f848
a527f739cf93be3347375a497e977d1d
1e23092d455557499afe8d0de88715a4
47e3bc57b2786c1e67502d022686ff3f
5466c9bdbc5980670dfb7545df8659b1
3855c7f4b760e34af17af0b0aee177ba
66b54ac309a631dde56178bf5ca23607
ea911e20932bb15488bba16c4b3f910d
48ba84b43772dbd366a199a24a712126
9a369edbb37755be5e1a9abbb810df6d
eee36f4f666665d09eb21f6a4b368f60
f6def624dcc580698a47740405700a8c
07ac0002e9ab3c21da433a9d49a5241a
75138e0d5e04fee627d0d0998e1d7509
5b71bc451daa785458baeb5269c83367
54e717014b4974429abbdaf560e1d200
33cc54a12afb71060a7a61e8b93c350f
cd115212ef3c11d6a575631adb048732
9f2c656a7ce3c4f092163eb63ef52d9e
0d63a809e2cf4e9e80c1228efae99a32
28f25a573c56842d6df192f74d6d6533
afbe66d5ce84e1fd3cd7005e071b3d22
55929d71a291d87c0ba62b8b5b82ac04
b482a53e23aca4080fea528e74775012
f8534fc656025dcd2f9e8ec8c54e81a2
edbc687f2d4d24bdb6a3f0cd1264c9c8
1c2c99d05855197adbfa9ba0364f9da1
5c1579df167e608e43befcd132b7d088
ada98d53e6f5bd40e53111b1d04a18c2
f3986a1e59a219d4495fa2b0537dd94a
e2187cb38651009362267c5c9f17edef
b72c702244c98f3b18b6e84d3f912ecd
cc1f2cd10298f686caf0d4f1dd0eea6d
4406347f9423a50d8e048efabf4e6167
083cfd9ac021379a4f66fb859ce39949
209eb27a67cf98fb5a2445d0477d4336
1bbd56bfd1f0572d6807c33243bc51b4
99d0bbb25002267068545637cf8030b3
7c3821f2878238ba15b4ac2f2d83837f
4f13d8d05bac99b272b1ec08ae090ad3
01554e4ed2badc7663b2979cdace4f68
2ff78d26b939418a58cde66cdecb6874
a856c11bf7efc2446a4444639db2d235
4209327aa326997595cbba25116d1149
4e9c1c644ca3608856e237e0d9ea26cd
0916359fffda1e9b5fa0e56c74169fa0
0d956c70299562a28b3709ee1e0ad8d5
57e145d949b39ef818afd582408073e6
6694a672e608cf9d0d9c8e20345a5b28
49b4005af09b6e216a61bae16ba891aa
d943dcf81b29a510c9cf4b72a639279c
1a24e75bb608a02a6894986e6f6f1973
3c2e2ed2acfea8e1675dac29b179f40f
a88ce836a8fa3dfc396465be40a5979c
3736601ea518cd707a46c60230e59212
5e097df7a36ae24882be508749468bcd
c2296baae4496a9e2f3f0b00db3e5585
c75d1a461bd813fbf8fc203b27bccec2
badb9f7b0f801ef6e43150c1cf48afa6
efafaeed3080be14777f4efcf73f53b6
44a9f1ac07ad8e014fed1aa6b3444dae
61bf3df0c2189057e627bf8600b228d3
44cc8003861ce806041ce986485d1a04
412cbbe94ec5e93854bec9d5f48a098b
ad7e53eab8925256637c837c0e8f9e95
afdd2b65f74452829d79e90996e4f7bf
8536aaf254d342dc11f149eef2fd0b3f
512fff53917799dd8f529789ea4a029a
6df5d7a7d580569232eb1b729c6b3adc
46f48e3e28e571a66e273aea97de977c
32e2ab5bc4c038916f6da3be6ad22b6b
0f437d555e421ed5307cc83938de4af9
4f8d6388186c9b9964e8f686a28fe7d0
8a03a5cf27f66308c54d329f41936e80
6221615a81bca1bb8808a8718e6a69da
81b758954e48c0556cdc4087d893eb46
50bf4efc933490a5e1068e720d442d87
214fe6f0396a3c0be0b8e1a5a636f8e1
168b7bdec4161f24ced7835245282afc
cd52bfaac34bddc958cf6d919ba014b6
fc429b828c33ff6c7b90ee30ee50c632
aab823fabee3321ee9e0c12437846ac0
5d7f471bde9dae841591dcf9aa2e1853
dc93f5a92ec982eb4162f2b01197eb40
a4e16f2f510a80578ea4e0ce5acaac85
55624ff62bef27416a70bbca6af4748b
4290d3c9ce5efc2fe37b498e62b249ca
504f325809f80197de0c9ac63f1c47f3
debd5b71c8ce41fbe9bdc2849b156d7a
3aa66d3850fa0bd74937f090739479ba
1985f435213d222f77b026e4a5c42260
dfe7192797ea6e3097990baefb3fd3a5
b71ad66822dce7f21afac16e35bece20
55847a10ba043ed30023899ab659c315
c557b4209e4794b1b3815e2a4f245b72
3c5ebe1b2eb8126d7f3af48812aa9024
40f02a38d2e11fbca732ed4fa81aad6b
512f46d989fda0d91242c5f7a0f37a24
5270ef470b238cc9ceaa2beb02e4bda8
cdef00dfee5d6917f65aef2e9a011ed4
1fcc093c966fa3f971401e15d49786e7
812e2ef5ebfef7e3d434689cb97e0fd7
26d56d104fa513f500f74b4d615b4bb6
34ae5c1275a373b3ed4683ed121d6f18
61bcfd10207914a1e29e772ebbe0da56
b7beda5910d55d17c78c3935303b1ef0
74f5b82d39e4e698854fe23bbcc56c56
da48480f94e36e8eac25326ec017e238
f4c9a444d345e8336ad3cf9adea92f9e
6d3c07ce4389ec3908d1f2bf4fc94ff2
0849fca3ebdc93192c9048ee97beec07
667008177342ea1b6d7f2ab8119cfcaf
fc69304b34fbfeb81c33a2b9867e5670
9c4e9a90f05036bdf3cea9a07e42a590
5c7997cac5aa61d6927fd0cd0b1d87cc
7b205dd6f9ab8cc319120bdbc25dde38
f7f99dc83b5afbb05a7ecbfc0b15a6f6
fc0b676ca31a4b2d904b485a44e29b1a
2898cdc27c85460a9227901c7c8c43d2
3d3f34b8d75b077277e797f642a702a4
cf8bcf62303eabac72db2a770809bbc3
f350721a3e9ebd7f91942c77e8f688e3
043346c15999b9c83c9c796da08f9310
14f0a9708faffed5d04c8ca8a4a3cf2e
0fe1e690d1f246b779a663123c2ec9ff
640f3f89cb87dd375667fc7c574958fd
048095e6b6c4a27f38f1cb08900f91e9
0a799b3d7e9d28f492deed3a3702c003
494e97dcada28e5eca7bd325d779819b
ec2f3d749c3f11ebc133005422b87969
f181358134287766b7547a5bc229637b
296f89fd4d408143b79bfed65155cf76
e4901d6372ef6fb82f33680cf5d1b6b8
b9c6e2536931bcf58b58352b0053ddb1
b75e3280eb9831ccaede4d71721c9873
818c92a4eb24217841c2b3bcd1f76e64
3b794e7a4a40fd840454f65f13c2eb67
84c9c962dd8950884de8e88b3404046b
b66a9de98f3c459b9012a4b5288b9477
590bdca9b6148a6bfbd460f8634e9b3b
201d2c183266ae8e026c71d659c587bd
9ffc0a3af63549c88c58982c33ea8391
050ebe3aee15a19e584c9e2df718496d
c17a32f781ff68b0c11cf6143c5d3628
a074b61a69fa75b49b2bba2b7c4ad517
329f8cd6b8e11de90a590092f46c6541
439575d2d0f3dfc2f463f9a2149b4ff8
754718de6518198a55edd061db96d7b7
424958a51f70c3cada4e2df8dc2ea20c
078adc5e83dc46e6dc78c308963859fe
12b07985fdb7122df23b050ca4a5e4fa
cab15225ef60f0c3a44650528c1ed0b6
ee234bb923605710ef8b7ea4b1f8f3cf
bcde1d51f3d7886262e5a6b20126ad5e
d360cae453047a9782f8cadeee5561ca
ed9f6eee24edb4c6aa43584a9a56a47d
ea46657be9491a3719ea0df9bfcb5e91
76834b9fc40713f3296e9e1959aba953
7a11a4b172bf3974f0abb52755e8491e
8fba7741f9c843470caf580400fcbb4d
cd0192bac00f5f5125af5edcda2c4a78
60bbe493c23afd75b98513d484fa2721
741841ac2f7049cada2396312b0932b1
4afc8a35efc23a932fdfc1ff0779278d
b8856dcc7cd114e1a9c3c28ae5263bb5
1c6f25e62320bed1dfa18558ce591fb4
879bf4cdc5fb826373a0d4e8d472aa86
028d1be43e33aa5c08fc23e4321a15f4
8312518a645dd223679f1cf12e1ac081
b18510d71a973fb8e84de1d1f10e1729
8cdb8c86417fd05f50e531939a262d1d
f6cef22c0a06f04c909b8363843cb84c
b08c173c533b9f50ca859bd8cfe904bd
cefd3fb655aa852b422421c921f5c9c0
937a4b9a5f7741ee3a589c47c6d596a6
4fb3d3d5d0e1d30ccdd644a5ebd88750
cc2beeaf56f6fd7c31fee664f5df4908
017c3497115a62bc23c43b15fb88014b
c8bd2b8de8950cbfd216a5e5ad8c5581
fe776d22379e1de5b36b7519f93af9ff
4d6a8347dec1b6d4ed8d05df7523ceba
c5cebbcdcb8a635b883a9d2db08a6bb1
e1fe6cdf662d6a02680fa0b069a93430
e2465dce4783d2ae7af5eb2c7d4576fb
6b2ef380dcbc38a317b27777551bfb41
5c3e7df49491a38487552765fd68afc4
6fcebcf44242ed4f6228ae11d19881d9
26308d42c6702969efd09ec1afc6670f
f005100bc29ce973d85e5849e27ad6f9
eaefa0ed7faccde6ed2834df8a51e2bd
775b903a1dc38fff8c47e21b55b31041
c776e26b53eb0cecd72b59072e4f92ef
d6a53bd47a413e5da5c91f635f5ca251
6e4e70eefa487b80cdc762f80df907ee
247e5bc3eb09036022839271e53cd328
e223bc789fb173a7d2ab9a2f8ee6bfb6
a7f0333b38122953f31a483bcc40e4ee
5dc9d3eeecd57be40b8d47063a9b6ce0
9aab57af2ec340f0bb27c317adebead5
71480ffdae4db8180260eddfc6f93a16
b18c382ce0c10c072cbffa5e8502ac08
278c960c8ddade3df713d7ebfd8c929f
300a0975ce9cd05423b790c0a7595c41
645ae45506fe5166da1d2106a513a131
184055ccd453ade002df63b0f537717b
ab838a5e8515d1f8ab35fcc4ebc283fb
aa398a75ecb0d669edee9668d06181aa
06898b2b564857d861a4b0774a0fa936
5589412d00d669b2c1d21fa3c5264662
9500d0400186696fc4f7f46b5cb2ecf8
a620fab86b5957f4d57f6fa0e275cd8d
de75f30beb379f8b60ffa1b7f1a4eb81
fdce56ce2349b15c7cbc88a064764249
3fb237b7ded561ab673989522bb8185d
cb4dde40f89275d7de6e3842b6ee8455
1aa96c31fe409a0120b184c97ec72553
ac01a0450d531a03ebb5f16c837d11ea
1e075880a81fbacaee717d80ba219e22
ba8001d89237ca80f7d9b72d604ec259
de8eb4eb69b68574323e98e03cf06ce3
a6f8b0bf33df97f759e7e1a25d62ec0c
c43a741c3128fc7de1ab45ed97625f9f
4ec93d8738a93e1607ac0c68cd3b3179
44ae09242c688864be9e6bbce16dffcb
f6f21324e8006018c2f052772de41fed
274cd12dec045c207e5a268cbaa0221e
5e8a84907e34d7c95af9b88bf0fb15b2
3256da73ba27501324dea5a8eb793885
0d9eb1639fc3ec4eb9bb9620604daa2f
5e7e166de23f8eaf26f404ca7d1e8bb6
60f17716257275e0a53ae0f4b3618b8f
501bfe6375ab1b6f5ccdd167c3abea44
e407ea62c7e4452584e7944dece1af4c
8f5fc9312653cad3eb60a53c4d66bdc1
9be848ecde428a46838a2d4feb49f59c
2b25ca3896f5db14dacb9495bc45cd74
7048d5ac461910ac1f404bcd3e086d38
bbfe9cce925fe5f7b58b26fc97e268d3
76c72aec5c5abb418cae65f855cf7e98
87b52eeeaa600c59780015f5a0e899bf
fef805aa37cccb21efff48f440fd6231
7906eeb2899adbe13b6eab8171b8f209
b4591552916be9a09d7bcb013b2e654b
cd2501a89df913d19a55cbe0770322ac
c86be0741ce4135a3ef04df204a65403
b23c3df5a1588926329f3657faa7e9aa
69b713f54872f529997348655cccb1e8
dc028a8ba4e8d5cd8ac3eb8afcd5c0f1
aa8fa30c3a88c390341c3c2be0b1f374
958dd7240d71a1f2c43b0fdd2c2454c0
34968622ad1f3161d8a65d30b4099568
6ea2ec2ac193fcd57d9455a0502fee72
d0498882d3197bfbf2e0599bf0508a27
abd729954f1848531f14a96b6db236df
930d3b8d00d24e647fdb51d0f37244cb
8801a48a192155f1b83cd58a7f951b26
5958348dfa52b9d23d62fd963375f848
a527f739cf93be3347375a497e977d1d
1e23092d455557499afe8d0de88715a4
47e3bc57b2786c1e67502d022686ff3f
5466c9bdbc5980670dfb7545df8659b1
3855c7f4b760e34af17af0b0aee177ba
66b54ac309a631dde56178bf5ca23607
ea911e20932bb15488bba16c4b3f910d
48ba84b43772dbd366a199a24a712126
9a369edbb37755be5e1a9abbb810df6d
eee36f4f666665d09eb21f6a4b368f60
f6def624dcc580698a47740405700a8c
07ac0002e9ab3c21da433a9d49a5241a
75138e0d5e04fee627d0d0998e1d7509
5b71bc451daa785458baeb5269c83367
54e717014b4974429abbdaf560e1d200
33cc54a12afb71060a7a61e8b93c350f
cd115212ef3c11d6a575631adb048732
9f2c656a7ce3c4f092163eb63ef52d9e
0d63a809e2cf4e9e80c1228efae99a32
28f25a573c56842d6df192f74d6d6533
afbe66d5ce84e1fd3cd7005e071b3d22
55929d71a291d87c0ba62b8b5b82ac04
b482a53e23aca4080fea528e74775012
f8534fc656025dcd2f9e8ec8c54e81a2
edbc687f2d4d24bdb6a3f0cd1264c9c8
1c2c99d05855197adbfa9ba0364f9da1
5c1579df167e608e43befcd132b7d088
ada98d53e6f5bd40e53111b1d04a18c2
f3986a1e59a219d4495fa2b0537dd94a
e2187cb38651009362267c5c9f17edef
b72c702244c98f3b18b6e84d3f912ecd
cc1f2cd10298f686caf0d4f1dd0eea6d
4406347f9423a50d8e048efabf4e6167
083cfd9ac021379a4f66fb859ce39949
209eb27a67cf98fb5a2445d0477d4336
1bbd56bfd1f0572d6807c33243bc51b4
99d0bbb25002267068545637cf8030b3
7c3821f2878238ba15b4ac2f2d83837f
4f13d8d05bac99b272b1ec08ae090ad3
01554e4ed2badc7663b2979cdace4f68
2ff78d26b939418a58cde66cdecb6874
a856c11bf7efc2446a4444639db2d235
4209327aa326997595cbba25116d1149
4e9c1c644ca3608856e237e0d9ea26cd
0916359fffda1e9b5fa0e56c74169fa0
0d956c70299562a28b3709ee1e0ad8d5
57e145d949b39ef818afd582408073e6
6694a672e608cf9d0d9c8e20345a5b28
49b4005af09b6e216a61bae16ba891aa
d943dcf81b29a510c9cf4b72a639279c
1a24e75bb608a02a6894986e6f6f1973
3c2e2ed2acfea8e1675dac29b179f40f
a88ce836a8fa3dfc396465be40a5979c
3736601ea518cd707a46c60230e59212
5e097df7a36ae24882be508749468bcd
c2296baae4496a9e2f3f0b00db3e5585
c75d1a461bd813fbf8fc203b27bccec2
badb9f7b0f801ef6e43150c1cf48afa6
efafaeed3080be14777f4efcf73f53b6
44a9f1ac07ad8e014fed1aa6b3444dae
61bf3df0c2189057e627bf8600b228d3
44cc8003861ce806041ce986485d1a04
412cbbe94ec5e93854bec9d5f48a098b
ad7e53eab8925256637c837c0e8f9e95
afdd2b65f74452829d79e90996e4f7bf
8536aaf254d342dc11f149eef2fd0b3f
512fff53917799dd8f529789ea4a029a
6df5d7a7d580569232eb1b729c6b3adc
46f48e3e28e571a66e273aea97de977c
32e2ab5bc4c038916f6da3be6ad22b6b
0f437d555e421ed5307cc83938de4af9
4f8d6388186c9b9964e8f686a28fe7d0
8a03a5cf27f66308c54d329f41936e80
6221615a81bca1bb8808a8718e6a69da
81b758954e48c0556cdc4087d893eb46
50bf4efc933490a5e1068e720d442d87
214fe6f0396a3c0be0b8e1a5a636f8e1
168b7bdec4161f24ced7835245282afc
cd52bfaac34bddc958cf6d919ba014b6
fc429b828c33ff6c7b90ee30ee50c632
aab823fabee3321ee9e0c12437846ac0
5d7f471bde9dae841591dcf9aa2e1853
dc93f5a92ec982eb4162f2b01197eb40
a4e16f2f510a80578ea4e0ce5acaac85
55624ff62bef27416a70bbca6af4748b
4290d3c9ce5efc2fe37b498e62b249ca
504f325809f80197de0c9ac63f1c47f3
debd5b71c8ce41fbe9bdc2849b156d7a
3aa66d3850fa0bd74937f090739479ba
1985f435213d222f77b026e4a5c42260
dfe7192797ea6e3097990baefb3fd3a5
b71ad66822dce7f21afac16e35bece20
55847a10ba043ed30023899ab659c315
c557b4209e4794b1b3815e2a4f245b72
3c5ebe1b2eb8126d7f3af48812aa9024
40f02a38d2e11fbca732ed4fa81aad6b
512f46d989fda0d91242c5f7a0f37a24
5270ef470b238cc9ceaa2beb02e4bda8
cdef00dfee5d6917f65aef2e9a011ed4
1fcc093c966fa3f971401e15d49786e7
812e2ef5ebfef7e3d434689cb97e0fd7
26d56d104fa513f500f74b4d615b4bb6
34ae5c1275a373b3ed4683ed121d6f18
61bcfd10207914a1e29e772ebbe0da56
b7beda5910d55d17c78c3935303b1ef0
74f5b82d39e4e698854fe23bbcc56c56
da48480f94e36e8eac25326ec017e238
f4c9a444d345e8336ad3cf9adea92f9e
6d3c07ce4389ec3908d1f2bf4fc94ff2
0849fca3ebdc93192c9048ee97beec07
667008177342ea1b6d7f2ab8119cfcaf
fc69304b34fbfeb81c33a2b9867e5670
9c4e9a90f05036bdf3cea9a07e42a590
5c7997cac5aa61d6927fd0cd0b1d87cc
7b205dd6f9ab8cc319120bdbc25dde38
f7f99dc83b5afbb05a7ecbfc0b15a6f6
fc0b676ca31a4b2d904b485a44e29b1a
2898cdc27c85460a9227901c7c8c43d2
3d3f34b8d75b077277e797f642a702a4
cf8bcf62303eabac72db2a770809bbc3
f350721a3e9ebd7f91942c77e8f688e3
043346c15999b9c83c9c796da08f9310
14f0a9708faffed5d04c8ca8a4a3cf2e
0fe1e690d1f246b779a663123c2ec9ff
640f3f89cb87dd375667fc7c574958fd
048095e6b6c4a27f38f1cb08900f91e9
0a799b3d7e9d28f492deed3a3702c003
494e97dcada28e5eca7bd325d779819b
ec2f3d749c3f11ebc133005422b87969
f181358134287766b7547a5bc229637b
296f89fd4d408143b79bfed65155cf76
e4901d6372ef6fb82f33680cf5d1b6b8
b9c6e2536931bcf58b58352b0053ddb1
b75e3280eb9831ccaede4d71721c9873
818c92a4eb24217841c2b3bcd1f76e64
3b794e7a4a40fd840454f65f13c2eb67
84c9c962dd8950884de8e88b3404046b
b66a9de98f3c459b9012a4b5288b9477
590bdca9b6148a6bfbd460f8634e9b3b
201d2c183266ae8e026c71d659c587bd
9ffc0a3af63549c88c58982c33ea8391
050ebe3aee15a19e584c9e2df718496d
c17a32f781ff68b0c11cf6143c5d3628
a074b61a69fa75b49b2bba2b7c4ad517
329f8cd6b8e11de90a590092f46c6541
439575d2d0f3dfc2f463f9a2149b4ff8
754718de6518198a55edd061db96d7b7
424958a51f70c3cada4e2df8dc2ea20c
078adc5e83dc46e6dc78c308963859fe
12b07985fdb7122df23b050ca4a5e4fa
cab15225ef60f0c3a44650528c1ed0b6
ee234bb923605710ef8b7ea4b1f8f3cf
bcde1d51f3d7886262e5a6b20126ad5e
d360cae453047a9782f8cadeee5561ca
ed9f6eee24edb4c6aa43584a9a56a47d
ea46657be9491a3719ea0df9bfcb5e91
76834b9fc40713f3296e9e1959aba953
7a11a4b172bf3974f0abb52755e8491e
8fba7741f9c843470caf580400fcbb4d
cd0192bac00f5f5125af5edcda2c4a78
60bbe493c23afd75b98513d484fa2721
741841ac2f7049cada2396312b0932b1
4afc8a35efc23a932fdfc1ff0779278d
b8856dcc7cd114e1a9c3c28ae5263bb5
1c6f25e62320bed1dfa18558ce591fb4
879bf4cdc5fb826373a0d4e8d472aa86
028d1be43e33aa5c08fc23e4321a15f4
8312518a645dd223679f1cf12e1ac081
b18510d71a973fb8e84de1d1f10e1729
8cdb8c86417fd05f50e531939a262d1d
f6cef22c0a06f04c909b8363843cb84c
b08c173c533b9f50ca859bd8cfe904bd
cefd3fb655aa852b422421c921f5c9c0
937a4b9a5f7741ee3a589c47c6d596a6
4fb3d3d5d0e1d30ccdd644a5ebd88750
cc2beeaf56f6fd7c31fee664f5df4908
017c3497115a62bc23c43b15fb88014b
c8bd2b8de8950cbfd216a5e5ad8c5581
fe776d22379e1de5b36b7519f93af9ff
4d6a8347dec1b6d4ed8d05df7523ceba
c5cebbcdcb8a635b883a9d2db08a6bb1
e1fe6cdf662d6a02680fa0b069a93430
e2465dce4783d2ae7af5eb2c7d4576fb
6b2ef380dcbc38a317b27777551bfb41
5c3e7df49491a38487552765fd68afc4
6fcebcf44242ed4f6228ae11d19881d9
26308d42c6702969efd09ec1afc6670f
f005100bc29ce973d85e5849e27ad6f9
eaefa0ed7faccde6ed2834df8a51e2bd
775b903a1dc38fff8c47e21b55b31041
c776e26b53eb0cecd72b59072e4f92ef
d6a53bd47a413e5da5c91f635f5ca251
6e4e70eefa487b80cdc762f80df907ee
247e5bc3eb09036022839271e53cd328
e223bc789fb173a7d2ab9a2f8ee6bfb6
a7f0333b38122953f31a483bcc40e4ee
5dc9d3eeecd57be40b8d47063a9b6ce0
9aab57af2ec340f0bb27c317adebead5
71480ffdae4db8180260eddfc6f93a16
b18c382ce0c10c072cbffa5e8502ac08
278c960c8ddade3df713d7ebfd8c929f
300a0975ce9cd05423b790c0a7595c41
645ae45506fe5166da1d2106a513a131
184055ccd453ade002df63b0f537717b
ab838a5e8515d1f8ab35fcc4ebc283fb
aa398a75ecb0d669edee9668d06181aa
06898b2b564857d861a4b0774a0fa936
5589412d00d669b2c1d21fa3c5264662
9500d0400186696fc4f7f46b5cb2ecf8
a620fab86b5957f4d57f6fa0e275cd8d
de75f30beb379f8b60ffa1b7f1a4eb81
fdce56ce2349b15c7cbc88a064764249
3fb237b7ded561ab673989522bb8185d
cb4dde40f89275d7de6e3842b6ee8455
1aa96c31fe409a0120b184c97ec72553
ac01a0450d531a03ebb5f16c837d11ea
1e075880a81fbacaee717d80ba219e22
ba8001d89237ca80f7d9b72d604ec259
de8eb4eb69b68574323e98e03cf06ce3
a6f8b0bf33df97f759e7e1a25d62ec0c
c43a741c3128fc7de1ab45ed97625f9f
4ec93d8738a93e1607ac0c68cd3b3179
44ae09242c688864be9e6bbce16dffcb
f6f21324e8006018c2f052772de41fed
274cd12dec045c207e5a268cbaa0221e
5e8a84907e34d7c95af9b88bf0fb15b2
3256da73ba27501324dea5a8eb793885
0d9eb1639fc3ec4eb9bb9620604daa2f
5e7e166de23f8eaf26f404ca7d1e8bb6
60f17716257275e0a53ae0f4b3618b8f
501bfe6375ab1b6f5ccdd167c3abea44
e407ea62c7e4452584e7944dece1af4c
8f5fc9312653cad3eb60a53c4d66bdc1
9be848ecde428a46838a2d4feb49f59c
2b25ca3896f5db14dacb9495bc45cd74
7048d5ac461910ac1f404bcd3e086d38
bbfe9cce925fe5f7b58b26fc97e268d3
76c72aec5c5abb418cae65f855cf7e98
87b52eeeaa600c59780015f5a0e899bf
fef805aa37cccb21efff48f440fd6231
7906eeb2899adbe13b6eab8171b8f209
b4591552916be9a09d7bcb013b2e654b
cd2501a89df913d19a55cbe0770322ac
c86be0741ce4135a3ef04df204a65403
b23c3df5a1588926329f3657faa7e9aa
69b713f54872f529997348655cccb1e8
dc028a8ba4e8d5cd8ac3eb8afcd5c0f1
aa8fa30c3a88c390341c3c2be0b1f374
958dd7240d71a1f2c43b0fdd2c2454c0
34968622ad1f3161d8a65d30b4099568
6ea2ec2ac193fcd57d9455a0502fee72
d0498882d3197bfbf2e0599bf0508a27
abd729954f1848531f14a96b6db236df
930d3b8d00d24e647fdb51d0f37244cb
8801a48a192155f1b83cd58a7f951b26
5958348dfa52b9d23d62fd963375f848
a527f739cf93be3347375a497e977d1d
1e23092d455557499afe8d0de88715a4
47e3bc57b2786c1e67502d022686ff3f
5466c9bdbc5980670dfb7545df8659b1
3855c7f4b760e34af17af0b0aee177ba
66b54ac309a631dde56178bf5ca23607
ea911e20932bb15488bba16c4b3f910d
48ba84b43772dbd366a199a24a712126
9a369edbb37755be5e1a9abbb810df6d
eee36f4f666665d09eb21f6a4b368f60
f6def624dcc580698a47740405700a8c
07ac0002e9ab3c21da433a9d49a5241a
75138e0d5e04fee627d0d0998e1d7509
5b71bc451daa785458baeb5269c83367
54e717014b4974429abbdaf560e1d200
33cc54a12afb71060a7a61e8b93c350f
cd115212ef3c11d6a575631adb048732
9f2c656a7ce3c4f092163eb63ef52d9e
0d63a809e2cf4e9e80c1228efae99a32
28f25a573c56842d6df192f74d6d6533
afbe66d5ce84e1fd3cd7005e071b3d22
55929d71a291d87c0ba62b8b5b82ac04
b482a53e23aca4080fea528e74775012
f8534fc656025dcd2f9e8ec8c54e81a2
edbc687f2d4d24bdb6a3f0cd1264c9c8
1c2c99d05855197adbfa9ba0364f9da1
5c1579df167e608e43befcd132b7d088
ada98d53e6f5bd40e53111b1d04a18c2
f3986a1e59a219d4495fa2b0537dd94a
e2187cb38651009362267c5c9f17edef
b72c702244c98f3b18b6e84d3f912ecd
cc1f2cd10298f686caf0d4f1dd0eea6d
4406347f9423a50d8e048efabf4e6167
083cfd9ac021379a4f66fb859ce39949
209eb27a67cf98fb5a2445d0477d4336
1bbd56bfd1f0572d6807c33243bc51b4
99d0bbb25002267068545637cf8030b3
7c3821f2878238ba15b4ac2f2d83837f
4f13d8d05bac99b272b1ec08ae090ad3
01554e4ed2badc7663b2979cdace4f68
2ff78d26b939418a58cde66cdecb6874
a856c11bf7efc2446a4444639db2d235
4209327aa326997595cbba25116d1149
4e9c1c644ca3608856e237e0d9ea26cd
0916359fffda1e9b5fa0e56c74169fa0
0d956c70299562a28b3709ee1e0ad8d5
57e145d949b39ef818afd582408073e6
6694a672e608cf9d0d9c8e20345a5b28
49b4005af09b6e216a61bae16ba891aa
d943dcf81b29a510c9cf4b72a639279c
1a24e75bb608a02a6894986e6f6f1973
3c2e2ed2acfea8e1675dac29b179f40f
a88ce836a8fa3dfc396465be40a5979c
3736601ea518cd707a46c60230e59212
5e097df7a36ae24882be508749468bcd
c2296baae4496a9e2f3f0b00db3e5585
c75d1a461bd813fbf8fc203b27bccec2
badb9f7b0f801ef6e43150c1cf48afa6
efafaeed3080be14777f4efcf73f53b6
44a9f1ac07ad8e014fed1aa6b3444dae
61bf3df0c2189057e627bf8600b228d3
44cc8003861ce806041ce986485d1a04
412cbbe94ec5e93854bec9d5f48a098b
ad7e53eab8925256637c837c0e8f9e95
afdd2b65f74452829d79e90996e4f7bf
8536aaf254d342dc11f149eef2fd0b3f
512fff53917799dd8f529789ea4a029a
6df5d7a7d580569232eb1b729c6b3adc
46f48e3e28e571a66e273aea97de977c
32e2ab5bc4c038916f6da3be6ad22b6b
0f437d555e421ed5307cc83938de4af9
4f8d6388186c9b9964e8f686a28fe7d0
8a03a5cf27f66308c54d329f41936e80
6221615a81bca1bb8808a8718e6a69da
81b758954e48c0556cdc4087d893eb46
50bf4efc933490a5e1068e720d442d87
214fe6f0396a3c0be0b8e1a5a636f8e1
168b7bdec4161f24ced7835245282afc
cd52bfaac34bddc958cf6d919ba014b6
fc429b828c33ff6c7b90ee30ee50c632
aab823fabee3321ee9e0c12437846ac0
5d7f471bde9dae841591dcf9aa2e1853
dc93f5a92ec982eb4162f2b01197eb40
a4e16f2f510a80578ea4e0ce5acaac85
55624ff62bef27416a70bbca6af4748b
4290d3c9ce5efc2fe37b498e62b249ca
504f325809f80197de0c9ac63f1c47f3
debd5b71c8ce41fbe9bdc2849b156d7a
3aa66d3850fa0bd74937f090739479ba
1985f435213d222f77b026e4a5c42260
dfe7192797ea6e3097990baefb3fd3a5
b71ad66822dce7f21afac16e35bece20
55847a10ba043ed30023899ab659c315
c557b4209e4794b1b3815e2a4f245b72
3c5ebe1b2eb8126d7f3af48812aa9024
40f02a38d2e11fbca732ed4fa81aad6b
512f46d989fda0d91242c5f7a0f37a24
5270ef470b238cc9ceaa2beb02e4bda8
cdef00dfee5d6917f65aef2e9a011ed4
1fcc093c966fa3f971401e15d49786e7
812e2ef5ebfef7e3d434689cb97e0fd7
26d56d104fa513f500f74b4d615b4bb6
34ae5c1275a373b3ed4683ed121d6f18
61bcfd10207914a1e29e772ebbe0da56
b7beda5910d55d17c78c3935303b1ef0
74f5b82d39e4e698854fe23bbcc56c56
da48480f94e36e8eac25326ec017e238
f4c9a444d345e8336ad3cf9adea92f9e
6d3c07ce4389ec3908d1f2bf4fc94ff2
0849fca3ebdc93192c9048ee97beec07
667008177342ea1b6d7f2ab8119cfcaf
fc69304b34fbfeb81c33a2b9867e5670
9c4e9a90f05036bdf3cea9a07e42a590
5c7997cac5aa61d6927fd0cd0b1d87cc
7b205dd6f9ab8cc319120bdbc25dde38
f7f99dc83b5afbb05a7ecbfc0b15a6f6
fc0b676ca31a4b2d904b485a44e29b1a
2898cdc27c85460a9227901c7c8c43d2
3d3f34b8d75b077277e797f642a702a4
cf8bcf62303eabac72db2a770809bbc3
f350721a3e9ebd7f91942c77e8f688e3
043346c15999b9c83c9c796da08f9310
14f0a9708faffed5d04c8ca8a4a3cf2e
0fe1e690d1f246b779a663123c2ec9ff
640f3f89cb87dd375667fc7c574958fd
048095e6b6c4a27f38f1cb08900f91e9
0a799b3d7e9d28f492deed3a3702c003
494e97dcada28e5eca7bd325d779819b
ec2f3d749c3f11ebc133005422b87969
f181358134287766b7547a5bc229637b
296f89fd4d408143b79bfed65155cf76
e4901d6372ef6fb82f33680cf5d1b6b8
b9c6e2536931bcf58b58352b0053ddb1
b75e3280eb9831ccaede4d71721c9873
818c92a4eb24217841c2b3bcd1f76e64
3b794e7a4a40fd840454f65f13c2eb67
84c9c962dd8950884de8e88b3404046b
b66a9de98f3c459b9012a4b5288b9477
590bdca9b6148a6bfbd460f8634e9b3b
201d2c183266ae8e026c71d659c587bd
9ffc0a3af63549c88c58982c33ea8391
050ebe3aee15a19e584c9e2df718496d
c17a32f781ff68b0c11cf6143c5d3628
a074b61a69fa75b49b2bba2b7c4ad517
329f8cd6b8e11de90a590092f46c6541
439575d2d0f3dfc2f463f9a2149b4ff8
754718de6518198a55edd061db96d7b7
424958a51f70c3cada4e2df8dc2ea20c
078adc5e83dc46e6dc78c308963859fe
12b07985fdb7122df23b050ca4a5e4fa
cab15225ef60f0c3a44650528c1ed0b6
ee234bb923605710ef8b7ea4b1f8f3cf
bcde1d51f3d7886262e5a6b20126ad5e
d360cae453047a9782f8cadeee5561ca
ed9f6eee24edb4c6aa43584a9a56a47d
ea46657be9491a3719ea0df9bfcb5e91
76834b9fc40713f3296e9e1959aba953
7a11a4b172bf3974f0abb52755e8491e
8fba7741f9c843470caf580400fcbb4d
cd0192bac00f5f5125af5edcda2c4a78
60bbe493c23afd75b98513d484fa2721
741841ac2f7049cada2396312b0932b1
4afc8a35efc23a932fdfc1ff0779278d
b8856dcc7cd114e1a9c3c28ae5263bb5
1c6f25e62320bed1dfa18558ce591fb4
879bf4cdc5fb826373a0d4e8d472aa86
028d1be43e33aa5c08fc23e4321a15f4
8312518a645dd223679f1cf12e1ac081
b18510d71a973fb8e84de1d1f10e1729
8cdb8c86417fd05f50e531939a262d1d
f6cef22c0a06f04c909b8363843cb84c
b08c173c533b9f50ca859bd8cfe904bd
cefd3fb655aa852b422421c921f5c9c0
937a4b9a5f7741ee3a589c47c6d596a6
4fb3d3d5d0e1d30ccdd644a5ebd88750
cc2beeaf56f6fd7c31fee664f5df4908
017c3497115a62bc23c43b15fb88014b
c8bd2b8de8950cbfd216a5e5ad8c5581
fe776d22379e1de5b36b7519f93af9ff
4d6a8347dec1b6d4ed8d05df7523ceba
c5cebbcdcb8a635b883a9d2db08a6bb1
e1fe6cdf662d6a02680fa0b069a93430
e2465dce4783d2ae7af5eb2c7d4576fb
6b2ef380dcbc38a317b27777551bfb41
5c3e7df49491a38487552765fd68afc4
6fcebcf44242ed4f6228ae11d19881d9
26308d42c6702969efd09ec1afc6670f
f005100bc29ce973d85e5849e27ad6f9
eaefa0ed7faccde6ed2834df8a51e2bd
775b903a1dc38fff8c47e21b55b31041
c776e26b53eb0cecd72b59072e4f92ef
d6a53bd47a413e5da5c91f635f5ca251
6e4e70eefa487b80cdc762f80df907ee
247e5bc3eb09036022839271e53cd328
e223bc789fb173a7d2ab9a2f8ee6bfb6
a7f0333b38122953f31a483bcc40e4ee
5dc9d3eeecd57be40b8d47063a9b6ce0
9aab57af2ec340f0bb27c317adebead5
71480ffdae4db8180260eddfc6f93a16
b18c382ce0c10c072cbffa5e8502ac08
278c960c8ddade3df713d7ebfd8c929f
300a0975ce9cd05423b790c0a7595c41
645ae45506fe5166da1d2106a513a131
184055ccd453ade002df63b0f537717b
ab838a5e8515d1f8ab35fcc4ebc283fb
aa398a75ecb0d669edee9668d06181aa
06898b2b564857d861a4b0774a0fa936
5589412d00d669b2c1d21fa3c5264662
9500d0400186696fc4f7f46b5cb2ecf8
a620fab86b5957f4d57f6fa0e275cd8d
de75f30beb379f8b60ffa1b7f1a4eb81
fdce56ce2349b15c7cbc88a064764249
3fb237b7ded561ab673989522bb8185d
cb4dde40f89275d7de6e3842b6ee8455
1aa96c31fe409a0120b184c97ec72553
ac01a0450d531a03ebb5f16c837d11ea
1e075880a81fbacaee717d80ba219e22
ba8001d89237ca80f7d9b72d604ec259
de8eb4eb69b68574323e98e03cf06ce3
a6f8b0bf33df97f759e7e1a25d62ec0c
c43a741c3128fc7de1ab45ed97625f9f
4ec93d8738a93e1607ac0c68cd3b3179
44ae09242c688864be9e6bbce16dffcb
f6f21324e8006018c2f052772de41fed
274cd12dec045c207e5a268cbaa0221e
5e8a84907e34d7c95af9b88bf0fb15b2
3256da73ba27501324dea5a8eb793885
0d9eb1639fc3ec4eb9bb9620604daa2f
5e7e166de23f8eaf26f404ca7d1e8bb6
60f17716257275e0a53ae0f4b3618b8f
501bfe6375ab1b6f5ccdd167c3abea44
e407ea62c7e4452584e7944dece1af4c
8f5fc9312653cad3eb60a53c4d66bdc1
9be848ecde428a46838a2d4feb49f59c
2b25ca3896f5db14dacb9495bc45cd74
7048d5ac461910ac1f404bcd3e086d38
bbfe9cce925fe5f7b58b26fc97e268d3
76c72aec5c5abb418cae65f855cf7e98
87b52eeeaa600c59780015f5a0e899bf
fef805aa37cccb21efff48f440fd6231
7906eeb2899adbe13b6eab8171b8f209
b4591552916be9a09d7bcb013b2e654b
cd2501a89df913d19a55cbe0770322ac
c86be0741ce4135a3ef04df204a65403
b23c3df5a1588926329f3657faa7e9aa
69b713f54872f529997348655cccb1e8
dc028a8ba4e8d5cd8ac3eb8afcd5c0f1
aa8fa30c3a88c390341c3c2be0b1f374
958dd7240d71a1f2c43b0fdd2c2454c0
34968622ad1f3161d8a65d30b4099568
6ea2ec2ac193fcd57d9455a0502fee72
d0498882d3197bfbf2e0599bf0508a27
abd729954f1848531f14a96b6db236df
930d3b8d00d24e647fdb51d0f37244cb
8801a48a192155f1b83cd58a7f951b26
5958348dfa52b9d23d62fd963375f848
a527f739cf93be3347375a497e977d1d
1e23092d455557499afe8d0de88715a4
47e3bc57b2786c1e67502d022686ff3f
5466c9bdbc5980670dfb7545df8659b1
3855c7f4b760e34af17af0b0aee177ba
66b54ac309a631dde56178bf5ca23607
ea911e20932bb15488bba16c4b3f910d
48ba84b43772dbd366a199a24a712126
9a369edbb37755be5e1a9abbb810df6d
eee36f4f666665d09eb21f6a4b368f60
f6def624dcc580698a47740405700a8c
07ac0002e9ab3c21da433a9d49a5241a
75138e0d5e04fee627d0d0998e1d7509
5b71bc451daa785458baeb5269c83367
54e717014b4974429abbdaf560e1d200
33cc54a12afb71060a7a61e8b93c350f
cd115212ef3c11d6a575631adb048732
9f2c656a7ce3c4f092163eb63ef52d9e
0d63a809e2cf4e9e80c1228efae99a32
28f25a573c56842d6df192f74d6d6533
afbe66d5ce84e1fd3cd7005e071b3d22
55929d71a291d87c0ba62b8b5b82ac04
b482a53e23aca4080fea528e74775012
f8534fc656025dcd2f9e8ec8c54e81a2
edbc687f2d4d24bdb6a3f0cd1264c9c8
1c2c99d05855197adbfa9ba0364f9da1
5c1579df167e608e43befcd132b7d088
ada98d53e6f5bd40e53111b1d04a18c2
f3986a1e59a219d4495fa2b0537dd94a
e2187cb38651009362267c5c9f17edef
b72c702244c98f3b18b6e84d3f912ecd
cc1f2cd10298f686caf0d4f1dd0eea6d
4406347f9423a50d8e048efabf4e6167
083cfd9ac021379a4f66fb859ce39949
209eb27a67cf98fb5a2445d0477d4336
1bbd56bfd1f0572d6807c33243bc51b4
99d0bbb25002267068545637cf8030b3
7c3821f2878238ba15b4ac2f2d83837f
4f13d8d05bac99b272b1ec08ae090ad3
01554e4ed2badc7663b2979cdace4f68
2ff78d26b939418a58cde66cdecb6874
a856c11bf7efc2446a4444639db2d235
4209327aa326997595cbba25116d1149
4e9c1c644ca3608856e237e0d9ea26cd
0916359fffda1e9b5fa0e56c74169fa0
0d956c70299562a28b3709ee1e0ad8d5
57e145d949b39ef818afd582408073e6
6694a672e608cf9d0d9c8e20345a5b28
49b4005af09b6e216a61bae16ba891aa
d943dcf81b29a510c9cf4b72a639279c
1a24e75bb608a02a6894986e6f6f1973
3c2e2ed2acfea8e1675dac29b179f40f
a88ce836a8fa3dfc396465be40a5979c
3736601ea518cd707a46c60230e59212
5e097df7a36ae24882be508749468bcd
c2296baae4496a9e2f3f0b00db3e5585
c75d1a461bd813fbf8fc203b27bccec2
badb9f7b0f801ef6e43150c1cf48afa6
efafaeed3080be14777f4efcf73f53b6
44a9f1ac07ad8e014fed1aa6b3444dae
61bf3df0c2189057e627bf8600b228d3
44cc8003861ce806041ce986485d1a04
412cbbe94ec5e93854bec9d5f48a098b
ad7e53eab8925256637c837c0e8f9e95
afdd2b65f74452829d79e90996e4f7bf
8536aaf254d342dc11f149eef2fd0b3f
512fff53917799dd8f529789ea4a029a
6df5d7a7d580569232eb1b729c6b3adc
46f48e3e28e571a66e273aea97de977c
32e2ab5bc4c038916f6da3be6ad22b6b
0f437d555e421ed5307cc83938de4af9
4f8d6388186c9b9964e8f686a28fe7d0
8a03a5cf27f66308c54d329f41936e80
6221615a81bca1bb8808a8718e6a69da
81b758954e48c0556cdc4087d893eb46
50bf4efc933490a5e1068e720d442d87
214fe6f0396a3c0be0b8e1a5a636f8e1
168b7bdec4161f24ced7835245282afc
cd52bfaac34bddc958cf6d919ba014b6
fc429b828c33ff6c7b90ee30ee50c632
aab823fabee3321ee9e0c12437846ac0
5d7f471bde9dae841591dcf9aa2e1853
dc93f5a92ec982eb4162f2b01197eb40
a4e16f2f510a80578ea4e0ce5acaac85
55624ff62bef27416a70bbca6af4748b
4290d3c9ce5efc2fe37b498e62b249ca
504f325809f80197de0c9ac63f1c47f3
debd5b71c8ce41fbe9bdc2849b156d7a
3aa66d3850fa0bd74937f090739479ba
1985f435213d222f77b026e4a5c42260
dfe7192797ea6e3097990baefb3fd3a5
b71ad66822dce7f21afac16e35bece20
55847a10ba043ed30023899ab659c315
c557b4209e4794b1b3815e2a4f245b72
3c5ebe1b2eb8126d7f3af48812aa9024
40f02a38d2e11fbca732ed4fa81aad6b
512f46d989fda0d91242c5f7a0f37a24
5270ef470b238cc9ceaa2beb02e4bda8
cdef00dfee5d6917f65aef2e9a011ed4
1fcc093c966fa3f971401e15d49786e7
812e2ef5ebfef7e3d434689cb97e0fd7
26d56d104fa513f500f74b4d615b4bb6
34ae5c1275a373b3ed4683ed121d6f18
61bcfd10207914a1e29e772ebbe0da56
b7beda5910d55d17c78c3935303b1ef0
74f5b82d39e4e698854fe23bbcc56c56
da48480f94e36e8eac25326ec017e238
f4c9a444d345e8336ad3cf9adea92f9e
6d3c07ce4389ec3908d1f2bf4fc94ff2
0849fca3ebdc93192c9048ee97beec07
667008177342ea1b6d7f2ab8119cfcaf
fc69304b34fbfeb81c33a2b9867e5670
9c4e9a90f05036bdf3cea9a07e42a590
5c7997cac5aa61d6927fd0cd0b1d87cc
7b205dd6f9ab8cc319120bdbc25dde38
f7f99dc83b5afbb05a7ecbfc0b15a6f6
fc0b676ca31a4b2d904b485a44e29b1a
2898cdc27c85460a9227901c7c8c43d2
3d3f34b8d75b077277e797f642a702a4
cf8bcf62303eabac72db2a770809bbc3
f350721a3e9ebd7f91942c77e8f688e3
043346c15999b9c83c9c796da08f9310
14f0a9708faffed5d04c8ca8a4a3cf2e
0fe1e690d1f246b779a663123c2ec9ff
640f3f89cb87dd375667fc7c574958fd
048095e6b6c4a27f38f1cb08900f91e9
0a799b3d7e9d28f492deed3a3702c003
494e97dcada28e5eca7bd325d779819b
ec2f3d749c3f11ebc133005422b87969
f181358134287766b7547a5bc229637b
296f89fd4d408143b79bfed65155cf76
e4901d6372ef6fb82f33680cf5d1b6b8
b9c6e2536931bcf58b58352b0053ddb1
b75e3280eb9831ccaede4d71721c9873
818c92a4eb24217841c2b3bcd1f76e64
3b794e7a4a40fd840454f65f13c2eb67
84c9c962dd8950884de8e88b3404046b
b66a9de98f3c459b9012a4b5288b9477
590bdca9b6148a6bfbd460f8634e9b3b
201d2c183266ae8e026c71d659c587bd
9ffc0a3af63549c88c58982c33ea8391
050ebe3aee15a19e584c9e2df718496d
c17a32f781ff68b0c11cf6143c5d3628
a074b61a69fa75b49b2bba2b7c4ad517
329f8cd6b8e11de90a590092f46c6541
439575d2d0f3dfc2f463f9a2149b4ff8
754718de6518198a55edd061db96d7b7
424958a51f70c3cada4e2df8dc2ea20c
078adc5e83dc46e6dc78c308963859fe
12b07985fdb7122df23b050ca4a5e4fa
cab15225ef60f0c3a44650528c1ed0b6
ee234bb923605710ef8b7ea4b1f8f3cf
bcde1d51f3d7886262e5a6b20126ad5e
d360cae453047a9782f8cadeee5561ca
ed9f6eee24edb4c6aa43584a9a56a47d
ea46657be9491a3719ea0df9bfcb5e91
76834b9fc40713f3296e9e1959aba953
7a11a4b172bf3974f0abb52755e8491e
8fba7741f9c843470caf580400fcbb4d
cd0192bac00f5f5125af5edcda2c4a78
60bbe493c23afd75b98513d484fa2721
741841ac2f7049cada2396312b0932b1
4afc8a35efc23a932fdfc1ff0779278d
b8856dcc7cd114e1a9c3c28ae5263bb5
1c6f25e62320bed1dfa18558ce591fb4
879bf4cdc5fb826373a0d4e8d472aa86
028d1be43e33aa5c08fc23e4321a15f4
8312518a645dd223679f1cf12e1ac081
b18510d71a973fb8e84de1d1f10e1729
8cdb8c86417fd05f50e531939a262d1d
f6cef22c0a06f04c909b8363843cb84c
b08c173c533b9f50ca859bd8cfe904bd
cefd3fb655aa852b422421c921f5c9c0
937a4b9a5f7741ee3a589c47c6d596a6
4fb3d3d5d0e1d30ccdd644a5ebd88750
cc2beeaf56f6fd7c31fee664f5df4908
017c3497115a62bc23c43b15fb88014b
c8bd2b8de8950cbfd216a5e5ad8c5581
fe776d22379e1de5b36b7519f93af9ff
4d6a8347dec1b6d4ed8d05df7523ceba
c5cebbcdcb8a635b883a9d2db08a6bb1
e1fe6cdf662d6a02680fa0b069a93430
e2465dce4783d2ae7af5eb2c7d4576fb
6b2ef380dcbc38a317b27777551bfb41
5c3e7df49491a38487552765fd68afc4
6fcebcf44242ed4f6228ae11d19881d9
26308d42c6702969efd09ec1afc6670f
f005100bc29ce973d85e5849e27ad6f9
eaefa0ed7faccde6ed2834df8a51e2bd
775b903a1dc38fff8c47e21b55b31041
c776e26b53eb0cecd72b59072e4f92ef
d6a53bd47a413e5da5c91f635f5ca251
6e4e70eefa487b80cdc762f80df907ee
247e5bc3eb09036022839271e53cd328
e223bc789fb173a7d2ab9a2f8ee6bfb6
a7f0333b38122953f31a483bcc40e4ee
5dc9d3eeecd57be40b8d47063a9b6ce0
9aab57af2ec340f0bb27c317adebead5
71480ffdae4db8180260eddfc6f93a16
b18c382ce0c10c072cbffa5e8502ac08
278c960c8ddade3df713d7ebfd8c929f
300a0975ce9cd05423b790c0a7595c41
645ae45506fe5166da1d2106a513a131
184055ccd453ade002df63b0f537717b
ab838a5e8515d1f8ab35fcc4ebc283fb
aa398a75ecb0d669edee9668d06181aa
06898b2b564857d861a4b0774a0fa936
5589412d00d669b2c1d21fa3c5264662
9500d0400186696fc4f7f46b5cb2ecf8
a620fab86b5957f4d57f6fa0e275cd8d
de75f30beb379f8b60ffa1b7f1a4eb81
fdce56ce2349b15c7cbc88a064764249
3fb237b7ded561ab673989522bb8185d
cb4dde40f89275d7de6e3842b6ee8455
1aa96c31fe409a0120b184c97ec72553
ac01a0450d531a03ebb5f16c837d11ea
1e075880a81fbacaee717d80ba219e22
ba8001d89237ca80f7d9b72d604ec259
de8eb4eb69b68574323e98e03cf06ce3
a6f8b0bf33df97f759e7e1a25d62ec0c
c43a741c3128fc7de1ab45ed97625f9f
4ec93d8738a93e1607ac0c68cd3b3179
44ae09242c688864be9e6bbce16dffcb
f6f21324e8006018c2f052772de41fed
274cd12dec045c207e5a268cbaa0221e
5e8a84907e34d7c95af9b88bf0fb15b2
3256da73ba27501324dea5a8eb793885
0d9eb1639fc3ec4eb9bb9620604daa2f
5e7e166de23f8eaf26f404ca7d1e8bb6
60f17716257275e0a53ae0f4b3618b8f
501bfe6375ab1b6f5ccdd167c3abea44
e407ea62c7e4452584e7944dece1af4c
8f5fc9312653cad3eb60a53c4d66bdc1
9be848ecde428a46838a2d4feb49f59c
2b25ca3896f5db14dacb9495bc45cd74
7048d5ac461910ac1f404bcd3e086d38
bbfe9cce925fe5f7b58b26fc97e268d3
76c72aec5c5abb418cae65f855cf7e98
87b52eeeaa600c59780015f5a0e899bf
fef805aa37cccb21efff48f440fd6231
7906eeb2899adbe13b6eab8171b8f209
b4591552916be9a09d7bcb013b2e654b
cd2501a89df913d19a55cbe0770322ac
c86be0741ce4135a3ef04df204a65403
b23c3df5a1588926329f3657faa7e9aa
69b713f54872f529997348655cccb1e8
dc028a8ba4e8d5cd8ac3eb8afcd5c0f1
aa8fa30c3a88c390341c3c2be0b1f374
958dd7240d71a1f2c43b0fdd2c2454c0
34968622ad1f3161d8a65d30b4099568
6ea2ec2ac193fcd57d9455a0502fee72
d0498882d3197bfbf2e0599bf0508a27
abd729954f1848531f14a96b6db236df
930d3b8d00d24e647fdb51d0f37244cb
8801a48a192155f1b83cd58a7f951b26
5958348dfa52b9d23d62fd963375f848
a527f739cf93be3347375a497e977d1d
1e23092d455557499afe8d0de88715a4
47e3bc57b2786c1e67502d022686ff3f
5466c9bdbc5980670dfb7545df8659b1
3855c7f4b760e34af17af0b0aee177ba
66b54ac309a631dde56178bf5ca23607
ea911e20932bb15488bba16c4b3f910d
48ba84b43772dbd366a199a24a712126
9a369edbb37755be5e1a9abbb810df6d
eee36f4f666665d09eb21f6a4b368f60
f6def624dcc580698a47740405700a8c
07ac0002e9ab3c21da433a9d49a5241a
75138e0d5e04fee627d0d0998e1d7509
5b71bc451daa785458baeb5269c83367
54e717014b4974429abbdaf560e1d200
33cc54a12afb71060a7a61e8b93c350f
cd115212ef3c11d6a575631adb048732
9f2c656a7ce3c4f092163eb63ef52d9e
0d63a809e2cf4e9e80c1228efae99a32
28f25a573c56842d6df192f74d6d6533
afbe66d5ce84e1fd3cd7005e071b3d22
55929d71a291d87c0ba62b8b5b82ac04
b482a53e23aca4080fea528e74775012
f8534fc656025dcd2f9e8ec8c54e81a2
edbc687f2d4d24bdb6a3f0cd1264c9c8
1c2c99d05855197adbfa9ba0364f9da1
5c1579df167e608e43befcd132b7d088
ada98d53e6f5bd40e53111b1d04a18c2
f3986a1e59a219d4495fa2b0537dd94a
e2187cb38651009362267c5c9f17edef
b72c702244c98f3b18b6e84d3f912ecd
cc1f2cd10298f686caf0d4f1dd0eea6d
4406347f9423a50d8e048efabf4e6167
083cfd9ac021379a4f66fb859ce39949
209eb27a67cf98fb5a2445d0477d4336
1bbd56bfd1f0572d6807c33243bc51b4
99d0bbb25002267068545637cf8030b3
7c3821f2878238ba15b4ac2f2d83837f
4f13d8d05bac99b272b1ec08ae090ad3
01554e4ed2badc7663b2979cdace4f68
2ff78d26b939418a58cde66cdecb6874
a856c11bf7efc2446a4444639db2d235
4209327aa326997595cbba25116d1149
4e9c1c644ca3608856e237e0d9ea26cd
0916359fffda1e9b5fa0e56c74169fa0
0d956c70299562a28b3709ee1e0ad8d5
57e145d949b39ef818afd582408073e6
6694a672e608cf9d0d9c8e20345a5b28
49b4005af09b6e216a61bae16ba891aa
d943dcf81b29a510c9cf4b72a639279c
1a24e75bb608a02a6894986e6f6f1973
3c2e2ed2acfea8e1675dac29b179f40f
a88ce836a8fa3dfc396465be40a5979c
3736601ea518cd707a46c60230e59212
5e097df7a36ae24882be508749468bcd
c2296baae4496a9e2f3f0b00db3e5585
c75d1a461bd813fbf8fc203b27bccec2
badb9f7b0f801ef6e43150c1cf48afa6
efafaeed3080be14777f4efcf73f53b6
44a9f1ac07ad8e014fed1aa6b3444dae
61bf3df0c2189057e627bf8600b228d3
44cc8003861ce806041ce986485d1a04
412cbbe94ec5e93854bec9d5f48a098b
ad7e53eab8925256637c837c0e8f9e95
afdd2b65f74452829d79e90996e4f7bf
8536aaf254d342dc11f149eef2fd0b3f
512fff53917799dd8f529789ea4a029a
6df5d7a7d580569232eb1b729c6b3adc
46f48e3e28e571a66e273aea97de977c
32e2ab5bc4c038916f6da3be6ad22b6b
0f437d555e421ed5307cc83938de4af9
4f8d6388186c9b9964e8f686a28fe7d0
8a03a5cf27f66308c54d329f41936e80
6221615a81bca1bb8808a8718e6a69da
81b758954e48c0556cdc4087d893eb46
50bf4efc933490a5e1068e720d442d87
214fe6f0396a3c0be0b8e1a5a636f8e1
168b7bdec4161f24ced7835245282afc
cd52bfaac34bddc958cf6d919ba014b6
fc429b828c33ff6c7b90ee30ee50c632
aab823fabee3321ee9e0c12437846ac0
5d7f471bde9dae841591dcf9aa2e1853
dc93f5a92ec982eb4162f2b01197eb40
a4e16f2f510a80578ea4e0ce5acaac85
55624ff62bef27416a70bbca6af4748b
4290d3c9ce5efc2fe37b498e62b249ca
504f325809f80197de0c9ac63f1c47f3
debd5b71c8ce41fbe9bdc2849b156d7a
3aa66d3850fa0bd74937f090739479ba
1985f435213d222f77b026e4a5c42260
dfe7192797ea6e3097990baefb3fd3a5
b71ad66822dce7f21afac16e35bece20
55847a10ba043ed30023899ab659c315
c557b4209e4794b1b3815e2a4f245b72
3c5ebe1b2eb8126d7f3af48812aa9024
40f02a38d2e11fbca732ed4fa81aad6b
512f46d989fda0d91242c5f7a0f37a24
5270ef470b238cc9ceaa2beb02e4bda8
cdef00dfee5d6917f65aef2e9a011ed4
1fcc093c966fa3f971401e15d49786e7
812e2ef5ebfef7e3d434689cb97e0fd7
26d56d104fa513f500f74b4d615b4bb6
34ae5c1275a373b3ed4683ed121d6f18
61bcfd10207914a1e29e772ebbe0da56
b7beda5910d55d17c78c3935303b1ef0
74f5b82d39e4e698854fe23bbcc56c56
da48480f94e36e8eac25326ec017e238
f4c9a444d345e8336ad3cf9adea92f9e
6d3c07ce4389ec3908d1f2bf4fc94ff2
0849fca3ebdc93192c9048ee97beec07
667008177342ea1b6d7f2ab8119cfcaf
fc69304b34fbfeb81c33a2b9867e5670
9c4e9a90f05036bdf3cea9a07e42a590
5c7997cac5aa61d6927fd0cd0b1d87cc
7b205dd6f9ab8cc319120bdbc25dde38
f7f99dc83b5afbb05a7ecbfc0b15a6f6
fc0b676ca31a4b2d904b485a44e29b1a
2898cdc27c85460a9227901c7c8c43d2
3d3f34b8d75b077277e797f642a702a4
cf8bcf62303eabac72db2a770809bbc3
f350721a3e9ebd7f91942c77e8f688e3
043346c15999b9c83c9c796da08f9310
14f0a9708faffed5d04c8ca8a4a3cf2e
0fe1e690d1f246b779a663123c2ec9ff
640f3f89cb87dd375667fc7c574958fd
048095e6b6c4a27f38f1cb08900f91e9
0a799b3d7e9d28f492deed3a3702c003
494e97dcada28e5eca7bd325d779819b
ec2f3d749c3f11ebc133005422b87969
f181358134287766b7547a5bc229637b
296f89fd4d408143b79bfed65155cf76
e4901d6372ef6fb82f33680cf5d1b6b8
b9c6e2536931bcf58b58352b0053ddb1
b75e3280eb9831ccaede4d71721c9873
818c92a4eb24217841c2b3bcd1f76e64
3b794e7a4a40fd840454f65f13c2eb67
84c9c962dd8950884de8e88b3404046b
b66a9de98f3c459b9012a4b5288b9477
590bdca9b6148a6bfbd460f8634e9b3b
201d2c183266ae8e026c71d659c587bd
9ffc0a3af63549c88c58982c33ea8391
050ebe3aee15a19e584c9e2df718496d
c17a32f781ff68b0c11cf6143c5d3628
a074b61a69fa75b49b2bba2b7c4ad517
329f8cd6b8e11de90a590092f46c6541
439575d2d0f3dfc2f463f9a2149b4ff8
754718de6518198a55edd061db96d7b7
424958a51f70c3cada4e2df8dc2ea20c
078adc5e83dc46e6dc78c308963859fe
12b07985fdb7122df23b050ca4a5e4fa
cab15225ef60f0c3a44650528c1ed0b6
ee234bb923605710ef8b7ea4b1f8f3cf
bcde1d51f3d7886262e5a6b20126ad5e
d360cae453047a9782f8cadeee5561ca
ed9f6eee24edb4c6aa43584a9a56a47d
ea46657be9491a3719ea0df9bfcb5e91
76834b9fc40713f3296e9e1959aba953
7a11a4b172bf3974f0abb52755e8491e
8fba7741f9c843470caf580400fcbb4d
cd0192bac00f5f5125af5edcda2c4a78
60bbe493c23afd75b98513d484fa2721
741841ac2f7049cada2396312b0932b1
4afc8a35efc23a932fdfc1ff0779278d
b8856dcc7cd114e1a9c3c28ae5263bb5
1c6f25e62320bed1dfa18558ce591fb4
879bf4cdc5fb826373a0d4e8d472aa86
028d1be43e33aa5c08fc23e4321a15f4
8312518a645dd223679f1cf12e1ac081
b18510d71a973fb8e84de1d1f10e1729
8cdb8c86417fd05f50e531939a262d1d
f6cef22c0a06f04c909b8363843cb84c
b08c173c533b9f50ca859bd8cfe904bd
cefd3fb655aa852b422421c921f5c9c0
937a4b9a5f7741ee3a589c47c6d596a6
4fb3d3d5d0e1d30ccdd644a5ebd88750
cc2beeaf56f6fd7c31fee664f5df4908
017c3497115a62bc23c43b15fb88014b
c8bd2b8de8950cbfd216a5e5ad8c5581
fe776d22379e1de5b36b7519f93af9ff
4d6a8347dec1b6d4ed8d05df7523ceba
c5cebbcdcb8a635b883a9d2db08a6bb1
e1fe6cdf662d6a02680fa0b069a93430
e2465dce4783d2ae7af5eb2c7d4576fb
6b2ef380dcbc38a317b27777551bfb41
5c3e7df49491a38487552765fd68afc4
6fcebcf44242ed4f6228ae11d19881d9
26308d42c6702969efd09ec1afc6670f
f005100bc29ce973d85e5849e27ad6f9
eaefa0ed7faccde6ed2834df8a51e2bd
775b903a1dc38fff8c47e21b55b31041
c776e26b53eb0cecd72b59072e4f92ef
d6a53bd47a413e5da5c91f635f5ca251
6e4e70eefa487b80cdc762f80df907ee
247e5bc3eb09036022839271e53cd328
e223bc789fb173a7d2ab9a2f8ee6bfb6
a7f0333b38122953f31a483bcc40e4ee
5dc9d3eeecd57be40b8d47063a9b6ce0
9aab57af2ec340f0bb27c317adebead5
71480ffdae4db8180260eddfc6f93a16
b18c382ce0c10c072cbffa5e8502ac08
278c960c8ddade3df713d7ebfd8c929f
300a0975ce9cd05423b790c0a7595c41
645ae45506fe5166da1d2106a513a131
184055ccd453ade002df63b0f537717b
ab838a5e8515d1f8ab35fcc4ebc283fb
aa398a75ecb0d669edee9668d06181aa
06898b2b564857d861a4b0774a0fa936
5589412d00d669b2c1d21fa3c5264662
9500d0400186696fc4f7f46b5cb2ecf8
a620fab86b5957f4d57f6fa0e275cd8d
de75f30beb379f8b60ffa1b7f1a4eb81
fdce56ce2349b15c7cbc88a064764249
3fb237b7ded561ab673989522bb8185d
cb4dde40f89275d7de6e3842b6ee8455
1aa96c31fe409a0120b184c97ec72553
ac01a0450d531a03ebb5f16c837d11ea
1e075880a81fbacaee717d80ba219e22
ba8001d89237ca80f7d9b72d604ec259
de8eb4eb69b68574323e98e03cf06ce3
a6f8b0bf33df97f759e7e1a25d62ec0c
c43a741c3128fc7de1ab45ed97625f9f
4ec93d8738a93e1607ac0c68cd3b3179
44ae09242c688864be9e6bbce16dffcb
f6f21324e8006018c2f052772de41fed
274cd12dec045c207e5a268cbaa0221e
5e8a84907e34d7c95af9b88bf0fb15b2
3256da73ba27501324dea5a8eb793885
0d9eb1639fc3ec4eb9bb9620604daa2f
5e7e166de23f8eaf26f404ca7d1e8bb6
60f17716257275e0a53ae0f4b3618b8f
501bfe6375ab1b6f5ccdd167c3abea44
e407ea62c7e4452584e7944dece1af4c
8f5fc9312653cad3eb60a53c4d66bdc1
9be848ecde428a46838a2d4feb49f59c
2b25ca3896f5db14dacb9495bc45cd74
7048d5ac461910ac1f404bcd3e086d38
bbfe9cce925fe5f7b58b26fc97e268d3
76c72aec5c5abb418cae65f855cf7e98
87b52eeeaa600c59780015f5a0e899bf
fef805aa37cccb21efff48f440fd6231
7906eeb2899adbe13b6eab8171b8f209
b4591552916be9a09d7bcb013b2e654b
cd2501a89df913d19a55cbe0770322ac
c86be0741ce4135a3ef04df204a65403
b23c3df5a1588926329f3657faa7e9aa
69b713f54872f529997348655cccb1e8
dc028a8ba4e8d5cd8ac3eb8afcd5c0f1
aa8fa30c3a88c390341c3c2be0b1f374
958dd7240d71a1f2c43b0fdd2c2454c0
34968622ad1f3161d8a65d30b4099568
6ea2ec2ac193fcd57d9455a0502fee72
d0498882d3197bfbf2e0599bf0508a27
abd729954f1848531f14a96b6db236df
930d3b8d00d24e647fdb51d0f37244cb
8801a48a192155f1b83cd58a7f951b26
5958348dfa52b9d23d62fd963375f848
a527f739cf93be3347375a497e977d1d
1e23092d455557499afe8d0de88715a4
47e3bc57b2786c1e67502d022686ff3f
5466c9bdbc5980670dfb7545df8659b1
3855c7f4b760e34af17af0b0aee177ba
66b54ac309a631dde56178bf5ca23607
ea911e20932bb15488bba16c4b3f910d
48ba84b43772dbd366a199a24a712126
9a369edbb37755be5e1a9abbb810df6d
eee36f4f666665d09eb21f6a4b368f60
f6def624dcc580698a47740405700a8c
07ac0002e9ab3c21da433a9d49a5241a
75138e0d5e04fee627d0d0998e1d7509
5b71bc451daa785458baeb5269c83367
54e717014b4974429abbdaf560e1d200
33cc54a12afb71060a7a61e8b93c350f
cd115212ef3c11d6a575631adb048732
9f2c656a7ce3c4f092163eb63ef52d9e
0d63a809e2cf4e9e80c1228efae99a32
28f25a573c56842d6df192f74d6d6533
afbe66d5ce84e1fd3cd7005e071b3d22
55929d71a291d87c0ba62b8b5b82ac04
b482a53e23aca4080fea528e74775012
f8534fc656025dcd2f9e8ec8c54e81a2
edbc687f2d4d24bdb6a3f0cd1264c9c8
1c2c99d05855197adbfa9ba0364f9da1
5c1579df167e608e43befcd132b7d088
ada98d53e6f5bd40e53111b1d04a18c2
f3986a1e59a219d4495fa2b0537dd94a
e2187cb38651009362267c5c9f17edef
b72c702244c98f3b18b6e84d3f912ecd
cc1f2cd10298f686caf0d4f1dd0eea6d
4406347f9423a50d8e048efabf4e6167
083cfd9ac021379a4f66fb859ce39949
209eb27a67cf98fb5a2445d0477d4336
1bbd56bfd1f0572d6807c33243bc51b4
99d0bbb25002267068545637cf8030b3
7c3821f2878238ba15b4ac2f2d83837f
4f13d8d05bac99b272b1ec08ae090ad3
01554e4ed2badc7663b2979cdace4f68
2ff78d26b939418a58cde66cdecb6874
a856c11bf7efc2446a4444639db2d235
4209327aa326997595cbba25116d1149
4e9c1c644ca3608856e237e0d9ea26cd
0916359fffda1e9b5fa0e56c74169fa0
0d956c70299562a28b3709ee1e0ad8d5
57e145d949b39ef818afd582408073e6
6694a672e608cf9d0d9c8e20345a5b28
49b4005af09b6e216a61bae16ba891aa
d943dcf81b29a510c9cf4b72a639279c
1a24e75bb608a02a6894986e6f6f1973
3c2e2ed2acfea8e1675dac29b179f40f
a88ce836a8fa3dfc396465be40a5979c
3736601ea518cd707a46c60230e59212
5e097df7a36ae24882be508749468bcd
c2296baae4496a9e2f3f0b00db3e5585
c75d1a461bd813fbf8fc203b27bccec2
badb9f7b0f801ef6e43150c1cf48afa6
efafaeed3080be14777f4efcf73f53b6
44a9f1ac07ad8e014fed1aa6b3444dae
61bf3df0c2189057e627bf8600b228d3
44cc8003861ce806041ce986485d1a04
412cbbe94ec5e93854bec9d5f48a098b
ad7e53eab8925256637c837c0e8f9e95
afdd2b65f74452829d79e90996e4f7bf
8536aaf254d342dc11f149eef2fd0b3f
512fff53917799dd8f529789ea4a029a
6df5d7a7d580569232eb1b729c6b3adc
46f48e3e28e571a66e273aea97de977c
32e2ab5bc4c038916f6da3be6ad22b6b
0f437d555e421ed5307cc83938de4af9
4f8d6388186c9b9964e8f686a28fe7d0
8a03a5cf27f66308c54d329f41936e80
6221615a81bca1bb8808a8718e6a69da
81b758954e48c0556cdc4087d893eb46
50bf4efc933490a5e1068e720d442d87
214fe6f0396a3c0be0b8e1a5a636f8e1
168b7bdec4161f24ced7835245282afc
cd52bfaac34bddc958cf6d919ba014b6
fc429b828c33ff6c7b90ee30ee50c632
aab823fabee3321ee9e0c12437846ac0
5d7f471bde9dae841591dcf9aa2e1853
dc93f5a92ec982eb4162f2b01197eb40
a4e16f2f510a80578ea4e0ce5acaac85
55624ff62bef27416a70bbca6af4748b
4290d3c9ce5efc2fe37b498e62b249ca
504f325809f80197de0c9ac63f1c47f3
debd5b71c8ce41fbe9bdc2849b156d7a
3aa66d3850fa0bd74937f090739479ba
1985f435213d222f77b026e4a5c42260
dfe7192797ea6e3097990baefb3fd3a5
b71ad66822dce7f21afac16e35bece20
55847a10ba043ed30023899ab659c315
c557b4209e4794b1b3815e2a4f245b72
3c5ebe1b2eb8126d7f3af48812aa9024
40f02a38d2e11fbca732ed4fa81aad6b
512f46d989fda0d91242c5f7a0f37a24
5270ef470b238cc9ceaa2beb02e4bda8
cdef00dfee5d6917f65aef2e9a011ed4
1fcc093c966fa3f971401e15d49786e7
812e2ef5ebfef7e3d434689cb97e0fd7
26d56d104fa513f500f74b4d615b4bb6
34ae5c1275a373b3ed4683ed121d6f18
61bcfd10207914a1e29e772ebbe0da56
b7beda5910d55d17c78c3935303b1ef0
74f5b82d39e4e698854fe23bbcc56c56
da48480f94e36e8eac25326ec017e238
f4c9a444d345e8336ad3cf9adea92f9e
6d3c07ce4389ec3908d1f2bf4fc94ff2
0849fca3ebdc93192c9048ee97beec07
667008177342ea1b6d7f2ab8119cfcaf
fc69304b34fbfeb81c33a2b9867e5670
9c4e9a90f05036bdf3cea9a07e42a590
5c7997cac5aa61d6927fd0cd0b1d87cc
7b205dd6f9ab8cc319120bdbc25dde38
f7f99dc83b5afbb05a7ecbfc0b15a6f6
fc0b676ca31a4b2d904b485a44e29b1a
2898cdc27c85460a9227901c7c8c43d2
3d3f34b8d75b077277e797f642a702a4
cf8bcf62303eabac72db2a770809bbc3
f350721a3e9ebd7f91942c77e8f688e3
043346c15999b9c83c9c796da08f9310
14f0a9708faffed5d04c8ca8a4a3cf2e
0fe1e690d1f246b779a663123c2ec9ff
640f3f89cb87dd375667fc7c574958fd
048095e6b6c4a27f38f1cb08900f91e9
0a799b3d7e9d28f492deed3a3702c003
494e97dcada28e5eca7bd325d779819b
ec2f3d749c3f11ebc133005422b87969
f181358134287766b7547a5bc229637b
296f89fd4d408143b79bfed65155cf76
e4901d6372ef6fb82f33680cf5d1b6b8
b9c6e2536931bcf58b58352b0053ddb1
b75e3280eb9831ccaede4d71721c9873
818c92a4eb24217841c2b3bcd1f76e64
3b794e7a4a40fd840454f65f13c2eb67
84c9c962dd8950884de8e88b3404046b
b66a9de98f3c459b9012a4b5288b9477
590bdca9b6148a6bfbd460f8634e9b3b
201d2c183266ae8e026c71d659c587bd
9ffc0a3af63549c88c58982c33ea8391
050ebe3aee15a19e584c9e2df718496d
c17a32f781ff68b0c11cf6143c5d3628
a074b61a69fa75b49b2bba2b7c4ad517
329f8cd6b8e11de90a590092f46c6541
439575d2d0f3dfc2f463f9a2149b4ff8
754718de6518198a55edd061db96d7b7
424958a51f70c3cada4e2df8dc2ea20c
078adc5e83dc46e6dc78c308963859fe
12b07985fdb7122df23b050ca4a5e4fa
cab15225ef60f0c3a44650528c1ed0b6
ee234bb923605710ef8b7ea4b1f8f3cf
bcde1d51f3d7886262e5a6b20126ad5e
d360cae453047a9782f8cadeee5561ca
ed9f6eee24edb4c6aa43584a9a56a47d
ea46657be9491a3719ea0df9bfcb5e91
76834b9fc40713f3296e9e1959aba953
7a11a4b172bf3974f0abb52755e8491e
8fba7741f9c843470caf580400fcbb4d
cd0192bac00f5f5125af5edcda2c4a78
60bbe493c23afd75b98513d484fa2721
741841ac2f7049cada2396312b0932b1
4afc8a35efc23a932fdfc1ff0779278d
b8856dcc7cd114e1a9c3c28ae5263bb5
1c6f25e62320bed1dfa18558ce591fb4
879bf4cdc5fb826373a0d4e8d472aa86
028d1be43e33aa5c08fc23e4321a15f4
8312518a645dd223679f1cf12e1ac081
b18510d71a973fb8e84de1d1f10e1729
8cdb8c86417fd05f50e531939a262d1d
f6cef22c0a06f04c909b8363843cb84c
b08c173c533b9f50ca859bd8cfe904bd
cefd3fb655aa852b422421c921f5c9c0
937a4b9a5f7741ee3a589c47c6d596a6
4fb3d3d5d0e1d30ccdd644a5ebd88750
cc2beeaf56f6fd7c31fee664f5df4908
017c3497115a62bc23c43b15fb88014b
c8bd2b8de8950cbfd216a5e5ad8c5581
fe776d22379e1de5b36b7519f93af9ff
4d6a8347dec1b6d4ed8d05df7523ceba
c5cebbcdcb8a635b883a9d2db08a6bb1
e1fe6cdf662d6a02680fa0b069a93430
e2465dce4783d2ae7af5eb2c7d4576fb
6b2ef380dcbc38a317b27777551bfb41
5c3e7df49491a38487552765fd68afc4
6fcebcf44242ed4f6228ae11d19881d9
26308d42c6702969efd09ec1afc6670f
f005100bc29ce973d85e5849e27ad6f9
eaefa0ed7faccde6ed2834df8a51e2bd
775b903a1dc38fff8c47e21b55b31041
c776e26b53eb0cecd72b59072e4f92ef
d6a53bd47a413e5da5c91f635f5ca251
6e4e70eefa487b80cdc762f80df907ee
247e5bc3eb09036022839271e53cd328
e223bc789fb173a7d2ab9a2f8ee6bfb6
a7f0333b38122953f31a483bcc40e4ee
5dc9d3eeecd57be40b8d47063a9b6ce0
9aab57af2ec340f0bb27c317adebead5
71480ffdae4db8180260eddfc6f93a16
b18c382ce0c10c072cbffa5e8502ac08
278c960c8ddade3df713d7ebfd8c929f
300a0975ce9cd05423b790c0a7595c41
645ae45506fe5166da1d2106a513a131
184055ccd453ade002df63b0f537717b
ab838a5e8515d1f8ab35fcc4ebc283fb
aa398a75ecb0d669edee9668d06181aa
06898b2b564857d861a4b0774a0fa936
5589412d00d669b2c1d21fa3c5264662
9500d0400186696fc4f7f46b5cb2ecf8
a620fab86b5957f4d57f6fa0e275cd8d
de75f30beb379f8b60ffa1b7f1a4eb81
fdce56ce2349b15c7cbc88a064764249
3fb237b7ded561ab673989522bb8185d
cb4dde40f89275d7de6e3842b6ee8455
1aa96c31fe409a0120b184c97ec72553
ac01a0450d531a03ebb5f16c837d11ea
1e075880a81fbacaee717d80ba219e22
ba8001d89237ca80f7d9b72d604ec259
de8eb4eb69b68574323e98e03cf06ce3
a6f8b0bf33df97f759e7e1a25d62ec0c
c43a741c3128fc7de1ab45ed97625f9f
4ec93d8738a93e1607ac0c68cd3b3179
44ae09242c688864be9e6bbce16dffcb
f6f21324e8006018c2f052772de41fed
274cd12dec045c207e5a268cbaa0221e
5e8a84907e34d7c95af9b88bf0fb15b2
3256da73ba27501324dea5a8eb793885
0d9eb1639fc3ec4eb9bb9620604daa2f
5e7e166de23f8eaf26f404ca7d1e8bb6
60f17716257275e0a53ae0f4b3618b8f
501bfe6375ab1b6f5ccdd167c3abea44
e407ea62c7e4452584e7944dece1af4c
8f5fc9312653cad3eb60a53c4d66bdc1
9be848ecde428a46838a2d4feb49f59c
2b25ca3896f5db14dacb9495bc45cd74
7048d5ac461910ac1f404bcd3e086d38
bbfe9cce925fe5f7b58b26fc97e268d3
76c72aec5c5abb418cae65f855cf7e98
87b52eeeaa600c59780015f5a0e899bf
fef805aa37cccb21efff48f440fd6231
7906eeb2899adbe13b6eab8171b8f209
b4591552916be9a09d7bcb013b2e654b
cd2501a89df913d19a55cbe0770322ac
c86be0741ce4135a3ef04df204a65403
b23c3df5a1588926329f3657faa7e9aa
69b713f54872f529997348655cccb1e8
dc028a8ba4e8d5cd8ac3eb8afcd5c0f1
aa8fa30c3a88c390341c3c2be0b1f374
958dd7240d71a1f2c43b0fdd2c2454c0
34968622ad1f3161d8a65d30b4099568
6ea2ec2ac193fcd57d9455a0502fee72
d0498882d3197bfbf2e0599bf0508a27
abd729954f1848531f14a96b6db236df
930d3b8d00d24e647fdb51d0f37244cb
8801a48a192155f1b83cd58a7f951b26
5958348dfa52b9d23d62fd963375f848
a527f739cf93be3347375a497e977d1d
1e23092d455557499afe8d0de88715a4
47e3bc57b2786c1e67502d022686ff3f
5466c9bdbc5980670dfb7545df8659b1
3855c7f4b760e34af17af0b0aee177ba
66b54ac309a631dde56178bf5ca23607
ea911e20932bb15488bba16c4b3f910d
48ba84b43772dbd366a199a24a712126
9a369edbb37755be5e1a9abbb810df6d
eee36f4f666665d09eb21f6a4b368f60
f6def624dcc580698a47740405700a8c
07ac0002e9ab3c21da433a9d49a5241a
75138e0d5e04fee627d0d0998e1d7509
5b71bc451daa785458baeb5269c83367
54e717014b4974429abbdaf560e1d200
33cc54a12afb71060a7a61e8b93c350f
cd115212ef3c11d6a575631adb048732
9f2c656a7ce3c4f092163eb63ef52d9e
0d63a809e2cf4e9e80c1228efae99a32
28f25a573c56842d6df192f74d6d6533
afbe66d5ce84e1fd3cd7005e071b3d22
55929d71a291d87c0ba62b8b5b82ac04
b482a53e23aca4080fea528e74775012
f8534fc656025dcd2f9e8ec8c54e81a2
edbc687f2d4d24bdb6a3f0cd1264c9c8
1c2c99d05855197adbfa9ba0364f9da1
5c1579df167e608e43befcd132b7d088
ada98d53e6f5bd40e53111b1d04a18c2
f3986a1e59a219d4495fa2b0537dd94a
e2187cb38651009362267c5c9f17edef
b72c702244c98f3b18b6e84d3f912ecd
cc1f2cd10298f686caf0d4f1dd0eea6d
4406347f9423a50d8e048efabf4e6167
083cfd9ac021379a4f66fb859ce39949
209eb27a67cf98fb5a2445d0477d4336
1bbd56bfd1f0572d6807c33243bc51b4
99d0bbb25002267068545637cf8030b3
7c3821f2878238ba15b4ac2f2d83837f
4f13d8d05bac99b272b1ec08ae090ad3
01554e4ed2badc7663b2979cdace4f68
2ff78d26b939418a58cde66cdecb6874
a856c11bf7efc2446a4444639db2d235
4209327aa326997595cbba25116d1149
4e9c1c644ca3608856e237e0d9ea26cd
0916359fffda1e9b5fa0e56c74169fa0
0d956c70299562a28b3709ee1e0ad8d5
57e145d949b39ef818afd582408073e6
6694a672e608cf9d0d9c8e20345a5b28
49b4005af09b6e216a61bae16ba891aa
d943dcf81b29a510c9cf4b72a639279c
1a24e75bb608a02a6894986e6f6f1973
3c2e2ed2acfea8e1675dac29b179f40f
a88ce836a8fa3dfc396465be40a5979c
3736601ea518cd707a46c60230e59212
5e097df7a36ae24882be508749468bcd
c2296baae4496a9e2f3f0b00db3e5585
c75d1a461bd813fbf8fc203b27bccec2
badb9f7b0f801ef6e43150c1cf48afa6
efafaeed3080be14777f4efcf73f53b6
44a9f1ac07ad8e014fed1aa6b3444dae
61bf3df0c2189057e627bf8600b228d3
44cc8003861ce806041ce986485d1a04
412cbbe94ec5e93854bec9d5f48a098b
ad7e53eab8925256637c837c0e8f9e95
afdd2b65f74452829d79e90996e4f7bf
8536aaf254d342dc11f149eef2fd0b3f
512fff53917799dd8f529789ea4a029a
6df5d7a7d580569232eb1b729c6b3adc
46f48e3e28e571a66e273aea97de977c
32e2ab5bc4c038916f6da3be6ad22b6b
0f437d555e421ed5307cc83938de4af9
4f8d6388186c9b9964e8f686a28fe7d0
8a03a5cf27f66308c54d329f41936e80
6221615a81bca1bb8808a8718e6a69da
81b758954e48c0556cdc4087d893eb46
50bf4efc933490a5e1068e720d442d87
214fe6f0396a3c0be0b8e1a5a636f8e1
168b7bdec4161f24ced7835245282afc
cd52bfaac34bddc958cf6d919ba014b6
fc429b828c33ff6c7b90ee30ee50c632
aab823fabee3321ee9e0c12437846ac0
5d7f471bde9dae841591dcf9aa2e1853
dc93f5a92ec982eb4162f2b01197eb40
a4e16f2f510a80578ea4e0ce5acaac85
55624ff62bef27416a70bbca6af4748b
4290d3c9ce5efc2fe37b498e62b249ca
504f325809f80197de0c9ac63f1c47f3
debd5b71c8ce41fbe9bdc2849b156d7a
3aa66d3850fa0bd74937f090739479ba
1985f435213d222f77b026e4a5c42260
dfe7192797ea6e3097990baefb3fd3a5
b71ad66822dce7f21afac16e35bece20
55847a10ba043ed30023899ab659c315
c557b4209e4794b1b3815e2a4f245b72
3c5ebe1b2eb8126d7f3af48812aa9024
40f02a38d2e11fbca732ed4fa81aad6b
512f46d989fda0d91242c5f7a0f37a24
5270ef470b238cc9ceaa2beb02e4bda8
cdef00dfee5d6917f65aef2e9a011ed4
1fcc093c966fa3f971401e15d49786e7
812e2ef5ebfef7e3d434689cb97e0fd7
26d56d104fa513f500f74b4d615b4bb6
34ae5c1275a373b3ed4683ed121d6f18
61bcfd10207914a1e29e772ebbe0da56
b7beda5910d55d17c78c3935303b1ef0
74f5b82d39e4e698854fe23bbcc56c56
da48480f94e36e8eac25326ec017e238
f4c9a444d345e8336ad3cf9adea92f9e
6d3c07ce4389ec3908d1f2bf4fc94ff2
0849fca3ebdc93192c9048ee97beec07
667008177342ea1b6d7f2ab8119cfcaf
fc69304b34fbfeb81c33a2b9867e5670
9c4e9a90f05036bdf3cea9a07e42a590
5c7997cac5aa61d6927fd0cd0b1d87cc
7b205dd6f9ab8cc319120bdbc25dde38
f7f99dc83b5afbb05a7ecbfc0b15a6f6
fc0b676ca31a4b2d904b485a44e29b1a
2898cdc27c85460a9227901c7c8c43d2
3d3f34b8d75b077277e797f642a702a4
cf8bcf62303eabac72db2a770809bbc3
f350721a3e9ebd7f91942c77e8f688e3
043346c15999b9c83c9c796da08f9310
14f0a9708faffed5d04c8ca8a4a3cf2e
0fe1e690d1f246b779a663123c2ec9ff
640f3f89cb87dd375667fc7c574958fd
048095e6b6c4a27f38f1cb08900f91e9
0a799b3d7e9d28f492deed3a3702c003
494e97dcada28e5eca7bd325d779819b
ec2f3d749c3f11ebc133005422b87969
f181358134287766b7547a5bc229637b
296f89fd4d408143b79bfed65155cf76
e4901d6372ef6fb82f33680cf5d1b6b8
b9c6e2536931bcf58b58352b0053ddb1
b75e3280eb9831ccaede4d71721c9873
818c92a4eb24217841c2b3bcd1f76e64
3b794e7a4a40fd840454f65f13c2eb67
84c9c962dd8950884de8e88b3404046b
b66a9de98f3c459b9012a4b5288b9477
590bdca9b6148a6bfbd460f8634e9b3b
201d2c183266ae8e026c71d659c587bd
9ffc0a3af63549c88c58982c33ea8391
050ebe3aee15a19e584c9e2df718496d
c17a32f781ff68b0c11cf6143c5d3628
a074b61a69fa75b49b2bba2b7c4ad517
329f8cd6b8e11de90a590092f46c6541
439575d2d0f3dfc2f463f9a2149b4ff8
754718de6518198a55edd061db96d7b7
424958a51f70c3cada4e2df8dc2ea20c
078adc5e83dc46e6dc78c308963859fe
12b07985fdb7122df23b050ca4a5e4fa
cab15225ef60f0c3a44650528c1ed0b6
ee234bb923605710ef8b7ea4b1f8f3cf
bcde1d51f3d7886262e5a6b20126ad5e
d360cae453047a9782f8cadeee5561ca
ed9f6eee24edb4c6aa43584a9a56a47d
ea46657be9491a3719ea0df9bfcb5e91
76834b9fc40713f3296e9e1959aba953
7a11a4b172bf3974f0abb52755e8491e
8fba7741f9c843470caf580400fcbb4d
cd0192bac00f5f5125af5edcda2c4a78
60bbe493c23afd75b98513d484fa2721
741841ac2f7049cada2396312b0932b1
4afc8a35efc23a932fdfc1ff0779278d
b8856dcc7cd114e1a9c3c28ae5263bb5
1c6f25e62320bed1dfa18558ce591fb4
879bf4cdc5fb826373a0d4e8d472aa86
028d1be43e33aa5c08fc23e4321a15f4
8312518a645dd223679f1cf12e1ac081
b18510d71a973fb8e84de1d1f10e1729
8cdb8c86417fd05f50e531939a262d1d
f6cef22c0a06f04c909b8363843cb84c
b08c173c533b9f50ca859bd8cfe904bd
cefd3fb655aa852b422421c921f5c9c0
937a4b9a5f7741ee3a589c47c6d596a6
4fb3d3d5d0e1d30ccdd644a5ebd88750
cc2beeaf56f6fd7c31fee664f5df4908
017c3497115a62bc23c43b15fb88014b
c8bd2b8de8950cbfd216a5e5ad8c5581
fe776d22379e1de5b36b7519f93af9ff
4d6a8347dec1b6d4ed8d05df7523ceba
c5cebbcdcb8a635b883a9d2db08a6bb1
e1fe6cdf662d6a02680fa0b069a93430
e2465dce4783d2ae7af5eb2c7d4576fb
6b2ef380dcbc38a317b27777551bfb41
5c3e7df49491a38487552765fd68afc4
6fcebcf44242ed4f6228ae11d19881d9
26308d42c6702969efd09ec1afc6670f
f005100bc29ce973d85e5849e27ad6f9
eaefa0ed7faccde6ed2834df8a51e2bd
775b903a1dc38fff8c47e21b55b31041
c776e26b53eb0cecd72b59072e4f92ef
d6a53bd47a413e5da5c91f635f5ca251
6e4e70eefa487b80cdc762f80df907ee
247e5bc3eb09036022839271e53cd328
e223bc789fb173a7d2ab9a2f8ee6bfb6
a7f0333b38122953f31a483bcc40e4ee
5dc9d3eeecd57be40b8d47063a9b6ce0
9aab57af2ec340f0bb27c317adebead5
71480ffdae4db8180260eddfc6f93a16
b18c382ce0c10c072cbffa5e8502ac08
278c960c8ddade3df713d7ebfd8c929f
300a0975ce9cd05423b790c0a7595c41
645ae45506fe5166da1d2106a513a131
184055ccd453ade002df63b0f537717b
ab838a5e8515d1f8ab35fcc4ebc283fb
aa398a75ecb0d669edee9668d06181aa
06898b2b564857d861a4b0774a0fa936
5589412d00d669b2c1d21fa3c5264662
9500d0400186696fc4f7f46b5cb2ecf8
a620fab86b5957f4d57f6fa0e275cd8d
de75f30beb379f8b60ffa1b7f1a4eb81
fdce56ce2349b15c7cbc88a064764249
3fb237b7ded561ab673989522bb8185d
cb4dde40f89275d7de6e3842b6ee8455
1aa96c31fe409a0120b184c97ec72553
ac01a0450d531a03ebb5f16c837d11ea
1e075880a81fbacaee717d80ba219e22
ba8001d89237ca80f7d9b72d604ec259
de8eb4eb69b68574323e98e03cf06ce3
a6f8b0bf33df97f759e7e1a25d62ec0c
c43a741c3128fc7de1ab45ed97625f9f
4ec93d8738a93e1607ac0c68cd3b3179
44ae09242c688864be9e6bbce16dffcb
f6f21324e8006018c2f052772de41fed
274cd12dec045c207e5a268cbaa0221e
5e8a84907e34d7c95af9b88bf0fb15b2
3256da73ba27501324dea5a8eb793885
0d9eb1639fc3ec4eb9bb9620604daa2f
5e7e166de23f8eaf26f404ca7d1e8bb6
60f17716257275e0a53ae0f4b3618b8f
501bfe6375ab1b6f5ccdd167c3abea44
e407ea62c7e4452584e7944dece1af4c
8f5fc9312653cad3eb60a53c4d66bdc1
9be848ecde428a46838a2d4feb49f59c
2b25ca3896f5db14dacb9495bc45cd74
7048d5ac461910ac1f404bcd3e086d38
bbfe9cce925fe5f7b58b26fc97e268d3
76c72aec5c5abb418cae65f855cf7e98
87b52eeeaa600c59780015f5a0e899bf
fef805aa37cccb21efff48f440fd6231
7906eeb2899adbe13b6eab8171b8f209
b4591552916be9a09d7bcb013b2e654b
cd2501a89df913d19a55cbe0770322ac
c86be0741ce4135a3ef04df204a65403
b23c3df5a1588926329f3657faa7e9aa
69b713f54872f529997348655cccb1e8
dc028a8ba4e8d5cd8ac3eb8afcd5c0f1
aa8fa30c3a88c390341c3c2be0b1f374
958dd7240d71a1f2c43b0fdd2c2454c0
34968622ad1f3161d8a65d30b4099568
6ea2ec2ac193fcd57d9455a0502fee72
d0498882d3197bfbf2e0599bf0508a27
abd729954f1848531f14a96b6db236df
930d3b8d00d24e647fdb51d0f37244cb
8801a48a192155f1b83cd58a7f951b26
5958348dfa52b9d23d62fd963375f848
a527f739cf93be3347375a497e977d1d
1e23092d455557499afe8d0de88715a4
47e3bc57b2786c1e67502d022686ff3f
5466c9bdbc5980670dfb7545df8659b1
3855c7f4b760e34af17af0b0aee177ba
66b54ac309a631dde56178bf5ca23607
ea911e20932bb15488bba16c4b3f910d
48ba84b43772dbd366a199a24a712126
9a369edbb37755be5e1a9abbb810df6d
eee36f4f666665d09eb21f6a4b368f60
f6def624dcc580698a47740405700a8c
07ac0002e9ab3c21da433a9d49a5241a
75138e0d5e04fee627d0d0998e1d7509
5b71bc451daa785458baeb5269c83367
54e717014b4974429abbdaf560e1d200
33cc54a12afb71060a7a61e8b93c350f
cd115212ef3c11d6a575631adb048732
9f2c656a7ce3c4f092163eb63ef52d9e
0d63a809e2cf4e9e80c1228efae99a32
28f25a573c56842d6df192f74d6d6533
afbe66d5ce84e1fd3cd7005e071b3d22
55929d71a291d87c0ba62b8b5b82ac04
b482a53e23aca4080fea528e74775012
f8534fc656025dcd2f9e8ec8c54e81a2
edbc687f2d4d24bdb6a3f0cd1264c9c8
1c2c99d05855197adbfa9ba0364f9da1
5c1579df167e608e43befcd132b7d088
ada98d53e6f5bd40e53111b1d04a18c2
f3986a1e59a219d4495fa2b0537dd94a
e2187cb38651009362267c5c9f17edef
b72c702244c98f3b18b6e84d3f912ecd
cc1f2cd10298f686caf0d4f1dd0eea6d
4406347f9423a50d8e048efabf4e6167
083cfd9ac021379a4f66fb859ce39949
209eb27a67cf98fb5a2445d0477d4336
1bbd56bfd1f0572d6807c33243bc51b4
99d0bbb25002267068545637cf8030b3
7c3821f2878238ba15b4ac2f2d83837f
4f13d8d05bac99b272b1ec08ae090ad3
01554e4ed2badc7663b2979cdace4f68
2ff78d26b939418a58cde66cdecb6874
a856c11bf7efc2446a4444639db2d235
4209327aa326997595cbba25116d1149
4e9c1c644ca3608856e237e0d9ea26cd
0916359fffda1e9b5fa0e56c74169fa0
0d956c70299562a28b3709ee1e0ad8d5
57e145d949b39ef818afd582408073e6
6694a672e608cf9d0d9c8e20345a5b28
49b4005af09b6e216a61bae16ba891aa
d943dcf81b29a510c9cf4b72a639279c
1a24e75bb608a02a6894986e6f6f1973
3c2e2ed2acfea8e1675dac29b179f40f
a88ce836a8fa3dfc396465be40a5979c
3736601ea518cd707a46c60230e59212
5e097df7a36ae24882be508749468bcd
c2296baae4496a9e2f3f0b00db3e5585
c75d1a461bd813fbf8fc203b27bccec2
badb9f7b0f801ef6e43150c1cf48afa6
efafaeed3080be14777f4efcf73f53b6
44a9f1ac07ad8e014fed1aa6b3444dae
61bf3df0c2189057e627bf8600b228d3
44cc8003861ce806041ce986485d1a04
412cbbe94ec5e93854bec9d5f48a098b
ad7e53eab8925256637c837c0e8f9e95
afdd2b65f74452829d79e90996e4f7bf
8536aaf254d342dc11f149eef2fd0b3f
512fff53917799dd8f529789ea4a029a
6df5d7a7d580569232eb1b729c6b3adc
46f48e3e28e571a66e273aea97de977c
32e2ab5bc4c038916f6da3be6ad22b6b
0f437d555e421ed5307cc83938de4af9
4f8d6388186c9b9964e8f686a28fe7d0
8a03a5cf27f66308c54d329f41936e80
6221615a81bca1bb8808a8718e6a69da
81b758954e48c0556cdc4087d893eb46
50bf4efc933490a5e1068e720d442d87
214fe6f0396a3c0be0b8e1a5a636f8e1
168b7bdec4161f24ced7835245282afc
cd52bfaac34bddc958cf6d919ba014b6
fc429b828c33ff6c7b90ee30ee50c632
aab823fabee3321ee9e0c12437846ac0
5d7f471bde9dae841591dcf9aa2e1853
dc93f5a92ec982eb4162f2b01197eb40
a4e16f2f510a80578ea4e0ce5acaac85
55624ff62bef27416a70bbca6af4748b
4290d3c9ce5efc2fe37b498e62b249ca
504f325809f80197de0c9ac63f1c47f3
debd5b71c8ce41fbe9bdc2849b156d7a
3aa66d3850fa0bd74937f090739479ba
1985f435213d222f77b026e4a5c42260
dfe7192797ea6e3097990baefb3fd3a5
b71ad66822dce7f21afac16e35bece20
55847a10ba043ed30023899ab659c315
c557b4209e4794b1b3815e2a4f245b72
3c5ebe1b2eb8126d7f3af48812aa9024
40f02a38d2e11fbca732ed4fa81aad6b
512f46d989fda0d91242c5f7a0f37a24
5270ef470b238cc9ceaa2beb02e4bda8
cdef00dfee5d6917f65aef2e9a011ed4
1fcc093c966fa3f971401e15d49786e7
812e2ef5ebfef7e3d434689cb97e0fd7
26d56d104fa513f500f74b4d615b4bb6
34ae5c1275a373b3ed4683ed121d6f18
61bcfd10207914a1e29e772ebbe0da56
b7beda5910d55d17c78c3935303b1ef0
74f5b82d39e4e698854fe23bbcc56c56
da48480f94e36e8eac25326ec017e238
f4c9a444d345e8336ad3cf9adea92f9e
6d3c07ce4389ec3908d1f2bf4fc94ff2
0849fca3ebdc93192c9048ee97beec07
667008177342ea1b6d7f2ab8119cfcaf
fc69304b34fbfeb81c33a2b9867e5670
9c4e9a90f05036bdf3cea9a07e42a590
5c7997cac5aa61d6927fd0cd0b1d87cc
7b205dd6f9ab8cc319120bdbc25dde38
f7f99dc83b5afbb05a7ecbfc0b15a6f6
fc0b676ca31a4b2d904b485a44e29b1a
2898cdc27c85460a9227901c7c8c43d2
3d3f34b8d75b077277e797f642a702a4
cf8bcf62303eabac72db2a770809bbc3
f350721a3e9ebd7f91942c77e8f688e3
043346c15999b9c83c9c796da08f9310
14f0a9708faffed5d04c8ca8a4a3cf2e
0fe1e690d1f246b779a663123c2ec9ff
640f3f89cb87dd375667fc7c574958fd
048095e6b6c4a27f38f1cb08900f91e9
0a799b3d7e9d28f492deed3a3702c003
494e97dcada28e5eca7bd325d779819b
ec2f3d749c3f11ebc133005422b87969
f181358134287766b7547a5bc229637b
296f89fd4d408143b79bfed65155cf76
e4901d6372ef6fb82f33680cf5d1b6b8
b9c6e2536931bcf58b58352b0053ddb1
b75e3280eb9831ccaede4d71721c9873
818c92a4eb24217841c2b3bcd1f76e64
3b794e7a4a40fd840454f65f13c2eb67
84c9c962dd8950884de8e88b3404046b
b66a9de98f3c459b9012a4b5288b9477
590bdca9b6148a6bfbd460f8634e9b3b
201d2c183266ae8e026c71d659c587bd
9ffc0a3af63549c88c58982c33ea8391
050ebe3aee15a19e584c9e2df718496d
c17a32f781ff68b0c11cf6143c5d3628
a074b61a69fa75b49b2bba2b7c4ad517
329f8cd6b8e11de90a590092f46c6541
439575d2d0f3dfc2f463f9a2149b4ff8
754718de6518198a55edd061db96d7b7
424958a51f70c3cada4e2df8dc2ea20c
078adc5e83dc46e6dc78c308963859fe
12b07985fdb7122df23b050ca4a5e4fa
cab15225ef60f0c3a44650528c1ed0b6
ee234bb923605710ef8b7ea4b1f8f3cf
bcde1d51f3d7886262e5a6b20126ad5e
d360cae453047a9782f8cadeee5561ca
ed9f6eee24edb4c6aa43584a9a56a47d
ea46657be9491a3719ea0df9bfcb5e91
76834b9fc40713f3296e9e1959aba953
7a11a4b172bf3974f0abb52755e8491e
8fba7741f9c843470caf580400fcbb4d
cd0192bac00f5f5125af5edcda2c4a78
60bbe493c23afd75b98513d484fa2721
741841ac2f7049cada2396312b0932b1
4afc8a35efc23a932fdfc1ff0779278d
b8856dcc7cd114e1a9c3c28ae5263bb5
1c6f25e62320bed1dfa18558ce591fb4
879bf4cdc5fb826373a0d4e8d472aa86
028d1be43e33aa5c08fc23e4321a15f4
8312518a645dd223679f1cf12e1ac081
b18510d71a973fb8e84de1d1f10e1729
8cdb8c86417fd05f50e531939a262d1d
f6cef22c0a06f04c909b8363843cb84c
b08c173c533b9f50ca859bd8cfe904bd
cefd3fb655aa852b422421c921f5c9c0
937a4b9a5f7741ee3a589c47c6d596a6
4fb3d3d5d0e1d30ccdd644a5ebd88750
cc2beeaf56f6fd7c31fee664f5df4908
017c3497115a62bc23c43b15fb88014b
c8bd2b8de8950cbfd216a5e5ad8c5581
fe776d22379e1de5b36b7519f93af9ff
4d6a8347dec1b6d4ed8d05df7523ceba
c5cebbcdcb8a635b883a9d2db08a6bb1
e1fe6cdf662d6a02680fa0b069a93430
e2465dce4783d2ae7af5eb2c7d4576fb
6b2ef380dcbc38a317b27777551bfb41
5c3e7df49491a38487552765fd68afc4
6fcebcf44242ed4f6228ae11d19881d9
26308d42c6702969efd09ec1afc6670f
f005100bc29ce973d85e5849e27ad6f9
eaefa0ed7faccde6ed2834df8a51e2bd
775b903a1dc38fff8c47e21b55b31041
c776e26b53eb0cecd72b59072e4f92ef
d6a53bd47a413e5da5c91f635f5ca251
6e4e70eefa487b80cdc762f80df907ee
247e5bc3eb09036022839271e53cd328
e223bc789fb173a7d2ab9a2f8ee6bfb6
a7f0333b38122953f31a483bcc40e4ee
5dc9d3eeecd57be40b8d47063a9b6ce0
9aab57af2ec340f0bb27c317adebead5
71480ffdae4db8180260eddfc6f93a16
b18c382ce0c10c072cbffa5e8502ac08
278c960c8ddade3df713d7ebfd8c929f
300a0975ce9cd05423b790c0a7595c41
645ae45506fe5166da1d2106a513a131
184055ccd453ade002df63b0f537717b
ab838a5e8515d1f8ab35fcc4ebc283fb
aa398a75ecb0d669edee9668d06181aa
06898b2b564857d861a4b0774a0fa936
5589412d00d669b2c1d21fa3c5264662
9500d0400186696fc4f7f46b5cb2ecf8
a620fab86b5957f4d57f6fa0e275cd8d
de75f30beb379f8b60ffa1b7f1a4eb81
fdce56ce2349b15c7cbc88a064764249
3fb237b7ded561ab673989522bb8185d
cb4dde40f89275d7de6e3842b6ee8455
1aa96c31fe409a0120b184c97ec72553
ac01a0450d531a03ebb5f16c837d11ea
1e075880a81fbacaee717d80ba219e22
ba8001d89237ca80f7d9b72d604ec259
de8eb4eb69b68574323e98e03cf06ce3
a6f8b0bf33df97f759e7e1a25d62ec0c
c43a741c3128fc7de1ab45ed97625f9f
4ec93d8738a93e1607ac0c68cd3b3179
44ae09242c688864be9e6bbce16dffcb
f6f21324e8006018c2f052772de41fed
274cd12dec045c207e5a268cbaa0221e
5e8a84907e34d7c95af9b88bf0fb15b2
3256da73ba27501324dea5a8eb793885
0d9eb1639fc3ec4eb9bb9620604daa2f
5e7e166de23f8eaf26f404ca7d1e8bb6
60f17716257275e0a53ae0f4b3618b8f
501bfe6375ab1b6f5ccdd167c3abea44
e407ea62c7e4452584e7944dece1af4c
8f5fc9312653cad3eb60a53c4d66bdc1
9be848ecde428a46838a2d4feb49f59c
2b25ca3896f5db14dacb9495bc45cd74
7048d5ac461910ac1f404bcd3e086d38
bbfe9cce925fe5f7b58b26fc97e268d3
76c72aec5c5abb418cae65f855cf7e98
87b52eeeaa600c59780015f5a0e899bf
fef805aa37cccb21efff48f440fd6231
7906eeb2899adbe13b6eab8171b8f209
b4591552916be9a09d7bcb013b2e654b
cd2501a89df913d19a55cbe0770322ac
c86be0741ce4135a3ef04df204a65403
b23c3df5a1588926329f3657faa7e9aa
69b713f54872f529997348655cccb1e8
dc028a8ba4e8d5cd8ac3eb8afcd5c0f1
aa8fa30c3a88c390341c3c2be0b1f374
958dd7240d71a1f2c43b0fdd2c2454c0
34968622ad1f3161d8a65d30b4099568
6ea2ec2ac193fcd57d9455a0502fee72
d0498882d3197bfbf2e0599bf0508a27
abd729954f1848531f14a96b6db236df
930d3b8d00d24e647fdb51d0f37244cb
8801a48a192155f1b83cd58a7f951b26
5958348dfa52b9d23d62fd963375f848
a527f739cf93be3347375a497e977d1d
1e23092d455557499afe8d0de88715a4
47e3bc57b2786c1e67502d022686ff3f
5466c9bdbc5980670dfb7545df8659b1
3855c7f4b760e34af17af0b0aee177ba
66b54ac309a631dde56178bf5ca23607
ea911e20932bb15488bba16c4b3f910d
48ba84b43772dbd366a199a24a712126
9a369edbb37755be5e1a9abbb810df6d
eee36f4f666665d09eb21f6a4b368f60
f6def624dcc580698a47740405700a8c
07ac0002e9ab3c21da433a9d49a5241a
75138e0d5e04fee627d0d0998e1d7509
5b71bc451daa785458baeb5269c83367
54e717014b4974429abbdaf560e1d200
33cc54a12afb71060a7a61e8b93c350f
cd115212ef3c11d6a575631adb048732
9f2c656a7ce3c4f092163eb63ef52d9e
0d63a809e2cf4e9e80c1228efae99a32
28f25a573c56842d6df192f74d6d6533
afbe66d5ce84e1fd3cd7005e071b3d22
55929d71a291d87c0ba62b8b5b82ac04
b482a53e23aca4080fea528e74775012
f8534fc656025dcd2f9e8ec8c54e81a2
edbc687f2d4d24bdb6a3f0cd1264c9c8
1c2c99d05855197adbfa9ba0364f9da1
5c1579df167e608e43befcd132b7d088
ada98d53e6f5bd40e53111b1d04a18c2
f3986a1e59a219d4495fa2b0537dd94a
e2187cb38651009362267c5c9f17edef
b72c702244c98f3b18b6e84d3f912ecd
cc1f2cd10298f686caf0d4f1dd0eea6d
4406347f9423a50d8e048efabf4e6167
083cfd9ac021379a4f66fb859ce39949
209eb27a67cf98fb5a2445d0477d4336
1bbd56bfd1f0572d6807c33243bc51b4
99d0bbb25002267068545637cf8030b3
7c3821f2878238ba15b4ac2f2d83837f
4f13d8d05bac99b272b1ec08ae090ad3
01554e4ed2badc7663b2979cdace4f68
2ff78d26b939418a58cde66cdecb6874
a856c11bf7efc2446a4444639db2d235
4209327aa326997595cbba25116d1149
4e9c1c644ca3608856e237e0d9ea26cd
0916359fffda1e9b5fa0e56c74169fa0
0d956c70299562a28b3709ee1e0ad8d5
57e145d949b39ef818afd582408073e6
6694a672e608cf9d0d9c8e20345a5b28
49b4005af09b6e216a61bae16ba891aa
d943dcf81b29a510c9cf4b72a639279c
1a24e75bb608a02a6894986e6f6f1973
3c2e2ed2acfea8e1675dac29b179f40f
a88ce836a8fa3dfc396465be40a5979c
3736601ea518cd707a46c60230e59212
5e097df7a36ae24882be508749468bcd
c2296baae4496a9e2f3f0b00db3e5585
c75d1a461bd813fbf8fc203b27bccec2
badb9f7b0f801ef6e43150c1cf48afa6
efafaeed3080be14777f4efcf73f53b6
44a9f1ac07ad8e014fed1aa6b3444dae
61bf3df0c2189057e627bf8600b228d3
44cc8003861ce806041ce986485d1a04
412cbbe94ec5e93854bec9d5f48a098b
ad7e53eab8925256637c837c0e8f9e95
afdd2b65f74452829d79e90996e4f7bf
8536aaf254d342dc11f149eef2fd0b3f
512fff53917799dd8f529789ea4a029a
6df5d7a7d580569232eb1b729c6b3adc
46f48e3e28e571a66e273aea97de977c
32e2ab5bc4c038916f6da3be6ad22b6b
0f437d555e421ed5307cc83938de4af9
4f8d6388186c9b9964e8f686a28fe7d0
8a03a5cf27f66308c54d329f41936e80
6221615a81bca1bb8808a8718e6a69da
81b758954e48c0556cdc4087d893eb46
50bf4efc933490a5e1068e720d442d87
214fe6f0396a3c0be0b8e1a5a636f8e1
168b7bdec4161f24ced7835245282afc
cd52bfaac34bddc958cf6d919ba014b6
fc429b828c33ff6c7b90ee30ee50c632
aab823fabee3321ee9e0c12437846ac0
5d7f471bde9dae841591dcf9aa2e1853
dc93f5a92ec982eb4162f2b01197eb40
a4e16f2f510a80578ea4e0ce5acaac85
55624ff62bef27416a70bbca6af4748b
4290d3c9ce5efc2fe37b498e62b249ca
504f325809f80197de0c9ac63f1c47f3
debd5b71c8ce41fbe9bdc2849b156d7a
3aa66d3850fa0bd74937f090739479ba
1985f435213d222f77b026e4a5c42260
dfe7192797ea6e3097990baefb3fd3a5
b71ad66822dce7f21afac16e35bece20
55847a10ba043ed30023899ab659c315
c557b4209e4794b1b3815e2a4f245b72
3c5ebe1b2eb8126d7f3af48812aa9024
40f02a38d2e11fbca732ed4fa81aad6b
512f46d989fda0d91242c5f7a0f37a24
5270ef470b238cc9ceaa2beb02e4bda8
cdef00dfee5d6917f65aef2e9a011ed4
1fcc093c966fa3f971401e15d49786e7
812e2ef5ebfef7e3d434689cb97e0fd7
26d56d104fa513f500f74b4d615b4bb6
34ae5c1275a373b3ed4683ed121d6f18
61bcfd10207914a1e29e772ebbe0da56
b7beda5910d55d17c78c3935303b1ef0
74f5b82d39e4e698854fe23bbcc56c56
da48480f94e36e8eac25326ec017e238
f4c9a444d345e8336ad3cf9adea92f9e
6d3c07ce4389ec3908d1f2bf4fc94ff2
0849fca3ebdc93192c9048ee97beec07
667008177342ea1b6d7f2ab8119cfcaf
fc69304b34fbfeb81c33a2b9867e5670
9c4e9a90f05036bdf3cea9a07e42a590
5c7997cac5aa61d6927fd0cd0b1d87cc
7b205dd6f9ab8cc319120bdbc25dde38
f7f99dc83b5afbb05a7ecbfc0b15a6f6
fc0b676ca31a4b2d904b485a44e29b1a
2898cdc27c85460a9227901c7c8c43d2
3d3f34b8d75b077277e797f642a702a4
cf8bcf62303eabac72db2a770809bbc3
f350721a3e9ebd7f91942c77e8f688e3
043346c15999b9c83c9c796da08f9310
14f0a9708faffed5d04c8ca8a4a3cf2e
0fe1e690d1f246b779a663123c2ec9ff
640f3f89cb87dd375667fc7c574958fd
048095e6b6c4a27f38f1cb08900f91e9
0a799b3d7e9d28f492deed3a3702c003
494e97dcada28e5eca7bd325d779819b
ec2f3d749c3f11ebc133005422b87969
f181358134287766b7547a5bc229637b
296f89fd4d408143b79bfed65155cf76
e4901d6372ef6fb82f33680cf5d1b6b8
b9c6e2536931bcf58b58352b0053ddb1
b75e3280eb9831ccaede4d71721c9873
818c92a4eb24217841c2b3bcd1f76e64
3b794e7a4a40fd840454f65f13c2eb67
84c9c962dd8950884de8e88b3404046b
b66a9de98f3c459b9012a4b5288b9477
590bdca9b6148a6bfbd460f8634e9b3b
201d2c183266ae8e026c71d659c587bd
9ffc0a3af63549c88c58982c33ea8391
050ebe3aee15a19e584c9e2df718496d
c17a32f781ff68b0c11cf6143c5d3628
a074b61a69fa75b49b2bba2b7c4ad517
329f8cd6b8e11de90a590092f46c6541
439575d2d0f3dfc2f463f9a2149b4ff8
754718de6518198a55edd061db96d7b7
424958a51f70c3cada4e2df8dc2ea20c
078adc5e83dc46e6dc78c308963859fe
12b07985fdb7122df23b050ca4a5e4fa
cab15225ef60f0c3a44650528c1ed0b6
ee234bb923605710ef8b7ea4b1f8f3cf
bcde1d51f3d7886262e5a6b20126ad5e
d360cae453047a9782f8cadeee5561ca
ed9f6eee24edb4c6aa43584a9a56a47d
ea46657be9491a3719ea0df9bfcb5e91
76834b9fc40713f3296e9e1959aba953
7a11a4b172bf3974f0abb52755e8491e
8fba7741f9c843470caf580400fcbb4d
cd0192bac00f5f5125af5edcda2c4a78
60bbe493c23afd75b98513d484fa2721
741841ac2f7049cada2396312b0932b1
4afc8a35efc23a932fdfc1ff0779278d
b8856dcc7cd114e1a9c3c28ae5263bb5
1c6f25e62320bed1dfa18558ce591fb4
879bf4cdc5fb826373a0d4e8d472aa86
028d1be43e33aa5c08fc23e4321a15f4
8312518a645dd223679f1cf12e1ac081
b18510d71a973fb8e84de1d1f10e1729
8cdb8c86417fd05f50e531939a262d1d
f6cef22c0a06f04c909b8363843cb84c
b08c173c533b9f50ca859bd8cfe904bd
cefd3fb655aa852b422421c921f5c9c0
937a4b9a5f7741ee3a589c47c6d596a6
4fb3d3d5d0e1d30ccdd644a5ebd88750
cc2beeaf56f6fd7c31fee664f5df4908
017c3497115a62bc23c43b15fb88014b
c8bd2b8de8950cbfd216a5e5ad8c5581
fe776d22379e1de5b36b7519f93af9ff
4d6a8347dec1b6d4ed8d05df7523ceba
c5cebbcdcb8a635b883a9d2db08a6bb1
e1fe6cdf662d6a02680fa0b069a93430
e2465dce4783d2ae7af5eb2c7d4576fb
6b2ef380dcbc38a317b27777551bfb41
5c3e7df49491a38487552765fd68afc4
6fcebcf44242ed4f6228ae11d19881d9
26308d42c6702969efd09ec1afc6670f
f005100bc29ce973d85e5849e27ad6f9
eaefa0ed7faccde6ed2834df8a51e2bd
775b903a1dc38fff8c47e21b55b31041
c776e26b53eb0cecd72b59072e4f92ef
d6a53bd47a413e5da5c91f635f5ca251
6e4e70eefa487b80cdc762f80df907ee
247e5bc3eb09036022839271e53cd328
e223bc789fb173a7d2ab9a2f8ee6bfb6
a7f0333b38122953f31a483bcc40e4ee
5dc9d3eeecd57be40b8d47063a9b6ce0
9aab57af2ec340f0bb27c317adebead5
71480ffdae4db8180260eddfc6f93a16
b18c382ce0c10c072cbffa5e8502ac08
278c960c8ddade3df713d7ebfd8c929f
300a0975ce9cd05423b790c0a7595c41
645ae45506fe5166da1d2106a513a131
184055ccd453ade002df63b0f537717b
ab838a5e8515d1f8ab35fcc4ebc283fb
aa398a75ecb0d669edee9668d06181aa
06898b2b564857d861a4b0774a0fa936
5589412d00d669b2c1d21fa3c5264662
9500d0400186696fc4f7f46b5cb2ecf8
a620fab86b5957f4d57f6fa0e275cd8d
de75f30beb379f8b60ffa1b7f1a4eb81
fdce56ce2349b15c7cbc88a064764249
3fb237b7ded561ab673989522bb8185d
cb4dde40f89275d7de6e3842b6ee8455
1aa96c31fe409a0120b184c97ec72553
ac01a0450d531a03ebb5f16c837d11ea
1e075880a81fbacaee717d80ba219e22
ba8001d89237ca80f7d9b72d604ec259
de8eb4eb69b68574323e98e03cf06ce3
a6f8b0bf33df97f759e7e1a25d62ec0c
c43a741c3128fc7de1ab45ed97625f9f
4ec93d8738a93e1607ac0c68cd3b3179
44ae09242c688864be9e6bbce16dffcb
f6f21324e8006018c2f052772de41fed
274cd12dec045c207e5a268cbaa0221e
5e8a84907e34d7c95af9b88bf0fb15b2
3256da73ba27501324dea5a8eb793885
0d9eb1639fc3ec4eb9bb9620604daa2f
5e7e166de23f8eaf26f404ca7d1e8bb6
60f17716257275e0a53ae0f4b3618b8f
501bfe6375ab1b6f5ccdd167c3abea44
e407ea62c7e4452584e7944dece1af4c
8f5fc9312653cad3eb60a53c4d66bdc1
9be848ecde428a46838a2d4feb49f59c
2b25ca3896f5db14dacb9495bc45cd74
7048d5ac461910ac1f404bcd3e086d38
bbfe9cce925fe5f7b58b26fc97e268d3
76c72aec5c5abb418cae65f855cf7e98
87b52eeeaa600c59780015f5a0e899bf
fef805aa37cccb21efff48f440fd6231
7906eeb2899adbe13b6eab8171b8f209
b4591552916be9a09d7bcb013b2e654b
cd2501a89df913d19a55cbe0770322ac
c86be0741ce4135a3ef04df204a65403
b23c3df5a1588926329f3657faa7e9aa
69b713f54872f529997348655cccb1e8
dc028a8ba4e8d5cd8ac3eb8afcd5c0f1
aa8fa30c3a88c390341c3c2be0b1f374
958dd7240d71a1f2c43b0fdd2c2454c0
34968622ad1f3161d8a65d30b4099568
6ea2ec2ac193fcd57d9455a0502fee72
d0498882d3197bfbf2e0599bf0508a27
abd729954f1848531f14a96b6db236df
930d3b8d00d24e647fdb51d0f37244cb
8801a48a192155f1b83cd58a7f951b26
5958348dfa52b9d23d62fd963375f848
a527f739cf93be3347375a497e977d1d
1e23092d455557499afe8d0de88715a4
47e3bc57b2786c1e67502d022686ff3f
5466c9bdbc5980670dfb7545df8659b1
3855c7f4b760e34af17af0b0aee177ba
66b54ac309a631dde56178bf5ca23607
ea911e20932bb15488bba16c4b3f910d
48ba84b43772dbd366a199a24a712126
9a369edbb37755be5e1a9abbb810df6d
eee36f4f666665d09eb21f6a4b368f60
f6def624dcc580698a47740405700a8c
07ac0002e9ab3c21da433a9d49a5241a
75138e0d5e04fee627d0d0998e1d7509
5b71bc451daa785458baeb5269c83367
54e717014b4974429abbdaf560e1d200
33cc54a12afb71060a7a61e8b93c350f
cd115212ef3c11d6a575631adb048732
9f2c656a7ce3c4f092163eb63ef52d9e
0d63a809e2cf4e9e80c1228efae99a32
28f25a573c56842d6df192f74d6d6533
afbe66d5ce84e1fd3cd7005e071b3d22
55929d71a291d87c0ba62b8b5b82ac04
b482a53e23aca4080fea528e74775012
f8534fc656025dcd2f9e8ec8c54e81a2
edbc687f2d4d24bdb6a3f0cd1264c9c8
1c2c99d05855197adbfa9ba0364f9da1
5c1579df167e608e43befcd132b7d088
ada98d53e6f5bd40e53111b1d04a18c2
f3986a1e59a219d4495fa2b0537dd94a
e2187cb38651009362267c5c9f17edef
b72c702244c98f3b18b6e84d3f912ecd
cc1f2cd10298f686caf0d4f1dd0eea6d
4406347f9423a50d8e048efabf4e6167
083cfd9ac021379a4f66fb859ce39949
209eb27a67cf98fb5a2445d0477d4336
1bbd56bfd1f0572d6807c33243bc51b4
99d0bbb25002267068545637cf8030b3
7c3821f2878238ba15b4ac2f2d83837f
4f13d8d05bac99b272b1ec08ae090ad3
01554e4ed2badc7663b2979cdace4f68
2ff78d26b939418a58cde66cdecb6874
a856c11bf7efc2446a4444639db2d235
4209327aa326997595cbba25116d1149
4e9c1c644ca3608856e237e0d9ea26cd
0916359fffda1e9b5fa0e56c74169fa0
0d956c70299562a28b3709ee1e0ad8d5
57e145d949b39ef818afd582408073e6
6694a672e608cf9d0d9c8e20345a5b28
49b4005af09b6e216a61bae16ba891aa
d943dcf81b29a510c9cf4b72a639279c
1a24e75bb608a02a6894986e6f6f1973
3c2e2ed2acfea8e1675dac29b179f40f
a88ce836a8fa3dfc396465be40a5979c
3736601ea518cd707a46c60230e59212
5e097df7a36ae24882be508749468bcd
c2296baae4496a9e2f3f0b00db3e5585
c75d1a461bd813fbf8fc203b27bccec2
badb9f7b0f801ef6e43150c1cf48afa6
efafaeed3080be14777f4efcf73f53b6
44a9f1ac07ad8e014fed1aa6b3444dae
61bf3df0c2189057e627bf8600b228d3
44cc8003861ce806041ce986485d1a04
412cbbe94ec5e93854bec9d5f48a098b
ad7e53eab8925256637c837c0e8f9e95
afdd2b65f74452829d79e90996e4f7bf
8536aaf254d342dc11f149eef2fd0b3f
512fff53917799dd8f529789ea4a029a
6df5d7a7d580569232eb1b729c6b3adc
46f48e3e28e571a66e273aea97de977c
32e2ab5bc4c038916f6da3be6ad22b6b
0f437d555e421ed5307cc83938de4af9
4f8d6388186c9b9964e8f686a28fe7d0
