c75d1a461bd813fbf8fc203b27bccec2
cf65c5997927daa73447cb154e3abbf3
0156058fcd915a2eed22542fdcd15a3a
ab0d74b666c010cb525212dee9a0ac5c
22c08153f3d2fc35eb2e5f09726a13a4
b2ca2632f2b276eb16408176f5ea38da
1d8c056d3c38f1775cd6c1f2eeac0a43
682ea63ac1b32f7b22f2687da323346e
f13444b264bd89c5158f936d74fcc7c0
7ece7954338ca5b0a39577d8cc4e67a5
e7017682486177804712feeafa96bd3e
e023a04ebef5f1f4c0b51d042c912cd1
1906a34371d4c052af0913543e8c9133
f9ed2832c5d3b5b836382d6da3f676c3
57e04dbfd87f03d079d462ea905f0131
6d20502778a4ad9faf22b439adfafb93
5794d64f15233f76e36617f2c89a6481
421876a7ab6cb4e2721f472b01a1be28
674ac37a54fa41c915774162acb92799
d50c62dae07cb0ff469fe79c33f63ea7
e3bd36cca237fee7d53c3b0c3327a6f8
bc93e26b4e8aed1d14eae52214c9c51c
4b3dae8add9e598af627079255d0568d
b8b950a0b4fce5dcf8096b48b709013c
11b7a4ea102d72b1bae418c23dda59f4
c5d7a22e67b2ca6d74e8a8e131aef3d7
25ba3070d38ce93971047b778aee4f67
263df34963ed91e203064d23556e4916
68ba474e9623924abb8c7c6fb6a0e806
d65406533d33bd12909bec38fec6f6bd
5cec8bc8f318431ffcd706e012b8ceb5
bb62da7fcd876aaa3444d6a6260b4dd9
b64ac3d56309221774f4b0255f5439ef
9f0f00ac0548eeac5f0fa72961c78f63
fa00680ab8ec258167045643bb128dc3
c4038ebe1f830a1200b77b7820785bc0
f517f27d86360400aa39f762e095b462
69feb67590f3bc723fab8aaaceaadc8a
33c307bb429d355bd62289e91af67264
4100191cf7bda06088757271e49bfa80
64a91a552f3d2293486762ca5e3a01b0
55cd6d096985adc4b7495f3bf41dee15
fe0c1bffac1fe9ea9d1949d47506f7a4
4fbbd528a017e94ba529b7d74a9489ff
f5f7aad057f59c39cbca64446fc6e651
d9deedf687a38eb24ee769ed4e791cd4
f9035a52f3be76fed2af9d68a85cc441
2839f8cb22711d1c7ad95f94f5629424
c9dba3a19fa971c03297a57be615c573
4c7536a7008713b6bce5daec2a909bc0
2b29d2806b6707cd319dab825e4e381b
88791d7cc7441b7a1c345148bc0ef048
f769e1e1076123f4d9db76ad41970822
120a9d38972663aa8ad20ccd9a5e1604
b11b93a236b49ab8337ad72fe97b6e3c
f42bead1831fbfaad1f16e30d6cc9b5f
7ccb24953e5001fdf336e05ef20232a1
dc3c0c084a602ab172f49115daeb893b
ca2c9bd1a6905895eac18ad0a44b04a6
cfb1ee52d8b6c223c2ca610d18629751
653f81586b32f265e935223600c29fff
5fad7fd9ad39c184cbd76e9885dd4588
9bd2e269c535cf98ee3b8d0f604da6ce
194c907a7a3ab99d2cedb690ef98cbe3
95e88e793e6d786edd073b540347e7de
78bf219e6aed93a3769ca9a7a7dee4a7
4f094cf66246ed697c44c66b113fdb8e
ce92b4dbd43180f955585e4e2d48f934
340ff7373acbe591aa887f6efeb5c8ad
b0592b737f2e2ddf58c3f95966830e39
3e6a08fd70589714584694d780b01f1e
6a8556021508031868834a318a0ac88c
3d6be3a9eb2ff8de0eeed2e724e7c5ac
2b1031a2079fc7eb4014bc2db8fdf2e3
746820b092b48de5047a1b4984705014
1be39c3bd7598fccfa5b9db2a605a517
7a414e50f1c2f3f6dde07b7bac750f7f
e5f0d04fc5ee632ac6ba4e9d930effe2
e00060c5f9764442b1df10f4eb657cf7
ad002ecb94b2387c7768d322320e5cdc
c4265dea2dd6ae466cb89cb700962a68
1eb0355e2b0757ab535ac5e0e4e3d07b
a572c4366d37e47ce171b422cff21c07
e084cf8047d1dfe113ca23ff9b3ea600
786e7587a22bb49689674eba19f7e4a2
6fb5958184340a00e3fc57020683295d
8fafda1c6c53fa23ccfcbe2471870687
c814be202320eac7721046fb5a3b8895
9c2d31d997190a94a332e2d0a1eaadcb
d01cc101e1cc14882a0b24d80dbccbdd
2a02864d68dd45e551049ac93736b94d
b906a5188ae49ab86067c467dba1370a
153ed9bf5b6d766dfbf96a721eba7532
3f315a63aa99078626822ce1d4bce18a
9b7fcf8e59b2fc5644bbc6724ce9e888
b8fb50428c786d2aabc0cc04e8c4d853
a71801cde45b8b86cc56bded801976cb
7f7eceb52bb9a45d90653eaaf0230df8
614558c88258807641d2fd8ab0c543c1
5075b9379823d03675616c4e2038b3ff
5d37976b9b086934409fae09d2648cc6
8e392cc5730556f40c43a4d6eee16428
2d84aa3e42982637e8808d33578fa78b
91840ee52ff73f6b683514f87c30cf8b
94ab371edbcc423f605dd5d4ce3debf1
abf8bca5a7458b47aef909536c7b85ca
50bc1161a3fc4f0728794771732e11a0
4a4cb390133e30d079e1947eb152a69e
2c8bf19a6ad3ba1d8504e3123461dafe
133c72e7c3f789109d1c5e93c5edf112
c3d824b4d39e71ce237949b1ebaf29fc
8df302cca3bc348b9d7664b372ff5c54
1d707b46340b5e8ab0768068dfdd2274
c579dc376519d0ea52db4b65ff3ee73c
2ebce65605c32ce93e4cab4045bdce5b
0f21c7589cc783b3c851e283f85aa0b4
84030ba90964e646126f564c51da695e
29637c6d73ea5b9e652ee2ee979339aa
18967b681aed8c0545c3b1cb76cbc95f
dbf942cdcd978582b5dc82d9ff31396f
407d2c5fb3a04c34a68df71164d684ed
e47ee132747d0a53d1aeee0a714b55e6
45377222659557f270a11ab9a8b245b5
831d13f964b799917bcf4f216d562663
c17034fd04c01e12938330609df40e67
3608d4a595fcb00b32670c07fb8961e7
41f78137578f260f794bc2034f7bc9c8
fb03ed33adcbe21161527f31e733d861
c2fe13af518333233c8cc41bed9ad8c2
a2dde21ed5615c2889719d6c3e0d7e84
905476bd833cbd9b125d32bf8bf726e1
9b0c6658bdbcf142834c78b79f358a05
04578bfb70edc48b528a3525154340c9
5ec88ba620adba737b027d37e31f3654
a56ab97feb370b4fb562e937219beeb1
3ae76aba6ddfd149de7cba21e59b68a8
5067be6f6c18c06bde6d5254dd313585
03d6dfae9b186a8a4ce8b32f6a84bcef
4c131326d8da1ec0f07d4deb555719f8
0c20036b93ddea2616f10fd16941d79d
5792bfafee7ccd3b13eab1373d935ee6
865e1c075de790e52ffe6f30c20a1974
a17e7d935754bb2c104a4b34d85a6f0d
3041fc1058a293eb037e01eb86055387
bba38299cdb1246123a0b95e35364b98
048943c1b955fefb817e14e2b6482b53
3fa83cb5fb8e20bcaebcbb932a2fa90c
6f3a36e36116fb17123837fcf01aa567
67f20c142caeb9f86159751a4c5948cf
fd59c2430026073883a042d42b2ad1d8
1e61e46cbf434c6bf7f758ef57a1ebc6
4c6540282ceff3bcf9bdc390e0e6500c
2985103baf736f84d98c4c0bf7723ef8
f7cde805b31a3459ebfb8ace9a2a3e46
dca3ca29959c3399f9afb8a223c70159
628d106cc7c0551dae8f6e84c89c0ffe
94eb8c2b78fe90aeb2bb50d5699f24bb
6e66920c093c4519a596afe53c0424e4
e211cb614e186dce5ad2493cf5c79fbb
e488d4f1375759e3145d26e75f50edad
a3eb1901ca03b057815ca17e76bbbebf
53f3f7ab38dbdef1f99faaf89e3242cb
e639f97034d490bf036bb748065f9fa8
bcd0190b261b6d2d40713144026f80cc
8ac3196f8d0aacb34d8410d79fbf4dbd
ddebeaadacb84e2c26624fc26e8cab51
5e54f5e1e5ea759907034d7750f694e1
1794dab85d9eeb5c6c63b51fb4df419b
692df14565b289a0eb9dd287f2286203
6cc4abc084947dac1504654af93356c5
7330b8ccd2fe9b85b0c9b14125a175c5
e027a983385e6c6279b7bd7cc3ca6e1b
508940a271614e5186b0f24c5de43eb7
30cd57b136f4ce747c0cefc4fe61760d
79120a69d6dc6909e1a89bb9ee73dd62
100dcfa97eb12e6dfb9af97b55bd61bf
d243f269ece45fe6f08fd342febcbe94
0e17a33ea804c6ade4c9338dcb9db323
cc5edfbc3a072cc0fc995ed305be7f44
fac7978f081a9715e98aa2d6b6648ec4
8935bc640a9bcb5ba749a6913bf9a4ff
dcfec55055c11ec0f729935d3797bd77
10528c85abf72e583a2149c532b1b507
aa45dad31c67c330d52ae8910c853de1
e46c2a27d65bf93f8b340a7cd0144385
740b9d278db895a316cc6b7fe19083c1
f49f4e7fe11700d5555123aaa3877698
f32e2cccbb57d534ced7a453eda8b982
ce874be4bddc13a2cb238cea4b0d8ff2
e1affac51cc9a6f1a56d7f9ccaa11e3c
2430c69542ba166c37f72622e763fcac
33a17b580cf6e21790053f3231b46cb5
d5842797c607556bf3d6c919b12e1b3b
bf54192acec9008b92c0ff026976bc49
b0ee4f89f77abfc12c58484c6f684a4c
bceb186b02cf3ae5a1fe6a5752c4e413
4e1f5d9bb60b63453250492c2d6ba247
e7fd4dd2e61dfa5a533e31a333bd243f
a7dd97da9a7e56614f15b111dfde781f
6db810fa1eba9b9a136185707ee2060d
1049603d5dd20caf4d67837d421becf3
8196c7e4e321af5da4fa1fca055e7920
86211e70363570ce79d0796736e2ddca
93c074fe6b2d5601fb7765785e4914fa
97e8a60992f2776138d0f5cf91bdb2d9
91b26117dc74b51ecc17ec40358a5804
e6d15d67ac5f9912556dbe80494be13f
ab0eb3b7683d91e58af589416cb04ad4
f82d87645080a01ae75735ba94a05ad5
4198ec4410826b56d4dcf87676d29bfe
a02d4d44c97835bc1ecc46ddbf4ae272
01ec4de2859c3176873652194a36d48e
fd76dac2c0515d42ad4bb5c8be27f3c3
a74831db067956bbd5279ef2bca13b0b
96dd25a94d881d99aa2357336fb42de6
8a3c14f3856f80fe63166dff4beffb75
0b0bfae9cd1eafbfcd1e1f2fdcb61e3d
650bee89771b59b8214d09cb27e789c2
947a0f1e98b0c5130247ee450c64279b
e09ac1393b5a92e9f3eac6140f052f39
a9f1114ecadf596c1d3ac5dae2d5068f
3d46b9853c65799513b57087e2586c52
8bfb6b8bcbfb1f3e40be631da809cb37
2067fee789cc13d1591b5ab01d795df4
b8b2fefd99cf8038c082253b4e7cfa53
a5aba46303e7b2934b580a2c3f5d26ff
04ccfc37652dd89c16eeb609b3813785
42b14bf1ac263ce2202bb806b6bf1bf8
7583982f25352891545163b10dd09d43
f9f8e86774668192ec637e4065585a49
37e12826fd8a9a87c222de8d6836ea88
7bbcb3ecf1eb675a06cea71eee8f3dd4
a24bcf219fbe4c9c062262ba2e255ad6
302a3d70f01cdb68cb32186eee4d1bcc
c89eb4e6be1c19fcc590e05abe05abdb
2d3840cf0d0d254d50a8ca37f3056e7f
3692fd905a8387e7407a78570de6dea1
31dc95463aa309df3a3b273bb21c57a7
06901ae456012d6e5663f94e2f5b2ac2
00470949f56b10b5a87a228026df9353
2778d30c1b48d77ba2e18c4da8257c27
e7ac980c51cd0006c3c44cdb42a69e8c
af56df377f08db52dcffe6ff28c1b5fa
8926873c9f51b6882d0c5abfe4fce9cd
b6d1201d38b8924e04b268aa115d2cf6
35f50a12e4200c96002401c0498f49c5
aafb47405d1d509c815b341caed18748
f72f137a0ffa52063c75d609ddea1e25
933bbd236ed5d51d521cf13160995228
aa373cd5f42693a218b2d7faf2bd786e
6dda0254fdade6370872f48ff14a08cc
feb87e2cf5a3b45e737f5ab90ce90c29
319b42f836595961e6b09a3066912fe6
c8f4decc33f10923a6569084fd26d527
7f0ba72798c4b32d499adb29438d575f
3c680ba8af741fa1d0d762aa07a80653
c75d1a461bd813fbf8fc203b27bccec2
cf65c5997927daa73447cb154e3abbf3
0156058fcd915a2eed22542fdcd15a3a
ab0d74b666c010cb525212dee9a0ac5c
22c08153f3d2fc35eb2e5f09726a13a4
b2ca2632f2b276eb16408176f5ea38da
1d8c056d3c38f1775cd6c1f2eeac0a43
682ea63ac1b32f7b22f2687da323346e
f13444b264bd89c5158f936d74fcc7c0
7ece7954338ca5b0a39577d8cc4e67a5
e7017682486177804712feeafa96bd3e
e023a04ebef5f1f4c0b51d042c912cd1
1906a34371d4c052af0913543e8c9133
f9ed2832c5d3b5b836382d6da3f676c3
57e04dbfd87f03d079d462ea905f0131
6d20502778a4ad9faf22b439adfafb93
5794d64f15233f76e36617f2c89a6481
421876a7ab6cb4e2721f472b01a1be28
674ac37a54fa41c915774162acb92799
d50c62dae07cb0ff469fe79c33f63ea7
e3bd36cca237fee7d53c3b0c3327a6f8
bc93e26b4e8aed1d14eae52214c9c51c
4b3dae8add9e598af627079255d0568d
b8b950a0b4fce5dcf8096b48b709013c
11b7a4ea102d72b1bae418c23dda59f4
c5d7a22e67b2ca6d74e8a8e131aef3d7
25ba3070d38ce93971047b778aee4f67
263df34963ed91e203064d23556e4916
68ba474e9623924abb8c7c6fb6a0e806
d65406533d33bd12909bec38fec6f6bd
5cec8bc8f318431ffcd706e012b8ceb5
bb62da7fcd876aaa3444d6a6260b4dd9
b64ac3d56309221774f4b0255f5439ef
9f0f00ac0548eeac5f0fa72961c78f63
fa00680ab8ec258167045643bb128dc3
c4038ebe1f830a1200b77b7820785bc0
f517f27d86360400aa39f762e095b462
69feb67590f3bc723fab8aaaceaadc8a
33c307bb429d355bd62289e91af67264
4100191cf7bda06088757271e49bfa80
64a91a552f3d2293486762ca5e3a01b0
55cd6d096985adc4b7495f3bf41dee15
fe0c1bffac1fe9ea9d1949d47506f7a4
4fbbd528a017e94ba529b7d74a9489ff
f5f7aad057f59c39cbca64446fc6e651
d9deedf687a38eb24ee769ed4e791cd4
f9035a52f3be76fed2af9d68a85cc441
2839f8cb22711d1c7ad95f94f5629424
c9dba3a19fa971c03297a57be615c573
4c7536a7008713b6bce5daec2a909bc0
2b29d2806b6707cd319dab825e4e381b
88791d7cc7441b7a1c345148bc0ef048
f769e1e1076123f4d9db76ad41970822
120a9d38972663aa8ad20ccd9a5e1604
b11b93a236b49ab8337ad72fe97b6e3c
f42bead1831fbfaad1f16e30d6cc9b5f
7ccb24953e5001fdf336e05ef20232a1
dc3c0c084a602ab172f49115daeb893b
ca2c9bd1a6905895eac18ad0a44b04a6
cfb1ee52d8b6c223c2ca610d18629751
653f81586b32f265e935223600c29fff
5fad7fd9ad39c184cbd76e9885dd4588
9bd2e269c535cf98ee3b8d0f604da6ce
194c907a7a3ab99d2cedb690ef98cbe3
95e88e793e6d786edd073b540347e7de
78bf219e6aed93a3769ca9a7a7dee4a7
4f094cf66246ed697c44c66b113fdb8e
ce92b4dbd43180f955585e4e2d48f934
340ff7373acbe591aa887f6efeb5c8ad
b0592b737f2e2ddf58c3f95966830e39
3e6a08fd70589714584694d780b01f1e
6a8556021508031868834a318a0ac88c
3d6be3a9eb2ff8de0eeed2e724e7c5ac
2b1031a2079fc7eb4014bc2db8fdf2e3
746820b092b48de5047a1b4984705014
1be39c3bd7598fccfa5b9db2a605a517
7a414e50f1c2f3f6dde07b7bac750f7f
e5f0d04fc5ee632ac6ba4e9d930effe2
e00060c5f9764442b1df10f4eb657cf7
ad002ecb94b2387c7768d322320e5cdc
c4265dea2dd6ae466cb89cb700962a68
1eb0355e2b0757ab535ac5e0e4e3d07b
a572c4366d37e47ce171b422cff21c07
e084cf8047d1dfe113ca23ff9b3ea600
786e7587a22bb49689674eba19f7e4a2
6fb5958184340a00e3fc57020683295d
8fafda1c6c53fa23ccfcbe2471870687
c814be202320eac7721046fb5a3b8895
9c2d31d997190a94a332e2d0a1eaadcb
d01cc101e1cc14882a0b24d80dbccbdd
2a02864d68dd45e551049ac93736b94d
b906a5188ae49ab86067c467dba1370a
153ed9bf5b6d766dfbf96a721eba7532
3f315a63aa99078626822ce1d4bce18a
9b7fcf8e59b2fc5644bbc6724ce9e888
b8fb50428c786d2aabc0cc04e8c4d853
a71801cde45b8b86cc56bded801976cb
7f7eceb52bb9a45d90653eaaf0230df8
614558c88258807641d2fd8ab0c543c1
5075b9379823d03675616c4e2038b3ff
5d37976b9b086934409fae09d2648cc6
8e392cc5730556f40c43a4d6eee16428
2d84aa3e42982637e8808d33578fa78b
91840ee52ff73f6b683514f87c30cf8b
94ab371edbcc423f605dd5d4ce3debf1
abf8bca5a7458b47aef909536c7b85ca
50bc1161a3fc4f0728794771732e11a0
4a4cb390133e30d079e1947eb152a69e
2c8bf19a6ad3ba1d8504e3123461dafe
133c72e7c3f789109d1c5e93c5edf112
c3d824b4d39e71ce237949b1ebaf29fc
8df302cca3bc348b9d7664b372ff5c54
1d707b46340b5e8ab0768068dfdd2274
c579dc376519d0ea52db4b65ff3ee73c
2ebce65605c32ce93e4cab4045bdce5b
0f21c7589cc783b3c851e283f85aa0b4
84030ba90964e646126f564c51da695e
29637c6d73ea5b9e652ee2ee979339aa
18967b681aed8c0545c3b1cb76cbc95f
dbf942cdcd978582b5dc82d9ff31396f
407d2c5fb3a04c34a68df71164d684ed
e47ee132747d0a53d1aeee0a714b55e6
45377222659557f270a11ab9a8b245b5
831d13f964b799917bcf4f216d562663
c17034fd04c01e12938330609df40e67
3608d4a595fcb00b32670c07fb8961e7
41f78137578f260f794bc2034f7bc9c8
fb03ed33adcbe21161527f31e733d861
c2fe13af518333233c8cc41bed9ad8c2
a2dde21ed5615c2889719d6c3e0d7e84
905476bd833cbd9b125d32bf8bf726e1
9b0c6658bdbcf142834c78b79f358a05
04578bfb70edc48b528a3525154340c9
5ec88ba620adba737b027d37e31f3654
a56ab97feb370b4fb562e937219beeb1
3ae76aba6ddfd149de7cba21e59b68a8
5067be6f6c18c06bde6d5254dd313585
03d6dfae9b186a8a4ce8b32f6a84bcef
4c131326d8da1ec0f07d4deb555719f8
0c20036b93ddea2616f10fd16941d79d
5792bfafee7ccd3b13eab1373d935ee6
865e1c075de790e52ffe6f30c20a1974
a17e7d935754bb2c104a4b34d85a6f0d
3041fc1058a293eb037e01eb86055387
bba38299cdb1246123a0b95e35364b98
048943c1b955fefb817e14e2b6482b53
3fa83cb5fb8e20bcaebcbb932a2fa90c
6f3a36e36116fb17123837fcf01aa567
67f20c142caeb9f86159751a4c5948cf
fd59c2430026073883a042d42b2ad1d8
1e61e46cbf434c6bf7f758ef57a1ebc6
4c6540282ceff3bcf9bdc390e0e6500c
2985103baf736f84d98c4c0bf7723ef8
f7cde805b31a3459ebfb8ace9a2a3e46
dca3ca29959c3399f9afb8a223c70159
628d106cc7c0551dae8f6e84c89c0ffe
94eb8c2b78fe90aeb2bb50d5699f24bb
6e66920c093c4519a596afe53c0424e4
e211cb614e186dce5ad2493cf5c79fbb
e488d4f1375759e3145d26e75f50edad
a3eb1901ca03b057815ca17e76bbbebf
53f3f7ab38dbdef1f99faaf89e3242cb
e639f97034d490bf036bb748065f9fa8
bcd0190b261b6d2d40713144026f80cc
8ac3196f8d0aacb34d8410d79fbf4dbd
ddebeaadacb84e2c26624fc26e8cab51
5e54f5e1e5ea759907034d7750f694e1
1794dab85d9eeb5c6c63b51fb4df419b
692df14565b289a0eb9dd287f2286203
6cc4abc084947dac1504654af93356c5
7330b8ccd2fe9b85b0c9b14125a175c5
e027a983385e6c6279b7bd7cc3ca6e1b
508940a271614e5186b0f24c5de43eb7
30cd57b136f4ce747c0cefc4fe61760d
79120a69d6dc6909e1a89bb9ee73dd62
100dcfa97eb12e6dfb9af97b55bd61bf
d243f269ece45fe6f08fd342febcbe94
0e17a33ea804c6ade4c9338dcb9db323
cc5edfbc3a072cc0fc995ed305be7f44
fac7978f081a9715e98aa2d6b6648ec4
8935bc640a9bcb5ba749a6913bf9a4ff
dcfec55055c11ec0f729935d3797bd77
10528c85abf72e583a2149c532b1b507
aa45dad31c67c330d52ae8910c853de1
e46c2a27d65bf93f8b340a7cd0144385
740b9d278db895a316cc6b7fe19083c1
f49f4e7fe11700d5555123aaa3877698
f32e2cccbb57d534ced7a453eda8b982
ce874be4bddc13a2cb238cea4b0d8ff2
e1affac51cc9a6f1a56d7f9ccaa11e3c
2430c69542ba166c37f72622e763fcac
33a17b580cf6e21790053f3231b46cb5
d5842797c607556bf3d6c919b12e1b3b
bf54192acec9008b92c0ff026976bc49
b0ee4f89f77abfc12c58484c6f684a4c
bceb186b02cf3ae5a1fe6a5752c4e413
4e1f5d9bb60b63453250492c2d6ba247
e7fd4dd2e61dfa5a533e31a333bd243f
a7dd97da9a7e56614f15b111dfde781f
6db810fa1eba9b9a136185707ee2060d
1049603d5dd20caf4d67837d421becf3
8196c7e4e321af5da4fa1fca055e7920
86211e70363570ce79d0796736e2ddca
93c074fe6b2d5601fb7765785e4914fa
97e8a60992f2776138d0f5cf91bdb2d9
91b26117dc74b51ecc17ec40358a5804
e6d15d67ac5f9912556dbe80494be13f
ab0eb3b7683d91e58af589416cb04ad4
f82d87645080a01ae75735ba94a05ad5
4198ec4410826b56d4dcf87676d29bfe
a02d4d44c97835bc1ecc46ddbf4ae272
01ec4de2859c3176873652194a36d48e
fd76dac2c0515d42ad4bb5c8be27f3c3
a74831db067956bbd5279ef2bca13b0b
96dd25a94d881d99aa2357336fb42de6
8a3c14f3856f80fe63166dff4beffb75
0b0bfae9cd1eafbfcd1e1f2fdcb61e3d
650bee89771b59b8214d09cb27e789c2
947a0f1e98b0c5130247ee450c64279b
e09ac1393b5a92e9f3eac6140f052f39
a9f1114ecadf596c1d3ac5dae2d5068f
3d46b9853c65799513b57087e2586c52
8bfb6b8bcbfb1f3e40be631da809cb37
2067fee789cc13d1591b5ab01d795df4
b8b2fefd99cf8038c082253b4e7cfa53
a5aba46303e7b2934b580a2c3f5d26ff
04ccfc37652dd89c16eeb609b3813785
42b14bf1ac263ce2202bb806b6bf1bf8
7583982f25352891545163b10dd09d43
f9f8e86774668192ec637e4065585a49
37e12826fd8a9a87c222de8d6836ea88
7bbcb3ecf1eb675a06cea71eee8f3dd4
a24bcf219fbe4c9c062262ba2e255ad6
302a3d70f01cdb68cb32186eee4d1bcc
c89eb4e6be1c19fcc590e05abe05abdb
2d3840cf0d0d254d50a8ca37f3056e7f
3692fd905a8387e7407a78570de6dea1
31dc95463aa309df3a3b273bb21c57a7
06901ae456012d6e5663f94e2f5b2ac2
00470949f56b10b5a87a228026df9353
2778d30c1b48d77ba2e18c4da8257c27
e7ac980c51cd0006c3c44cdb42a69e8c
af56df377f08db52dcffe6ff28c1b5fa
8926873c9f51b6882d0c5abfe4fce9cd
b6d1201d38b8924e04b268aa115d2cf6
35f50a12e4200c96002401c0498f49c5
aafb47405d1d509c815b341caed18748
f72f137a0ffa52063c75d609ddea1e25
933bbd236ed5d51d521cf13160995228
aa373cd5f42693a218b2d7faf2bd786e
6dda0254fdade6370872f48ff14a08cc
feb87e2cf5a3b45e737f5ab90ce90c29
319b42f836595961e6b09a3066912fe6
c8f4decc33f10923a6569084fd26d527
7f0ba72798c4b32d499adb29438d575f
3c680ba8af741fa1d0d762aa07a80653
c75d1a461bd813fbf8fc203b27bccec2
cf65c5997927daa73447cb154e3abbf3
0156058fcd915a2eed22542fdcd15a3a
ab0d74b666c010cb525212dee9a0ac5c
22c08153f3d2fc35eb2e5f09726a13a4
b2ca2632f2b276eb16408176f5ea38da
1d8c056d3c38f1775cd6c1f2eeac0a43
682ea63ac1b32f7b22f2687da323346e
f13444b264bd89c5158f936d74fcc7c0
7ece7954338ca5b0a39577d8cc4e67a5
e7017682486177804712feeafa96bd3e
e023a04ebef5f1f4c0b51d042c912cd1
1906a34371d4c052af0913543e8c9133
f9ed2832c5d3b5b836382d6da3f676c3
57e04dbfd87f03d079d462ea905f0131
6d20502778a4ad9faf22b439adfafb93
5794d64f15233f76e36617f2c89a6481
421876a7ab6cb4e2721f472b01a1be28
674ac37a54fa41c915774162acb92799
d50c62dae07cb0ff469fe79c33f63ea7
e3bd36cca237fee7d53c3b0c3327a6f8
bc93e26b4e8aed1d14eae52214c9c51c
4b3dae8add9e598af627079255d0568d
b8b950a0b4fce5dcf8096b48b709013c
11b7a4ea102d72b1bae418c23dda59f4
c5d7a22e67b2ca6d74e8a8e131aef3d7
25ba3070d38ce93971047b778aee4f67
263df34963ed91e203064d23556e4916
68ba474e9623924abb8c7c6fb6a0e806
d65406533d33bd12909bec38fec6f6bd
5cec8bc8f318431ffcd706e012b8ceb5
bb62da7fcd876aaa3444d6a6260b4dd9
b64ac3d56309221774f4b0255f5439ef
9f0f00ac0548eeac5f0fa72961c78f63
fa00680ab8ec258167045643bb128dc3
c4038ebe1f830a1200b77b7820785bc0
f517f27d86360400aa39f762e095b462
69feb67590f3bc723fab8aaaceaadc8a
33c307bb429d355bd62289e91af67264
4100191cf7bda06088757271e49bfa80
64a91a552f3d2293486762ca5e3a01b0
55cd6d096985adc4b7495f3bf41dee15
fe0c1bffac1fe9ea9d1949d47506f7a4
4fbbd528a017e94ba529b7d74a9489ff
f5f7aad057f59c39cbca64446fc6e651
d9deedf687a38eb24ee769ed4e791cd4
f9035a52f3be76fed2af9d68a85cc441
2839f8cb22711d1c7ad95f94f5629424
c9dba3a19fa971c03297a57be615c573
4c7536a7008713b6bce5daec2a909bc0
2b29d2806b6707cd319dab825e4e381b
88791d7cc7441b7a1c345148bc0ef048
f769e1e1076123f4d9db76ad41970822
120a9d38972663aa8ad20ccd9a5e1604
b11b93a236b49ab8337ad72fe97b6e3c
f42bead1831fbfaad1f16e30d6cc9b5f
7ccb24953e5001fdf336e05ef20232a1
dc3c0c084a602ab172f49115daeb893b
ca2c9bd1a6905895eac18ad0a44b04a6
cfb1ee52d8b6c223c2ca610d18629751
653f81586b32f265e935223600c29fff
5fad7fd9ad39c184cbd76e9885dd4588
9bd2e269c535cf98ee3b8d0f604da6ce
194c907a7a3ab99d2cedb690ef98cbe3
95e88e793e6d786edd073b540347e7de
78bf219e6aed93a3769ca9a7a7dee4a7
4f094cf66246ed697c44c66b113fdb8e
ce92b4dbd43180f955585e4e2d48f934
340ff7373acbe591aa887f6efeb5c8ad
b0592b737f2e2ddf58c3f95966830e39
3e6a08fd70589714584694d780b01f1e
6a8556021508031868834a318a0ac88c
3d6be3a9eb2ff8de0eeed2e724e7c5ac
2b1031a2079fc7eb4014bc2db8fdf2e3
746820b092b48de5047a1b4984705014
1be39c3bd7598fccfa5b9db2a605a517
7a414e50f1c2f3f6dde07b7bac750f7f
e5f0d04fc5ee632ac6ba4e9d930effe2
e00060c5f9764442b1df10f4eb657cf7
ad002ecb94b2387c7768d322320e5cdc
c4265dea2dd6ae466cb89cb700962a68
1eb0355e2b0757ab535ac5e0e4e3d07b
a572c4366d37e47ce171b422cff21c07
e084cf8047d1dfe113ca23ff9b3ea600
786e7587a22bb49689674eba19f7e4a2
6fb5958184340a00e3fc57020683295d
8fafda1c6c53fa23ccfcbe2471870687
c814be202320eac7721046fb5a3b8895
9c2d31d997190a94a332e2d0a1eaadcb
d01cc101e1cc14882a0b24d80dbccbdd
2a02864d68dd45e551049ac93736b94d
b906a5188ae49ab86067c467dba1370a
153ed9bf5b6d766dfbf96a721eba7532
3f315a63aa99078626822ce1d4bce18a
9b7fcf8e59b2fc5644bbc6724ce9e888
b8fb50428c786d2aabc0cc04e8c4d853
a71801cde45b8b86cc56bded801976cb
7f7eceb52bb9a45d90653eaaf0230df8
614558c88258807641d2fd8ab0c543c1
5075b9379823d03675616c4e2038b3ff
5d37976b9b086934409fae09d2648cc6
8e392cc5730556f40c43a4d6eee16428
2d84aa3e42982637e8808d33578fa78b
91840ee52ff73f6b683514f87c30cf8b
94ab371edbcc423f605dd5d4ce3debf1
abf8bca5a7458b47aef909536c7b85ca
50bc1161a3fc4f0728794771732e11a0
4a4cb390133e30d079e1947eb152a69e
2c8bf19a6ad3ba1d8504e3123461dafe
133c72e7c3f789109d1c5e93c5edf112
c3d824b4d39e71ce237949b1ebaf29fc
8df302cca3bc348b9d7664b372ff5c54
1d707b46340b5e8ab0768068dfdd2274
c579dc376519d0ea52db4b65ff3ee73c
2ebce65605c32ce93e4cab4045bdce5b
0f21c7589cc783b3c851e283f85aa0b4
84030ba90964e646126f564c51da695e
29637c6d73ea5b9e652ee2ee979339aa
18967b681aed8c0545c3b1cb76cbc95f
dbf942cdcd978582b5dc82d9ff31396f
407d2c5fb3a04c34a68df71164d684ed
e47ee132747d0a53d1aeee0a714b55e6
45377222659557f270a11ab9a8b245b5
831d13f964b799917bcf4f216d562663
c17034fd04c01e12938330609df40e67
3608d4a595fcb00b32670c07fb8961e7
41f78137578f260f794bc2034f7bc9c8
fb03ed33adcbe21161527f31e733d861
c2fe13af518333233c8cc41bed9ad8c2
a2dde21ed5615c2889719d6c3e0d7e84
905476bd833cbd9b125d32bf8bf726e1
9b0c6658bdbcf142834c78b79f358a05
04578bfb70edc48b528a3525154340c9
5ec88ba620adba737b027d37e31f3654
a56ab97feb370b4fb562e937219beeb1
3ae76aba6ddfd149de7cba21e59b68a8
5067be6f6c18c06bde6d5254dd313585
03d6dfae9b186a8a4ce8b32f6a84bcef
4c131326d8da1ec0f07d4deb555719f8
0c20036b93ddea2616f10fd16941d79d
5792bfafee7ccd3b13eab1373d935ee6
865e1c075de790e52ffe6f30c20a1974
a17e7d935754bb2c104a4b34d85a6f0d
3041fc1058a293eb037e01eb86055387
bba38299cdb1246123a0b95e35364b98
048943c1b955fefb817e14e2b6482b53
3fa83cb5fb8e20bcaebcbb932a2fa90c
6f3a36e36116fb17123837fcf01aa567
67f20c142caeb9f86159751a4c5948cf
fd59c2430026073883a042d42b2ad1d8
1e61e46cbf434c6bf7f758ef57a1ebc6
4c6540282ceff3bcf9bdc390e0e6500c
2985103baf736f84d98c4c0bf7723ef8
f7cde805b31a3459ebfb8ace9a2a3e46
dca3ca29959c3399f9afb8a223c70159
628d106cc7c0551dae8f6e84c89c0ffe
94eb8c2b78fe90aeb2bb50d5699f24bb
6e66920c093c4519a596afe53c0424e4
e211cb614e186dce5ad2493cf5c79fbb
e488d4f1375759e3145d26e75f50edad
a3eb1901ca03b057815ca17e76bbbebf
53f3f7ab38dbdef1f99faaf89e3242cb
e639f97034d490bf036bb748065f9fa8
bcd0190b261b6d2d40713144026f80cc
8ac3196f8d0aacb34d8410d79fbf4dbd
ddebeaadacb84e2c26624fc26e8cab51
5e54f5e1e5ea759907034d7750f694e1
1794dab85d9eeb5c6c63b51fb4df419b
692df14565b289a0eb9dd287f2286203
6cc4abc084947dac1504654af93356c5
7330b8ccd2fe9b85b0c9b14125a175c5
e027a983385e6c6279b7bd7cc3ca6e1b
508940a271614e5186b0f24c5de43eb7
30cd57b136f4ce747c0cefc4fe61760d
79120a69d6dc6909e1a89bb9ee73dd62
100dcfa97eb12e6dfb9af97b55bd61bf
d243f269ece45fe6f08fd342febcbe94
0e17a33ea804c6ade4c9338dcb9db323
cc5edfbc3a072cc0fc995ed305be7f44
fac7978f081a9715e98aa2d6b6648ec4
8935bc640a9bcb5ba749a6913bf9a4ff
dcfec55055c11ec0f729935d3797bd77
10528c85abf72e583a2149c532b1b507
aa45dad31c67c330d52ae8910c853de1
e46c2a27d65bf93f8b340a7cd0144385
740b9d278db895a316cc6b7fe19083c1
f49f4e7fe11700d5555123aaa3877698
f32e2cccbb57d534ced7a453eda8b982
ce874be4bddc13a2cb238cea4b0d8ff2
e1affac51cc9a6f1a56d7f9ccaa11e3c
2430c69542ba166c37f72622e763fcac
33a17b580cf6e21790053f3231b46cb5
d5842797c607556bf3d6c919b12e1b3b
bf54192acec9008b92c0ff026976bc49
b0ee4f89f77abfc12c58484c6f684a4c
bceb186b02cf3ae5a1fe6a5752c4e413
4e1f5d9bb60b63453250492c2d6ba247
e7fd4dd2e61dfa5a533e31a333bd243f
a7dd97da9a7e56614f15b111dfde781f
6db810fa1eba9b9a136185707ee2060d
1049603d5dd20caf4d67837d421becf3
8196c7e4e321af5da4fa1fca055e7920
86211e70363570ce79d0796736e2ddca
93c074fe6b2d5601fb7765785e4914fa
97e8a60992f2776138d0f5cf91bdb2d9
91b26117dc74b51ecc17ec40358a5804
e6d15d67ac5f9912556dbe80494be13f
ab0eb3b7683d91e58af589416cb04ad4
f82d87645080a01ae75735ba94a05ad5
4198ec4410826b56d4dcf87676d29bfe
a02d4d44c97835bc1ecc46ddbf4ae272
01ec4de2859c3176873652194a36d48e
fd76dac2c0515d42ad4bb5c8be27f3c3
a74831db067956bbd5279ef2bca13b0b
96dd25a94d881d99aa2357336fb42de6
8a3c14f3856f80fe63166dff4beffb75
0b0bfae9cd1eafbfcd1e1f2fdcb61e3d
650bee89771b59b8214d09cb27e789c2
947a0f1e98b0c5130247ee450c64279b
e09ac1393b5a92e9f3eac6140f052f39
a9f1114ecadf596c1d3ac5dae2d5068f
3d46b9853c65799513b57087e2586c52
8bfb6b8bcbfb1f3e40be631da809cb37
2067fee789cc13d1591b5ab01d795df4
b8b2fefd99cf8038c082253b4e7cfa53
a5aba46303e7b2934b580a2c3f5d26ff
04ccfc37652dd89c16eeb609b3813785
42b14bf1ac263ce2202bb806b6bf1bf8
7583982f25352891545163b10dd09d43
f9f8e86774668192ec637e4065585a49
37e12826fd8a9a87c222de8d6836ea88
7bbcb3ecf1eb675a06cea71eee8f3dd4
a24bcf219fbe4c9c062262ba2e255ad6
302a3d70f01cdb68cb32186eee4d1bcc
c89eb4e6be1c19fcc590e05abe05abdb
2d3840cf0d0d254d50a8ca37f3056e7f
3692fd905a8387e7407a78570de6dea1
31dc95463aa309df3a3b273bb21c57a7
06901ae456012d6e5663f94e2f5b2ac2
00470949f56b10b5a87a228026df9353
2778d30c1b48d77ba2e18c4da8257c27
e7ac980c51cd0006c3c44cdb42a69e8c
af56df377f08db52dcffe6ff28c1b5fa
8926873c9f51b6882d0c5abfe4fce9cd
b6d1201d38b8924e04b268aa115d2cf6
35f50a12e4200c96002401c0498f49c5
aafb47405d1d509c815b341caed18748
f72f137a0ffa52063c75d609ddea1e25
933bbd236ed5d51d521cf13160995228
aa373cd5f42693a218b2d7faf2bd786e
6dda0254fdade6370872f48ff14a08cc
feb87e2cf5a3b45e737f5ab90ce90c29
319b42f836595961e6b09a3066912fe6
c8f4decc33f10923a6569084fd26d527
7f0ba72798c4b32d499adb29438d575f
3c680ba8af741fa1d0d762aa07a80653
c75d1a461bd813fbf8fc203b27bccec2
cf65c5997927daa73447cb154e3abbf3
0156058fcd915a2eed22542fdcd15a3a
ab0d74b666c010cb525212dee9a0ac5c
22c08153f3d2fc35eb2e5f09726a13a4
b2ca2632f2b276eb16408176f5ea38da
1d8c056d3c38f1775cd6c1f2eeac0a43
682ea63ac1b32f7b22f2687da323346e
f13444b264bd89c5158f936d74fcc7c0
7ece7954338ca5b0a39577d8cc4e67a5
e7017682486177804712feeafa96bd3e
e023a04ebef5f1f4c0b51d042c912cd1
1906a34371d4c052af0913543e8c9133
f9ed2832c5d3b5b836382d6da3f676c3
57e04dbfd87f03d079d462ea905f0131
6d20502778a4ad9faf22b439adfafb93
5794d64f15233f76e36617f2c89a6481
421876a7ab6cb4e2721f472b01a1be28
674ac37a54fa41c915774162acb92799
d50c62dae07cb0ff469fe79c33f63ea7
e3bd36cca237fee7d53c3b0c3327a6f8
bc93e26b4e8aed1d14eae52214c9c51c
4b3dae8add9e598af627079255d0568d
b8b950a0b4fce5dcf8096b48b709013c
11b7a4ea102d72b1bae418c23dda59f4
c5d7a22e67b2ca6d74e8a8e131aef3d7
25ba3070d38ce93971047b778aee4f67
263df34963ed91e203064d23556e4916
68ba474e9623924abb8c7c6fb6a0e806
d65406533d33bd12909bec38fec6f6bd
5cec8bc8f318431ffcd706e012b8ceb5
bb62da7fcd876aaa3444d6a6260b4dd9
b64ac3d56309221774f4b0255f5439ef
9f0f00ac0548eeac5f0fa72961c78f63
fa00680ab8ec258167045643bb128dc3
c4038ebe1f830a1200b77b7820785bc0
f517f27d86360400aa39f762e095b462
69feb67590f3bc723fab8aaaceaadc8a
33c307bb429d355bd62289e91af67264
4100191cf7bda06088757271e49bfa80
64a91a552f3d2293486762ca5e3a01b0
55cd6d096985adc4b7495f3bf41dee15
fe0c1bffac1fe9ea9d1949d47506f7a4
4fbbd528a017e94ba529b7d74a9489ff
f5f7aad057f59c39cbca64446fc6e651
d9deedf687a38eb24ee769ed4e791cd4
f9035a52f3be76fed2af9d68a85cc441
2839f8cb22711d1c7ad95f94f5629424
c9dba3a19fa971c03297a57be615c573
4c7536a7008713b6bce5daec2a909bc0
2b29d2806b6707cd319dab825e4e381b
88791d7cc7441b7a1c345148bc0ef048
f769e1e1076123f4d9db76ad41970822
120a9d38972663aa8ad20ccd9a5e1604
b11b93a236b49ab8337ad72fe97b6e3c
f42bead1831fbfaad1f16e30d6cc9b5f
7ccb24953e5001fdf336e05ef20232a1
dc3c0c084a602ab172f49115daeb893b
ca2c9bd1a6905895eac18ad0a44b04a6
cfb1ee52d8b6c223c2ca610d18629751
653f81586b32f265e935223600c29fff
5fad7fd9ad39c184cbd76e9885dd4588
9bd2e269c535cf98ee3b8d0f604da6ce
194c907a7a3ab99d2cedb690ef98cbe3
95e88e793e6d786edd073b540347e7de
78bf219e6aed93a3769ca9a7a7dee4a7
4f094cf66246ed697c44c66b113fdb8e
ce92b4dbd43180f955585e4e2d48f934
340ff7373acbe591aa887f6efeb5c8ad
b0592b737f2e2ddf58c3f95966830e39
3e6a08fd70589714584694d780b01f1e
6a8556021508031868834a318a0ac88c
3d6be3a9eb2ff8de0eeed2e724e7c5ac
2b1031a2079fc7eb4014bc2db8fdf2e3
746820b092b48de5047a1b4984705014
1be39c3bd7598fccfa5b9db2a605a517
7a414e50f1c2f3f6dde07b7bac750f7f
e5f0d04fc5ee632ac6ba4e9d930effe2
e00060c5f9764442b1df10f4eb657cf7
ad002ecb94b2387c7768d322320e5cdc
c4265dea2dd6ae466cb89cb700962a68
1eb0355e2b0757ab535ac5e0e4e3d07b
a572c4366d37e47ce171b422cff21c07
e084cf8047d1dfe113ca23ff9b3ea600
786e7587a22bb49689674eba19f7e4a2
6fb5958184340a00e3fc57020683295d
8fafda1c6c53fa23ccfcbe2471870687
c814be202320eac7721046fb5a3b8895
9c2d31d997190a94a332e2d0a1eaadcb
d01cc101e1cc14882a0b24d80dbccbdd
2a02864d68dd45e551049ac93736b94d
b906a5188ae49ab86067c467dba1370a
153ed9bf5b6d766dfbf96a721eba7532
3f315a63aa99078626822ce1d4bce18a
9b7fcf8e59b2fc5644bbc6724ce9e888
b8fb50428c786d2aabc0cc04e8c4d853
a71801cde45b8b86cc56bded801976cb
7f7eceb52bb9a45d90653eaaf0230df8
614558c88258807641d2fd8ab0c543c1
5075b9379823d03675616c4e2038b3ff
5d37976b9b086934409fae09d2648cc6
8e392cc5730556f40c43a4d6eee16428
2d84aa3e42982637e8808d33578fa78b
91840ee52ff73f6b683514f87c30cf8b
94ab371edbcc423f605dd5d4ce3debf1
abf8bca5a7458b47aef909536c7b85ca
50bc1161a3fc4f0728794771732e11a0
4a4cb390133e30d079e1947eb152a69e
2c8bf19a6ad3ba1d8504e3123461dafe
133c72e7c3f789109d1c5e93c5edf112
c3d824b4d39e71ce237949b1ebaf29fc
8df302cca3bc348b9d7664b372ff5c54
1d707b46340b5e8ab0768068dfdd2274
c579dc376519d0ea52db4b65ff3ee73c
2ebce65605c32ce93e4cab4045bdce5b
0f21c7589cc783b3c851e283f85aa0b4
84030ba90964e646126f564c51da695e
29637c6d73ea5b9e652ee2ee979339aa
18967b681aed8c0545c3b1cb76cbc95f
dbf942cdcd978582b5dc82d9ff31396f
407d2c5fb3a04c34a68df71164d684ed
e47ee132747d0a53d1aeee0a714b55e6
45377222659557f270a11ab9a8b245b5
831d13f964b799917bcf4f216d562663
c17034fd04c01e12938330609df40e67
3608d4a595fcb00b32670c07fb8961e7
41f78137578f260f794bc2034f7bc9c8
fb03ed33adcbe21161527f31e733d861
c2fe13af518333233c8cc41bed9ad8c2
a2dde21ed5615c2889719d6c3e0d7e84
905476bd833cbd9b125d32bf8bf726e1
9b0c6658bdbcf142834c78b79f358a05
04578bfb70edc48b528a3525154340c9
5ec88ba620adba737b027d37e31f3654
a56ab97feb370b4fb562e937219beeb1
3ae76aba6ddfd149de7cba21e59b68a8
5067be6f6c18c06bde6d5254dd313585
03d6dfae9b186a8a4ce8b32f6a84bcef
4c131326d8da1ec0f07d4deb555719f8
0c20036b93ddea2616f10fd16941d79d
5792bfafee7ccd3b13eab1373d935ee6
865e1c075de790e52ffe6f30c20a1974
a17e7d935754bb2c104a4b34d85a6f0d
3041fc1058a293eb037e01eb86055387
bba38299cdb1246123a0b95e35364b98
048943c1b955fefb817e14e2b6482b53
3fa83cb5fb8e20bcaebcbb932a2fa90c
6f3a36e36116fb17123837fcf01aa567
67f20c142caeb9f86159751a4c5948cf
fd59c2430026073883a042d42b2ad1d8
1e61e46cbf434c6bf7f758ef57a1ebc6
4c6540282ceff3bcf9bdc390e0e6500c
2985103baf736f84d98c4c0bf7723ef8
f7cde805b31a3459ebfb8ace9a2a3e46
dca3ca29959c3399f9afb8a223c70159
628d106cc7c0551dae8f6e84c89c0ffe
94eb8c2b78fe90aeb2bb50d5699f24bb
6e66920c093c4519a596afe53c0424e4
e211cb614e186dce5ad2493cf5c79fbb
e488d4f1375759e3145d26e75f50edad
a3eb1901ca03b057815ca17e76bbbebf
53f3f7ab38dbdef1f99faaf89e3242cb
e639f97034d490bf036bb748065f9fa8
bcd0190b261b6d2d40713144026f80cc
8ac3196f8d0aacb34d8410d79fbf4dbd
ddebeaadacb84e2c26624fc26e8cab51
5e54f5e1e5ea759907034d7750f694e1
1794dab85d9eeb5c6c63b51fb4df419b
692df14565b289a0eb9dd287f2286203
6cc4abc084947dac1504654af93356c5
7330b8ccd2fe9b85b0c9b14125a175c5
e027a983385e6c6279b7bd7cc3ca6e1b
508940a271614e5186b0f24c5de43eb7
30cd57b136f4ce747c0cefc4fe61760d
79120a69d6dc6909e1a89bb9ee73dd62
100dcfa97eb12e6dfb9af97b55bd61bf
d243f269ece45fe6f08fd342febcbe94
0e17a33ea804c6ade4c9338dcb9db323
cc5edfbc3a072cc0fc995ed305be7f44
fac7978f081a9715e98aa2d6b6648ec4
8935bc640a9bcb5ba749a6913bf9a4ff
dcfec55055c11ec0f729935d3797bd77
10528c85abf72e583a2149c532b1b507
aa45dad31c67c330d52ae8910c853de1
e46c2a27d65bf93f8b340a7cd0144385
740b9d278db895a316cc6b7fe19083c1
f49f4e7fe11700d5555123aaa3877698
f32e2cccbb57d534ced7a453eda8b982
ce874be4bddc13a2cb238cea4b0d8ff2
e1affac51cc9a6f1a56d7f9ccaa11e3c
2430c69542ba166c37f72622e763fcac
33a17b580cf6e21790053f3231b46cb5
d5842797c607556bf3d6c919b12e1b3b
bf54192acec9008b92c0ff026976bc49
b0ee4f89f77abfc12c58484c6f684a4c
bceb186b02cf3ae5a1fe6a5752c4e413
4e1f5d9bb60b63453250492c2d6ba247
e7fd4dd2e61dfa5a533e31a333bd243f
a7dd97da9a7e56614f15b111dfde781f
6db810fa1eba9b9a136185707ee2060d
1049603d5dd20caf4d67837d421becf3
8196c7e4e321af5da4fa1fca055e7920
86211e70363570ce79d0796736e2ddca
93c074fe6b2d5601fb7765785e4914fa
97e8a60992f2776138d0f5cf91bdb2d9
91b26117dc74b51ecc17ec40358a5804
e6d15d67ac5f9912556dbe80494be13f
ab0eb3b7683d91e58af589416cb04ad4
f82d87645080a01ae75735ba94a05ad5
4198ec4410826b56d4dcf87676d29bfe
a02d4d44c97835bc1ecc46ddbf4ae272
01ec4de2859c3176873652194a36d48e
fd76dac2c0515d42ad4bb5c8be27f3c3
a74831db067956bbd5279ef2bca13b0b
96dd25a94d881d99aa2357336fb42de6
8a3c14f3856f80fe63166dff4beffb75
0b0bfae9cd1eafbfcd1e1f2fdcb61e3d
650bee89771b59b8214d09cb27e789c2
947a0f1e98b0c5130247ee450c64279b
e09ac1393b5a92e9f3eac6140f052f39
a9f1114ecadf596c1d3ac5dae2d5068f
3d46b9853c65799513b57087e2586c52
8bfb6b8bcbfb1f3e40be631da809cb37
2067fee789cc13d1591b5ab01d795df4
b8b2fefd99cf8038c082253b4e7cfa53
a5aba46303e7b2934b580a2c3f5d26ff
04ccfc37652dd89c16eeb609b3813785
42b14bf1ac263ce2202bb806b6bf1bf8
7583982f25352891545163b10dd09d43
f9f8e86774668192ec637e4065585a49
37e12826fd8a9a87c222de8d6836ea88
7bbcb3ecf1eb675a06cea71eee8f3dd4
a24bcf219fbe4c9c062262ba2e255ad6
302a3d70f01cdb68cb32186eee4d1bcc
c89eb4e6be1c19fcc590e05abe05abdb
2d3840cf0d0d254d50a8ca37f3056e7f
3692fd905a8387e7407a78570de6dea1
31dc95463aa309df3a3b273bb21c57a7
06901ae456012d6e5663f94e2f5b2ac2
00470949f56b10b5a87a228026df9353
2778d30c1b48d77ba2e18c4da8257c27
e7ac980c51cd0006c3c44cdb42a69e8c
af56df377f08db52dcffe6ff28c1b5fa
8926873c9f51b6882d0c5abfe4fce9cd
b6d1201d38b8924e04b268aa115d2cf6
35f50a12e4200c96002401c0498f49c5
aafb47405d1d509c815b341caed18748
f72f137a0ffa52063c75d609ddea1e25
933bbd236ed5d51d521cf13160995228
aa373cd5f42693a218b2d7faf2bd786e
6dda0254fdade6370872f48ff14a08cc
feb87e2cf5a3b45e737f5ab90ce90c29
319b42f836595961e6b09a3066912fe6
c8f4decc33f10923a6569084fd26d527
7f0ba72798c4b32d499adb29438d575f
3c680ba8af741fa1d0d762aa07a80653
c75d1a461bd813fbf8fc203b27bccec2
cf65c5997927daa73447cb154e3abbf3
0156058fcd915a2eed22542fdcd15a3a
ab0d74b666c010cb525212dee9a0ac5c
22c08153f3d2fc35eb2e5f09726a13a4
b2ca2632f2b276eb16408176f5ea38da
1d8c056d3c38f1775cd6c1f2eeac0a43
682ea63ac1b32f7b22f2687da323346e
f13444b264bd89c5158f936d74fcc7c0
7ece7954338ca5b0a39577d8cc4e67a5
e7017682486177804712feeafa96bd3e
e023a04ebef5f1f4c0b51d042c912cd1
1906a34371d4c052af0913543e8c9133
f9ed2832c5d3b5b836382d6da3f676c3
57e04dbfd87f03d079d462ea905f0131
6d20502778a4ad9faf22b439adfafb93
5794d64f15233f76e36617f2c89a6481
421876a7ab6cb4e2721f472b01a1be28
674ac37a54fa41c915774162acb92799
d50c62dae07cb0ff469fe79c33f63ea7
e3bd36cca237fee7d53c3b0c3327a6f8
bc93e26b4e8aed1d14eae52214c9c51c
4b3dae8add9e598af627079255d0568d
b8b950a0b4fce5dcf8096b48b709013c
11b7a4ea102d72b1bae418c23dda59f4
c5d7a22e67b2ca6d74e8a8e131aef3d7
25ba3070d38ce93971047b778aee4f67
263df34963ed91e203064d23556e4916
68ba474e9623924abb8c7c6fb6a0e806
d65406533d33bd12909bec38fec6f6bd
5cec8bc8f318431ffcd706e012b8ceb5
bb62da7fcd876aaa3444d6a6260b4dd9
b64ac3d56309221774f4b0255f5439ef
9f0f00ac0548eeac5f0fa72961c78f63
fa00680ab8ec258167045643bb128dc3
c4038ebe1f830a1200b77b7820785bc0
f517f27d86360400aa39f762e095b462
69feb67590f3bc723fab8aaaceaadc8a
33c307bb429d355bd62289e91af67264
4100191cf7bda06088757271e49bfa80
64a91a552f3d2293486762ca5e3a01b0
55cd6d096985adc4b7495f3bf41dee15
fe0c1bffac1fe9ea9d1949d47506f7a4
4fbbd528a017e94ba529b7d74a9489ff
f5f7aad057f59c39cbca64446fc6e651
d9deedf687a38eb24ee769ed4e791cd4
f9035a52f3be76fed2af9d68a85cc441
2839f8cb22711d1c7ad95f94f5629424
c9dba3a19fa971c03297a57be615c573
4c7536a7008713b6bce5daec2a909bc0
2b29d2806b6707cd319dab825e4e381b
88791d7cc7441b7a1c345148bc0ef048
f769e1e1076123f4d9db76ad41970822
120a9d38972663aa8ad20ccd9a5e1604
b11b93a236b49ab8337ad72fe97b6e3c
f42bead1831fbfaad1f16e30d6cc9b5f
7ccb24953e5001fdf336e05ef20232a1
dc3c0c084a602ab172f49115daeb893b
ca2c9bd1a6905895eac18ad0a44b04a6
cfb1ee52d8b6c223c2ca610d18629751
653f81586b32f265e935223600c29fff
5fad7fd9ad39c184cbd76e9885dd4588
9bd2e269c535cf98ee3b8d0f604da6ce
194c907a7a3ab99d2cedb690ef98cbe3
95e88e793e6d786edd073b540347e7de
78bf219e6aed93a3769ca9a7a7dee4a7
4f094cf66246ed697c44c66b113fdb8e
ce92b4dbd43180f955585e4e2d48f934
340ff7373acbe591aa887f6efeb5c8ad
b0592b737f2e2ddf58c3f95966830e39
3e6a08fd70589714584694d780b01f1e
6a8556021508031868834a318a0ac88c
3d6be3a9eb2ff8de0eeed2e724e7c5ac
2b1031a2079fc7eb4014bc2db8fdf2e3
746820b092b48de5047a1b4984705014
1be39c3bd7598fccfa5b9db2a605a517
7a414e50f1c2f3f6dde07b7bac750f7f
e5f0d04fc5ee632ac6ba4e9d930effe2
e00060c5f9764442b1df10f4eb657cf7
ad002ecb94b2387c7768d322320e5cdc
c4265dea2dd6ae466cb89cb700962a68
1eb0355e2b0757ab535ac5e0e4e3d07b
a572c4366d37e47ce171b422cff21c07
e084cf8047d1dfe113ca23ff9b3ea600
786e7587a22bb49689674eba19f7e4a2
6fb5958184340a00e3fc57020683295d
8fafda1c6c53fa23ccfcbe2471870687
c814be202320eac7721046fb5a3b8895
9c2d31d997190a94a332e2d0a1eaadcb
d01cc101e1cc14882a0b24d80dbccbdd
2a02864d68dd45e551049ac93736b94d
b906a5188ae49ab86067c467dba1370a
153ed9bf5b6d766dfbf96a721eba7532
3f315a63aa99078626822ce1d4bce18a
9b7fcf8e59b2fc5644bbc6724ce9e888
b8fb50428c786d2aabc0cc04e8c4d853
a71801cde45b8b86cc56bded801976cb
7f7eceb52bb9a45d90653eaaf0230df8
614558c88258807641d2fd8ab0c543c1
5075b9379823d03675616c4e2038b3ff
5d37976b9b086934409fae09d2648cc6
8e392cc5730556f40c43a4d6eee16428
2d84aa3e42982637e8808d33578fa78b
91840ee52ff73f6b683514f87c30cf8b
94ab371edbcc423f605dd5d4ce3debf1
abf8bca5a7458b47aef909536c7b85ca
50bc1161a3fc4f0728794771732e11a0
4a4cb390133e30d079e1947eb152a69e
2c8bf19a6ad3ba1d8504e3123461dafe
133c72e7c3f789109d1c5e93c5edf112
c3d824b4d39e71ce237949b1ebaf29fc
8df302cca3bc348b9d7664b372ff5c54
1d707b46340b5e8ab0768068dfdd2274
c579dc376519d0ea52db4b65ff3ee73c
2ebce65605c32ce93e4cab4045bdce5b
0f21c7589cc783b3c851e283f85aa0b4
84030ba90964e646126f564c51da695e
29637c6d73ea5b9e652ee2ee979339aa
18967b681aed8c0545c3b1cb76cbc95f
dbf942cdcd978582b5dc82d9ff31396f
407d2c5fb3a04c34a68df71164d684ed
e47ee132747d0a53d1aeee0a714b55e6
45377222659557f270a11ab9a8b245b5
831d13f964b799917bcf4f216d562663
c17034fd04c01e12938330609df40e67
3608d4a595fcb00b32670c07fb8961e7
41f78137578f260f794bc2034f7bc9c8
fb03ed33adcbe21161527f31e733d861
c2fe13af518333233c8cc41bed9ad8c2
a2dde21ed5615c2889719d6c3e0d7e84
905476bd833cbd9b125d32bf8bf726e1
9b0c6658bdbcf142834c78b79f358a05
04578bfb70edc48b528a3525154340c9
5ec88ba620adba737b027d37e31f3654
a56ab97feb370b4fb562e937219beeb1
3ae76aba6ddfd149de7cba21e59b68a8
5067be6f6c18c06bde6d5254dd313585
03d6dfae9b186a8a4ce8b32f6a84bcef
4c131326d8da1ec0f07d4deb555719f8
0c20036b93ddea2616f10fd16941d79d
5792bfafee7ccd3b13eab1373d935ee6
865e1c075de790e52ffe6f30c20a1974
a17e7d935754bb2c104a4b34d85a6f0d
3041fc1058a293eb037e01eb86055387
bba38299cdb1246123a0b95e35364b98
048943c1b955fefb817e14e2b6482b53
3fa83cb5fb8e20bcaebcbb932a2fa90c
6f3a36e36116fb17123837fcf01aa567
67f20c142caeb9f86159751a4c5948cf
fd59c2430026073883a042d42b2ad1d8
1e61e46cbf434c6bf7f758ef57a1ebc6
4c6540282ceff3bcf9bdc390e0e6500c
2985103baf736f84d98c4c0bf7723ef8
f7cde805b31a3459ebfb8ace9a2a3e46
dca3ca29959c3399f9afb8a223c70159
628d106cc7c0551dae8f6e84c89c0ffe
94eb8c2b78fe90aeb2bb50d5699f24bb
6e66920c093c4519a596afe53c0424e4
e211cb614e186dce5ad2493cf5c79fbb
e488d4f1375759e3145d26e75f50edad
a3eb1901ca03b057815ca17e76bbbebf
53f3f7ab38dbdef1f99faaf89e3242cb
e639f97034d490bf036bb748065f9fa8
bcd0190b261b6d2d40713144026f80cc
8ac3196f8d0aacb34d8410d79fbf4dbd
ddebeaadacb84e2c26624fc26e8cab51
5e54f5e1e5ea759907034d7750f694e1
1794dab85d9eeb5c6c63b51fb4df419b
692df14565b289a0eb9dd287f2286203
6cc4abc084947dac1504654af93356c5
7330b8ccd2fe9b85b0c9b14125a175c5
e027a983385e6c6279b7bd7cc3ca6e1b
508940a271614e5186b0f24c5de43eb7
30cd57b136f4ce747c0cefc4fe61760d
79120a69d6dc6909e1a89bb9ee73dd62
100dcfa97eb12e6dfb9af97b55bd61bf
d243f269ece45fe6f08fd342febcbe94
0e17a33ea804c6ade4c9338dcb9db323
cc5edfbc3a072cc0fc995ed305be7f44
fac7978f081a9715e98aa2d6b6648ec4
8935bc640a9bcb5ba749a6913bf9a4ff
dcfec55055c11ec0f729935d3797bd77
10528c85abf72e583a2149c532b1b507
aa45dad31c67c330d52ae8910c853de1
e46c2a27d65bf93f8b340a7cd0144385
740b9d278db895a316cc6b7fe19083c1
f49f4e7fe11700d5555123aaa3877698
f32e2cccbb57d534ced7a453eda8b982
ce874be4bddc13a2cb238cea4b0d8ff2
e1affac51cc9a6f1a56d7f9ccaa11e3c
2430c69542ba166c37f72622e763fcac
33a17b580cf6e21790053f3231b46cb5
d5842797c607556bf3d6c919b12e1b3b
bf54192acec9008b92c0ff026976bc49
b0ee4f89f77abfc12c58484c6f684a4c
bceb186b02cf3ae5a1fe6a5752c4e413
4e1f5d9bb60b63453250492c2d6ba247
e7fd4dd2e61dfa5a533e31a333bd243f
a7dd97da9a7e56614f15b111dfde781f
6db810fa1eba9b9a136185707ee2060d
1049603d5dd20caf4d67837d421becf3
8196c7e4e321af5da4fa1fca055e7920
86211e70363570ce79d0796736e2ddca
93c074fe6b2d5601fb7765785e4914fa
97e8a60992f2776138d0f5cf91bdb2d9
91b26117dc74b51ecc17ec40358a5804
e6d15d67ac5f9912556dbe80494be13f
ab0eb3b7683d91e58af589416cb04ad4
f82d87645080a01ae75735ba94a05ad5
4198ec4410826b56d4dcf87676d29bfe
a02d4d44c97835bc1ecc46ddbf4ae272
01ec4de2859c3176873652194a36d48e
fd76dac2c0515d42ad4bb5c8be27f3c3
a74831db067956bbd5279ef2bca13b0b
96dd25a94d881d99aa2357336fb42de6
8a3c14f3856f80fe63166dff4beffb75
0b0bfae9cd1eafbfcd1e1f2fdcb61e3d
650bee89771b59b8214d09cb27e789c2
947a0f1e98b0c5130247ee450c64279b
e09ac1393b5a92e9f3eac6140f052f39
a9f1114ecadf596c1d3ac5dae2d5068f
3d46b9853c65799513b57087e2586c52
8bfb6b8bcbfb1f3e40be631da809cb37
2067fee789cc13d1591b5ab01d795df4
b8b2fefd99cf8038c082253b4e7cfa53
a5aba46303e7b2934b580a2c3f5d26ff
04ccfc37652dd89c16eeb609b3813785
42b14bf1ac263ce2202bb806b6bf1bf8
7583982f25352891545163b10dd09d43
f9f8e86774668192ec637e4065585a49
37e12826fd8a9a87c222de8d6836ea88
7bbcb3ecf1eb675a06cea71eee8f3dd4
a24bcf219fbe4c9c062262ba2e255ad6
302a3d70f01cdb68cb32186eee4d1bcc
c89eb4e6be1c19fcc590e05abe05abdb
2d3840cf0d0d254d50a8ca37f3056e7f
3692fd905a8387e7407a78570de6dea1
31dc95463aa309df3a3b273bb21c57a7
06901ae456012d6e5663f94e2f5b2ac2
00470949f56b10b5a87a228026df9353
2778d30c1b48d77ba2e18c4da8257c27
e7ac980c51cd0006c3c44cdb42a69e8c
af56df377f08db52dcffe6ff28c1b5fa
8926873c9f51b6882d0c5abfe4fce9cd
b6d1201d38b8924e04b268aa115d2cf6
35f50a12e4200c96002401c0498f49c5
aafb47405d1d509c815b341caed18748
f72f137a0ffa52063c75d609ddea1e25
933bbd236ed5d51d521cf13160995228
aa373cd5f42693a218b2d7faf2bd786e
6dda0254fdade6370872f48ff14a08cc
feb87e2cf5a3b45e737f5ab90ce90c29
319b42f836595961e6b09a3066912fe6
c8f4decc33f10923a6569084fd26d527
7f0ba72798c4b32d499adb29438d575f
3c680ba8af741fa1d0d762aa07a80653
c75d1a461bd813fbf8fc203b27bccec2
cf65c5997927daa73447cb154e3abbf3
0156058fcd915a2eed22542fdcd15a3a
ab0d74b666c010cb525212dee9a0ac5c
22c08153f3d2fc35eb2e5f09726a13a4
b2ca2632f2b276eb16408176f5ea38da
1d8c056d3c38f1775cd6c1f2eeac0a43
682ea63ac1b32f7b22f2687da323346e
f13444b264bd89c5158f936d74fcc7c0
7ece7954338ca5b0a39577d8cc4e67a5
e7017682486177804712feeafa96bd3e
e023a04ebef5f1f4c0b51d042c912cd1
1906a34371d4c052af0913543e8c9133
f9ed2832c5d3b5b836382d6da3f676c3
57e04dbfd87f03d079d462ea905f0131
6d20502778a4ad9faf22b439adfafb93
5794d64f15233f76e36617f2c89a6481
421876a7ab6cb4e2721f472b01a1be28
674ac37a54fa41c915774162acb92799
d50c62dae07cb0ff469fe79c33f63ea7
e3bd36cca237fee7d53c3b0c3327a6f8
bc93e26b4e8aed1d14eae52214c9c51c
4b3dae8add9e598af627079255d0568d
b8b950a0b4fce5dcf8096b48b709013c
11b7a4ea102d72b1bae418c23dda59f4
c5d7a22e67b2ca6d74e8a8e131aef3d7
25ba3070d38ce93971047b778aee4f67
263df34963ed91e203064d23556e4916
68ba474e9623924abb8c7c6fb6a0e806
d65406533d33bd12909bec38fec6f6bd
5cec8bc8f318431ffcd706e012b8ceb5
bb62da7fcd876aaa3444d6a6260b4dd9
b64ac3d56309221774f4b0255f5439ef
9f0f00ac0548eeac5f0fa72961c78f63
fa00680ab8ec258167045643bb128dc3
c4038ebe1f830a1200b77b7820785bc0
f517f27d86360400aa39f762e095b462
69feb67590f3bc723fab8aaaceaadc8a
33c307bb429d355bd62289e91af67264
4100191cf7bda06088757271e49bfa80
64a91a552f3d2293486762ca5e3a01b0
55cd6d096985adc4b7495f3bf41dee15
fe0c1bffac1fe9ea9d1949d47506f7a4
4fbbd528a017e94ba529b7d74a9489ff
f5f7aad057f59c39cbca64446fc6e651
d9deedf687a38eb24ee769ed4e791cd4
f9035a52f3be76fed2af9d68a85cc441
2839f8cb22711d1c7ad95f94f5629424
c9dba3a19fa971c03297a57be615c573
4c7536a7008713b6bce5daec2a909bc0
2b29d2806b6707cd319dab825e4e381b
88791d7cc7441b7a1c345148bc0ef048
f769e1e1076123f4d9db76ad41970822
120a9d38972663aa8ad20ccd9a5e1604
b11b93a236b49ab8337ad72fe97b6e3c
f42bead1831fbfaad1f16e30d6cc9b5f
7ccb24953e5001fdf336e05ef20232a1
dc3c0c084a602ab172f49115daeb893b
ca2c9bd1a6905895eac18ad0a44b04a6
cfb1ee52d8b6c223c2ca610d18629751
653f81586b32f265e935223600c29fff
5fad7fd9ad39c184cbd76e9885dd4588
9bd2e269c535cf98ee3b8d0f604da6ce
194c907a7a3ab99d2cedb690ef98cbe3
95e88e793e6d786edd073b540347e7de
78bf219e6aed93a3769ca9a7a7dee4a7
4f094cf66246ed697c44c66b113fdb8e
ce92b4dbd43180f955585e4e2d48f934
340ff7373acbe591aa887f6efeb5c8ad
b0592b737f2e2ddf58c3f95966830e39
3e6a08fd70589714584694d780b01f1e
6a8556021508031868834a318a0ac88c
3d6be3a9eb2ff8de0eeed2e724e7c5ac
2b1031a2079fc7eb4014bc2db8fdf2e3
746820b092b48de5047a1b4984705014
1be39c3bd7598fccfa5b9db2a605a517
7a414e50f1c2f3f6dde07b7bac750f7f
e5f0d04fc5ee632ac6ba4e9d930effe2
e00060c5f9764442b1df10f4eb657cf7
ad002ecb94b2387c7768d322320e5cdc
c4265dea2dd6ae466cb89cb700962a68
1eb0355e2b0757ab535ac5e0e4e3d07b
a572c4366d37e47ce171b422cff21c07
e084cf8047d1dfe113ca23ff9b3ea600
786e7587a22bb49689674eba19f7e4a2
6fb5958184340a00e3fc57020683295d
8fafda1c6c53fa23ccfcbe2471870687
c814be202320eac7721046fb5a3b8895
9c2d31d997190a94a332e2d0a1eaadcb
d01cc101e1cc14882a0b24d80dbccbdd
2a02864d68dd45e551049ac93736b94d
b906a5188ae49ab86067c467dba1370a
153ed9bf5b6d766dfbf96a721eba7532
3f315a63aa99078626822ce1d4bce18a
9b7fcf8e59b2fc5644bbc6724ce9e888
b8fb50428c786d2aabc0cc04e8c4d853
a71801cde45b8b86cc56bded801976cb
7f7eceb52bb9a45d90653eaaf0230df8
614558c88258807641d2fd8ab0c543c1
5075b9379823d03675616c4e2038b3ff
5d37976b9b086934409fae09d2648cc6
8e392cc5730556f40c43a4d6eee16428
2d84aa3e42982637e8808d33578fa78b
91840ee52ff73f6b683514f87c30cf8b
94ab371edbcc423f605dd5d4ce3debf1
abf8bca5a7458b47aef909536c7b85ca
50bc1161a3fc4f0728794771732e11a0
4a4cb390133e30d079e1947eb152a69e
2c8bf19a6ad3ba1d8504e3123461dafe
133c72e7c3f789109d1c5e93c5edf112
c3d824b4d39e71ce237949b1ebaf29fc
8df302cca3bc348b9d7664b372ff5c54
1d707b46340b5e8ab0768068dfdd2274
c579dc376519d0ea52db4b65ff3ee73c
2ebce65605c32ce93e4cab4045bdce5b
0f21c7589cc783b3c851e283f85aa0b4
84030ba90964e646126f564c51da695e
29637c6d73ea5b9e652ee2ee979339aa
18967b681aed8c0545c3b1cb76cbc95f
dbf942cdcd978582b5dc82d9ff31396f
407d2c5fb3a04c34a68df71164d684ed
e47ee132747d0a53d1aeee0a714b55e6
45377222659557f270a11ab9a8b245b5
831d13f964b799917bcf4f216d562663
c17034fd04c01e12938330609df40e67
3608d4a595fcb00b32670c07fb8961e7
41f78137578f260f794bc2034f7bc9c8
fb03ed33adcbe21161527f31e733d861
c2fe13af518333233c8cc41bed9ad8c2
a2dde21ed5615c2889719d6c3e0d7e84
905476bd833cbd9b125d32bf8bf726e1
9b0c6658bdbcf142834c78b79f358a05
04578bfb70edc48b528a3525154340c9
5ec88ba620adba737b027d37e31f3654
a56ab97feb370b4fb562e937219beeb1
3ae76aba6ddfd149de7cba21e59b68a8
5067be6f6c18c06bde6d5254dd313585
03d6dfae9b186a8a4ce8b32f6a84bcef
4c131326d8da1ec0f07d4deb555719f8
0c20036b93ddea2616f10fd16941d79d
5792bfafee7ccd3b13eab1373d935ee6
865e1c075de790e52ffe6f30c20a1974
a17e7d935754bb2c104a4b34d85a6f0d
3041fc1058a293eb037e01eb86055387
bba38299cdb1246123a0b95e35364b98
048943c1b955fefb817e14e2b6482b53
3fa83cb5fb8e20bcaebcbb932a2fa90c
6f3a36e36116fb17123837fcf01aa567
67f20c142caeb9f86159751a4c5948cf
fd59c2430026073883a042d42b2ad1d8
1e61e46cbf434c6bf7f758ef57a1ebc6
4c6540282ceff3bcf9bdc390e0e6500c
2985103baf736f84d98c4c0bf7723ef8
f7cde805b31a3459ebfb8ace9a2a3e46
dca3ca29959c3399f9afb8a223c70159
628d106cc7c0551dae8f6e84c89c0ffe
94eb8c2b78fe90aeb2bb50d5699f24bb
6e66920c093c4519a596afe53c0424e4
e211cb614e186dce5ad2493cf5c79fbb
e488d4f1375759e3145d26e75f50edad
a3eb1901ca03b057815ca17e76bbbebf
53f3f7ab38dbdef1f99faaf89e3242cb
e639f97034d490bf036bb748065f9fa8
bcd0190b261b6d2d40713144026f80cc
8ac3196f8d0aacb34d8410d79fbf4dbd
ddebeaadacb84e2c26624fc26e8cab51
5e54f5e1e5ea759907034d7750f694e1
1794dab85d9eeb5c6c63b51fb4df419b
692df14565b289a0eb9dd287f2286203
6cc4abc084947dac1504654af93356c5
7330b8ccd2fe9b85b0c9b14125a175c5
e027a983385e6c6279b7bd7cc3ca6e1b
508940a271614e5186b0f24c5de43eb7
30cd57b136f4ce747c0cefc4fe61760d
79120a69d6dc6909e1a89bb9ee73dd62
100dcfa97eb12e6dfb9af97b55bd61bf
d243f269ece45fe6f08fd342febcbe94
0e17a33ea804c6ade4c9338dcb9db323
cc5edfbc3a072cc0fc995ed305be7f44
fac7978f081a9715e98aa2d6b6648ec4
8935bc640a9bcb5ba749a6913bf9a4ff
dcfec55055c11ec0f729935d3797bd77
10528c85abf72e583a2149c532b1b507
aa45dad31c67c330d52ae8910c853de1
e46c2a27d65bf93f8b340a7cd0144385
740b9d278db895a316cc6b7fe19083c1
f49f4e7fe11700d5555123aaa3877698
f32e2cccbb57d534ced7a453eda8b982
ce874be4bddc13a2cb238cea4b0d8ff2
e1affac51cc9a6f1a56d7f9ccaa11e3c
2430c69542ba166c37f72622e763fcac
33a17b580cf6e21790053f3231b46cb5
d5842797c607556bf3d6c919b12e1b3b
bf54192acec9008b92c0ff026976bc49
b0ee4f89f77abfc12c58484c6f684a4c
bceb186b02cf3ae5a1fe6a5752c4e413
4e1f5d9bb60b63453250492c2d6ba247
e7fd4dd2e61dfa5a533e31a333bd243f
a7dd97da9a7e56614f15b111dfde781f
6db810fa1eba9b9a136185707ee2060d
1049603d5dd20caf4d67837d421becf3
8196c7e4e321af5da4fa1fca055e7920
86211e70363570ce79d0796736e2ddca
93c074fe6b2d5601fb7765785e4914fa
97e8a60992f2776138d0f5cf91bdb2d9
91b26117dc74b51ecc17ec40358a5804
e6d15d67ac5f9912556dbe80494be13f
ab0eb3b7683d91e58af589416cb04ad4
f82d87645080a01ae75735ba94a05ad5
4198ec4410826b56d4dcf87676d29bfe
a02d4d44c97835bc1ecc46ddbf4ae272
01ec4de2859c3176873652194a36d48e
fd76dac2c0515d42ad4bb5c8be27f3c3
a74831db067956bbd5279ef2bca13b0b
96dd25a94d881d99aa2357336fb42de6
8a3c14f3856f80fe63166dff4beffb75
0b0bfae9cd1eafbfcd1e1f2fdcb61e3d
650bee89771b59b8214d09cb27e789c2
947a0f1e98b0c5130247ee450c64279b
e09ac1393b5a92e9f3eac6140f052f39
a9f1114ecadf596c1d3ac5dae2d5068f
3d46b9853c65799513b57087e2586c52
8bfb6b8bcbfb1f3e40be631da809cb37
2067fee789cc13d1591b5ab01d795df4
b8b2fefd99cf8038c082253b4e7cfa53
a5aba46303e7b2934b580a2c3f5d26ff
04ccfc37652dd89c16eeb609b3813785
42b14bf1ac263ce2202bb806b6bf1bf8
7583982f25352891545163b10dd09d43
f9f8e86774668192ec637e4065585a49
37e12826fd8a9a87c222de8d6836ea88
7bbcb3ecf1eb675a06cea71eee8f3dd4
a24bcf219fbe4c9c062262ba2e255ad6
302a3d70f01cdb68cb32186eee4d1bcc
c89eb4e6be1c19fcc590e05abe05abdb
2d3840cf0d0d254d50a8ca37f3056e7f
3692fd905a8387e7407a78570de6dea1
31dc95463aa309df3a3b273bb21c57a7
06901ae456012d6e5663f94e2f5b2ac2
00470949f56b10b5a87a228026df9353
2778d30c1b48d77ba2e18c4da8257c27
e7ac980c51cd0006c3c44cdb42a69e8c
af56df377f08db52dcffe6ff28c1b5fa
8926873c9f51b6882d0c5abfe4fce9cd
b6d1201d38b8924e04b268aa115d2cf6
35f50a12e4200c96002401c0498f49c5
aafb47405d1d509c815b341caed18748
f72f137a0ffa52063c75d609ddea1e25
933bbd236ed5d51d521cf13160995228
aa373cd5f42693a218b2d7faf2bd786e
6dda0254fdade6370872f48ff14a08cc
feb87e2cf5a3b45e737f5ab90ce90c29
319b42f836595961e6b09a3066912fe6
c8f4decc33f10923a6569084fd26d527
7f0ba72798c4b32d499adb29438d575f
3c680ba8af741fa1d0d762aa07a80653
c75d1a461bd813fbf8fc203b27bccec2
cf65c5997927daa73447cb154e3abbf3
0156058fcd915a2eed22542fdcd15a3a
ab0d74b666c010cb525212dee9a0ac5c
22c08153f3d2fc35eb2e5f09726a13a4
b2ca2632f2b276eb16408176f5ea38da
1d8c056d3c38f1775cd6c1f2eeac0a43
682ea63ac1b32f7b22f2687da323346e
f13444b264bd89c5158f936d74fcc7c0
7ece7954338ca5b0a39577d8cc4e67a5
e7017682486177804712feeafa96bd3e
e023a04ebef5f1f4c0b51d042c912cd1
1906a34371d4c052af0913543e8c9133
f9ed2832c5d3b5b836382d6da3f676c3
57e04dbfd87f03d079d462ea905f0131
6d20502778a4ad9faf22b439adfafb93
5794d64f15233f76e36617f2c89a6481
421876a7ab6cb4e2721f472b01a1be28
674ac37a54fa41c915774162acb92799
d50c62dae07cb0ff469fe79c33f63ea7
e3bd36cca237fee7d53c3b0c3327a6f8
bc93e26b4e8aed1d14eae52214c9c51c
4b3dae8add9e598af627079255d0568d
b8b950a0b4fce5dcf8096b48b709013c
11b7a4ea102d72b1bae418c23dda59f4
c5d7a22e67b2ca6d74e8a8e131aef3d7
25ba3070d38ce93971047b778aee4f67
263df34963ed91e203064d23556e4916
68ba474e9623924abb8c7c6fb6a0e806
d65406533d33bd12909bec38fec6f6bd
5cec8bc8f318431ffcd706e012b8ceb5
bb62da7fcd876aaa3444d6a6260b4dd9
b64ac3d56309221774f4b0255f5439ef
9f0f00ac0548eeac5f0fa72961c78f63
fa00680ab8ec258167045643bb128dc3
c4038ebe1f830a1200b77b7820785bc0
f517f27d86360400aa39f762e095b462
69feb67590f3bc723fab8aaaceaadc8a
33c307bb429d355bd62289e91af67264
4100191cf7bda06088757271e49bfa80
64a91a552f3d2293486762ca5e3a01b0
55cd6d096985adc4b7495f3bf41dee15
fe0c1bffac1fe9ea9d1949d47506f7a4
4fbbd528a017e94ba529b7d74a9489ff
f5f7aad057f59c39cbca64446fc6e651
d9deedf687a38eb24ee769ed4e791cd4
f9035a52f3be76fed2af9d68a85cc441
2839f8cb22711d1c7ad95f94f5629424
c9dba3a19fa971c03297a57be615c573
4c7536a7008713b6bce5daec2a909bc0
2b29d2806b6707cd319dab825e4e381b
88791d7cc7441b7a1c345148bc0ef048
f769e1e1076123f4d9db76ad41970822
120a9d38972663aa8ad20ccd9a5e1604
b11b93a236b49ab8337ad72fe97b6e3c
f42bead1831fbfaad1f16e30d6cc9b5f
7ccb24953e5001fdf336e05ef20232a1
dc3c0c084a602ab172f49115daeb893b
ca2c9bd1a6905895eac18ad0a44b04a6
cfb1ee52d8b6c223c2ca610d18629751
653f81586b32f265e935223600c29fff
5fad7fd9ad39c184cbd76e9885dd4588
9bd2e269c535cf98ee3b8d0f604da6ce
194c907a7a3ab99d2cedb690ef98cbe3
95e88e793e6d786edd073b540347e7de
78bf219e6aed93a3769ca9a7a7dee4a7
4f094cf66246ed697c44c66b113fdb8e
ce92b4dbd43180f955585e4e2d48f934
340ff7373acbe591aa887f6efeb5c8ad
b0592b737f2e2ddf58c3f95966830e39
3e6a08fd70589714584694d780b01f1e
6a8556021508031868834a318a0ac88c
3d6be3a9eb2ff8de0eeed2e724e7c5ac
2b1031a2079fc7eb4014bc2db8fdf2e3
746820b092b48de5047a1b4984705014
1be39c3bd7598fccfa5b9db2a605a517
7a414e50f1c2f3f6dde07b7bac750f7f
e5f0d04fc5ee632ac6ba4e9d930effe2
e00060c5f9764442b1df10f4eb657cf7
ad002ecb94b2387c7768d322320e5cdc
c4265dea2dd6ae466cb89cb700962a68
1eb0355e2b0757ab535ac5e0e4e3d07b
a572c4366d37e47ce171b422cff21c07
e084cf8047d1dfe113ca23ff9b3ea600
786e7587a22bb49689674eba19f7e4a2
6fb5958184340a00e3fc57020683295d
8fafda1c6c53fa23ccfcbe2471870687
c814be202320eac7721046fb5a3b8895
9c2d31d997190a94a332e2d0a1eaadcb
d01cc101e1cc14882a0b24d80dbccbdd
2a02864d68dd45e551049ac93736b94d
b906a5188ae49ab86067c467dba1370a
153ed9bf5b6d766dfbf96a721eba7532
3f315a63aa99078626822ce1d4bce18a
9b7fcf8e59b2fc5644bbc6724ce9e888
b8fb50428c786d2aabc0cc04e8c4d853
a71801cde45b8b86cc56bded801976cb
7f7eceb52bb9a45d90653eaaf0230df8
614558c88258807641d2fd8ab0c543c1
5075b9379823d03675616c4e2038b3ff
5d37976b9b086934409fae09d2648cc6
8e392cc5730556f40c43a4d6eee16428
2d84aa3e42982637e8808d33578fa78b
91840ee52ff73f6b683514f87c30cf8b
94ab371edbcc423f605dd5d4ce3debf1
abf8bca5a7458b47aef909536c7b85ca
50bc1161a3fc4f0728794771732e11a0
4a4cb390133e30d079e1947eb152a69e
2c8bf19a6ad3ba1d8504e3123461dafe
133c72e7c3f789109d1c5e93c5edf112
c3d824b4d39e71ce237949b1ebaf29fc
8df302cca3bc348b9d7664b372ff5c54
1d707b46340b5e8ab0768068dfdd2274
c579dc376519d0ea52db4b65ff3ee73c
2ebce65605c32ce93e4cab4045bdce5b
0f21c7589cc783b3c851e283f85aa0b4
84030ba90964e646126f564c51da695e
29637c6d73ea5b9e652ee2ee979339aa
18967b681aed8c0545c3b1cb76cbc95f
dbf942cdcd978582b5dc82d9ff31396f
407d2c5fb3a04c34a68df71164d684ed
e47ee132747d0a53d1aeee0a714b55e6
45377222659557f270a11ab9a8b245b5
831d13f964b799917bcf4f216d562663
c17034fd04c01e12938330609df40e67
3608d4a595fcb00b32670c07fb8961e7
41f78137578f260f794bc2034f7bc9c8
fb03ed33adcbe21161527f31e733d861
c2fe13af518333233c8cc41bed9ad8c2
a2dde21ed5615c2889719d6c3e0d7e84
905476bd833cbd9b125d32bf8bf726e1
9b0c6658bdbcf142834c78b79f358a05
04578bfb70edc48b528a3525154340c9
5ec88ba620adba737b027d37e31f3654
a56ab97feb370b4fb562e937219beeb1
3ae76aba6ddfd149de7cba21e59b68a8
5067be6f6c18c06bde6d5254dd313585
03d6dfae9b186a8a4ce8b32f6a84bcef
4c131326d8da1ec0f07d4deb555719f8
0c20036b93ddea2616f10fd16941d79d
5792bfafee7ccd3b13eab1373d935ee6
865e1c075de790e52ffe6f30c20a1974
a17e7d935754bb2c104a4b34d85a6f0d
3041fc1058a293eb037e01eb86055387
bba38299cdb1246123a0b95e35364b98
048943c1b955fefb817e14e2b6482b53
3fa83cb5fb8e20bcaebcbb932a2fa90c
6f3a36e36116fb17123837fcf01aa567
67f20c142caeb9f86159751a4c5948cf
fd59c2430026073883a042d42b2ad1d8
1e61e46cbf434c6bf7f758ef57a1ebc6
4c6540282ceff3bcf9bdc390e0e6500c
2985103baf736f84d98c4c0bf7723ef8
f7cde805b31a3459ebfb8ace9a2a3e46
dca3ca29959c3399f9afb8a223c70159
628d106cc7c0551dae8f6e84c89c0ffe
94eb8c2b78fe90aeb2bb50d5699f24bb
6e66920c093c4519a596afe53c0424e4
e211cb614e186dce5ad2493cf5c79fbb
e488d4f1375759e3145d26e75f50edad
a3eb1901ca03b057815ca17e76bbbebf
53f3f7ab38dbdef1f99faaf89e3242cb
e639f97034d490bf036bb748065f9fa8
bcd0190b261b6d2d40713144026f80cc
8ac3196f8d0aacb34d8410d79fbf4dbd
ddebeaadacb84e2c26624fc26e8cab51
5e54f5e1e5ea759907034d7750f694e1
1794dab85d9eeb5c6c63b51fb4df419b
692df14565b289a0eb9dd287f2286203
6cc4abc084947dac1504654af93356c5
7330b8ccd2fe9b85b0c9b14125a175c5
e027a983385e6c6279b7bd7cc3ca6e1b
508940a271614e5186b0f24c5de43eb7
30cd57b136f4ce747c0cefc4fe61760d
79120a69d6dc6909e1a89bb9ee73dd62
100dcfa97eb12e6dfb9af97b55bd61bf
d243f269ece45fe6f08fd342febcbe94
0e17a33ea804c6ade4c9338dcb9db323
cc5edfbc3a072cc0fc995ed305be7f44
fac7978f081a9715e98aa2d6b6648ec4
8935bc640a9bcb5ba749a6913bf9a4ff
dcfec55055c11ec0f729935d3797bd77
10528c85abf72e583a2149c532b1b507
aa45dad31c67c330d52ae8910c853de1
e46c2a27d65bf93f8b340a7cd0144385
740b9d278db895a316cc6b7fe19083c1
f49f4e7fe11700d5555123aaa3877698
f32e2cccbb57d534ced7a453eda8b982
ce874be4bddc13a2cb238cea4b0d8ff2
e1affac51cc9a6f1a56d7f9ccaa11e3c
2430c69542ba166c37f72622e763fcac
33a17b580cf6e21790053f3231b46cb5
d5842797c607556bf3d6c919b12e1b3b
bf54192acec9008b92c0ff026976bc49
b0ee4f89f77abfc12c58484c6f684a4c
bceb186b02cf3ae5a1fe6a5752c4e413
4e1f5d9bb60b63453250492c2d6ba247
e7fd4dd2e61dfa5a533e31a333bd243f
a7dd97da9a7e56614f15b111dfde781f
6db810fa1eba9b9a136185707ee2060d
1049603d5dd20caf4d67837d421becf3
8196c7e4e321af5da4fa1fca055e7920
86211e70363570ce79d0796736e2ddca
93c074fe6b2d5601fb7765785e4914fa
97e8a60992f2776138d0f5cf91bdb2d9
91b26117dc74b51ecc17ec40358a5804
e6d15d67ac5f9912556dbe80494be13f
ab0eb3b7683d91e58af589416cb04ad4
f82d87645080a01ae75735ba94a05ad5
4198ec4410826b56d4dcf87676d29bfe
a02d4d44c97835bc1ecc46ddbf4ae272
01ec4de2859c3176873652194a36d48e
fd76dac2c0515d42ad4bb5c8be27f3c3
a74831db067956bbd5279ef2bca13b0b
96dd25a94d881d99aa2357336fb42de6
8a3c14f3856f80fe63166dff4beffb75
0b0bfae9cd1eafbfcd1e1f2fdcb61e3d
650bee89771b59b8214d09cb27e789c2
947a0f1e98b0c5130247ee450c64279b
e09ac1393b5a92e9f3eac6140f052f39
a9f1114ecadf596c1d3ac5dae2d5068f
3d46b9853c65799513b57087e2586c52
8bfb6b8bcbfb1f3e40be631da809cb37
2067fee789cc13d1591b5ab01d795df4
b8b2fefd99cf8038c082253b4e7cfa53
a5aba46303e7b2934b580a2c3f5d26ff
04ccfc37652dd89c16eeb609b3813785
42b14bf1ac263ce2202bb806b6bf1bf8
7583982f25352891545163b10dd09d43
f9f8e86774668192ec637e4065585a49
37e12826fd8a9a87c222de8d6836ea88
7bbcb3ecf1eb675a06cea71eee8f3dd4
a24bcf219fbe4c9c062262ba2e255ad6
302a3d70f01cdb68cb32186eee4d1bcc
c89eb4e6be1c19fcc590e05abe05abdb
2d3840cf0d0d254d50a8ca37f3056e7f
3692fd905a8387e7407a78570de6dea1
31dc95463aa309df3a3b273bb21c57a7
06901ae456012d6e5663f94e2f5b2ac2
00470949f56b10b5a87a228026df9353
2778d30c1b48d77ba2e18c4da8257c27
e7ac980c51cd0006c3c44cdb42a69e8c
af56df377f08db52dcffe6ff28c1b5fa
8926873c9f51b6882d0c5abfe4fce9cd
b6d1201d38b8924e04b268aa115d2cf6
35f50a12e4200c96002401c0498f49c5
aafb47405d1d509c815b341caed18748
f72f137a0ffa52063c75d609ddea1e25
933bbd236ed5d51d521cf13160995228
aa373cd5f42693a218b2d7faf2bd786e
6dda0254fdade6370872f48ff14a08cc
feb87e2cf5a3b45e737f5ab90ce90c29
319b42f836595961e6b09a3066912fe6
c8f4decc33f10923a6569084fd26d527
7f0ba72798c4b32d499adb29438d575f
3c680ba8af741fa1d0d762aa07a80653
c75d1a461bd813fbf8fc203b27bccec2
cf65c5997927daa73447cb154e3abbf3
0156058fcd915a2eed22542fdcd15a3a
ab0d74b666c010cb525212dee9a0ac5c
22c08153f3d2fc35eb2e5f09726a13a4
b2ca2632f2b276eb16408176f5ea38da
1d8c056d3c38f1775cd6c1f2eeac0a43
682ea63ac1b32f7b22f2687da323346e
f13444b264bd89c5158f936d74fcc7c0
7ece7954338ca5b0a39577d8cc4e67a5
e7017682486177804712feeafa96bd3e
e023a04ebef5f1f4c0b51d042c912cd1
1906a34371d4c052af0913543e8c9133
f9ed2832c5d3b5b836382d6da3f676c3
57e04dbfd87f03d079d462ea905f0131
6d20502778a4ad9faf22b439adfafb93
5794d64f15233f76e36617f2c89a6481
421876a7ab6cb4e2721f472b01a1be28
674ac37a54fa41c915774162acb92799
d50c62dae07cb0ff469fe79c33f63ea7
e3bd36cca237fee7d53c3b0c3327a6f8
bc93e26b4e8aed1d14eae52214c9c51c
4b3dae8add9e598af627079255d0568d
b8b950a0b4fce5dcf8096b48b709013c
11b7a4ea102d72b1bae418c23dda59f4
c5d7a22e67b2ca6d74e8a8e131aef3d7
25ba3070d38ce93971047b778aee4f67
263df34963ed91e203064d23556e4916
68ba474e9623924abb8c7c6fb6a0e806
d65406533d33bd12909bec38fec6f6bd
5cec8bc8f318431ffcd706e012b8ceb5
bb62da7fcd876aaa3444d6a6260b4dd9
b64ac3d56309221774f4b0255f5439ef
9f0f00ac0548eeac5f0fa72961c78f63
fa00680ab8ec258167045643bb128dc3
c4038ebe1f830a1200b77b7820785bc0
f517f27d86360400aa39f762e095b462
69feb67590f3bc723fab8aaaceaadc8a
33c307bb429d355bd62289e91af67264
4100191cf7bda06088757271e49bfa80
64a91a552f3d2293486762ca5e3a01b0
55cd6d096985adc4b7495f3bf41dee15
fe0c1bffac1fe9ea9d1949d47506f7a4
4fbbd528a017e94ba529b7d74a9489ff
f5f7aad057f59c39cbca64446fc6e651
d9deedf687a38eb24ee769ed4e791cd4
f9035a52f3be76fed2af9d68a85cc441
2839f8cb22711d1c7ad95f94f5629424
c9dba3a19fa971c03297a57be615c573
4c7536a7008713b6bce5daec2a909bc0
2b29d2806b6707cd319dab825e4e381b
88791d7cc7441b7a1c345148bc0ef048
f769e1e1076123f4d9db76ad41970822
120a9d38972663aa8ad20ccd9a5e1604
b11b93a236b49ab8337ad72fe97b6e3c
f42bead1831fbfaad1f16e30d6cc9b5f
7ccb24953e5001fdf336e05ef20232a1
dc3c0c084a602ab172f49115daeb893b
ca2c9bd1a6905895eac18ad0a44b04a6
cfb1ee52d8b6c223c2ca610d18629751
653f81586b32f265e935223600c29fff
5fad7fd9ad39c184cbd76e9885dd4588
9bd2e269c535cf98ee3b8d0f604da6ce
194c907a7a3ab99d2cedb690ef98cbe3
95e88e793e6d786edd073b540347e7de
78bf219e6aed93a3769ca9a7a7dee4a7
4f094cf66246ed697c44c66b113fdb8e
ce92b4dbd43180f955585e4e2d48f934
340ff7373acbe591aa887f6efeb5c8ad
b0592b737f2e2ddf58c3f95966830e39
3e6a08fd70589714584694d780b01f1e
6a8556021508031868834a318a0ac88c
3d6be3a9eb2ff8de0eeed2e724e7c5ac
2b1031a2079fc7eb4014bc2db8fdf2e3
746820b092b48de5047a1b4984705014
1be39c3bd7598fccfa5b9db2a605a517
7a414e50f1c2f3f6dde07b7bac750f7f
e5f0d04fc5ee632ac6ba4e9d930effe2
e00060c5f9764442b1df10f4eb657cf7
ad002ecb94b2387c7768d322320e5cdc
c4265dea2dd6ae466cb89cb700962a68
1eb0355e2b0757ab535ac5e0e4e3d07b
a572c4366d37e47ce171b422cff21c07
e084cf8047d1dfe113ca23ff9b3ea600
786e7587a22bb49689674eba19f7e4a2
6fb5958184340a00e3fc57020683295d
8fafda1c6c53fa23ccfcbe2471870687
c814be202320eac7721046fb5a3b8895
9c2d31d997190a94a332e2d0a1eaadcb
d01cc101e1cc14882a0b24d80dbccbdd
2a02864d68dd45e551049ac93736b94d
b906a5188ae49ab86067c467dba1370a
153ed9bf5b6d766dfbf96a721eba7532
3f315a63aa99078626822ce1d4bce18a
9b7fcf8e59b2fc5644bbc6724ce9e888
b8fb50428c786d2aabc0cc04e8c4d853
a71801cde45b8b86cc56bded801976cb
7f7eceb52bb9a45d90653eaaf0230df8
614558c88258807641d2fd8ab0c543c1
5075b9379823d03675616c4e2038b3ff
5d37976b9b086934409fae09d2648cc6
8e392cc5730556f40c43a4d6eee16428
2d84aa3e42982637e8808d33578fa78b
91840ee52ff73f6b683514f87c30cf8b
94ab371edbcc423f605dd5d4ce3debf1
abf8bca5a7458b47aef909536c7b85ca
50bc1161a3fc4f0728794771732e11a0
4a4cb390133e30d079e1947eb152a69e
2c8bf19a6ad3ba1d8504e3123461dafe
133c72e7c3f789109d1c5e93c5edf112
c3d824b4d39e71ce237949b1ebaf29fc
8df302cca3bc348b9d7664b372ff5c54
1d707b46340b5e8ab0768068dfdd2274
c579dc376519d0ea52db4b65ff3ee73c
2ebce65605c32ce93e4cab4045bdce5b
0f21c7589cc783b3c851e283f85aa0b4
84030ba90964e646126f564c51da695e
29637c6d73ea5b9e652ee2ee979339aa
18967b681aed8c0545c3b1cb76cbc95f
dbf942cdcd978582b5dc82d9ff31396f
407d2c5fb3a04c34a68df71164d684ed
e47ee132747d0a53d1aeee0a714b55e6
45377222659557f270a11ab9a8b245b5
831d13f964b799917bcf4f216d562663
c17034fd04c01e12938330609df40e67
3608d4a595fcb00b32670c07fb8961e7
41f78137578f260f794bc2034f7bc9c8
fb03ed33adcbe21161527f31e733d861
c2fe13af518333233c8cc41bed9ad8c2
a2dde21ed5615c2889719d6c3e0d7e84
905476bd833cbd9b125d32bf8bf726e1
9b0c6658bdbcf142834c78b79f358a05
04578bfb70edc48b528a3525154340c9
5ec88ba620adba737b027d37e31f3654
a56ab97feb370b4fb562e937219beeb1
3ae76aba6ddfd149de7cba21e59b68a8
5067be6f6c18c06bde6d5254dd313585
03d6dfae9b186a8a4ce8b32f6a84bcef
4c131326d8da1ec0f07d4deb555719f8
0c20036b93ddea2616f10fd16941d79d
5792bfafee7ccd3b13eab1373d935ee6
865e1c075de790e52ffe6f30c20a1974
a17e7d935754bb2c104a4b34d85a6f0d
3041fc1058a293eb037e01eb86055387
bba38299cdb1246123a0b95e35364b98
048943c1b955fefb817e14e2b6482b53
3fa83cb5fb8e20bcaebcbb932a2fa90c
6f3a36e36116fb17123837fcf01aa567
67f20c142caeb9f86159751a4c5948cf
fd59c2430026073883a042d42b2ad1d8
1e61e46cbf434c6bf7f758ef57a1ebc6
4c6540282ceff3bcf9bdc390e0e6500c
2985103baf736f84d98c4c0bf7723ef8
f7cde805b31a3459ebfb8ace9a2a3e46
dca3ca29959c3399f9afb8a223c70159
628d106cc7c0551dae8f6e84c89c0ffe
94eb8c2b78fe90aeb2bb50d5699f24bb
6e66920c093c4519a596afe53c0424e4
e211cb614e186dce5ad2493cf5c79fbb
e488d4f1375759e3145d26e75f50edad
a3eb1901ca03b057815ca17e76bbbebf
53f3f7ab38dbdef1f99faaf89e3242cb
e639f97034d490bf036bb748065f9fa8
bcd0190b261b6d2d40713144026f80cc
8ac3196f8d0aacb34d8410d79fbf4dbd
ddebeaadacb84e2c26624fc26e8cab51
5e54f5e1e5ea759907034d7750f694e1
1794dab85d9eeb5c6c63b51fb4df419b
692df14565b289a0eb9dd287f2286203
6cc4abc084947dac1504654af93356c5
7330b8ccd2fe9b85b0c9b14125a175c5
e027a983385e6c6279b7bd7cc3ca6e1b
508940a271614e5186b0f24c5de43eb7
30cd57b136f4ce747c0cefc4fe61760d
79120a69d6dc6909e1a89bb9ee73dd62
100dcfa97eb12e6dfb9af97b55bd61bf
d243f269ece45fe6f08fd342febcbe94
0e17a33ea804c6ade4c9338dcb9db323
cc5edfbc3a072cc0fc995ed305be7f44
fac7978f081a9715e98aa2d6b6648ec4
8935bc640a9bcb5ba749a6913bf9a4ff
dcfec55055c11ec0f729935d3797bd77
10528c85abf72e583a2149c532b1b507
aa45dad31c67c330d52ae8910c853de1
e46c2a27d65bf93f8b340a7cd0144385
740b9d278db895a316cc6b7fe19083c1
f49f4e7fe11700d5555123aaa3877698
f32e2cccbb57d534ced7a453eda8b982
ce874be4bddc13a2cb238cea4b0d8ff2
e1affac51cc9a6f1a56d7f9ccaa11e3c
2430c69542ba166c37f72622e763fcac
33a17b580cf6e21790053f3231b46cb5
d5842797c607556bf3d6c919b12e1b3b
bf54192acec9008b92c0ff026976bc49
b0ee4f89f77abfc12c58484c6f684a4c
bceb186b02cf3ae5a1fe6a5752c4e413
4e1f5d9bb60b63453250492c2d6ba247
e7fd4dd2e61dfa5a533e31a333bd243f
a7dd97da9a7e56614f15b111dfde781f
6db810fa1eba9b9a136185707ee2060d
1049603d5dd20caf4d67837d421becf3
8196c7e4e321af5da4fa1fca055e7920
86211e70363570ce79d0796736e2ddca
93c074fe6b2d5601fb7765785e4914fa
97e8a60992f2776138d0f5cf91bdb2d9
91b26117dc74b51ecc17ec40358a5804
e6d15d67ac5f9912556dbe80494be13f
ab0eb3b7683d91e58af589416cb04ad4
f82d87645080a01ae75735ba94a05ad5
4198ec4410826b56d4dcf87676d29bfe
a02d4d44c97835bc1ecc46ddbf4ae272
01ec4de2859c3176873652194a36d48e
fd76dac2c0515d42ad4bb5c8be27f3c3
a74831db067956bbd5279ef2bca13b0b
96dd25a94d881d99aa2357336fb42de6
8a3c14f3856f80fe63166dff4beffb75
0b0bfae9cd1eafbfcd1e1f2fdcb61e3d
650bee89771b59b8214d09cb27e789c2
947a0f1e98b0c5130247ee450c64279b
e09ac1393b5a92e9f3eac6140f052f39
a9f1114ecadf596c1d3ac5dae2d5068f
3d46b9853c65799513b57087e2586c52
8bfb6b8bcbfb1f3e40be631da809cb37
2067fee789cc13d1591b5ab01d795df4
b8b2fefd99cf8038c082253b4e7cfa53
a5aba46303e7b2934b580a2c3f5d26ff
04ccfc37652dd89c16eeb609b3813785
42b14bf1ac263ce2202bb806b6bf1bf8
7583982f25352891545163b10dd09d43
f9f8e86774668192ec637e4065585a49
37e12826fd8a9a87c222de8d6836ea88
7bbcb3ecf1eb675a06cea71eee8f3dd4
a24bcf219fbe4c9c062262ba2e255ad6
302a3d70f01cdb68cb32186eee4d1bcc
c89eb4e6be1c19fcc590e05abe05abdb
2d3840cf0d0d254d50a8ca37f3056e7f
3692fd905a8387e7407a78570de6dea1
31dc95463aa309df3a3b273bb21c57a7
06901ae456012d6e5663f94e2f5b2ac2
00470949f56b10b5a87a228026df9353
2778d30c1b48d77ba2e18c4da8257c27
e7ac980c51cd0006c3c44cdb42a69e8c
af56df377f08db52dcffe6ff28c1b5fa
8926873c9f51b6882d0c5abfe4fce9cd
b6d1201d38b8924e04b268aa115d2cf6
35f50a12e4200c96002401c0498f49c5
aafb47405d1d509c815b341caed18748
f72f137a0ffa52063c75d609ddea1e25
933bbd236ed5d51d521cf13160995228
aa373cd5f42693a218b2d7faf2bd786e
6dda0254fdade6370872f48ff14a08cc
feb87e2cf5a3b45e737f5ab90ce90c29
319b42f836595961e6b09a3066912fe6
c8f4decc33f10923a6569084fd26d527
7f0ba72798c4b32d499adb29438d575f
3c680ba8af741fa1d0d762aa07a80653
c75d1a461bd813fbf8fc203b27bccec2
cf65c5997927daa73447cb154e3abbf3
0156058fcd915a2eed22542fdcd15a3a
ab0d74b666c010cb525212dee9a0ac5c
22c08153f3d2fc35eb2e5f09726a13a4
b2ca2632f2b276eb16408176f5ea38da
1d8c056d3c38f1775cd6c1f2eeac0a43
682ea63ac1b32f7b22f2687da323346e
f13444b264bd89c5158f936d74fcc7c0
7ece7954338ca5b0a39577d8cc4e67a5
e7017682486177804712feeafa96bd3e
e023a04ebef5f1f4c0b51d042c912cd1
1906a34371d4c052af0913543e8c9133
f9ed2832c5d3b5b836382d6da3f676c3
57e04dbfd87f03d079d462ea905f0131
6d20502778a4ad9faf22b439adfafb93
5794d64f15233f76e36617f2c89a6481
421876a7ab6cb4e2721f472b01a1be28
674ac37a54fa41c915774162acb92799
d50c62dae07cb0ff469fe79c33f63ea7
e3bd36cca237fee7d53c3b0c3327a6f8
bc93e26b4e8aed1d14eae52214c9c51c
4b3dae8add9e598af627079255d0568d
b8b950a0b4fce5dcf8096b48b709013c
11b7a4ea102d72b1bae418c23dda59f4
c5d7a22e67b2ca6d74e8a8e131aef3d7
25ba3070d38ce93971047b778aee4f67
263df34963ed91e203064d23556e4916
68ba474e9623924abb8c7c6fb6a0e806
d65406533d33bd12909bec38fec6f6bd
5cec8bc8f318431ffcd706e012b8ceb5
bb62da7fcd876aaa3444d6a6260b4dd9
b64ac3d56309221774f4b0255f5439ef
9f0f00ac0548eeac5f0fa72961c78f63
fa00680ab8ec258167045643bb128dc3
c4038ebe1f830a1200b77b7820785bc0
f517f27d86360400aa39f762e095b462
69feb67590f3bc723fab8aaaceaadc8a
33c307bb429d355bd62289e91af67264
4100191cf7bda06088757271e49bfa80
64a91a552f3d2293486762ca5e3a01b0
55cd6d096985adc4b7495f3bf41dee15
fe0c1bffac1fe9ea9d1949d47506f7a4
4fbbd528a017e94ba529b7d74a9489ff
f5f7aad057f59c39cbca64446fc6e651
d9deedf687a38eb24ee769ed4e791cd4
f9035a52f3be76fed2af9d68a85cc441
2839f8cb22711d1c7ad95f94f5629424
c9dba3a19fa971c03297a57be615c573
4c7536a7008713b6bce5daec2a909bc0
2b29d2806b6707cd319dab825e4e381b
88791d7cc7441b7a1c345148bc0ef048
f769e1e1076123f4d9db76ad41970822
120a9d38972663aa8ad20ccd9a5e1604
b11b93a236b49ab8337ad72fe97b6e3c
f42bead1831fbfaad1f16e30d6cc9b5f
7ccb24953e5001fdf336e05ef20232a1
dc3c0c084a602ab172f49115daeb893b
ca2c9bd1a6905895eac18ad0a44b04a6
cfb1ee52d8b6c223c2ca610d18629751
653f81586b32f265e935223600c29fff
5fad7fd9ad39c184cbd76e9885dd4588
9bd2e269c535cf98ee3b8d0f604da6ce
194c907a7a3ab99d2cedb690ef98cbe3
95e88e793e6d786edd073b540347e7de
78bf219e6aed93a3769ca9a7a7dee4a7
4f094cf66246ed697c44c66b113fdb8e
ce92b4dbd43180f955585e4e2d48f934
340ff7373acbe591aa887f6efeb5c8ad
b0592b737f2e2ddf58c3f95966830e39
3e6a08fd70589714584694d780b01f1e
6a8556021508031868834a318a0ac88c
3d6be3a9eb2ff8de0eeed2e724e7c5ac
2b1031a2079fc7eb4014bc2db8fdf2e3
746820b092b48de5047a1b4984705014
1be39c3bd7598fccfa5b9db2a605a517
7a414e50f1c2f3f6dde07b7bac750f7f
e5f0d04fc5ee632ac6ba4e9d930effe2
e00060c5f9764442b1df10f4eb657cf7
ad002ecb94b2387c7768d322320e5cdc
c4265dea2dd6ae466cb89cb700962a68
1eb0355e2b0757ab535ac5e0e4e3d07b
a572c4366d37e47ce171b422cff21c07
e084cf8047d1dfe113ca23ff9b3ea600
786e7587a22bb49689674eba19f7e4a2
6fb5958184340a00e3fc57020683295d
8fafda1c6c53fa23ccfcbe2471870687
c814be202320eac7721046fb5a3b8895
9c2d31d997190a94a332e2d0a1eaadcb
d01cc101e1cc14882a0b24d80dbccbdd
2a02864d68dd45e551049ac93736b94d
b906a5188ae49ab86067c467dba1370a
153ed9bf5b6d766dfbf96a721eba7532
3f315a63aa99078626822ce1d4bce18a
9b7fcf8e59b2fc5644bbc6724ce9e888
b8fb50428c786d2aabc0cc04e8c4d853
a71801cde45b8b86cc56bded801976cb
7f7eceb52bb9a45d90653eaaf0230df8
614558c88258807641d2fd8ab0c543c1
5075b9379823d03675616c4e2038b3ff
5d37976b9b086934409fae09d2648cc6
8e392cc5730556f40c43a4d6eee16428
2d84aa3e42982637e8808d33578fa78b
91840ee52ff73f6b683514f87c30cf8b
94ab371edbcc423f605dd5d4ce3debf1
abf8bca5a7458b47aef909536c7b85ca
50bc1161a3fc4f0728794771732e11a0
4a4cb390133e30d079e1947eb152a69e
2c8bf19a6ad3ba1d8504e3123461dafe
133c72e7c3f789109d1c5e93c5edf112
c3d824b4d39e71ce237949b1ebaf29fc
8df302cca3bc348b9d7664b372ff5c54
1d707b46340b5e8ab0768068dfdd2274
c579dc376519d0ea52db4b65ff3ee73c
2ebce65605c32ce93e4cab4045bdce5b
0f21c7589cc783b3c851e283f85aa0b4
84030ba90964e646126f564c51da695e
29637c6d73ea5b9e652ee2ee979339aa
18967b681aed8c0545c3b1cb76cbc95f
dbf942cdcd978582b5dc82d9ff31396f
407d2c5fb3a04c34a68df71164d684ed
e47ee132747d0a53d1aeee0a714b55e6
45377222659557f270a11ab9a8b245b5
831d13f964b799917bcf4f216d562663
c17034fd04c01e12938330609df40e67
3608d4a595fcb00b32670c07fb8961e7
41f78137578f260f794bc2034f7bc9c8
fb03ed33adcbe21161527f31e733d861
c2fe13af518333233c8cc41bed9ad8c2
a2dde21ed5615c2889719d6c3e0d7e84
905476bd833cbd9b125d32bf8bf726e1
9b0c6658bdbcf142834c78b79f358a05
04578bfb70edc48b528a3525154340c9
5ec88ba620adba737b027d37e31f3654
a56ab97feb370b4fb562e937219beeb1
3ae76aba6ddfd149de7cba21e59b68a8
5067be6f6c18c06bde6d5254dd313585
03d6dfae9b186a8a4ce8b32f6a84bcef
4c131326d8da1ec0f07d4deb555719f8
0c20036b93ddea2616f10fd16941d79d
5792bfafee7ccd3b13eab1373d935ee6
865e1c075de790e52ffe6f30c20a1974
a17e7d935754bb2c104a4b34d85a6f0d
3041fc1058a293eb037e01eb86055387
bba38299cdb1246123a0b95e35364b98
048943c1b955fefb817e14e2b6482b53
3fa83cb5fb8e20bcaebcbb932a2fa90c
6f3a36e36116fb17123837fcf01aa567
67f20c142caeb9f86159751a4c5948cf
fd59c2430026073883a042d42b2ad1d8
1e61e46cbf434c6bf7f758ef57a1ebc6
4c6540282ceff3bcf9bdc390e0e6500c
2985103baf736f84d98c4c0bf7723ef8
f7cde805b31a3459ebfb8ace9a2a3e46
dca3ca29959c3399f9afb8a223c70159
628d106cc7c0551dae8f6e84c89c0ffe
94eb8c2b78fe90aeb2bb50d5699f24bb
6e66920c093c4519a596afe53c0424e4
e211cb614e186dce5ad2493cf5c79fbb
e488d4f1375759e3145d26e75f50edad
a3eb1901ca03b057815ca17e76bbbebf
53f3f7ab38dbdef1f99faaf89e3242cb
e639f97034d490bf036bb748065f9fa8
bcd0190b261b6d2d40713144026f80cc
8ac3196f8d0aacb34d8410d79fbf4dbd
ddebeaadacb84e2c26624fc26e8cab51
5e54f5e1e5ea759907034d7750f694e1
1794dab85d9eeb5c6c63b51fb4df419b
692df14565b289a0eb9dd287f2286203
6cc4abc084947dac1504654af93356c5
7330b8ccd2fe9b85b0c9b14125a175c5
e027a983385e6c6279b7bd7cc3ca6e1b
508940a271614e5186b0f24c5de43eb7
30cd57b136f4ce747c0cefc4fe61760d
79120a69d6dc6909e1a89bb9ee73dd62
100dcfa97eb12e6dfb9af97b55bd61bf
d243f269ece45fe6f08fd342febcbe94
0e17a33ea804c6ade4c9338dcb9db323
cc5edfbc3a072cc0fc995ed305be7f44
fac7978f081a9715e98aa2d6b6648ec4
8935bc640a9bcb5ba749a6913bf9a4ff
dcfec55055c11ec0f729935d3797bd77
10528c85abf72e583a2149c532b1b507
aa45dad31c67c330d52ae8910c853de1
e46c2a27d65bf93f8b340a7cd0144385
740b9d278db895a316cc6b7fe19083c1
f49f4e7fe11700d5555123aaa3877698
f32e2cccbb57d534ced7a453eda8b982
ce874be4bddc13a2cb238cea4b0d8ff2
e1affac51cc9a6f1a56d7f9ccaa11e3c
2430c69542ba166c37f72622e763fcac
33a17b580cf6e21790053f3231b46cb5
d5842797c607556bf3d6c919b12e1b3b
bf54192acec9008b92c0ff026976bc49
b0ee4f89f77abfc12c58484c6f684a4c
bceb186b02cf3ae5a1fe6a5752c4e413
4e1f5d9bb60b63453250492c2d6ba247
e7fd4dd2e61dfa5a533e31a333bd243f
a7dd97da9a7e56614f15b111dfde781f
6db810fa1eba9b9a136185707ee2060d
1049603d5dd20caf4d67837d421becf3
8196c7e4e321af5da4fa1fca055e7920
86211e70363570ce79d0796736e2ddca
93c074fe6b2d5601fb7765785e4914fa
97e8a60992f2776138d0f5cf91bdb2d9
91b26117dc74b51ecc17ec40358a5804
e6d15d67ac5f9912556dbe80494be13f
ab0eb3b7683d91e58af589416cb04ad4
f82d87645080a01ae75735ba94a05ad5
4198ec4410826b56d4dcf87676d29bfe
a02d4d44c97835bc1ecc46ddbf4ae272
01ec4de2859c3176873652194a36d48e
fd76dac2c0515d42ad4bb5c8be27f3c3
a74831db067956bbd5279ef2bca13b0b
96dd25a94d881d99aa2357336fb42de6
8a3c14f3856f80fe63166dff4beffb75
0b0bfae9cd1eafbfcd1e1f2fdcb61e3d
650bee89771b59b8214d09cb27e789c2
947a0f1e98b0c5130247ee450c64279b
e09ac1393b5a92e9f3eac6140f052f39
a9f1114ecadf596c1d3ac5dae2d5068f
3d46b9853c65799513b57087e2586c52
8bfb6b8bcbfb1f3e40be631da809cb37
2067fee789cc13d1591b5ab01d795df4
b8b2fefd99cf8038c082253b4e7cfa53
a5aba46303e7b2934b580a2c3f5d26ff
04ccfc37652dd89c16eeb609b3813785
42b14bf1ac263ce2202bb806b6bf1bf8
7583982f25352891545163b10dd09d43
f9f8e86774668192ec637e4065585a49
37e12826fd8a9a87c222de8d6836ea88
7bbcb3ecf1eb675a06cea71eee8f3dd4
a24bcf219fbe4c9c062262ba2e255ad6
302a3d70f01cdb68cb32186eee4d1bcc
c89eb4e6be1c19fcc590e05abe05abdb
2d3840cf0d0d254d50a8ca37f3056e7f
3692fd905a8387e7407a78570de6dea1
31dc95463aa309df3a3b273bb21c57a7
06901ae456012d6e5663f94e2f5b2ac2
00470949f56b10b5a87a228026df9353
2778d30c1b48d77ba2e18c4da8257c27
e7ac980c51cd0006c3c44cdb42a69e8c
af56df377f08db52dcffe6ff28c1b5fa
8926873c9f51b6882d0c5abfe4fce9cd
b6d1201d38b8924e04b268aa115d2cf6
35f50a12e4200c96002401c0498f49c5
aafb47405d1d509c815b341caed18748
f72f137a0ffa52063c75d609ddea1e25
933bbd236ed5d51d521cf13160995228
aa373cd5f42693a218b2d7faf2bd786e
6dda0254fdade6370872f48ff14a08cc
feb87e2cf5a3b45e737f5ab90ce90c29
319b42f836595961e6b09a3066912fe6
c8f4decc33f10923a6569084fd26d527
7f0ba72798c4b32d499adb29438d575f
3c680ba8af741fa1d0d762aa07a80653
c75d1a461bd813fbf8fc203b27bccec2
cf65c5997927daa73447cb154e3abbf3
0156058fcd915a2eed22542fdcd15a3a
ab0d74b666c010cb525212dee9a0ac5c
22c08153f3d2fc35eb2e5f09726a13a4
b2ca2632f2b276eb16408176f5ea38da
1d8c056d3c38f1775cd6c1f2eeac0a43
682ea63ac1b32f7b22f2687da323346e
f13444b264bd89c5158f936d74fcc7c0
7ece7954338ca5b0a39577d8cc4e67a5
e7017682486177804712feeafa96bd3e
e023a04ebef5f1f4c0b51d042c912cd1
1906a34371d4c052af0913543e8c9133
f9ed2832c5d3b5b836382d6da3f676c3
57e04dbfd87f03d079d462ea905f0131
6d20502778a4ad9faf22b439adfafb93
5794d64f15233f76e36617f2c89a6481
421876a7ab6cb4e2721f472b01a1be28
674ac37a54fa41c915774162acb92799
d50c62dae07cb0ff469fe79c33f63ea7
e3bd36cca237fee7d53c3b0c3327a6f8
bc93e26b4e8aed1d14eae52214c9c51c
4b3dae8add9e598af627079255d0568d
b8b950a0b4fce5dcf8096b48b709013c
11b7a4ea102d72b1bae418c23dda59f4
c5d7a22e67b2ca6d74e8a8e131aef3d7
25ba3070d38ce93971047b778aee4f67
263df34963ed91e203064d23556e4916
68ba474e9623924abb8c7c6fb6a0e806
d65406533d33bd12909bec38fec6f6bd
5cec8bc8f318431ffcd706e012b8ceb5
bb62da7fcd876aaa3444d6a6260b4dd9
b64ac3d56309221774f4b0255f5439ef
9f0f00ac0548eeac5f0fa72961c78f63
fa00680ab8ec258167045643bb128dc3
c4038ebe1f830a1200b77b7820785bc0
f517f27d86360400aa39f762e095b462
69feb67590f3bc723fab8aaaceaadc8a
33c307bb429d355bd62289e91af67264
4100191cf7bda06088757271e49bfa80
64a91a552f3d2293486762ca5e3a01b0
55cd6d096985adc4b7495f3bf41dee15
fe0c1bffac1fe9ea9d1949d47506f7a4
4fbbd528a017e94ba529b7d74a9489ff
f5f7aad057f59c39cbca64446fc6e651
d9deedf687a38eb24ee769ed4e791cd4
f9035a52f3be76fed2af9d68a85cc441
2839f8cb22711d1c7ad95f94f5629424
c9dba3a19fa971c03297a57be615c573
4c7536a7008713b6bce5daec2a909bc0
2b29d2806b6707cd319dab825e4e381b
88791d7cc7441b7a1c345148bc0ef048
f769e1e1076123f4d9db76ad41970822
120a9d38972663aa8ad20ccd9a5e1604
b11b93a236b49ab8337ad72fe97b6e3c
f42bead1831fbfaad1f16e30d6cc9b5f
7ccb24953e5001fdf336e05ef20232a1
dc3c0c084a602ab172f49115daeb893b
ca2c9bd1a6905895eac18ad0a44b04a6
cfb1ee52d8b6c223c2ca610d18629751
653f81586b32f265e935223600c29fff
5fad7fd9ad39c184cbd76e9885dd4588
9bd2e269c535cf98ee3b8d0f604da6ce
194c907a7a3ab99d2cedb690ef98cbe3
95e88e793e6d786edd073b540347e7de
78bf219e6aed93a3769ca9a7a7dee4a7
4f094cf66246ed697c44c66b113fdb8e
ce92b4dbd43180f955585e4e2d48f934
340ff7373acbe591aa887f6efeb5c8ad
b0592b737f2e2ddf58c3f95966830e39
3e6a08fd70589714584694d780b01f1e
6a8556021508031868834a318a0ac88c
3d6be3a9eb2ff8de0eeed2e724e7c5ac
2b1031a2079fc7eb4014bc2db8fdf2e3
746820b092b48de5047a1b4984705014
1be39c3bd7598fccfa5b9db2a605a517
7a414e50f1c2f3f6dde07b7bac750f7f
e5f0d04fc5ee632ac6ba4e9d930effe2
e00060c5f9764442b1df10f4eb657cf7
ad002ecb94b2387c7768d322320e5cdc
c4265dea2dd6ae466cb89cb700962a68
1eb0355e2b0757ab535ac5e0e4e3d07b
a572c4366d37e47ce171b422cff21c07
e084cf8047d1dfe113ca23ff9b3ea600
786e7587a22bb49689674eba19f7e4a2
6fb5958184340a00e3fc57020683295d
8fafda1c6c53fa23ccfcbe2471870687
c814be202320eac7721046fb5a3b8895
9c2d31d997190a94a332e2d0a1eaadcb
d01cc101e1cc14882a0b24d80dbccbdd
2a02864d68dd45e551049ac93736b94d
b906a5188ae49ab86067c467dba1370a
153ed9bf5b6d766dfbf96a721eba7532
3f315a63aa99078626822ce1d4bce18a
9b7fcf8e59b2fc5644bbc6724ce9e888
b8fb50428c786d2aabc0cc04e8c4d853
a71801cde45b8b86cc56bded801976cb
7f7eceb52bb9a45d90653eaaf0230df8
614558c88258807641d2fd8ab0c543c1
5075b9379823d03675616c4e2038b3ff
5d37976b9b086934409fae09d2648cc6
8e392cc5730556f40c43a4d6eee16428
2d84aa3e42982637e8808d33578fa78b
91840ee52ff73f6b683514f87c30cf8b
94ab371edbcc423f605dd5d4ce3debf1
abf8bca5a7458b47aef909536c7b85ca
50bc1161a3fc4f0728794771732e11a0
4a4cb390133e30d079e1947eb152a69e
2c8bf19a6ad3ba1d8504e3123461dafe
133c72e7c3f789109d1c5e93c5edf112
c3d824b4d39e71ce237949b1ebaf29fc
8df302cca3bc348b9d7664b372ff5c54
1d707b46340b5e8ab0768068dfdd2274
c579dc376519d0ea52db4b65ff3ee73c
2ebce65605c32ce93e4cab4045bdce5b
0f21c7589cc783b3c851e283f85aa0b4
84030ba90964e646126f564c51da695e
29637c6d73ea5b9e652ee2ee979339aa
18967b681aed8c0545c3b1cb76cbc95f
dbf942cdcd978582b5dc82d9ff31396f
407d2c5fb3a04c34a68df71164d684ed
e47ee132747d0a53d1aeee0a714b55e6
45377222659557f270a11ab9a8b245b5
831d13f964b799917bcf4f216d562663
c17034fd04c01e12938330609df40e67
3608d4a595fcb00b32670c07fb8961e7
41f78137578f260f794bc2034f7bc9c8
fb03ed33adcbe21161527f31e733d861
c2fe13af518333233c8cc41bed9ad8c2
a2dde21ed5615c2889719d6c3e0d7e84
905476bd833cbd9b125d32bf8bf726e1
9b0c6658bdbcf142834c78b79f358a05
04578bfb70edc48b528a3525154340c9
5ec88ba620adba737b027d37e31f3654
a56ab97feb370b4fb562e937219beeb1
3ae76aba6ddfd149de7cba21e59b68a8
5067be6f6c18c06bde6d5254dd313585
03d6dfae9b186a8a4ce8b32f6a84bcef
4c131326d8da1ec0f07d4deb555719f8
0c20036b93ddea2616f10fd16941d79d
5792bfafee7ccd3b13eab1373d935ee6
865e1c075de790e52ffe6f30c20a1974
a17e7d935754bb2c104a4b34d85a6f0d
3041fc1058a293eb037e01eb86055387
bba38299cdb1246123a0b95e35364b98
048943c1b955fefb817e14e2b6482b53
3fa83cb5fb8e20bcaebcbb932a2fa90c
6f3a36e36116fb17123837fcf01aa567
67f20c142caeb9f86159751a4c5948cf
fd59c2430026073883a042d42b2ad1d8
1e61e46cbf434c6bf7f758ef57a1ebc6
4c6540282ceff3bcf9bdc390e0e6500c
2985103baf736f84d98c4c0bf7723ef8
f7cde805b31a3459ebfb8ace9a2a3e46
dca3ca29959c3399f9afb8a223c70159
628d106cc7c0551dae8f6e84c89c0ffe
94eb8c2b78fe90aeb2bb50d5699f24bb
6e66920c093c4519a596afe53c0424e4
e211cb614e186dce5ad2493cf5c79fbb
e488d4f1375759e3145d26e75f50edad
a3eb1901ca03b057815ca17e76bbbebf
53f3f7ab38dbdef1f99faaf89e3242cb
e639f97034d490bf036bb748065f9fa8
bcd0190b261b6d2d40713144026f80cc
8ac3196f8d0aacb34d8410d79fbf4dbd
ddebeaadacb84e2c26624fc26e8cab51
5e54f5e1e5ea759907034d7750f694e1
1794dab85d9eeb5c6c63b51fb4df419b
692df14565b289a0eb9dd287f2286203
6cc4abc084947dac1504654af93356c5
7330b8ccd2fe9b85b0c9b14125a175c5
e027a983385e6c6279b7bd7cc3ca6e1b
508940a271614e5186b0f24c5de43eb7
30cd57b136f4ce747c0cefc4fe61760d
79120a69d6dc6909e1a89bb9ee73dd62
100dcfa97eb12e6dfb9af97b55bd61bf
d243f269ece45fe6f08fd342febcbe94
0e17a33ea804c6ade4c9338dcb9db323
cc5edfbc3a072cc0fc995ed305be7f44
fac7978f081a9715e98aa2d6b6648ec4
8935bc640a9bcb5ba749a6913bf9a4ff
dcfec55055c11ec0f729935d3797bd77
10528c85abf72e583a2149c532b1b507
aa45dad31c67c330d52ae8910c853de1
e46c2a27d65bf93f8b340a7cd0144385
740b9d278db895a316cc6b7fe19083c1
f49f4e7fe11700d5555123aaa3877698
f32e2cccbb57d534ced7a453eda8b982
ce874be4bddc13a2cb238cea4b0d8ff2
e1affac51cc9a6f1a56d7f9ccaa11e3c
2430c69542ba166c37f72622e763fcac
33a17b580cf6e21790053f3231b46cb5
d5842797c607556bf3d6c919b12e1b3b
bf54192acec9008b92c0ff026976bc49
b0ee4f89f77abfc12c58484c6f684a4c
bceb186b02cf3ae5a1fe6a5752c4e413
4e1f5d9bb60b63453250492c2d6ba247
e7fd4dd2e61dfa5a533e31a333bd243f
a7dd97da9a7e56614f15b111dfde781f
6db810fa1eba9b9a136185707ee2060d
1049603d5dd20caf4d67837d421becf3
8196c7e4e321af5da4fa1fca055e7920
86211e70363570ce79d0796736e2ddca
93c074fe6b2d5601fb7765785e4914fa
97e8a60992f2776138d0f5cf91bdb2d9
91b26117dc74b51ecc17ec40358a5804
e6d15d67ac5f9912556dbe80494be13f
ab0eb3b7683d91e58af589416cb04ad4
f82d87645080a01ae75735ba94a05ad5
4198ec4410826b56d4dcf87676d29bfe
a02d4d44c97835bc1ecc46ddbf4ae272
01ec4de2859c3176873652194a36d48e
fd76dac2c0515d42ad4bb5c8be27f3c3
a74831db067956bbd5279ef2bca13b0b
96dd25a94d881d99aa2357336fb42de6
8a3c14f3856f80fe63166dff4beffb75
0b0bfae9cd1eafbfcd1e1f2fdcb61e3d
650bee89771b59b8214d09cb27e789c2
947a0f1e98b0c5130247ee450c64279b
e09ac1393b5a92e9f3eac6140f052f39
a9f1114ecadf596c1d3ac5dae2d5068f
3d46b9853c65799513b57087e2586c52
8bfb6b8bcbfb1f3e40be631da809cb37
2067fee789cc13d1591b5ab01d795df4
b8b2fefd99cf8038c082253b4e7cfa53
a5aba46303e7b2934b580a2c3f5d26ff
04ccfc37652dd89c16eeb609b3813785
42b14bf1ac263ce2202bb806b6bf1bf8
7583982f25352891545163b10dd09d43
f9f8e86774668192ec637e4065585a49
37e12826fd8a9a87c222de8d6836ea88
7bbcb3ecf1eb675a06cea71eee8f3dd4
a24bcf219fbe4c9c062262ba2e255ad6
302a3d70f01cdb68cb32186eee4d1bcc
c89eb4e6be1c19fcc590e05abe05abdb
2d3840cf0d0d254d50a8ca37f3056e7f
3692fd905a8387e7407a78570de6dea1
31dc95463aa309df3a3b273bb21c57a7
06901ae456012d6e5663f94e2f5b2ac2
00470949f56b10b5a87a228026df9353
2778d30c1b48d77ba2e18c4da8257c27
e7ac980c51cd0006c3c44cdb42a69e8c
af56df377f08db52dcffe6ff28c1b5fa
8926873c9f51b6882d0c5abfe4fce9cd
b6d1201d38b8924e04b268aa115d2cf6
35f50a12e4200c96002401c0498f49c5
aafb47405d1d509c815b341caed18748
f72f137a0ffa52063c75d609ddea1e25
933bbd236ed5d51d521cf13160995228
aa373cd5f42693a218b2d7faf2bd786e
6dda0254fdade6370872f48ff14a08cc
feb87e2cf5a3b45e737f5ab90ce90c29
319b42f836595961e6b09a3066912fe6
c8f4decc33f10923a6569084fd26d527
7f0ba72798c4b32d499adb29438d575f
3c680ba8af741fa1d0d762aa07a80653
c75d1a461bd813fbf8fc203b27bccec2
cf65c5997927daa73447cb154e3abbf3
0156058fcd915a2eed22542fdcd15a3a
ab0d74b666c010cb525212dee9a0ac5c
22c08153f3d2fc35eb2e5f09726a13a4
b2ca2632f2b276eb16408176f5ea38da
1d8c056d3c38f1775cd6c1f2eeac0a43
682ea63ac1b32f7b22f2687da323346e
f13444b264bd89c5158f936d74fcc7c0
7ece7954338ca5b0a39577d8cc4e67a5
e7017682486177804712feeafa96bd3e
e023a04ebef5f1f4c0b51d042c912cd1
1906a34371d4c052af0913543e8c9133
f9ed2832c5d3b5b836382d6da3f676c3
57e04dbfd87f03d079d462ea905f0131
6d20502778a4ad9faf22b439adfafb93
5794d64f15233f76e36617f2c89a6481
421876a7ab6cb4e2721f472b01a1be28
674ac37a54fa41c915774162acb92799
d50c62dae07cb0ff469fe79c33f63ea7
e3bd36cca237fee7d53c3b0c3327a6f8
bc93e26b4e8aed1d14eae52214c9c51c
4b3dae8add9e598af627079255d0568d
b8b950a0b4fce5dcf8096b48b709013c
11b7a4ea102d72b1bae418c23dda59f4
c5d7a22e67b2ca6d74e8a8e131aef3d7
25ba3070d38ce93971047b778aee4f67
263df34963ed91e203064d23556e4916
68ba474e9623924abb8c7c6fb6a0e806
d65406533d33bd12909bec38fec6f6bd
5cec8bc8f318431ffcd706e012b8ceb5
bb62da7fcd876aaa3444d6a6260b4dd9
b64ac3d56309221774f4b0255f5439ef
9f0f00ac0548eeac5f0fa72961c78f63
fa00680ab8ec258167045643bb128dc3
c4038ebe1f830a1200b77b7820785bc0
f517f27d86360400aa39f762e095b462
69feb67590f3bc723fab8aaaceaadc8a
33c307bb429d355bd62289e91af67264
4100191cf7bda06088757271e49bfa80
64a91a552f3d2293486762ca5e3a01b0
55cd6d096985adc4b7495f3bf41dee15
fe0c1bffac1fe9ea9d1949d47506f7a4
4fbbd528a017e94ba529b7d74a9489ff
f5f7aad057f59c39cbca64446fc6e651
d9deedf687a38eb24ee769ed4e791cd4
f9035a52f3be76fed2af9d68a85cc441
2839f8cb22711d1c7ad95f94f5629424
c9dba3a19fa971c03297a57be615c573
4c7536a7008713b6bce5daec2a909bc0
2b29d2806b6707cd319dab825e4e381b
88791d7cc7441b7a1c345148bc0ef048
f769e1e1076123f4d9db76ad41970822
120a9d38972663aa8ad20ccd9a5e1604
b11b93a236b49ab8337ad72fe97b6e3c
f42bead1831fbfaad1f16e30d6cc9b5f
7ccb24953e5001fdf336e05ef20232a1
dc3c0c084a602ab172f49115daeb893b
ca2c9bd1a6905895eac18ad0a44b04a6
cfb1ee52d8b6c223c2ca610d18629751
653f81586b32f265e935223600c29fff
5fad7fd9ad39c184cbd76e9885dd4588
9bd2e269c535cf98ee3b8d0f604da6ce
194c907a7a3ab99d2cedb690ef98cbe3
95e88e793e6d786edd073b540347e7de
78bf219e6aed93a3769ca9a7a7dee4a7
4f094cf66246ed697c44c66b113fdb8e
ce92b4dbd43180f955585e4e2d48f934
340ff7373acbe591aa887f6efeb5c8ad
b0592b737f2e2ddf58c3f95966830e39
3e6a08fd70589714584694d780b01f1e
6a8556021508031868834a318a0ac88c
3d6be3a9eb2ff8de0eeed2e724e7c5ac
2b1031a2079fc7eb4014bc2db8fdf2e3
746820b092b48de5047a1b4984705014
1be39c3bd7598fccfa5b9db2a605a517
7a414e50f1c2f3f6dde07b7bac750f7f
e5f0d04fc5ee632ac6ba4e9d930effe2
e00060c5f9764442b1df10f4eb657cf7
ad002ecb94b2387c7768d322320e5cdc
c4265dea2dd6ae466cb89cb700962a68
1eb0355e2b0757ab535ac5e0e4e3d07b
a572c4366d37e47ce171b422cff21c07
e084cf8047d1dfe113ca23ff9b3ea600
786e7587a22bb49689674eba19f7e4a2
6fb5958184340a00e3fc57020683295d
8fafda1c6c53fa23ccfcbe2471870687
c814be202320eac7721046fb5a3b8895
9c2d31d997190a94a332e2d0a1eaadcb
d01cc101e1cc14882a0b24d80dbccbdd
2a02864d68dd45e551049ac93736b94d
b906a5188ae49ab86067c467dba1370a
153ed9bf5b6d766dfbf96a721eba7532
3f315a63aa99078626822ce1d4bce18a
9b7fcf8e59b2fc5644bbc6724ce9e888
b8fb50428c786d2aabc0cc04e8c4d853
a71801cde45b8b86cc56bded801976cb
7f7eceb52bb9a45d90653eaaf0230df8
614558c88258807641d2fd8ab0c543c1
5075b9379823d03675616c4e2038b3ff
5d37976b9b086934409fae09d2648cc6
8e392cc5730556f40c43a4d6eee16428
2d84aa3e42982637e8808d33578fa78b
91840ee52ff73f6b683514f87c30cf8b
94ab371edbcc423f605dd5d4ce3debf1
abf8bca5a7458b47aef909536c7b85ca
50bc1161a3fc4f0728794771732e11a0
4a4cb390133e30d079e1947eb152a69e
2c8bf19a6ad3ba1d8504e3123461dafe
133c72e7c3f789109d1c5e93c5edf112
c3d824b4d39e71ce237949b1ebaf29fc
8df302cca3bc348b9d7664b372ff5c54
1d707b46340b5e8ab0768068dfdd2274
c579dc376519d0ea52db4b65ff3ee73c
2ebce65605c32ce93e4cab4045bdce5b
0f21c7589cc783b3c851e283f85aa0b4
84030ba90964e646126f564c51da695e
29637c6d73ea5b9e652ee2ee979339aa
18967b681aed8c0545c3b1cb76cbc95f
dbf942cdcd978582b5dc82d9ff31396f
407d2c5fb3a04c34a68df71164d684ed
e47ee132747d0a53d1aeee0a714b55e6
45377222659557f270a11ab9a8b245b5
831d13f964b799917bcf4f216d562663
c17034fd04c01e12938330609df40e67
3608d4a595fcb00b32670c07fb8961e7
41f78137578f260f794bc2034f7bc9c8
fb03ed33adcbe21161527f31e733d861
c2fe13af518333233c8cc41bed9ad8c2
a2dde21ed5615c2889719d6c3e0d7e84
905476bd833cbd9b125d32bf8bf726e1
9b0c6658bdbcf142834c78b79f358a05
04578bfb70edc48b528a3525154340c9
5ec88ba620adba737b027d37e31f3654
a56ab97feb370b4fb562e937219beeb1
3ae76aba6ddfd149de7cba21e59b68a8
5067be6f6c18c06bde6d5254dd313585
03d6dfae9b186a8a4ce8b32f6a84bcef
4c131326d8da1ec0f07d4deb555719f8
0c20036b93ddea2616f10fd16941d79d
5792bfafee7ccd3b13eab1373d935ee6
865e1c075de790e52ffe6f30c20a1974
a17e7d935754bb2c104a4b34d85a6f0d
3041fc1058a293eb037e01eb86055387
bba38299cdb1246123a0b95e35364b98
048943c1b955fefb817e14e2b6482b53
3fa83cb5fb8e20bcaebcbb932a2fa90c
6f3a36e36116fb17123837fcf01aa567
67f20c142caeb9f86159751a4c5948cf
fd59c2430026073883a042d42b2ad1d8
1e61e46cbf434c6bf7f758ef57a1ebc6
4c6540282ceff3bcf9bdc390e0e6500c
2985103baf736f84d98c4c0bf7723ef8
f7cde805b31a3459ebfb8ace9a2a3e46
dca3ca29959c3399f9afb8a223c70159
628d106cc7c0551dae8f6e84c89c0ffe
94eb8c2b78fe90aeb2bb50d5699f24bb
6e66920c093c4519a596afe53c0424e4
e211cb614e186dce5ad2493cf5c79fbb
e488d4f1375759e3145d26e75f50edad
a3eb1901ca03b057815ca17e76bbbebf
53f3f7ab38dbdef1f99faaf89e3242cb
e639f97034d490bf036bb748065f9fa8
bcd0190b261b6d2d40713144026f80cc
8ac3196f8d0aacb34d8410d79fbf4dbd
ddebeaadacb84e2c26624fc26e8cab51
5e54f5e1e5ea759907034d7750f694e1
1794dab85d9eeb5c6c63b51fb4df419b
692df14565b289a0eb9dd287f2286203
6cc4abc084947dac1504654af93356c5
7330b8ccd2fe9b85b0c9b14125a175c5
e027a983385e6c6279b7bd7cc3ca6e1b
508940a271614e5186b0f24c5de43eb7
30cd57b136f4ce747c0cefc4fe61760d
79120a69d6dc6909e1a89bb9ee73dd62
100dcfa97eb12e6dfb9af97b55bd61bf
d243f269ece45fe6f08fd342febcbe94
0e17a33ea804c6ade4c9338dcb9db323
cc5edfbc3a072cc0fc995ed305be7f44
fac7978f081a9715e98aa2d6b6648ec4
8935bc640a9bcb5ba749a6913bf9a4ff
dcfec55055c11ec0f729935d3797bd77
10528c85abf72e583a2149c532b1b507
aa45dad31c67c330d52ae8910c853de1
e46c2a27d65bf93f8b340a7cd0144385
740b9d278db895a316cc6b7fe19083c1
f49f4e7fe11700d5555123aaa3877698
f32e2cccbb57d534ced7a453eda8b982
ce874be4bddc13a2cb238cea4b0d8ff2
e1affac51cc9a6f1a56d7f9ccaa11e3c
2430c69542ba166c37f72622e763fcac
33a17b580cf6e21790053f3231b46cb5
d5842797c607556bf3d6c919b12e1b3b
bf54192acec9008b92c0ff026976bc49
b0ee4f89f77abfc12c58484c6f684a4c
bceb186b02cf3ae5a1fe6a5752c4e413
4e1f5d9bb60b63453250492c2d6ba247
e7fd4dd2e61dfa5a533e31a333bd243f
a7dd97da9a7e56614f15b111dfde781f
6db810fa1eba9b9a136185707ee2060d
1049603d5dd20caf4d67837d421becf3
8196c7e4e321af5da4fa1fca055e7920
86211e70363570ce79d0796736e2ddca
93c074fe6b2d5601fb7765785e4914fa
97e8a60992f2776138d0f5cf91bdb2d9
91b26117dc74b51ecc17ec40358a5804
e6d15d67ac5f9912556dbe80494be13f
ab0eb3b7683d91e58af589416cb04ad4
f82d87645080a01ae75735ba94a05ad5
4198ec4410826b56d4dcf87676d29bfe
a02d4d44c97835bc1ecc46ddbf4ae272
01ec4de2859c3176873652194a36d48e
fd76dac2c0515d42ad4bb5c8be27f3c3
a74831db067956bbd5279ef2bca13b0b
96dd25a94d881d99aa2357336fb42de6
8a3c14f3856f80fe63166dff4beffb75
0b0bfae9cd1eafbfcd1e1f2fdcb61e3d
650bee89771b59b8214d09cb27e789c2
947a0f1e98b0c5130247ee450c64279b
e09ac1393b5a92e9f3eac6140f052f39
a9f1114ecadf596c1d3ac5dae2d5068f
3d46b9853c65799513b57087e2586c52
8bfb6b8bcbfb1f3e40be631da809cb37
2067fee789cc13d1591b5ab01d795df4
b8b2fefd99cf8038c082253b4e7cfa53
a5aba46303e7b2934b580a2c3f5d26ff
04ccfc37652dd89c16eeb609b3813785
42b14bf1ac263ce2202bb806b6bf1bf8
7583982f25352891545163b10dd09d43
f9f8e86774668192ec637e4065585a49
37e12826fd8a9a87c222de8d6836ea88
7bbcb3ecf1eb675a06cea71eee8f3dd4
a24bcf219fbe4c9c062262ba2e255ad6
302a3d70f01cdb68cb32186eee4d1bcc
c89eb4e6be1c19fcc590e05abe05abdb
2d3840cf0d0d254d50a8ca37f3056e7f
3692fd905a8387e7407a78570de6dea1
31dc95463aa309df3a3b273bb21c57a7
06901ae456012d6e5663f94e2f5b2ac2
00470949f56b10b5a87a228026df9353
2778d30c1b48d77ba2e18c4da8257c27
e7ac980c51cd0006c3c44cdb42a69e8c
af56df377f08db52dcffe6ff28c1b5fa
8926873c9f51b6882d0c5abfe4fce9cd
b6d1201d38b8924e04b268aa115d2cf6
35f50a12e4200c96002401c0498f49c5
aafb47405d1d509c815b341caed18748
f72f137a0ffa52063c75d609ddea1e25
933bbd236ed5d51d521cf13160995228
aa373cd5f42693a218b2d7faf2bd786e
6dda0254fdade6370872f48ff14a08cc
feb87e2cf5a3b45e737f5ab90ce90c29
319b42f836595961e6b09a3066912fe6
c8f4decc33f10923a6569084fd26d527
7f0ba72798c4b32d499adb29438d575f
3c680ba8af741fa1d0d762aa07a80653
c75d1a461bd813fbf8fc203b27bccec2
cf65c5997927daa73447cb154e3abbf3
0156058fcd915a2eed22542fdcd15a3a
ab0d74b666c010cb525212dee9a0ac5c
22c08153f3d2fc35eb2e5f09726a13a4
b2ca2632f2b276eb16408176f5ea38da
1d8c056d3c38f1775cd6c1f2eeac0a43
682ea63ac1b32f7b22f2687da323346e
f13444b264bd89c5158f936d74fcc7c0
7ece7954338ca5b0a39577d8cc4e67a5
e7017682486177804712feeafa96bd3e
e023a04ebef5f1f4c0b51d042c912cd1
1906a34371d4c052af0913543e8c9133
f9ed2832c5d3b5b836382d6da3f676c3
57e04dbfd87f03d079d462ea905f0131
6d20502778a4ad9faf22b439adfafb93
5794d64f15233f76e36617f2c89a6481
421876a7ab6cb4e2721f472b01a1be28
674ac37a54fa41c915774162acb92799
d50c62dae07cb0ff469fe79c33f63ea7
e3bd36cca237fee7d53c3b0c3327a6f8
bc93e26b4e8aed1d14eae52214c9c51c
4b3dae8add9e598af627079255d0568d
b8b950a0b4fce5dcf8096b48b709013c
11b7a4ea102d72b1bae418c23dda59f4
c5d7a22e67b2ca6d74e8a8e131aef3d7
25ba3070d38ce93971047b778aee4f67
263df34963ed91e203064d23556e4916
68ba474e9623924abb8c7c6fb6a0e806
d65406533d33bd12909bec38fec6f6bd
5cec8bc8f318431ffcd706e012b8ceb5
bb62da7fcd876aaa3444d6a6260b4dd9
b64ac3d56309221774f4b0255f5439ef
9f0f00ac0548eeac5f0fa72961c78f63
fa00680ab8ec258167045643bb128dc3
c4038ebe1f830a1200b77b7820785bc0
f517f27d86360400aa39f762e095b462
69feb67590f3bc723fab8aaaceaadc8a
33c307bb429d355bd62289e91af67264
4100191cf7bda06088757271e49bfa80
64a91a552f3d2293486762ca5e3a01b0
55cd6d096985adc4b7495f3bf41dee15
fe0c1bffac1fe9ea9d1949d47506f7a4
4fbbd528a017e94ba529b7d74a9489ff
f5f7aad057f59c39cbca64446fc6e651
d9deedf687a38eb24ee769ed4e791cd4
f9035a52f3be76fed2af9d68a85cc441
2839f8cb22711d1c7ad95f94f5629424
c9dba3a19fa971c03297a57be615c573
4c7536a7008713b6bce5daec2a909bc0
2b29d2806b6707cd319dab825e4e381b
88791d7cc7441b7a1c345148bc0ef048
f769e1e1076123f4d9db76ad41970822
120a9d38972663aa8ad20ccd9a5e1604
b11b93a236b49ab8337ad72fe97b6e3c
f42bead1831fbfaad1f16e30d6cc9b5f
7ccb24953e5001fdf336e05ef20232a1
dc3c0c084a602ab172f49115daeb893b
ca2c9bd1a6905895eac18ad0a44b04a6
cfb1ee52d8b6c223c2ca610d18629751
653f81586b32f265e935223600c29fff
5fad7fd9ad39c184cbd76e9885dd4588
9bd2e269c535cf98ee3b8d0f604da6ce
194c907a7a3ab99d2cedb690ef98cbe3
95e88e793e6d786edd073b540347e7de
78bf219e6aed93a3769ca9a7a7dee4a7
4f094cf66246ed697c44c66b113fdb8e
ce92b4dbd43180f955585e4e2d48f934
340ff7373acbe591aa887f6efeb5c8ad
b0592b737f2e2ddf58c3f95966830e39
3e6a08fd70589714584694d780b01f1e
6a8556021508031868834a318a0ac88c
3d6be3a9eb2ff8de0eeed2e724e7c5ac
2b1031a2079fc7eb4014bc2db8fdf2e3
746820b092b48de5047a1b4984705014
1be39c3bd7598fccfa5b9db2a605a517
7a414e50f1c2f3f6dde07b7bac750f7f
e5f0d04fc5ee632ac6ba4e9d930effe2
e00060c5f9764442b1df10f4eb657cf7
ad002ecb94b2387c7768d322320e5cdc
c4265dea2dd6ae466cb89cb700962a68
1eb0355e2b0757ab535ac5e0e4e3d07b
a572c4366d37e47ce171b422cff21c07
e084cf8047d1dfe113ca23ff9b3ea600
786e7587a22bb49689674eba19f7e4a2
6fb5958184340a00e3fc57020683295d
8fafda1c6c53fa23ccfcbe2471870687
c814be202320eac7721046fb5a3b8895
9c2d31d997190a94a332e2d0a1eaadcb
d01cc101e1cc14882a0b24d80dbccbdd
2a02864d68dd45e551049ac93736b94d
b906a5188ae49ab86067c467dba1370a
153ed9bf5b6d766dfbf96a721eba7532
3f315a63aa99078626822ce1d4bce18a
9b7fcf8e59b2fc5644bbc6724ce9e888
b8fb50428c786d2aabc0cc04e8c4d853
a71801cde45b8b86cc56bded801976cb
7f7eceb52bb9a45d90653eaaf0230df8
614558c88258807641d2fd8ab0c543c1
5075b9379823d03675616c4e2038b3ff
5d37976b9b086934409fae09d2648cc6
8e392cc5730556f40c43a4d6eee16428
2d84aa3e42982637e8808d33578fa78b
91840ee52ff73f6b683514f87c30cf8b
94ab371edbcc423f605dd5d4ce3debf1
abf8bca5a7458b47aef909536c7b85ca
50bc1161a3fc4f0728794771732e11a0
4a4cb390133e30d079e1947eb152a69e
2c8bf19a6ad3ba1d8504e3123461dafe
133c72e7c3f789109d1c5e93c5edf112
c3d824b4d39e71ce237949b1ebaf29fc
8df302cca3bc348b9d7664b372ff5c54
1d707b46340b5e8ab0768068dfdd2274
c579dc376519d0ea52db4b65ff3ee73c
2ebce65605c32ce93e4cab4045bdce5b
0f21c7589cc783b3c851e283f85aa0b4
84030ba90964e646126f564c51da695e
29637c6d73ea5b9e652ee2ee979339aa
18967b681aed8c0545c3b1cb76cbc95f
dbf942cdcd978582b5dc82d9ff31396f
407d2c5fb3a04c34a68df71164d684ed
e47ee132747d0a53d1aeee0a714b55e6
45377222659557f270a11ab9a8b245b5
831d13f964b799917bcf4f216d562663
c17034fd04c01e12938330609df40e67
3608d4a595fcb00b32670c07fb8961e7
41f78137578f260f794bc2034f7bc9c8
fb03ed33adcbe21161527f31e733d861
c2fe13af518333233c8cc41bed9ad8c2
a2dde21ed5615c2889719d6c3e0d7e84
905476bd833cbd9b125d32bf8bf726e1
9b0c6658bdbcf142834c78b79f358a05
04578bfb70edc48b528a3525154340c9
5ec88ba620adba737b027d37e31f3654
a56ab97feb370b4fb562e937219beeb1
3ae76aba6ddfd149de7cba21e59b68a8
5067be6f6c18c06bde6d5254dd313585
03d6dfae9b186a8a4ce8b32f6a84bcef
4c131326d8da1ec0f07d4deb555719f8
0c20036b93ddea2616f10fd16941d79d
5792bfafee7ccd3b13eab1373d935ee6
865e1c075de790e52ffe6f30c20a1974
a17e7d935754bb2c104a4b34d85a6f0d
3041fc1058a293eb037e01eb86055387
bba38299cdb1246123a0b95e35364b98
048943c1b955fefb817e14e2b6482b53
3fa83cb5fb8e20bcaebcbb932a2fa90c
6f3a36e36116fb17123837fcf01aa567
67f20c142caeb9f86159751a4c5948cf
fd59c2430026073883a042d42b2ad1d8
1e61e46cbf434c6bf7f758ef57a1ebc6
4c6540282ceff3bcf9bdc390e0e6500c
2985103baf736f84d98c4c0bf7723ef8
f7cde805b31a3459ebfb8ace9a2a3e46
dca3ca29959c3399f9afb8a223c70159
628d106cc7c0551dae8f6e84c89c0ffe
94eb8c2b78fe90aeb2bb50d5699f24bb
6e66920c093c4519a596afe53c0424e4
e211cb614e186dce5ad2493cf5c79fbb
e488d4f1375759e3145d26e75f50edad
a3eb1901ca03b057815ca17e76bbbebf
53f3f7ab38dbdef1f99faaf89e3242cb
e639f97034d490bf036bb748065f9fa8
bcd0190b261b6d2d40713144026f80cc
8ac3196f8d0aacb34d8410d79fbf4dbd
ddebeaadacb84e2c26624fc26e8cab51
5e54f5e1e5ea759907034d7750f694e1
1794dab85d9eeb5c6c63b51fb4df419b
692df14565b289a0eb9dd287f2286203
6cc4abc084947dac1504654af93356c5
7330b8ccd2fe9b85b0c9b14125a175c5
e027a983385e6c6279b7bd7cc3ca6e1b
508940a271614e5186b0f24c5de43eb7
30cd57b136f4ce747c0cefc4fe61760d
79120a69d6dc6909e1a89bb9ee73dd62
100dcfa97eb12e6dfb9af97b55bd61bf
d243f269ece45fe6f08fd342febcbe94
0e17a33ea804c6ade4c9338dcb9db323
cc5edfbc3a072cc0fc995ed305be7f44
fac7978f081a9715e98aa2d6b6648ec4
8935bc640a9bcb5ba749a6913bf9a4ff
dcfec55055c11ec0f729935d3797bd77
10528c85abf72e583a2149c532b1b507
aa45dad31c67c330d52ae8910c853de1
e46c2a27d65bf93f8b340a7cd0144385
740b9d278db895a316cc6b7fe19083c1
f49f4e7fe11700d5555123aaa3877698
f32e2cccbb57d534ced7a453eda8b982
ce874be4bddc13a2cb238cea4b0d8ff2
e1affac51cc9a6f1a56d7f9ccaa11e3c
2430c69542ba166c37f72622e763fcac
33a17b580cf6e21790053f3231b46cb5
d5842797c607556bf3d6c919b12e1b3b
bf54192acec9008b92c0ff026976bc49
b0ee4f89f77abfc12c58484c6f684a4c
bceb186b02cf3ae5a1fe6a5752c4e413
4e1f5d9bb60b63453250492c2d6ba247
e7fd4dd2e61dfa5a533e31a333bd243f
a7dd97da9a7e56614f15b111dfde781f
6db810fa1eba9b9a136185707ee2060d
1049603d5dd20caf4d67837d421becf3
8196c7e4e321af5da4fa1fca055e7920
86211e70363570ce79d0796736e2ddca
93c074fe6b2d5601fb7765785e4914fa
97e8a60992f2776138d0f5cf91bdb2d9
91b26117dc74b51ecc17ec40358a5804
e6d15d67ac5f9912556dbe80494be13f
ab0eb3b7683d91e58af589416cb04ad4
f82d87645080a01ae75735ba94a05ad5
4198ec4410826b56d4dcf87676d29bfe
a02d4d44c97835bc1ecc46ddbf4ae272
01ec4de2859c3176873652194a36d48e
fd76dac2c0515d42ad4bb5c8be27f3c3
a74831db067956bbd5279ef2bca13b0b
96dd25a94d881d99aa2357336fb42de6
8a3c14f3856f80fe63166dff4beffb75
0b0bfae9cd1eafbfcd1e1f2fdcb61e3d
650bee89771b59b8214d09cb27e789c2
947a0f1e98b0c5130247ee450c64279b
e09ac1393b5a92e9f3eac6140f052f39
a9f1114ecadf596c1d3ac5dae2d5068f
3d46b9853c65799513b57087e2586c52
8bfb6b8bcbfb1f3e40be631da809cb37
2067fee789cc13d1591b5ab01d795df4
b8b2fefd99cf8038c082253b4e7cfa53
a5aba46303e7b2934b580a2c3f5d26ff
04ccfc37652dd89c16eeb609b3813785
42b14bf1ac263ce2202bb806b6bf1bf8
7583982f25352891545163b10dd09d43
f9f8e86774668192ec637e4065585a49
37e12826fd8a9a87c222de8d6836ea88
7bbcb3ecf1eb675a06cea71eee8f3dd4
a24bcf219fbe4c9c062262ba2e255ad6
302a3d70f01cdb68cb32186eee4d1bcc
c89eb4e6be1c19fcc590e05abe05abdb
2d3840cf0d0d254d50a8ca37f3056e7f
3692fd905a8387e7407a78570de6dea1
31dc95463aa309df3a3b273bb21c57a7
06901ae456012d6e5663f94e2f5b2ac2
00470949f56b10b5a87a228026df9353
2778d30c1b48d77ba2e18c4da8257c27
e7ac980c51cd0006c3c44cdb42a69e8c
af56df377f08db52dcffe6ff28c1b5fa
8926873c9f51b6882d0c5abfe4fce9cd
b6d1201d38b8924e04b268aa115d2cf6
35f50a12e4200c96002401c0498f49c5
aafb47405d1d509c815b341caed18748
f72f137a0ffa52063c75d609ddea1e25
933bbd236ed5d51d521cf13160995228
aa373cd5f42693a218b2d7faf2bd786e
6dda0254fdade6370872f48ff14a08cc
feb87e2cf5a3b45e737f5ab90ce90c29
319b42f836595961e6b09a3066912fe6
c8f4decc33f10923a6569084fd26d527
7f0ba72798c4b32d499adb29438d575f
3c680ba8af741fa1d0d762aa07a80653
c75d1a461bd813fbf8fc203b27bccec2
cf65c5997927daa73447cb154e3abbf3
0156058fcd915a2eed22542fdcd15a3a
ab0d74b666c010cb525212dee9a0ac5c
22c08153f3d2fc35eb2e5f09726a13a4
b2ca2632f2b276eb16408176f5ea38da
1d8c056d3c38f1775cd6c1f2eeac0a43
682ea63ac1b32f7b22f2687da323346e
f13444b264bd89c5158f936d74fcc7c0
7ece7954338ca5b0a39577d8cc4e67a5
e7017682486177804712feeafa96bd3e
e023a04ebef5f1f4c0b51d042c912cd1
1906a34371d4c052af0913543e8c9133
f9ed2832c5d3b5b836382d6da3f676c3
57e04dbfd87f03d079d462ea905f0131
6d20502778a4ad9faf22b439adfafb93
5794d64f15233f76e36617f2c89a6481
421876a7ab6cb4e2721f472b01a1be28
674ac37a54fa41c915774162acb92799
d50c62dae07cb0ff469fe79c33f63ea7
e3bd36cca237fee7d53c3b0c3327a6f8
bc93e26b4e8aed1d14eae52214c9c51c
4b3dae8add9e598af627079255d0568d
b8b950a0b4fce5dcf8096b48b709013c
11b7a4ea102d72b1bae418c23dda59f4
c5d7a22e67b2ca6d74e8a8e131aef3d7
25ba3070d38ce93971047b778aee4f67
263df34963ed91e203064d23556e4916
68ba474e9623924abb8c7c6fb6a0e806
d65406533d33bd12909bec38fec6f6bd
5cec8bc8f318431ffcd706e012b8ceb5
bb62da7fcd876aaa3444d6a6260b4dd9
b64ac3d56309221774f4b0255f5439ef
9f0f00ac0548eeac5f0fa72961c78f63
fa00680ab8ec258167045643bb128dc3
c4038ebe1f830a1200b77b7820785bc0
f517f27d86360400aa39f762e095b462
69feb67590f3bc723fab8aaaceaadc8a
33c307bb429d355bd62289e91af67264
4100191cf7bda06088757271e49bfa80
64a91a552f3d2293486762ca5e3a01b0
55cd6d096985adc4b7495f3bf41dee15
fe0c1bffac1fe9ea9d1949d47506f7a4
4fbbd528a017e94ba529b7d74a9489ff
f5f7aad057f59c39cbca64446fc6e651
d9deedf687a38eb24ee769ed4e791cd4
f9035a52f3be76fed2af9d68a85cc441
2839f8cb22711d1c7ad95f94f5629424
c9dba3a19fa971c03297a57be615c573
4c7536a7008713b6bce5daec2a909bc0
2b29d2806b6707cd319dab825e4e381b
88791d7cc7441b7a1c345148bc0ef048
f769e1e1076123f4d9db76ad41970822
120a9d38972663aa8ad20ccd9a5e1604
b11b93a236b49ab8337ad72fe97b6e3c
f42bead1831fbfaad1f16e30d6cc9b5f
7ccb24953e5001fdf336e05ef20232a1
dc3c0c084a602ab172f49115daeb893b
ca2c9bd1a6905895eac18ad0a44b04a6
cfb1ee52d8b6c223c2ca610d18629751
653f81586b32f265e935223600c29fff
5fad7fd9ad39c184cbd76e9885dd4588
9bd2e269c535cf98ee3b8d0f604da6ce
194c907a7a3ab99d2cedb690ef98cbe3
95e88e793e6d786edd073b540347e7de
78bf219e6aed93a3769ca9a7a7dee4a7
4f094cf66246ed697c44c66b113fdb8e
ce92b4dbd43180f955585e4e2d48f934
340ff7373acbe591aa887f6efeb5c8ad
b0592b737f2e2ddf58c3f95966830e39
3e6a08fd70589714584694d780b01f1e
6a8556021508031868834a318a0ac88c
3d6be3a9eb2ff8de0eeed2e724e7c5ac
2b1031a2079fc7eb4014bc2db8fdf2e3
746820b092b48de5047a1b4984705014
1be39c3bd7598fccfa5b9db2a605a517
7a414e50f1c2f3f6dde07b7bac750f7f
e5f0d04fc5ee632ac6ba4e9d930effe2
e00060c5f9764442b1df10f4eb657cf7
ad002ecb94b2387c7768d322320e5cdc
c4265dea2dd6ae466cb89cb700962a68
1eb0355e2b0757ab535ac5e0e4e3d07b
a572c4366d37e47ce171b422cff21c07
e084cf8047d1dfe113ca23ff9b3ea600
786e7587a22bb49689674eba19f7e4a2
6fb5958184340a00e3fc57020683295d
8fafda1c6c53fa23ccfcbe2471870687
c814be202320eac7721046fb5a3b8895
9c2d31d997190a94a332e2d0a1eaadcb
d01cc101e1cc14882a0b24d80dbccbdd
2a02864d68dd45e551049ac93736b94d
b906a5188ae49ab86067c467dba1370a
153ed9bf5b6d766dfbf96a721eba7532
3f315a63aa99078626822ce1d4bce18a
9b7fcf8e59b2fc5644bbc6724ce9e888
b8fb50428c786d2aabc0cc04e8c4d853
a71801cde45b8b86cc56bded801976cb
7f7eceb52bb9a45d90653eaaf0230df8
614558c88258807641d2fd8ab0c543c1
5075b9379823d03675616c4e2038b3ff
5d37976b9b086934409fae09d2648cc6
8e392cc5730556f40c43a4d6eee16428
2d84aa3e42982637e8808d33578fa78b
91840ee52ff73f6b683514f87c30cf8b
94ab371edbcc423f605dd5d4ce3debf1
abf8bca5a7458b47aef909536c7b85ca
50bc1161a3fc4f0728794771732e11a0
4a4cb390133e30d079e1947eb152a69e
2c8bf19a6ad3ba1d8504e3123461dafe
133c72e7c3f789109d1c5e93c5edf112
c3d824b4d39e71ce237949b1ebaf29fc
8df302cca3bc348b9d7664b372ff5c54
1d707b46340b5e8ab0768068dfdd2274
c579dc376519d0ea52db4b65ff3ee73c
2ebce65605c32ce93e4cab4045bdce5b
0f21c7589cc783b3c851e283f85aa0b4
84030ba90964e646126f564c51da695e
29637c6d73ea5b9e652ee2ee979339aa
18967b681aed8c0545c3b1cb76cbc95f
dbf942cdcd978582b5dc82d9ff31396f
407d2c5fb3a04c34a68df71164d684ed
e47ee132747d0a53d1aeee0a714b55e6
45377222659557f270a11ab9a8b245b5
831d13f964b799917bcf4f216d562663
c17034fd04c01e12938330609df40e67
3608d4a595fcb00b32670c07fb8961e7
41f78137578f260f794bc2034f7bc9c8
fb03ed33adcbe21161527f31e733d861
c2fe13af518333233c8cc41bed9ad8c2
a2dde21ed5615c2889719d6c3e0d7e84
905476bd833cbd9b125d32bf8bf726e1
9b0c6658bdbcf142834c78b79f358a05
04578bfb70edc48b528a3525154340c9
5ec88ba620adba737b027d37e31f3654
a56ab97feb370b4fb562e937219beeb1
3ae76aba6ddfd149de7cba21e59b68a8
5067be6f6c18c06bde6d5254dd313585
03d6dfae9b186a8a4ce8b32f6a84bcef
4c131326d8da1ec0f07d4deb555719f8
0c20036b93ddea2616f10fd16941d79d
5792bfafee7ccd3b13eab1373d935ee6
865e1c075de790e52ffe6f30c20a1974
a17e7d935754bb2c104a4b34d85a6f0d
3041fc1058a293eb037e01eb86055387
bba38299cdb1246123a0b95e35364b98
048943c1b955fefb817e14e2b6482b53
3fa83cb5fb8e20bcaebcbb932a2fa90c
6f3a36e36116fb17123837fcf01aa567
67f20c142caeb9f86159751a4c5948cf
fd59c2430026073883a042d42b2ad1d8
1e61e46cbf434c6bf7f758ef57a1ebc6
4c6540282ceff3bcf9bdc390e0e6500c
2985103baf736f84d98c4c0bf7723ef8
f7cde805b31a3459ebfb8ace9a2a3e46
dca3ca29959c3399f9afb8a223c70159
628d106cc7c0551dae8f6e84c89c0ffe
94eb8c2b78fe90aeb2bb50d5699f24bb
6e66920c093c4519a596afe53c0424e4
e211cb614e186dce5ad2493cf5c79fbb
e488d4f1375759e3145d26e75f50edad
a3eb1901ca03b057815ca17e76bbbebf
53f3f7ab38dbdef1f99faaf89e3242cb
e639f97034d490bf036bb748065f9fa8
bcd0190b261b6d2d40713144026f80cc
8ac3196f8d0aacb34d8410d79fbf4dbd
ddebeaadacb84e2c26624fc26e8cab51
5e54f5e1e5ea759907034d7750f694e1
1794dab85d9eeb5c6c63b51fb4df419b
692df14565b289a0eb9dd287f2286203
6cc4abc084947dac1504654af93356c5
7330b8ccd2fe9b85b0c9b14125a175c5
e027a983385e6c6279b7bd7cc3ca6e1b
508940a271614e5186b0f24c5de43eb7
30cd57b136f4ce747c0cefc4fe61760d
79120a69d6dc6909e1a89bb9ee73dd62
100dcfa97eb12e6dfb9af97b55bd61bf
d243f269ece45fe6f08fd342febcbe94
0e17a33ea804c6ade4c9338dcb9db323
cc5edfbc3a072cc0fc995ed305be7f44
fac7978f081a9715e98aa2d6b6648ec4
8935bc640a9bcb5ba749a6913bf9a4ff
dcfec55055c11ec0f729935d3797bd77
10528c85abf72e583a2149c532b1b507
aa45dad31c67c330d52ae8910c853de1
e46c2a27d65bf93f8b340a7cd0144385
740b9d278db895a316cc6b7fe19083c1
f49f4e7fe11700d5555123aaa3877698
f32e2cccbb57d534ced7a453eda8b982
ce874be4bddc13a2cb238cea4b0d8ff2
e1affac51cc9a6f1a56d7f9ccaa11e3c
2430c69542ba166c37f72622e763fcac
33a17b580cf6e21790053f3231b46cb5
d5842797c607556bf3d6c919b12e1b3b
bf54192acec9008b92c0ff026976bc49
b0ee4f89f77abfc12c58484c6f684a4c
bceb186b02cf3ae5a1fe6a5752c4e413
4e1f5d9bb60b63453250492c2d6ba247
e7fd4dd2e61dfa5a533e31a333bd243f
a7dd97da9a7e56614f15b111dfde781f
6db810fa1eba9b9a136185707ee2060d
1049603d5dd20caf4d67837d421becf3
8196c7e4e321af5da4fa1fca055e7920
86211e70363570ce79d0796736e2ddca
93c074fe6b2d5601fb7765785e4914fa
97e8a60992f2776138d0f5cf91bdb2d9
91b26117dc74b51ecc17ec40358a5804
e6d15d67ac5f9912556dbe80494be13f
ab0eb3b7683d91e58af589416cb04ad4
f82d87645080a01ae75735ba94a05ad5
4198ec4410826b56d4dcf87676d29bfe
a02d4d44c97835bc1ecc46ddbf4ae272
01ec4de2859c3176873652194a36d48e
fd76dac2c0515d42ad4bb5c8be27f3c3
a74831db067956bbd5279ef2bca13b0b
96dd25a94d881d99aa2357336fb42de6
8a3c14f3856f80fe63166dff4beffb75
0b0bfae9cd1eafbfcd1e1f2fdcb61e3d
650bee89771b59b8214d09cb27e789c2
947a0f1e98b0c5130247ee450c64279b
e09ac1393b5a92e9f3eac6140f052f39
a9f1114ecadf596c1d3ac5dae2d5068f
3d46b9853c65799513b57087e2586c52
8bfb6b8bcbfb1f3e40be631da809cb37
2067fee789cc13d1591b5ab01d795df4
b8b2fefd99cf8038c082253b4e7cfa53
a5aba46303e7b2934b580a2c3f5d26ff
04ccfc37652dd89c16eeb609b3813785
42b14bf1ac263ce2202bb806b6bf1bf8
7583982f25352891545163b10dd09d43
f9f8e86774668192ec637e4065585a49
37e12826fd8a9a87c222de8d6836ea88
7bbcb3ecf1eb675a06cea71eee8f3dd4
a24bcf219fbe4c9c062262ba2e255ad6
302a3d70f01cdb68cb32186eee4d1bcc
c89eb4e6be1c19fcc590e05abe05abdb
2d3840cf0d0d254d50a8ca37f3056e7f
3692fd905a8387e7407a78570de6dea1
31dc95463aa309df3a3b273bb21c57a7
06901ae456012d6e5663f94e2f5b2ac2
00470949f56b10b5a87a228026df9353
2778d30c1b48d77ba2e18c4da8257c27
e7ac980c51cd0006c3c44cdb42a69e8c
af56df377f08db52dcffe6ff28c1b5fa
8926873c9f51b6882d0c5abfe4fce9cd
b6d1201d38b8924e04b268aa115d2cf6
35f50a12e4200c96002401c0498f49c5
aafb47405d1d509c815b341caed18748
f72f137a0ffa52063c75d609ddea1e25
933bbd236ed5d51d521cf13160995228
aa373cd5f42693a218b2d7faf2bd786e
6dda0254fdade6370872f48ff14a08cc
feb87e2cf5a3b45e737f5ab90ce90c29
319b42f836595961e6b09a3066912fe6
c8f4decc33f10923a6569084fd26d527
7f0ba72798c4b32d499adb29438d575f
3c680ba8af741fa1d0d762aa07a80653
c75d1a461bd813fbf8fc203b27bccec2
cf65c5997927daa73447cb154e3abbf3
0156058fcd915a2eed22542fdcd15a3a
ab0d74b666c010cb525212dee9a0ac5c
22c08153f3d2fc35eb2e5f09726a13a4
b2ca2632f2b276eb16408176f5ea38da
1d8c056d3c38f1775cd6c1f2eeac0a43
682ea63ac1b32f7b22f2687da323346e
f13444b264bd89c5158f936d74fcc7c0
7ece7954338ca5b0a39577d8cc4e67a5
e7017682486177804712feeafa96bd3e
e023a04ebef5f1f4c0b51d042c912cd1
1906a34371d4c052af0913543e8c9133
f9ed2832c5d3b5b836382d6da3f676c3
57e04dbfd87f03d079d462ea905f0131
6d20502778a4ad9faf22b439adfafb93
5794d64f15233f76e36617f2c89a6481
421876a7ab6cb4e2721f472b01a1be28
674ac37a54fa41c915774162acb92799
d50c62dae07cb0ff469fe79c33f63ea7
e3bd36cca237fee7d53c3b0c3327a6f8
bc93e26b4e8aed1d14eae52214c9c51c
4b3dae8add9e598af627079255d0568d
b8b950a0b4fce5dcf8096b48b709013c
11b7a4ea102d72b1bae418c23dda59f4
c5d7a22e67b2ca6d74e8a8e131aef3d7
25ba3070d38ce93971047b778aee4f67
263df34963ed91e203064d23556e4916
68ba474e9623924abb8c7c6fb6a0e806
d65406533d33bd12909bec38fec6f6bd
5cec8bc8f318431ffcd706e012b8ceb5
bb62da7fcd876aaa3444d6a6260b4dd9
b64ac3d56309221774f4b0255f5439ef
9f0f00ac0548eeac5f0fa72961c78f63
fa00680ab8ec258167045643bb128dc3
c4038ebe1f830a1200b77b7820785bc0
f517f27d86360400aa39f762e095b462
69feb67590f3bc723fab8aaaceaadc8a
33c307bb429d355bd62289e91af67264
4100191cf7bda06088757271e49bfa80
64a91a552f3d2293486762ca5e3a01b0
55cd6d096985adc4b7495f3bf41dee15
fe0c1bffac1fe9ea9d1949d47506f7a4
4fbbd528a017e94ba529b7d74a9489ff
f5f7aad057f59c39cbca64446fc6e651
d9deedf687a38eb24ee769ed4e791cd4
f9035a52f3be76fed2af9d68a85cc441
2839f8cb22711d1c7ad95f94f5629424
c9dba3a19fa971c03297a57be615c573
4c7536a7008713b6bce5daec2a909bc0
2b29d2806b6707cd319dab825e4e381b
88791d7cc7441b7a1c345148bc0ef048
f769e1e1076123f4d9db76ad41970822
120a9d38972663aa8ad20ccd9a5e1604
b11b93a236b49ab8337ad72fe97b6e3c
f42bead1831fbfaad1f16e30d6cc9b5f
7ccb24953e5001fdf336e05ef20232a1
dc3c0c084a602ab172f49115daeb893b
ca2c9bd1a6905895eac18ad0a44b04a6
cfb1ee52d8b6c223c2ca610d18629751
653f81586b32f265e935223600c29fff
5fad7fd9ad39c184cbd76e9885dd4588
9bd2e269c535cf98ee3b8d0f604da6ce
194c907a7a3ab99d2cedb690ef98cbe3
95e88e793e6d786edd073b540347e7de
78bf219e6aed93a3769ca9a7a7dee4a7
4f094cf66246ed697c44c66b113fdb8e
ce92b4dbd43180f955585e4e2d48f934
340ff7373acbe591aa887f6efeb5c8ad
b0592b737f2e2ddf58c3f95966830e39
3e6a08fd70589714584694d780b01f1e
6a8556021508031868834a318a0ac88c
3d6be3a9eb2ff8de0eeed2e724e7c5ac
2b1031a2079fc7eb4014bc2db8fdf2e3
746820b092b48de5047a1b4984705014
1be39c3bd7598fccfa5b9db2a605a517
7a414e50f1c2f3f6dde07b7bac750f7f
e5f0d04fc5ee632ac6ba4e9d930effe2
e00060c5f9764442b1df10f4eb657cf7
ad002ecb94b2387c7768d322320e5cdc
c4265dea2dd6ae466cb89cb700962a68
1eb0355e2b0757ab535ac5e0e4e3d07b
a572c4366d37e47ce171b422cff21c07
e084cf8047d1dfe113ca23ff9b3ea600
786e7587a22bb49689674eba19f7e4a2
6fb5958184340a00e3fc57020683295d
8fafda1c6c53fa23ccfcbe2471870687
c814be202320eac7721046fb5a3b8895
9c2d31d997190a94a332e2d0a1eaadcb
d01cc101e1cc14882a0b24d80dbccbdd
2a02864d68dd45e551049ac93736b94d
b906a5188ae49ab86067c467dba1370a
153ed9bf5b6d766dfbf96a721eba7532
3f315a63aa99078626822ce1d4bce18a
9b7fcf8e59b2fc5644bbc6724ce9e888
b8fb50428c786d2aabc0cc04e8c4d853
a71801cde45b8b86cc56bded801976cb
7f7eceb52bb9a45d90653eaaf0230df8
614558c88258807641d2fd8ab0c543c1
5075b9379823d03675616c4e2038b3ff
5d37976b9b086934409fae09d2648cc6
8e392cc5730556f40c43a4d6eee16428
2d84aa3e42982637e8808d33578fa78b
91840ee52ff73f6b683514f87c30cf8b
94ab371edbcc423f605dd5d4ce3debf1
abf8bca5a7458b47aef909536c7b85ca
50bc1161a3fc4f0728794771732e11a0
4a4cb390133e30d079e1947eb152a69e
2c8bf19a6ad3ba1d8504e3123461dafe
133c72e7c3f789109d1c5e93c5edf112
c3d824b4d39e71ce237949b1ebaf29fc
8df302cca3bc348b9d7664b372ff5c54
1d707b46340b5e8ab0768068dfdd2274
c579dc376519d0ea52db4b65ff3ee73c
2ebce65605c32ce93e4cab4045bdce5b
0f21c7589cc783b3c851e283f85aa0b4
84030ba90964e646126f564c51da695e
29637c6d73ea5b9e652ee2ee979339aa
18967b681aed8c0545c3b1cb76cbc95f
dbf942cdcd978582b5dc82d9ff31396f
407d2c5fb3a04c34a68df71164d684ed
e47ee132747d0a53d1aeee0a714b55e6
45377222659557f270a11ab9a8b245b5
831d13f964b799917bcf4f216d562663
c17034fd04c01e12938330609df40e67
3608d4a595fcb00b32670c07fb8961e7
41f78137578f260f794bc2034f7bc9c8
fb03ed33adcbe21161527f31e733d861
c2fe13af518333233c8cc41bed9ad8c2
a2dde21ed5615c2889719d6c3e0d7e84
905476bd833cbd9b125d32bf8bf726e1
9b0c6658bdbcf142834c78b79f358a05
04578bfb70edc48b528a3525154340c9
5ec88ba620adba737b027d37e31f3654
a56ab97feb370b4fb562e937219beeb1
3ae76aba6ddfd149de7cba21e59b68a8
5067be6f6c18c06bde6d5254dd313585
03d6dfae9b186a8a4ce8b32f6a84bcef
4c131326d8da1ec0f07d4deb555719f8
0c20036b93ddea2616f10fd16941d79d
5792bfafee7ccd3b13eab1373d935ee6
865e1c075de790e52ffe6f30c20a1974
a17e7d935754bb2c104a4b34d85a6f0d
3041fc1058a293eb037e01eb86055387
bba38299cdb1246123a0b95e35364b98
048943c1b955fefb817e14e2b6482b53
3fa83cb5fb8e20bcaebcbb932a2fa90c
6f3a36e36116fb17123837fcf01aa567
67f20c142caeb9f86159751a4c5948cf
fd59c2430026073883a042d42b2ad1d8
1e61e46cbf434c6bf7f758ef57a1ebc6
4c6540282ceff3bcf9bdc390e0e6500c
2985103baf736f84d98c4c0bf7723ef8
f7cde805b31a3459ebfb8ace9a2a3e46
dca3ca29959c3399f9afb8a223c70159
628d106cc7c0551dae8f6e84c89c0ffe
94eb8c2b78fe90aeb2bb50d5699f24bb
6e66920c093c4519a596afe53c0424e4
e211cb614e186dce5ad2493cf5c79fbb
e488d4f1375759e3145d26e75f50edad
a3eb1901ca03b057815ca17e76bbbebf
53f3f7ab38dbdef1f99faaf89e3242cb
e639f97034d490bf036bb748065f9fa8
bcd0190b261b6d2d40713144026f80cc
8ac3196f8d0aacb34d8410d79fbf4dbd
ddebeaadacb84e2c26624fc26e8cab51
5e54f5e1e5ea759907034d7750f694e1
1794dab85d9eeb5c6c63b51fb4df419b
692df14565b289a0eb9dd287f2286203
6cc4abc084947dac1504654af93356c5
7330b8ccd2fe9b85b0c9b14125a175c5
e027a983385e6c6279b7bd7cc3ca6e1b
508940a271614e5186b0f24c5de43eb7
30cd57b136f4ce747c0cefc4fe61760d
79120a69d6dc6909e1a89bb9ee73dd62
100dcfa97eb12e6dfb9af97b55bd61bf
d243f269ece45fe6f08fd342febcbe94
0e17a33ea804c6ade4c9338dcb9db323
cc5edfbc3a072cc0fc995ed305be7f44
fac7978f081a9715e98aa2d6b6648ec4
8935bc640a9bcb5ba749a6913bf9a4ff
dcfec55055c11ec0f729935d3797bd77
10528c85abf72e583a2149c532b1b507
aa45dad31c67c330d52ae8910c853de1
e46c2a27d65bf93f8b340a7cd0144385
740b9d278db895a316cc6b7fe19083c1
f49f4e7fe11700d5555123aaa3877698
f32e2cccbb57d534ced7a453eda8b982
ce874be4bddc13a2cb238cea4b0d8ff2
e1affac51cc9a6f1a56d7f9ccaa11e3c
2430c69542ba166c37f72622e763fcac
33a17b580cf6e21790053f3231b46cb5
d5842797c607556bf3d6c919b12e1b3b
bf54192acec9008b92c0ff026976bc49
b0ee4f89f77abfc12c58484c6f684a4c
bceb186b02cf3ae5a1fe6a5752c4e413
4e1f5d9bb60b63453250492c2d6ba247
e7fd4dd2e61dfa5a533e31a333bd243f
a7dd97da9a7e56614f15b111dfde781f
6db810fa1eba9b9a136185707ee2060d
1049603d5dd20caf4d67837d421becf3
8196c7e4e321af5da4fa1fca055e7920
86211e70363570ce79d0796736e2ddca
93c074fe6b2d5601fb7765785e4914fa
97e8a60992f2776138d0f5cf91bdb2d9
91b26117dc74b51ecc17ec40358a5804
e6d15d67ac5f9912556dbe80494be13f
ab0eb3b7683d91e58af589416cb04ad4
f82d87645080a01ae75735ba94a05ad5
4198ec4410826b56d4dcf87676d29bfe
a02d4d44c97835bc1ecc46ddbf4ae272
01ec4de2859c3176873652194a36d48e
fd76dac2c0515d42ad4bb5c8be27f3c3
a74831db067956bbd5279ef2bca13b0b
96dd25a94d881d99aa2357336fb42de6
8a3c14f3856f80fe63166dff4beffb75
0b0bfae9cd1eafbfcd1e1f2fdcb61e3d
650bee89771b59b8214d09cb27e789c2
947a0f1e98b0c5130247ee450c64279b
e09ac1393b5a92e9f3eac6140f052f39
a9f1114ecadf596c1d3ac5dae2d5068f
3d46b9853c65799513b57087e2586c52
8bfb6b8bcbfb1f3e40be631da809cb37
2067fee789cc13d1591b5ab01d795df4
b8b2fefd99cf8038c082253b4e7cfa53
a5aba46303e7b2934b580a2c3f5d26ff
04ccfc37652dd89c16eeb609b3813785
42b14bf1ac263ce2202bb806b6bf1bf8
7583982f25352891545163b10dd09d43
f9f8e86774668192ec637e4065585a49
37e12826fd8a9a87c222de8d6836ea88
7bbcb3ecf1eb675a06cea71eee8f3dd4
a24bcf219fbe4c9c062262ba2e255ad6
302a3d70f01cdb68cb32186eee4d1bcc
c89eb4e6be1c19fcc590e05abe05abdb
2d3840cf0d0d254d50a8ca37f3056e7f
3692fd905a8387e7407a78570de6dea1
31dc95463aa309df3a3b273bb21c57a7
06901ae456012d6e5663f94e2f5b2ac2
00470949f56b10b5a87a228026df9353
2778d30c1b48d77ba2e18c4da8257c27
e7ac980c51cd0006c3c44cdb42a69e8c
af56df377f08db52dcffe6ff28c1b5fa
8926873c9f51b6882d0c5abfe4fce9cd
b6d1201d38b8924e04b268aa115d2cf6
35f50a12e4200c96002401c0498f49c5
aafb47405d1d509c815b341caed18748
f72f137a0ffa52063c75d609ddea1e25
933bbd236ed5d51d521cf13160995228
aa373cd5f42693a218b2d7faf2bd786e
6dda0254fdade6370872f48ff14a08cc
feb87e2cf5a3b45e737f5ab90ce90c29
319b42f836595961e6b09a3066912fe6
c8f4decc33f10923a6569084fd26d527
7f0ba72798c4b32d499adb29438d575f
3c680ba8af741fa1d0d762aa07a80653
c75d1a461bd813fbf8fc203b27bccec2
cf65c5997927daa73447cb154e3abbf3
0156058fcd915a2eed22542fdcd15a3a
ab0d74b666c010cb525212dee9a0ac5c
22c08153f3d2fc35eb2e5f09726a13a4
b2ca2632f2b276eb16408176f5ea38da
1d8c056d3c38f1775cd6c1f2eeac0a43
682ea63ac1b32f7b22f2687da323346e
f13444b264bd89c5158f936d74fcc7c0
7ece7954338ca5b0a39577d8cc4e67a5
e7017682486177804712feeafa96bd3e
e023a04ebef5f1f4c0b51d042c912cd1
1906a34371d4c052af0913543e8c9133
f9ed2832c5d3b5b836382d6da3f676c3
57e04dbfd87f03d079d462ea905f0131
6d20502778a4ad9faf22b439adfafb93
5794d64f15233f76e36617f2c89a6481
421876a7ab6cb4e2721f472b01a1be28
674ac37a54fa41c915774162acb92799
d50c62dae07cb0ff469fe79c33f63ea7
e3bd36cca237fee7d53c3b0c3327a6f8
bc93e26b4e8aed1d14eae52214c9c51c
4b3dae8add9e598af627079255d0568d
b8b950a0b4fce5dcf8096b48b709013c
11b7a4ea102d72b1bae418c23dda59f4
c5d7a22e67b2ca6d74e8a8e131aef3d7
25ba3070d38ce93971047b778aee4f67
263df34963ed91e203064d23556e4916
68ba474e9623924abb8c7c6fb6a0e806
d65406533d33bd12909bec38fec6f6bd
5cec8bc8f318431ffcd706e012b8ceb5
bb62da7fcd876aaa3444d6a6260b4dd9
b64ac3d56309221774f4b0255f5439ef
9f0f00ac0548eeac5f0fa72961c78f63
fa00680ab8ec258167045643bb128dc3
c4038ebe1f830a1200b77b7820785bc0
f517f27d86360400aa39f762e095b462
69feb67590f3bc723fab8aaaceaadc8a
33c307bb429d355bd62289e91af67264
4100191cf7bda06088757271e49bfa80
64a91a552f3d2293486762ca5e3a01b0
55cd6d096985adc4b7495f3bf41dee15
fe0c1bffac1fe9ea9d1949d47506f7a4
4fbbd528a017e94ba529b7d74a9489ff
f5f7aad057f59c39cbca64446fc6e651
d9deedf687a38eb24ee769ed4e791cd4
f9035a52f3be76fed2af9d68a85cc441
2839f8cb22711d1c7ad95f94f5629424
c9dba3a19fa971c03297a57be615c573
4c7536a7008713b6bce5daec2a909bc0
2b29d2806b6707cd319dab825e4e381b
88791d7cc7441b7a1c345148bc0ef048
f769e1e1076123f4d9db76ad41970822
120a9d38972663aa8ad20ccd9a5e1604
b11b93a236b49ab8337ad72fe97b6e3c
f42bead1831fbfaad1f16e30d6cc9b5f
7ccb24953e5001fdf336e05ef20232a1
dc3c0c084a602ab172f49115daeb893b
ca2c9bd1a6905895eac18ad0a44b04a6
cfb1ee52d8b6c223c2ca610d18629751
653f81586b32f265e935223600c29fff
5fad7fd9ad39c184cbd76e9885dd4588
9bd2e269c535cf98ee3b8d0f604da6ce
194c907a7a3ab99d2cedb690ef98cbe3
95e88e793e6d786edd073b540347e7de
78bf219e6aed93a3769ca9a7a7dee4a7
4f094cf66246ed697c44c66b113fdb8e
ce92b4dbd43180f955585e4e2d48f934
340ff7373acbe591aa887f6efeb5c8ad
b0592b737f2e2ddf58c3f95966830e39
3e6a08fd70589714584694d780b01f1e
6a8556021508031868834a318a0ac88c
3d6be3a9eb2ff8de0eeed2e724e7c5ac
2b1031a2079fc7eb4014bc2db8fdf2e3
746820b092b48de5047a1b4984705014
1be39c3bd7598fccfa5b9db2a605a517
7a414e50f1c2f3f6dde07b7bac750f7f
e5f0d04fc5ee632ac6ba4e9d930effe2
e00060c5f9764442b1df10f4eb657cf7
ad002ecb94b2387c7768d322320e5cdc
c4265dea2dd6ae466cb89cb700962a68
1eb0355e2b0757ab535ac5e0e4e3d07b
a572c4366d37e47ce171b422cff21c07
e084cf8047d1dfe113ca23ff9b3ea600
786e7587a22bb49689674eba19f7e4a2
6fb5958184340a00e3fc57020683295d
8fafda1c6c53fa23ccfcbe2471870687
c814be202320eac7721046fb5a3b8895
9c2d31d997190a94a332e2d0a1eaadcb
d01cc101e1cc14882a0b24d80dbccbdd
2a02864d68dd45e551049ac93736b94d
b906a5188ae49ab86067c467dba1370a
153ed9bf5b6d766dfbf96a721eba7532
3f315a63aa99078626822ce1d4bce18a
9b7fcf8e59b2fc5644bbc6724ce9e888
b8fb50428c786d2aabc0cc04e8c4d853
a71801cde45b8b86cc56bded801976cb
7f7eceb52bb9a45d90653eaaf0230df8
614558c88258807641d2fd8ab0c543c1
5075b9379823d03675616c4e2038b3ff
5d37976b9b086934409fae09d2648cc6
8e392cc5730556f40c43a4d6eee16428
2d84aa3e42982637e8808d33578fa78b
91840ee52ff73f6b683514f87c30cf8b
94ab371edbcc423f605dd5d4ce3debf1
abf8bca5a7458b47aef909536c7b85ca
50bc1161a3fc4f0728794771732e11a0
4a4cb390133e30d079e1947eb152a69e
2c8bf19a6ad3ba1d8504e3123461dafe
133c72e7c3f789109d1c5e93c5edf112
c3d824b4d39e71ce237949b1ebaf29fc
8df302cca3bc348b9d7664b372ff5c54
1d707b46340b5e8ab0768068dfdd2274
c579dc376519d0ea52db4b65ff3ee73c
2ebce65605c32ce93e4cab4045bdce5b
0f21c7589cc783b3c851e283f85aa0b4
84030ba90964e646126f564c51da695e
29637c6d73ea5b9e652ee2ee979339aa
18967b681aed8c0545c3b1cb76cbc95f
dbf942cdcd978582b5dc82d9ff31396f
407d2c5fb3a04c34a68df71164d684ed
e47ee132747d0a53d1aeee0a714b55e6
45377222659557f270a11ab9a8b245b5
831d13f964b799917bcf4f216d562663
c17034fd04c01e12938330609df40e67
3608d4a595fcb00b32670c07fb8961e7
41f78137578f260f794bc2034f7bc9c8
fb03ed33adcbe21161527f31e733d861
c2fe13af518333233c8cc41bed9ad8c2
a2dde21ed5615c2889719d6c3e0d7e84
905476bd833cbd9b125d32bf8bf726e1
9b0c6658bdbcf142834c78b79f358a05
04578bfb70edc48b528a3525154340c9
5ec88ba620adba737b027d37e31f3654
a56ab97feb370b4fb562e937219beeb1
3ae76aba6ddfd149de7cba21e59b68a8
5067be6f6c18c06bde6d5254dd313585
03d6dfae9b186a8a4ce8b32f6a84bcef
4c131326d8da1ec0f07d4deb555719f8
0c20036b93ddea2616f10fd16941d79d
5792bfafee7ccd3b13eab1373d935ee6
865e1c075de790e52ffe6f30c20a1974
a17e7d935754bb2c104a4b34d85a6f0d
3041fc1058a293eb037e01eb86055387
bba38299cdb1246123a0b95e35364b98
048943c1b955fefb817e14e2b6482b53
3fa83cb5fb8e20bcaebcbb932a2fa90c
6f3a36e36116fb17123837fcf01aa567
67f20c142caeb9f86159751a4c5948cf
fd59c2430026073883a042d42b2ad1d8
1e61e46cbf434c6bf7f758ef57a1ebc6
4c6540282ceff3bcf9bdc390e0e6500c
2985103baf736f84d98c4c0bf7723ef8
f7cde805b31a3459ebfb8ace9a2a3e46
dca3ca29959c3399f9afb8a223c70159
628d106cc7c0551dae8f6e84c89c0ffe
94eb8c2b78fe90aeb2bb50d5699f24bb
6e66920c093c4519a596afe53c0424e4
e211cb614e186dce5ad2493cf5c79fbb
e488d4f1375759e3145d26e75f50edad
a3eb1901ca03b057815ca17e76bbbebf
53f3f7ab38dbdef1f99faaf89e3242cb
e639f97034d490bf036bb748065f9fa8
bcd0190b261b6d2d40713144026f80cc
8ac3196f8d0aacb34d8410d79fbf4dbd
ddebeaadacb84e2c26624fc26e8cab51
5e54f5e1e5ea759907034d7750f694e1
1794dab85d9eeb5c6c63b51fb4df419b
692df14565b289a0eb9dd287f2286203
6cc4abc084947dac1504654af93356c5
7330b8ccd2fe9b85b0c9b14125a175c5
e027a983385e6c6279b7bd7cc3ca6e1b
508940a271614e5186b0f24c5de43eb7
30cd57b136f4ce747c0cefc4fe61760d
79120a69d6dc6909e1a89bb9ee73dd62
100dcfa97eb12e6dfb9af97b55bd61bf
d243f269ece45fe6f08fd342febcbe94
0e17a33ea804c6ade4c9338dcb9db323
cc5edfbc3a072cc0fc995ed305be7f44
fac7978f081a9715e98aa2d6b6648ec4
8935bc640a9bcb5ba749a6913bf9a4ff
dcfec55055c11ec0f729935d3797bd77
10528c85abf72e583a2149c532b1b507
aa45dad31c67c330d52ae8910c853de1
e46c2a27d65bf93f8b340a7cd0144385
740b9d278db895a316cc6b7fe19083c1
f49f4e7fe11700d5555123aaa3877698
f32e2cccbb57d534ced7a453eda8b982
ce874be4bddc13a2cb238cea4b0d8ff2
e1affac51cc9a6f1a56d7f9ccaa11e3c
2430c69542ba166c37f72622e763fcac
33a17b580cf6e21790053f3231b46cb5
d5842797c607556bf3d6c919b12e1b3b
bf54192acec9008b92c0ff026976bc49
b0ee4f89f77abfc12c58484c6f684a4c
bceb186b02cf3ae5a1fe6a5752c4e413
4e1f5d9bb60b63453250492c2d6ba247
e7fd4dd2e61dfa5a533e31a333bd243f
a7dd97da9a7e56614f15b111dfde781f
6db810fa1eba9b9a136185707ee2060d
1049603d5dd20caf4d67837d421becf3
8196c7e4e321af5da4fa1fca055e7920
86211e70363570ce79d0796736e2ddca
93c074fe6b2d5601fb7765785e4914fa
97e8a60992f2776138d0f5cf91bdb2d9
91b26117dc74b51ecc17ec40358a5804
e6d15d67ac5f9912556dbe80494be13f
ab0eb3b7683d91e58af589416cb04ad4
f82d87645080a01ae75735ba94a05ad5
4198ec4410826b56d4dcf87676d29bfe
a02d4d44c97835bc1ecc46ddbf4ae272
01ec4de2859c3176873652194a36d48e
fd76dac2c0515d42ad4bb5c8be27f3c3
a74831db067956bbd5279ef2bca13b0b
96dd25a94d881d99aa2357336fb42de6
8a3c14f3856f80fe63166dff4beffb75
0b0bfae9cd1eafbfcd1e1f2fdcb61e3d
650bee89771b59b8214d09cb27e789c2
947a0f1e98b0c5130247ee450c64279b
e09ac1393b5a92e9f3eac6140f052f39
a9f1114ecadf596c1d3ac5dae2d5068f
3d46b9853c65799513b57087e2586c52
8bfb6b8bcbfb1f3e40be631da809cb37
2067fee789cc13d1591b5ab01d795df4
b8b2fefd99cf8038c082253b4e7cfa53
a5aba46303e7b2934b580a2c3f5d26ff
04ccfc37652dd89c16eeb609b3813785
42b14bf1ac263ce2202bb806b6bf1bf8
7583982f25352891545163b10dd09d43
f9f8e86774668192ec637e4065585a49
37e12826fd8a9a87c222de8d6836ea88
7bbcb3ecf1eb675a06cea71eee8f3dd4
a24bcf219fbe4c9c062262ba2e255ad6
302a3d70f01cdb68cb32186eee4d1bcc
c89eb4e6be1c19fcc590e05abe05abdb
2d3840cf0d0d254d50a8ca37f3056e7f
3692fd905a8387e7407a78570de6dea1
31dc95463aa309df3a3b273bb21c57a7
06901ae456012d6e5663f94e2f5b2ac2
00470949f56b10b5a87a228026df9353
2778d30c1b48d77ba2e18c4da8257c27
e7ac980c51cd0006c3c44cdb42a69e8c
af56df377f08db52dcffe6ff28c1b5fa
8926873c9f51b6882d0c5abfe4fce9cd
b6d1201d38b8924e04b268aa115d2cf6
35f50a12e4200c96002401c0498f49c5
aafb47405d1d509c815b341caed18748
f72f137a0ffa52063c75d609ddea1e25
933bbd236ed5d51d521cf13160995228
aa373cd5f42693a218b2d7faf2bd786e
6dda0254fdade6370872f48ff14a08cc
feb87e2cf5a3b45e737f5ab90ce90c29
319b42f836595961e6b09a3066912fe6
c8f4decc33f10923a6569084fd26d527
7f0ba72798c4b32d499adb29438d575f
3c680ba8af741fa1d0d762aa07a80653
c75d1a461bd813fbf8fc203b27bccec2
cf65c5997927daa73447cb154e3abbf3
0156058fcd915a2eed22542fdcd15a3a
ab0d74b666c010cb525212dee9a0ac5c
22c08153f3d2fc35eb2e5f09726a13a4
b2ca2632f2b276eb16408176f5ea38da
1d8c056d3c38f1775cd6c1f2eeac0a43
682ea63ac1b32f7b22f2687da323346e
f13444b264bd89c5158f936d74fcc7c0
7ece7954338ca5b0a39577d8cc4e67a5
e7017682486177804712feeafa96bd3e
e023a04ebef5f1f4c0b51d042c912cd1
1906a34371d4c052af0913543e8c9133
f9ed2832c5d3b5b836382d6da3f676c3
57e04dbfd87f03d079d462ea905f0131
6d20502778a4ad9faf22b439adfafb93
5794d64f15233f76e36617f2c89a6481
421876a7ab6cb4e2721f472b01a1be28
674ac37a54fa41c915774162acb92799
d50c62dae07cb0ff469fe79c33f63ea7
e3bd36cca237fee7d53c3b0c3327a6f8
bc93e26b4e8aed1d14eae52214c9c51c
4b3dae8add9e598af627079255d0568d
b8b950a0b4fce5dcf8096b48b709013c
11b7a4ea102d72b1bae418c23dda59f4
c5d7a22e67b2ca6d74e8a8e131aef3d7
25ba3070d38ce93971047b778aee4f67
263df34963ed91e203064d23556e4916
68ba474e9623924abb8c7c6fb6a0e806
d65406533d33bd12909bec38fec6f6bd
5cec8bc8f318431ffcd706e012b8ceb5
bb62da7fcd876aaa3444d6a6260b4dd9
b64ac3d56309221774f4b0255f5439ef
9f0f00ac0548eeac5f0fa72961c78f63
fa00680ab8ec258167045643bb128dc3
c4038ebe1f830a1200b77b7820785bc0
f517f27d86360400aa39f762e095b462
69feb67590f3bc723fab8aaaceaadc8a
33c307bb429d355bd62289e91af67264
4100191cf7bda06088757271e49bfa80
64a91a552f3d2293486762ca5e3a01b0
55cd6d096985adc4b7495f3bf41dee15
fe0c1bffac1fe9ea9d1949d47506f7a4
4fbbd528a017e94ba529b7d74a9489ff
f5f7aad057f59c39cbca64446fc6e651
d9deedf687a38eb24ee769ed4e791cd4
f9035a52f3be76fed2af9d68a85cc441
2839f8cb22711d1c7ad95f94f5629424
c9dba3a19fa971c03297a57be615c573
4c7536a7008713b6bce5daec2a909bc0
2b29d2806b6707cd319dab825e4e381b
88791d7cc7441b7a1c345148bc0ef048
f769e1e1076123f4d9db76ad41970822
120a9d38972663aa8ad20ccd9a5e1604
b11b93a236b49ab8337ad72fe97b6e3c
f42bead1831fbfaad1f16e30d6cc9b5f
7ccb24953e5001fdf336e05ef20232a1
dc3c0c084a602ab172f49115daeb893b
ca2c9bd1a6905895eac18ad0a44b04a6
cfb1ee52d8b6c223c2ca610d18629751
653f81586b32f265e935223600c29fff
5fad7fd9ad39c184cbd76e9885dd4588
9bd2e269c535cf98ee3b8d0f604da6ce
194c907a7a3ab99d2cedb690ef98cbe3
95e88e793e6d786edd073b540347e7de
78bf219e6aed93a3769ca9a7a7dee4a7
4f094cf66246ed697c44c66b113fdb8e
ce92b4dbd43180f955585e4e2d48f934
340ff7373acbe591aa887f6efeb5c8ad
b0592b737f2e2ddf58c3f95966830e39
3e6a08fd70589714584694d780b01f1e
6a8556021508031868834a318a0ac88c
3d6be3a9eb2ff8de0eeed2e724e7c5ac
2b1031a2079fc7eb4014bc2db8fdf2e3
746820b092b48de5047a1b4984705014
1be39c3bd7598fccfa5b9db2a605a517
7a414e50f1c2f3f6dde07b7bac750f7f
e5f0d04fc5ee632ac6ba4e9d930effe2
e00060c5f9764442b1df10f4eb657cf7
ad002ecb94b2387c7768d322320e5cdc
c4265dea2dd6ae466cb89cb700962a68
1eb0355e2b0757ab535ac5e0e4e3d07b
a572c4366d37e47ce171b422cff21c07
e084cf8047d1dfe113ca23ff9b3ea600
786e7587a22bb49689674eba19f7e4a2
6fb5958184340a00e3fc57020683295d
8fafda1c6c53fa23ccfcbe2471870687
c814be202320eac7721046fb5a3b8895
9c2d31d997190a94a332e2d0a1eaadcb
d01cc101e1cc14882a0b24d80dbccbdd
2a02864d68dd45e551049ac93736b94d
b906a5188ae49ab86067c467dba1370a
153ed9bf5b6d766dfbf96a721eba7532
3f315a63aa99078626822ce1d4bce18a
9b7fcf8e59b2fc5644bbc6724ce9e888
b8fb50428c786d2aabc0cc04e8c4d853
a71801cde45b8b86cc56bded801976cb
7f7eceb52bb9a45d90653eaaf0230df8
614558c88258807641d2fd8ab0c543c1
5075b9379823d03675616c4e2038b3ff
5d37976b9b086934409fae09d2648cc6
8e392cc5730556f40c43a4d6eee16428
2d84aa3e42982637e8808d33578fa78b
91840ee52ff73f6b683514f87c30cf8b
94ab371edbcc423f605dd5d4ce3debf1
abf8bca5a7458b47aef909536c7b85ca
50bc1161a3fc4f0728794771732e11a0
4a4cb390133e30d079e1947eb152a69e
2c8bf19a6ad3ba1d8504e3123461dafe
133c72e7c3f789109d1c5e93c5edf112
c3d824b4d39e71ce237949b1ebaf29fc
8df302cca3bc348b9d7664b372ff5c54
1d707b46340b5e8ab0768068dfdd2274
c579dc376519d0ea52db4b65ff3ee73c
2ebce65605c32ce93e4cab4045bdce5b
0f21c7589cc783b3c851e283f85aa0b4
84030ba90964e646126f564c51da695e
29637c6d73ea5b9e652ee2ee979339aa
18967b681aed8c0545c3b1cb76cbc95f
dbf942cdcd978582b5dc82d9ff31396f
407d2c5fb3a04c34a68df71164d684ed
e47ee132747d0a53d1aeee0a714b55e6
45377222659557f270a11ab9a8b245b5
831d13f964b799917bcf4f216d562663
c17034fd04c01e12938330609df40e67
3608d4a595fcb00b32670c07fb8961e7
41f78137578f260f794bc2034f7bc9c8
fb03ed33adcbe21161527f31e733d861
c2fe13af518333233c8cc41bed9ad8c2
a2dde21ed5615c2889719d6c3e0d7e84
905476bd833cbd9b125d32bf8bf726e1
9b0c6658bdbcf142834c78b79f358a05
04578bfb70edc48b528a3525154340c9
5ec88ba620adba737b027d37e31f3654
a56ab97feb370b4fb562e937219beeb1
3ae76aba6ddfd149de7cba21e59b68a8
5067be6f6c18c06bde6d5254dd313585
03d6dfae9b186a8a4ce8b32f6a84bcef
4c131326d8da1ec0f07d4deb555719f8
0c20036b93ddea2616f10fd16941d79d
5792bfafee7ccd3b13eab1373d935ee6
865e1c075de790e52ffe6f30c20a1974
a17e7d935754bb2c104a4b34d85a6f0d
3041fc1058a293eb037e01eb86055387
bba38299cdb1246123a0b95e35364b98
048943c1b955fefb817e14e2b6482b53
3fa83cb5fb8e20bcaebcbb932a2fa90c
6f3a36e36116fb17123837fcf01aa567
67f20c142caeb9f86159751a4c5948cf
fd59c2430026073883a042d42b2ad1d8
1e61e46cbf434c6bf7f758ef57a1ebc6
4c6540282ceff3bcf9bdc390e0e6500c
2985103baf736f84d98c4c0bf7723ef8
f7cde805b31a3459ebfb8ace9a2a3e46
dca3ca29959c3399f9afb8a223c70159
628d106cc7c0551dae8f6e84c89c0ffe
94eb8c2b78fe90aeb2bb50d5699f24bb
6e66920c093c4519a596afe53c0424e4
e211cb614e186dce5ad2493cf5c79fbb
e488d4f1375759e3145d26e75f50edad
a3eb1901ca03b057815ca17e76bbbebf
53f3f7ab38dbdef1f99faaf89e3242cb
e639f97034d490bf036bb748065f9fa8
bcd0190b261b6d2d40713144026f80cc
8ac3196f8d0aacb34d8410d79fbf4dbd
ddebeaadacb84e2c26624fc26e8cab51
5e54f5e1e5ea759907034d7750f694e1
1794dab85d9eeb5c6c63b51fb4df419b
692df14565b289a0eb9dd287f2286203
6cc4abc084947dac1504654af93356c5
7330b8ccd2fe9b85b0c9b14125a175c5
e027a983385e6c6279b7bd7cc3ca6e1b
508940a271614e5186b0f24c5de43eb7
30cd57b136f4ce747c0cefc4fe61760d
79120a69d6dc6909e1a89bb9ee73dd62
100dcfa97eb12e6dfb9af97b55bd61bf
d243f269ece45fe6f08fd342febcbe94
0e17a33ea804c6ade4c9338dcb9db323
cc5edfbc3a072cc0fc995ed305be7f44
fac7978f081a9715e98aa2d6b6648ec4
8935bc640a9bcb5ba749a6913bf9a4ff
dcfec55055c11ec0f729935d3797bd77
10528c85abf72e583a2149c532b1b507
aa45dad31c67c330d52ae8910c853de1
e46c2a27d65bf93f8b340a7cd0144385
740b9d278db895a316cc6b7fe19083c1
f49f4e7fe11700d5555123aaa3877698
f32e2cccbb57d534ced7a453eda8b982
ce874be4bddc13a2cb238cea4b0d8ff2
e1affac51cc9a6f1a56d7f9ccaa11e3c
2430c69542ba166c37f72622e763fcac
33a17b580cf6e21790053f3231b46cb5
d5842797c607556bf3d6c919b12e1b3b
bf54192acec9008b92c0ff026976bc49
b0ee4f89f77abfc12c58484c6f684a4c
bceb186b02cf3ae5a1fe6a5752c4e413
4e1f5d9bb60b63453250492c2d6ba247
e7fd4dd2e61dfa5a533e31a333bd243f
a7dd97da9a7e56614f15b111dfde781f
6db810fa1eba9b9a136185707ee2060d
1049603d5dd20caf4d67837d421becf3
8196c7e4e321af5da4fa1fca055e7920
86211e70363570ce79d0796736e2ddca
93c074fe6b2d5601fb7765785e4914fa
97e8a60992f2776138d0f5cf91bdb2d9
91b26117dc74b51ecc17ec40358a5804
e6d15d67ac5f9912556dbe80494be13f
ab0eb3b7683d91e58af589416cb04ad4
f82d87645080a01ae75735ba94a05ad5
4198ec4410826b56d4dcf87676d29bfe
a02d4d44c97835bc1ecc46ddbf4ae272
01ec4de2859c3176873652194a36d48e
fd76dac2c0515d42ad4bb5c8be27f3c3
a74831db067956bbd5279ef2bca13b0b
96dd25a94d881d99aa2357336fb42de6
8a3c14f3856f80fe63166dff4beffb75
0b0bfae9cd1eafbfcd1e1f2fdcb61e3d
650bee89771b59b8214d09cb27e789c2
947a0f1e98b0c5130247ee450c64279b
e09ac1393b5a92e9f3eac6140f052f39
a9f1114ecadf596c1d3ac5dae2d5068f
3d46b9853c65799513b57087e2586c52
8bfb6b8bcbfb1f3e40be631da809cb37
2067fee789cc13d1591b5ab01d795df4
b8b2fefd99cf8038c082253b4e7cfa53
a5aba46303e7b2934b580a2c3f5d26ff
04ccfc37652dd89c16eeb609b3813785
42b14bf1ac263ce2202bb806b6bf1bf8
7583982f25352891545163b10dd09d43
f9f8e86774668192ec637e4065585a49
37e12826fd8a9a87c222de8d6836ea88
7bbcb3ecf1eb675a06cea71eee8f3dd4
a24bcf219fbe4c9c062262ba2e255ad6
302a3d70f01cdb68cb32186eee4d1bcc
c89eb4e6be1c19fcc590e05abe05abdb
2d3840cf0d0d254d50a8ca37f3056e7f
3692fd905a8387e7407a78570de6dea1
31dc95463aa309df3a3b273bb21c57a7
06901ae456012d6e5663f94e2f5b2ac2
00470949f56b10b5a87a228026df9353
2778d30c1b48d77ba2e18c4da8257c27
e7ac980c51cd0006c3c44cdb42a69e8c
af56df377f08db52dcffe6ff28c1b5fa
8926873c9f51b6882d0c5abfe4fce9cd
b6d1201d38b8924e04b268aa115d2cf6
35f50a12e4200c96002401c0498f49c5
aafb47405d1d509c815b341caed18748
f72f137a0ffa52063c75d609ddea1e25
933bbd236ed5d51d521cf13160995228
aa373cd5f42693a218b2d7faf2bd786e
6dda0254fdade6370872f48ff14a08cc
feb87e2cf5a3b45e737f5ab90ce90c29
319b42f836595961e6b09a3066912fe6
c8f4decc33f10923a6569084fd26d527
7f0ba72798c4b32d499adb29438d575f
3c680ba8af741fa1d0d762aa07a80653
c75d1a461bd813fbf8fc203b27bccec2
cf65c5997927daa73447cb154e3abbf3
0156058fcd915a2eed22542fdcd15a3a
ab0d74b666c010cb525212dee9a0ac5c
22c08153f3d2fc35eb2e5f09726a13a4
b2ca2632f2b276eb16408176f5ea38da
1d8c056d3c38f1775cd6c1f2eeac0a43
682ea63ac1b32f7b22f2687da323346e
f13444b264bd89c5158f936d74fcc7c0
7ece7954338ca5b0a39577d8cc4e67a5
e7017682486177804712feeafa96bd3e
e023a04ebef5f1f4c0b51d042c912cd1
1906a34371d4c052af0913543e8c9133
f9ed2832c5d3b5b836382d6da3f676c3
57e04dbfd87f03d079d462ea905f0131
6d20502778a4ad9faf22b439adfafb93
5794d64f15233f76e36617f2c89a6481
421876a7ab6cb4e2721f472b01a1be28
674ac37a54fa41c915774162acb92799
d50c62dae07cb0ff469fe79c33f63ea7
e3bd36cca237fee7d53c3b0c3327a6f8
bc93e26b4e8aed1d14eae52214c9c51c
4b3dae8add9e598af627079255d0568d
b8b950a0b4fce5dcf8096b48b709013c
11b7a4ea102d72b1bae418c23dda59f4
c5d7a22e67b2ca6d74e8a8e131aef3d7
25ba3070d38ce93971047b778aee4f67
263df34963ed91e203064d23556e4916
68ba474e9623924abb8c7c6fb6a0e806
d65406533d33bd12909bec38fec6f6bd
5cec8bc8f318431ffcd706e012b8ceb5
bb62da7fcd876aaa3444d6a6260b4dd9
b64ac3d56309221774f4b0255f5439ef
9f0f00ac0548eeac5f0fa72961c78f63
fa00680ab8ec258167045643bb128dc3
c4038ebe1f830a1200b77b7820785bc0
f517f27d86360400aa39f762e095b462
69feb67590f3bc723fab8aaaceaadc8a
33c307bb429d355bd62289e91af67264
4100191cf7bda06088757271e49bfa80
64a91a552f3d2293486762ca5e3a01b0
55cd6d096985adc4b7495f3bf41dee15
fe0c1bffac1fe9ea9d1949d47506f7a4
4fbbd528a017e94ba529b7d74a9489ff
f5f7aad057f59c39cbca64446fc6e651
d9deedf687a38eb24ee769ed4e791cd4
f9035a52f3be76fed2af9d68a85cc441
2839f8cb22711d1c7ad95f94f5629424
c9dba3a19fa971c03297a57be615c573
4c7536a7008713b6bce5daec2a909bc0
2b29d2806b6707cd319dab825e4e381b
88791d7cc7441b7a1c345148bc0ef048
f769e1e1076123f4d9db76ad41970822
120a9d38972663aa8ad20ccd9a5e1604
b11b93a236b49ab8337ad72fe97b6e3c
f42bead1831fbfaad1f16e30d6cc9b5f
7ccb24953e5001fdf336e05ef20232a1
dc3c0c084a602ab172f49115daeb893b
ca2c9bd1a6905895eac18ad0a44b04a6
cfb1ee52d8b6c223c2ca610d18629751
653f81586b32f265e935223600c29fff
5fad7fd9ad39c184cbd76e9885dd4588
9bd2e269c535cf98ee3b8d0f604da6ce
194c907a7a3ab99d2cedb690ef98cbe3
95e88e793e6d786edd073b540347e7de
78bf219e6aed93a3769ca9a7a7dee4a7
4f094cf66246ed697c44c66b113fdb8e
ce92b4dbd43180f955585e4e2d48f934
340ff7373acbe591aa887f6efeb5c8ad
b0592b737f2e2ddf58c3f95966830e39
3e6a08fd70589714584694d780b01f1e
6a8556021508031868834a318a0ac88c
3d6be3a9eb2ff8de0eeed2e724e7c5ac
2b1031a2079fc7eb4014bc2db8fdf2e3
746820b092b48de5047a1b4984705014
1be39c3bd7598fccfa5b9db2a605a517
7a414e50f1c2f3f6dde07b7bac750f7f
e5f0d04fc5ee632ac6ba4e9d930effe2
e00060c5f9764442b1df10f4eb657cf7
ad002ecb94b2387c7768d322320e5cdc
c4265dea2dd6ae466cb89cb700962a68
1eb0355e2b0757ab535ac5e0e4e3d07b
a572c4366d37e47ce171b422cff21c07
e084cf8047d1dfe113ca23ff9b3ea600
786e7587a22bb49689674eba19f7e4a2
6fb5958184340a00e3fc57020683295d
8fafda1c6c53fa23ccfcbe2471870687
c814be202320eac7721046fb5a3b8895
9c2d31d997190a94a332e2d0a1eaadcb
d01cc101e1cc14882a0b24d80dbccbdd
2a02864d68dd45e551049ac93736b94d
b906a5188ae49ab86067c467dba1370a
153ed9bf5b6d766dfbf96a721eba7532
3f315a63aa99078626822ce1d4bce18a
9b7fcf8e59b2fc5644bbc6724ce9e888
b8fb50428c786d2aabc0cc04e8c4d853
a71801cde45b8b86cc56bded801976cb
7f7eceb52bb9a45d90653eaaf0230df8
614558c88258807641d2fd8ab0c543c1
5075b9379823d03675616c4e2038b3ff
5d37976b9b086934409fae09d2648cc6
8e392cc5730556f40c43a4d6eee16428
2d84aa3e42982637e8808d33578fa78b
91840ee52ff73f6b683514f87c30cf8b
94ab371edbcc423f605dd5d4ce3debf1
abf8bca5a7458b47aef909536c7b85ca
50bc1161a3fc4f0728794771732e11a0
4a4cb390133e30d079e1947eb152a69e
2c8bf19a6ad3ba1d8504e3123461dafe
133c72e7c3f789109d1c5e93c5edf112
c3d824b4d39e71ce237949b1ebaf29fc
8df302cca3bc348b9d7664b372ff5c54
1d707b46340b5e8ab0768068dfdd2274
c579dc376519d0ea52db4b65ff3ee73c
2ebce65605c32ce93e4cab4045bdce5b
0f21c7589cc783b3c851e283f85aa0b4
84030ba90964e646126f564c51da695e
29637c6d73ea5b9e652ee2ee979339aa
18967b681aed8c0545c3b1cb76cbc95f
dbf942cdcd978582b5dc82d9ff31396f
407d2c5fb3a04c34a68df71164d684ed
e47ee132747d0a53d1aeee0a714b55e6
45377222659557f270a11ab9a8b245b5
831d13f964b799917bcf4f216d562663
c17034fd04c01e12938330609df40e67
3608d4a595fcb00b32670c07fb8961e7
41f78137578f260f794bc2034f7bc9c8
fb03ed33adcbe21161527f31e733d861
c2fe13af518333233c8cc41bed9ad8c2
a2dde21ed5615c2889719d6c3e0d7e84
905476bd833cbd9b125d32bf8bf726e1
9b0c6658bdbcf142834c78b79f358a05
04578bfb70edc48b528a3525154340c9
5ec88ba620adba737b027d37e31f3654
a56ab97feb370b4fb562e937219beeb1
3ae76aba6ddfd149de7cba21e59b68a8
5067be6f6c18c06bde6d5254dd313585
03d6dfae9b186a8a4ce8b32f6a84bcef
4c131326d8da1ec0f07d4deb555719f8
0c20036b93ddea2616f10fd16941d79d
5792bfafee7ccd3b13eab1373d935ee6
865e1c075de790e52ffe6f30c20a1974
a17e7d935754bb2c104a4b34d85a6f0d
3041fc1058a293eb037e01eb86055387
bba38299cdb1246123a0b95e35364b98
048943c1b955fefb817e14e2b6482b53
3fa83cb5fb8e20bcaebcbb932a2fa90c
6f3a36e36116fb17123837fcf01aa567
67f20c142caeb9f86159751a4c5948cf
fd59c2430026073883a042d42b2ad1d8
1e61e46cbf434c6bf7f758ef57a1ebc6
4c6540282ceff3bcf9bdc390e0e6500c
2985103baf736f84d98c4c0bf7723ef8
f7cde805b31a3459ebfb8ace9a2a3e46
dca3ca29959c3399f9afb8a223c70159
628d106cc7c0551dae8f6e84c89c0ffe
94eb8c2b78fe90aeb2bb50d5699f24bb
6e66920c093c4519a596afe53c0424e4
e211cb614e186dce5ad2493cf5c79fbb
e488d4f1375759e3145d26e75f50edad
a3eb1901ca03b057815ca17e76bbbebf
53f3f7ab38dbdef1f99faaf89e3242cb
e639f97034d490bf036bb748065f9fa8
bcd0190b261b6d2d40713144026f80cc
8ac3196f8d0aacb34d8410d79fbf4dbd
ddebeaadacb84e2c26624fc26e8cab51
5e54f5e1e5ea759907034d7750f694e1
1794dab85d9eeb5c6c63b51fb4df419b
692df14565b289a0eb9dd287f2286203
6cc4abc084947dac1504654af93356c5
7330b8ccd2fe9b85b0c9b14125a175c5
e027a983385e6c6279b7bd7cc3ca6e1b
508940a271614e5186b0f24c5de43eb7
30cd57b136f4ce747c0cefc4fe61760d
79120a69d6dc6909e1a89bb9ee73dd62
100dcfa97eb12e6dfb9af97b55bd61bf
d243f269ece45fe6f08fd342febcbe94
0e17a33ea804c6ade4c9338dcb9db323
cc5edfbc3a072cc0fc995ed305be7f44
fac7978f081a9715e98aa2d6b6648ec4
8935bc640a9bcb5ba749a6913bf9a4ff
dcfec55055c11ec0f729935d3797bd77
10528c85abf72e583a2149c532b1b507
aa45dad31c67c330d52ae8910c853de1
e46c2a27d65bf93f8b340a7cd0144385
740b9d278db895a316cc6b7fe19083c1
f49f4e7fe11700d5555123aaa3877698
f32e2cccbb57d534ced7a453eda8b982
ce874be4bddc13a2cb238cea4b0d8ff2
e1affac51cc9a6f1a56d7f9ccaa11e3c
2430c69542ba166c37f72622e763fcac
33a17b580cf6e21790053f3231b46cb5
d5842797c607556bf3d6c919b12e1b3b
bf54192acec9008b92c0ff026976bc49
b0ee4f89f77abfc12c58484c6f684a4c
bceb186b02cf3ae5a1fe6a5752c4e413
4e1f5d9bb60b63453250492c2d6ba247
e7fd4dd2e61dfa5a533e31a333bd243f
a7dd97da9a7e56614f15b111dfde781f
6db810fa1eba9b9a136185707ee2060d
1049603d5dd20caf4d67837d421becf3
8196c7e4e321af5da4fa1fca055e7920
86211e70363570ce79d0796736e2ddca
93c074fe6b2d5601fb7765785e4914fa
97e8a60992f2776138d0f5cf91bdb2d9
91b26117dc74b51ecc17ec40358a5804
e6d15d67ac5f9912556dbe80494be13f
ab0eb3b7683d91e58af589416cb04ad4
f82d87645080a01ae75735ba94a05ad5
4198ec4410826b56d4dcf87676d29bfe
a02d4d44c97835bc1ecc46ddbf4ae272
01ec4de2859c3176873652194a36d48e
fd76dac2c0515d42ad4bb5c8be27f3c3
a74831db067956bbd5279ef2bca13b0b
96dd25a94d881d99aa2357336fb42de6
8a3c14f3856f80fe63166dff4beffb75
0b0bfae9cd1eafbfcd1e1f2fdcb61e3d
650bee89771b59b8214d09cb27e789c2
947a0f1e98b0c5130247ee450c64279b
e09ac1393b5a92e9f3eac6140f052f39
a9f1114ecadf596c1d3ac5dae2d5068f
3d46b9853c65799513b57087e2586c52
8bfb6b8bcbfb1f3e40be631da809cb37
2067fee789cc13d1591b5ab01d795df4
b8b2fefd99cf8038c082253b4e7cfa53
a5aba46303e7b2934b580a2c3f5d26ff
04ccfc37652dd89c16eeb609b3813785
42b14bf1ac263ce2202bb806b6bf1bf8
7583982f25352891545163b10dd09d43
f9f8e86774668192ec637e4065585a49
37e12826fd8a9a87c222de8d6836ea88
7bbcb3ecf1eb675a06cea71eee8f3dd4
a24bcf219fbe4c9c062262ba2e255ad6
302a3d70f01cdb68cb32186eee4d1bcc
c89eb4e6be1c19fcc590e05abe05abdb
2d3840cf0d0d254d50a8ca37f3056e7f
3692fd905a8387e7407a78570de6dea1
31dc95463aa309df3a3b273bb21c57a7
06901ae456012d6e5663f94e2f5b2ac2
00470949f56b10b5a87a228026df9353
2778d30c1b48d77ba2e18c4da8257c27
e7ac980c51cd0006c3c44cdb42a69e8c
af56df377f08db52dcffe6ff28c1b5fa
8926873c9f51b6882d0c5abfe4fce9cd
b6d1201d38b8924e04b268aa115d2cf6
35f50a12e4200c96002401c0498f49c5
aafb47405d1d509c815b341caed18748
f72f137a0ffa52063c75d609ddea1e25
933bbd236ed5d51d521cf13160995228
aa373cd5f42693a218b2d7faf2bd786e
6dda0254fdade6370872f48ff14a08cc
feb87e2cf5a3b45e737f5ab90ce90c29
319b42f836595961e6b09a3066912fe6
c8f4decc33f10923a6569084fd26d527
7f0ba72798c4b32d499adb29438d575f
3c680ba8af741fa1d0d762aa07a80653
c75d1a461bd813fbf8fc203b27bccec2
cf65c5997927daa73447cb154e3abbf3
0156058fcd915a2eed22542fdcd15a3a
ab0d74b666c010cb525212dee9a0ac5c
22c08153f3d2fc35eb2e5f09726a13a4
b2ca2632f2b276eb16408176f5ea38da
1d8c056d3c38f1775cd6c1f2eeac0a43
682ea63ac1b32f7b22f2687da323346e
f13444b264bd89c5158f936d74fcc7c0
7ece7954338ca5b0a39577d8cc4e67a5
e7017682486177804712feeafa96bd3e
e023a04ebef5f1f4c0b51d042c912cd1
1906a34371d4c052af0913543e8c9133
f9ed2832c5d3b5b836382d6da3f676c3
57e04dbfd87f03d079d462ea905f0131
6d20502778a4ad9faf22b439adfafb93
5794d64f15233f76e36617f2c89a6481
421876a7ab6cb4e2721f472b01a1be28
674ac37a54fa41c915774162acb92799
d50c62dae07cb0ff469fe79c33f63ea7
e3bd36cca237fee7d53c3b0c3327a6f8
bc93e26b4e8aed1d14eae52214c9c51c
4b3dae8add9e598af627079255d0568d
b8b950a0b4fce5dcf8096b48b709013c
11b7a4ea102d72b1bae418c23dda59f4
c5d7a22e67b2ca6d74e8a8e131aef3d7
25ba3070d38ce93971047b778aee4f67
263df34963ed91e203064d23556e4916
68ba474e9623924abb8c7c6fb6a0e806
d65406533d33bd12909bec38fec6f6bd
5cec8bc8f318431ffcd706e012b8ceb5
bb62da7fcd876aaa3444d6a6260b4dd9
b64ac3d56309221774f4b0255f5439ef
9f0f00ac0548eeac5f0fa72961c78f63
fa00680ab8ec258167045643bb128dc3
c4038ebe1f830a1200b77b7820785bc0
f517f27d86360400aa39f762e095b462
69feb67590f3bc723fab8aaaceaadc8a
33c307bb429d355bd62289e91af67264
4100191cf7bda06088757271e49bfa80
64a91a552f3d2293486762ca5e3a01b0
55cd6d096985adc4b7495f3bf41dee15
fe0c1bffac1fe9ea9d1949d47506f7a4
4fbbd528a017e94ba529b7d74a9489ff
f5f7aad057f59c39cbca64446fc6e651
d9deedf687a38eb24ee769ed4e791cd4
f9035a52f3be76fed2af9d68a85cc441
2839f8cb22711d1c7ad95f94f5629424
c9dba3a19fa971c03297a57be615c573
4c7536a7008713b6bce5daec2a909bc0
2b29d2806b6707cd319dab825e4e381b
88791d7cc7441b7a1c345148bc0ef048
f769e1e1076123f4d9db76ad41970822
120a9d38972663aa8ad20ccd9a5e1604
b11b93a236b49ab8337ad72fe97b6e3c
f42bead1831fbfaad1f16e30d6cc9b5f
7ccb24953e5001fdf336e05ef20232a1
dc3c0c084a602ab172f49115daeb893b
ca2c9bd1a6905895eac18ad0a44b04a6
cfb1ee52d8b6c223c2ca610d18629751
653f81586b32f265e935223600c29fff
5fad7fd9ad39c184cbd76e9885dd4588
9bd2e269c535cf98ee3b8d0f604da6ce
194c907a7a3ab99d2cedb690ef98cbe3
95e88e793e6d786edd073b540347e7de
78bf219e6aed93a3769ca9a7a7dee4a7
4f094cf66246ed697c44c66b113fdb8e
ce92b4dbd43180f955585e4e2d48f934
340ff7373acbe591aa887f6efeb5c8ad
b0592b737f2e2ddf58c3f95966830e39
3e6a08fd70589714584694d780b01f1e
6a8556021508031868834a318a0ac88c
3d6be3a9eb2ff8de0eeed2e724e7c5ac
2b1031a2079fc7eb4014bc2db8fdf2e3
746820b092b48de5047a1b4984705014
1be39c3bd7598fccfa5b9db2a605a517
7a414e50f1c2f3f6dde07b7bac750f7f
e5f0d04fc5ee632ac6ba4e9d930effe2
e00060c5f9764442b1df10f4eb657cf7
ad002ecb94b2387c7768d322320e5cdc
c4265dea2dd6ae466cb89cb700962a68
1eb0355e2b0757ab535ac5e0e4e3d07b
a572c4366d37e47ce171b422cff21c07
e084cf8047d1dfe113ca23ff9b3ea600
786e7587a22bb49689674eba19f7e4a2
6fb5958184340a00e3fc57020683295d
8fafda1c6c53fa23ccfcbe2471870687
c814be202320eac7721046fb5a3b8895
9c2d31d997190a94a332e2d0a1eaadcb
d01cc101e1cc14882a0b24d80dbccbdd
2a02864d68dd45e551049ac93736b94d
b906a5188ae49ab86067c467dba1370a
153ed9bf5b6d766dfbf96a721eba7532
3f315a63aa99078626822ce1d4bce18a
9b7fcf8e59b2fc5644bbc6724ce9e888
b8fb50428c786d2aabc0cc04e8c4d853
a71801cde45b8b86cc56bded801976cb
7f7eceb52bb9a45d90653eaaf0230df8
614558c88258807641d2fd8ab0c543c1
5075b9379823d03675616c4e2038b3ff
5d37976b9b086934409fae09d2648cc6
8e392cc5730556f40c43a4d6eee16428
2d84aa3e42982637e8808d33578fa78b
91840ee52ff73f6b683514f87c30cf8b
94ab371edbcc423f605dd5d4ce3debf1
abf8bca5a7458b47aef909536c7b85ca
50bc1161a3fc4f0728794771732e11a0
4a4cb390133e30d079e1947eb152a69e
2c8bf19a6ad3ba1d8504e3123461dafe
133c72e7c3f789109d1c5e93c5edf112
c3d824b4d39e71ce237949b1ebaf29fc
8df302cca3bc348b9d7664b372ff5c54
1d707b46340b5e8ab0768068dfdd2274
c579dc376519d0ea52db4b65ff3ee73c
2ebce65605c32ce93e4cab4045bdce5b
0f21c7589cc783b3c851e283f85aa0b4
84030ba90964e646126f564c51da695e
29637c6d73ea5b9e652ee2ee979339aa
18967b681aed8c0545c3b1cb76cbc95f
dbf942cdcd978582b5dc82d9ff31396f
407d2c5fb3a04c34a68df71164d684ed
e47ee132747d0a53d1aeee0a714b55e6
45377222659557f270a11ab9a8b245b5
831d13f964b799917bcf4f216d562663
c17034fd04c01e12938330609df40e67
3608d4a595fcb00b32670c07fb8961e7
41f78137578f260f794bc2034f7bc9c8
fb03ed33adcbe21161527f31e733d861
c2fe13af518333233c8cc41bed9ad8c2
a2dde21ed5615c2889719d6c3e0d7e84
905476bd833cbd9b125d32bf8bf726e1
9b0c6658bdbcf142834c78b79f358a05
04578bfb70edc48b528a3525154340c9
5ec88ba620adba737b027d37e31f3654
a56ab97feb370b4fb562e937219beeb1
3ae76aba6ddfd149de7cba21e59b68a8
5067be6f6c18c06bde6d5254dd313585
03d6dfae9b186a8a4ce8b32f6a84bcef
4c131326d8da1ec0f07d4deb555719f8
0c20036b93ddea2616f10fd16941d79d
5792bfafee7ccd3b13eab1373d935ee6
865e1c075de790e52ffe6f30c20a1974
a17e7d935754bb2c104a4b34d85a6f0d
3041fc1058a293eb037e01eb86055387
bba38299cdb1246123a0b95e35364b98
048943c1b955fefb817e14e2b6482b53
3fa83cb5fb8e20bcaebcbb932a2fa90c
6f3a36e36116fb17123837fcf01aa567
67f20c142caeb9f86159751a4c5948cf
fd59c2430026073883a042d42b2ad1d8
1e61e46cbf434c6bf7f758ef57a1ebc6
4c6540282ceff3bcf9bdc390e0e6500c
2985103baf736f84d98c4c0bf7723ef8
f7cde805b31a3459ebfb8ace9a2a3e46
dca3ca29959c3399f9afb8a223c70159
628d106cc7c0551dae8f6e84c89c0ffe
94eb8c2b78fe90aeb2bb50d5699f24bb
6e66920c093c4519a596afe53c0424e4
e211cb614e186dce5ad2493cf5c79fbb
e488d4f1375759e3145d26e75f50edad
a3eb1901ca03b057815ca17e76bbbebf
53f3f7ab38dbdef1f99faaf89e3242cb
e639f97034d490bf036bb748065f9fa8
bcd0190b261b6d2d40713144026f80cc
8ac3196f8d0aacb34d8410d79fbf4dbd
ddebeaadacb84e2c26624fc26e8cab51
5e54f5e1e5ea759907034d7750f694e1
1794dab85d9eeb5c6c63b51fb4df419b
692df14565b289a0eb9dd287f2286203
6cc4abc084947dac1504654af93356c5
7330b8ccd2fe9b85b0c9b14125a175c5
e027a983385e6c6279b7bd7cc3ca6e1b
508940a271614e5186b0f24c5de43eb7
30cd57b136f4ce747c0cefc4fe61760d
79120a69d6dc6909e1a89bb9ee73dd62
100dcfa97eb12e6dfb9af97b55bd61bf
d243f269ece45fe6f08fd342febcbe94
0e17a33ea804c6ade4c9338dcb9db323
cc5edfbc3a072cc0fc995ed305be7f44
fac7978f081a9715e98aa2d6b6648ec4
8935bc640a9bcb5ba749a6913bf9a4ff
dcfec55055c11ec0f729935d3797bd77
10528c85abf72e583a2149c532b1b507
aa45dad31c67c330d52ae8910c853de1
e46c2a27d65bf93f8b340a7cd0144385
740b9d278db895a316cc6b7fe19083c1
f49f4e7fe11700d5555123aaa3877698
f32e2cccbb57d534ced7a453eda8b982
ce874be4bddc13a2cb238cea4b0d8ff2
e1affac51cc9a6f1a56d7f9ccaa11e3c
2430c69542ba166c37f72622e763fcac
33a17b580cf6e21790053f3231b46cb5
d5842797c607556bf3d6c919b12e1b3b
bf54192acec9008b92c0ff026976bc49
b0ee4f89f77abfc12c58484c6f684a4c
bceb186b02cf3ae5a1fe6a5752c4e413
4e1f5d9bb60b63453250492c2d6ba247
e7fd4dd2e61dfa5a533e31a333bd243f
a7dd97da9a7e56614f15b111dfde781f
6db810fa1eba9b9a136185707ee2060d
1049603d5dd20caf4d67837d421becf3
8196c7e4e321af5da4fa1fca055e7920
86211e70363570ce79d0796736e2ddca
93c074fe6b2d5601fb7765785e4914fa
97e8a60992f2776138d0f5cf91bdb2d9
91b26117dc74b51ecc17ec40358a5804
e6d15d67ac5f9912556dbe80494be13f
ab0eb3b7683d91e58af589416cb04ad4
f82d87645080a01ae75735ba94a05ad5
4198ec4410826b56d4dcf87676d29bfe
a02d4d44c97835bc1ecc46ddbf4ae272
01ec4de2859c3176873652194a36d48e
fd76dac2c0515d42ad4bb5c8be27f3c3
a74831db067956bbd5279ef2bca13b0b
96dd25a94d881d99aa2357336fb42de6
8a3c14f3856f80fe63166dff4beffb75
0b0bfae9cd1eafbfcd1e1f2fdcb61e3d
650bee89771b59b8214d09cb27e789c2
947a0f1e98b0c5130247ee450c64279b
e09ac1393b5a92e9f3eac6140f052f39
a9f1114ecadf596c1d3ac5dae2d5068f
3d46b9853c65799513b57087e2586c52
8bfb6b8bcbfb1f3e40be631da809cb37
2067fee789cc13d1591b5ab01d795df4
b8b2fefd99cf8038c082253b4e7cfa53
a5aba46303e7b2934b580a2c3f5d26ff
04ccfc37652dd89c16eeb609b3813785
42b14bf1ac263ce2202bb806b6bf1bf8
7583982f25352891545163b10dd09d43
f9f8e86774668192ec637e4065585a49
37e12826fd8a9a87c222de8d6836ea88
7bbcb3ecf1eb675a06cea71eee8f3dd4
a24bcf219fbe4c9c062262ba2e255ad6
302a3d70f01cdb68cb32186eee4d1bcc
c89eb4e6be1c19fcc590e05abe05abdb
2d3840cf0d0d254d50a8ca37f3056e7f
3692fd905a8387e7407a78570de6dea1
31dc95463aa309df3a3b273bb21c57a7
06901ae456012d6e5663f94e2f5b2ac2
00470949f56b10b5a87a228026df9353
2778d30c1b48d77ba2e18c4da8257c27
e7ac980c51cd0006c3c44cdb42a69e8c
af56df377f08db52dcffe6ff28c1b5fa
8926873c9f51b6882d0c5abfe4fce9cd
b6d1201d38b8924e04b268aa115d2cf6
35f50a12e4200c96002401c0498f49c5
aafb47405d1d509c815b341caed18748
f72f137a0ffa52063c75d609ddea1e25
933bbd236ed5d51d521cf13160995228
aa373cd5f42693a218b2d7faf2bd786e
6dda0254fdade6370872f48ff14a08cc
feb87e2cf5a3b45e737f5ab90ce90c29
319b42f836595961e6b09a3066912fe6
c8f4decc33f10923a6569084fd26d527
7f0ba72798c4b32d499adb29438d575f
3c680ba8af741fa1d0d762aa07a80653
c75d1a461bd813fbf8fc203b27bccec2
cf65c5997927daa73447cb154e3abbf3
0156058fcd915a2eed22542fdcd15a3a
ab0d74b666c010cb525212dee9a0ac5c
22c08153f3d2fc35eb2e5f09726a13a4
b2ca2632f2b276eb16408176f5ea38da
1d8c056d3c38f1775cd6c1f2eeac0a43
682ea63ac1b32f7b22f2687da323346e
f13444b264bd89c5158f936d74fcc7c0
7ece7954338ca5b0a39577d8cc4e67a5
e7017682486177804712feeafa96bd3e
e023a04ebef5f1f4c0b51d042c912cd1
1906a34371d4c052af0913543e8c9133
f9ed2832c5d3b5b836382d6da3f676c3
57e04dbfd87f03d079d462ea905f0131
6d20502778a4ad9faf22b439adfafb93
5794d64f15233f76e36617f2c89a6481
421876a7ab6cb4e2721f472b01a1be28
674ac37a54fa41c915774162acb92799
d50c62dae07cb0ff469fe79c33f63ea7
e3bd36cca237fee7d53c3b0c3327a6f8
bc93e26b4e8aed1d14eae52214c9c51c
4b3dae8add9e598af627079255d0568d
b8b950a0b4fce5dcf8096b48b709013c
11b7a4ea102d72b1bae418c23dda59f4
c5d7a22e67b2ca6d74e8a8e131aef3d7
25ba3070d38ce93971047b778aee4f67
263df34963ed91e203064d23556e4916
68ba474e9623924abb8c7c6fb6a0e806
d65406533d33bd12909bec38fec6f6bd
5cec8bc8f318431ffcd706e012b8ceb5
bb62da7fcd876aaa3444d6a6260b4dd9
b64ac3d56309221774f4b0255f5439ef
9f0f00ac0548eeac5f0fa72961c78f63
fa00680ab8ec258167045643bb128dc3
c4038ebe1f830a1200b77b7820785bc0
f517f27d86360400aa39f762e095b462
69feb67590f3bc723fab8aaaceaadc8a
33c307bb429d355bd62289e91af67264
4100191cf7bda06088757271e49bfa80
64a91a552f3d2293486762ca5e3a01b0
55cd6d096985adc4b7495f3bf41dee15
fe0c1bffac1fe9ea9d1949d47506f7a4
4fbbd528a017e94ba529b7d74a9489ff
f5f7aad057f59c39cbca64446fc6e651
d9deedf687a38eb24ee769ed4e791cd4
f9035a52f3be76fed2af9d68a85cc441
2839f8cb22711d1c7ad95f94f5629424
c9dba3a19fa971c03297a57be615c573
4c7536a7008713b6bce5daec2a909bc0
2b29d2806b6707cd319dab825e4e381b
88791d7cc7441b7a1c345148bc0ef048
f769e1e1076123f4d9db76ad41970822
120a9d38972663aa8ad20ccd9a5e1604
b11b93a236b49ab8337ad72fe97b6e3c
f42bead1831fbfaad1f16e30d6cc9b5f
7ccb24953e5001fdf336e05ef20232a1
dc3c0c084a602ab172f49115daeb893b
ca2c9bd1a6905895eac18ad0a44b04a6
cfb1ee52d8b6c223c2ca610d18629751
653f81586b32f265e935223600c29fff
5fad7fd9ad39c184cbd76e9885dd4588
9bd2e269c535cf98ee3b8d0f604da6ce
194c907a7a3ab99d2cedb690ef98cbe3
95e88e793e6d786edd073b540347e7de
78bf219e6aed93a3769ca9a7a7dee4a7
4f094cf66246ed697c44c66b113fdb8e
ce92b4dbd43180f955585e4e2d48f934
340ff7373acbe591aa887f6efeb5c8ad
b0592b737f2e2ddf58c3f95966830e39
3e6a08fd70589714584694d780b01f1e
6a8556021508031868834a318a0ac88c
3d6be3a9eb2ff8de0eeed2e724e7c5ac
2b1031a2079fc7eb4014bc2db8fdf2e3
746820b092b48de5047a1b4984705014
1be39c3bd7598fccfa5b9db2a605a517
7a414e50f1c2f3f6dde07b7bac750f7f
e5f0d04fc5ee632ac6ba4e9d930effe2
e00060c5f9764442b1df10f4eb657cf7
ad002ecb94b2387c7768d322320e5cdc
c4265dea2dd6ae466cb89cb700962a68
1eb0355e2b0757ab535ac5e0e4e3d07b
a572c4366d37e47ce171b422cff21c07
e084cf8047d1dfe113ca23ff9b3ea600
786e7587a22bb49689674eba19f7e4a2
6fb5958184340a00e3fc57020683295d
8fafda1c6c53fa23ccfcbe2471870687
c814be202320eac7721046fb5a3b8895
9c2d31d997190a94a332e2d0a1eaadcb
d01cc101e1cc14882a0b24d80dbccbdd
2a02864d68dd45e551049ac93736b94d
b906a5188ae49ab86067c467dba1370a
153ed9bf5b6d766dfbf96a721eba7532
3f315a63aa99078626822ce1d4bce18a
9b7fcf8e59b2fc5644bbc6724ce9e888
b8fb50428c786d2aabc0cc04e8c4d853
a71801cde45b8b86cc56bded801976cb
7f7eceb52bb9a45d90653eaaf0230df8
614558c88258807641d2fd8ab0c543c1
5075b9379823d03675616c4e2038b3ff
5d37976b9b086934409fae09d2648cc6
8e392cc5730556f40c43a4d6eee16428
2d84aa3e42982637e8808d33578fa78b
91840ee52ff73f6b683514f87c30cf8b
94ab371edbcc423f605dd5d4ce3debf1
abf8bca5a7458b47aef909536c7b85ca
50bc1161a3fc4f0728794771732e11a0
4a4cb390133e30d079e1947eb152a69e
2c8bf19a6ad3ba1d8504e3123461dafe
133c72e7c3f789109d1c5e93c5edf112
c3d824b4d39e71ce237949b1ebaf29fc
8df302cca3bc348b9d7664b372ff5c54
1d707b46340b5e8ab0768068dfdd2274
c579dc376519d0ea52db4b65ff3ee73c
2ebce65605c32ce93e4cab4045bdce5b
0f21c7589cc783b3c851e283f85aa0b4
84030ba90964e646126f564c51da695e
29637c6d73ea5b9e652ee2ee979339aa
18967b681aed8c0545c3b1cb76cbc95f
dbf942cdcd978582b5dc82d9ff31396f
407d2c5fb3a04c34a68df71164d684ed
e47ee132747d0a53d1aeee0a714b55e6
45377222659557f270a11ab9a8b245b5
831d13f964b799917bcf4f216d562663
c17034fd04c01e12938330609df40e67
3608d4a595fcb00b32670c07fb8961e7
41f78137578f260f794bc2034f7bc9c8
fb03ed33adcbe21161527f31e733d861
c2fe13af518333233c8cc41bed9ad8c2
a2dde21ed5615c2889719d6c3e0d7e84
905476bd833cbd9b125d32bf8bf726e1
9b0c6658bdbcf142834c78b79f358a05
04578bfb70edc48b528a3525154340c9
5ec88ba620adba737b027d37e31f3654
a56ab97feb370b4fb562e937219beeb1
3ae76aba6ddfd149de7cba21e59b68a8
5067be6f6c18c06bde6d5254dd313585
03d6dfae9b186a8a4ce8b32f6a84bcef
4c131326d8da1ec0f07d4deb555719f8
0c20036b93ddea2616f10fd16941d79d
5792bfafee7ccd3b13eab1373d935ee6
865e1c075de790e52ffe6f30c20a1974
a17e7d935754bb2c104a4b34d85a6f0d
3041fc1058a293eb037e01eb86055387
bba38299cdb1246123a0b95e35364b98
048943c1b955fefb817e14e2b6482b53
3fa83cb5fb8e20bcaebcbb932a2fa90c
6f3a36e36116fb17123837fcf01aa567
67f20c142caeb9f86159751a4c5948cf
fd59c2430026073883a042d42b2ad1d8
1e61e46cbf434c6bf7f758ef57a1ebc6
4c6540282ceff3bcf9bdc390e0e6500c
2985103baf736f84d98c4c0bf7723ef8
f7cde805b31a3459ebfb8ace9a2a3e46
dca3ca29959c3399f9afb8a223c70159
628d106cc7c0551dae8f6e84c89c0ffe
94eb8c2b78fe90aeb2bb50d5699f24bb
6e66920c093c4519a596afe53c0424e4
e211cb614e186dce5ad2493cf5c79fbb
e488d4f1375759e3145d26e75f50edad
a3eb1901ca03b057815ca17e76bbbebf
53f3f7ab38dbdef1f99faaf89e3242cb
e639f97034d490bf036bb748065f9fa8
bcd0190b261b6d2d40713144026f80cc
8ac3196f8d0aacb34d8410d79fbf4dbd
ddebeaadacb84e2c26624fc26e8cab51
5e54f5e1e5ea759907034d7750f694e1
1794dab85d9eeb5c6c63b51fb4df419b
692df14565b289a0eb9dd287f2286203
6cc4abc084947dac1504654af93356c5
7330b8ccd2fe9b85b0c9b14125a175c5
e027a983385e6c6279b7bd7cc3ca6e1b
508940a271614e5186b0f24c5de43eb7
30cd57b136f4ce747c0cefc4fe61760d
79120a69d6dc6909e1a89bb9ee73dd62
100dcfa97eb12e6dfb9af97b55bd61bf
d243f269ece45fe6f08fd342febcbe94
0e17a33ea804c6ade4c9338dcb9db323
cc5edfbc3a072cc0fc995ed305be7f44
fac7978f081a9715e98aa2d6b6648ec4
8935bc640a9bcb5ba749a6913bf9a4ff
dcfec55055c11ec0f729935d3797bd77
10528c85abf72e583a2149c532b1b507
aa45dad31c67c330d52ae8910c853de1
e46c2a27d65bf93f8b340a7cd0144385
740b9d278db895a316cc6b7fe19083c1
f49f4e7fe11700d5555123aaa3877698
f32e2cccbb57d534ced7a453eda8b982
ce874be4bddc13a2cb238cea4b0d8ff2
e1affac51cc9a6f1a56d7f9ccaa11e3c
2430c69542ba166c37f72622e763fcac
33a17b580cf6e21790053f3231b46cb5
d5842797c607556bf3d6c919b12e1b3b
bf54192acec9008b92c0ff026976bc49
b0ee4f89f77abfc12c58484c6f684a4c
bceb186b02cf3ae5a1fe6a5752c4e413
4e1f5d9bb60b63453250492c2d6ba247
e7fd4dd2e61dfa5a533e31a333bd243f
a7dd97da9a7e56614f15b111dfde781f
6db810fa1eba9b9a136185707ee2060d
1049603d5dd20caf4d67837d421becf3
8196c7e4e321af5da4fa1fca055e7920
86211e70363570ce79d0796736e2ddca
93c074fe6b2d5601fb7765785e4914fa
97e8a60992f2776138d0f5cf91bdb2d9
91b26117dc74b51ecc17ec40358a5804
e6d15d67ac5f9912556dbe80494be13f
ab0eb3b7683d91e58af589416cb04ad4
f82d87645080a01ae75735ba94a05ad5
4198ec4410826b56d4dcf87676d29bfe
a02d4d44c97835bc1ecc46ddbf4ae272
01ec4de2859c3176873652194a36d48e
fd76dac2c0515d42ad4bb5c8be27f3c3
a74831db067956bbd5279ef2bca13b0b
96dd25a94d881d99aa2357336fb42de6
8a3c14f3856f80fe63166dff4beffb75
0b0bfae9cd1eafbfcd1e1f2fdcb61e3d
650bee89771b59b8214d09cb27e789c2
947a0f1e98b0c5130247ee450c64279b
e09ac1393b5a92e9f3eac6140f052f39
a9f1114ecadf596c1d3ac5dae2d5068f
3d46b9853c65799513b57087e2586c52
8bfb6b8bcbfb1f3e40be631da809cb37
2067fee789cc13d1591b5ab01d795df4
b8b2fefd99cf8038c082253b4e7cfa53
a5aba46303e7b2934b580a2c3f5d26ff
04ccfc37652dd89c16eeb609b3813785
42b14bf1ac263ce2202bb806b6bf1bf8
7583982f25352891545163b10dd09d43
f9f8e86774668192ec637e4065585a49
37e12826fd8a9a87c222de8d6836ea88
7bbcb3ecf1eb675a06cea71eee8f3dd4
a24bcf219fbe4c9c062262ba2e255ad6
302a3d70f01cdb68cb32186eee4d1bcc
c89eb4e6be1c19fcc590e05abe05abdb
2d3840cf0d0d254d50a8ca37f3056e7f
3692fd905a8387e7407a78570de6dea1
31dc95463aa309df3a3b273bb21c57a7
06901ae456012d6e5663f94e2f5b2ac2
00470949f56b10b5a87a228026df9353
2778d30c1b48d77ba2e18c4da8257c27
e7ac980c51cd0006c3c44cdb42a69e8c
af56df377f08db52dcffe6ff28c1b5fa
8926873c9f51b6882d0c5abfe4fce9cd
b6d1201d38b8924e04b268aa115d2cf6
35f50a12e4200c96002401c0498f49c5
aafb47405d1d509c815b341caed18748
f72f137a0ffa52063c75d609ddea1e25
933bbd236ed5d51d521cf13160995228
aa373cd5f42693a218b2d7faf2bd786e
6dda0254fdade6370872f48ff14a08cc
feb87e2cf5a3b45e737f5ab90ce90c29
319b42f836595961e6b09a3066912fe6
c8f4decc33f10923a6569084fd26d527
7f0ba72798c4b32d499adb29438d575f
3c680ba8af741fa1d0d762aa07a80653
c75d1a461bd813fbf8fc203b27bccec2
cf65c5997927daa73447cb154e3abbf3
0156058fcd915a2eed22542fdcd15a3a
ab0d74b666c010cb525212dee9a0ac5c
22c08153f3d2fc35eb2e5f09726a13a4
b2ca2632f2b276eb16408176f5ea38da
1d8c056d3c38f1775cd6c1f2eeac0a43
682ea63ac1b32f7b22f2687da323346e
f13444b264bd89c5158f936d74fcc7c0
7ece7954338ca5b0a39577d8cc4e67a5
e7017682486177804712feeafa96bd3e
e023a04ebef5f1f4c0b51d042c912cd1
1906a34371d4c052af0913543e8c9133
f9ed2832c5d3b5b836382d6da3f676c3
57e04dbfd87f03d079d462ea905f0131
6d20502778a4ad9faf22b439adfafb93
5794d64f15233f76e36617f2c89a6481
421876a7ab6cb4e2721f472b01a1be28
674ac37a54fa41c915774162acb92799
d50c62dae07cb0ff469fe79c33f63ea7
e3bd36cca237fee7d53c3b0c3327a6f8
bc93e26b4e8aed1d14eae52214c9c51c
4b3dae8add9e598af627079255d0568d
b8b950a0b4fce5dcf8096b48b709013c
11b7a4ea102d72b1bae418c23dda59f4
c5d7a22e67b2ca6d74e8a8e131aef3d7
25ba3070d38ce93971047b778aee4f67
263df34963ed91e203064d23556e4916
68ba474e9623924abb8c7c6fb6a0e806
d65406533d33bd12909bec38fec6f6bd
5cec8bc8f318431ffcd706e012b8ceb5
bb62da7fcd876aaa3444d6a6260b4dd9
b64ac3d56309221774f4b0255f5439ef
9f0f00ac0548eeac5f0fa72961c78f63
fa00680ab8ec258167045643bb128dc3
c4038ebe1f830a1200b77b7820785bc0
f517f27d86360400aa39f762e095b462
69feb67590f3bc723fab8aaaceaadc8a
33c307bb429d355bd62289e91af67264
4100191cf7bda06088757271e49bfa80
64a91a552f3d2293486762ca5e3a01b0
55cd6d096985adc4b7495f3bf41dee15
fe0c1bffac1fe9ea9d1949d47506f7a4
4fbbd528a017e94ba529b7d74a9489ff
f5f7aad057f59c39cbca64446fc6e651
d9deedf687a38eb24ee769ed4e791cd4
f9035a52f3be76fed2af9d68a85cc441
2839f8cb22711d1c7ad95f94f5629424
c9dba3a19fa971c03297a57be615c573
4c7536a7008713b6bce5daec2a909bc0
2b29d2806b6707cd319dab825e4e381b
88791d7cc7441b7a1c345148bc0ef048
f769e1e1076123f4d9db76ad41970822
120a9d38972663aa8ad20ccd9a5e1604
b11b93a236b49ab8337ad72fe97b6e3c
f42bead1831fbfaad1f16e30d6cc9b5f
7ccb24953e5001fdf336e05ef20232a1
dc3c0c084a602ab172f49115daeb893b
ca2c9bd1a6905895eac18ad0a44b04a6
cfb1ee52d8b6c223c2ca610d18629751
653f81586b32f265e935223600c29fff
5fad7fd9ad39c184cbd76e9885dd4588
9bd2e269c535cf98ee3b8d0f604da6ce
194c907a7a3ab99d2cedb690ef98cbe3
95e88e793e6d786edd073b540347e7de
78bf219e6aed93a3769ca9a7a7dee4a7
4f094cf66246ed697c44c66b113fdb8e
ce92b4dbd43180f955585e4e2d48f934
340ff7373acbe591aa887f6efeb5c8ad
b0592b737f2e2ddf58c3f95966830e39
3e6a08fd70589714584694d780b01f1e
6a8556021508031868834a318a0ac88c
3d6be3a9eb2ff8de0eeed2e724e7c5ac
2b1031a2079fc7eb4014bc2db8fdf2e3
746820b092b48de5047a1b4984705014
1be39c3bd7598fccfa5b9db2a605a517
7a414e50f1c2f3f6dde07b7bac750f7f
e5f0d04fc5ee632ac6ba4e9d930effe2
e00060c5f9764442b1df10f4eb657cf7
ad002ecb94b2387c7768d322320e5cdc
c4265dea2dd6ae466cb89cb700962a68
1eb0355e2b0757ab535ac5e0e4e3d07b
a572c4366d37e47ce171b422cff21c07
e084cf8047d1dfe113ca23ff9b3ea600
786e7587a22bb49689674eba19f7e4a2
6fb5958184340a00e3fc57020683295d
8fafda1c6c53fa23ccfcbe2471870687
c814be202320eac7721046fb5a3b8895
9c2d31d997190a94a332e2d0a1eaadcb
d01cc101e1cc14882a0b24d80dbccbdd
2a02864d68dd45e551049ac93736b94d
b906a5188ae49ab86067c467dba1370a
153ed9bf5b6d766dfbf96a721eba7532
3f315a63aa99078626822ce1d4bce18a
9b7fcf8e59b2fc5644bbc6724ce9e888
b8fb50428c786d2aabc0cc04e8c4d853
a71801cde45b8b86cc56bded801976cb
7f7eceb52bb9a45d90653eaaf0230df8
614558c88258807641d2fd8ab0c543c1
5075b9379823d03675616c4e2038b3ff
5d37976b9b086934409fae09d2648cc6
8e392cc5730556f40c43a4d6eee16428
2d84aa3e42982637e8808d33578fa78b
91840ee52ff73f6b683514f87c30cf8b
94ab371edbcc423f605dd5d4ce3debf1
abf8bca5a7458b47aef909536c7b85ca
50bc1161a3fc4f0728794771732e11a0
4a4cb390133e30d079e1947eb152a69e
2c8bf19a6ad3ba1d8504e3123461dafe
133c72e7c3f789109d1c5e93c5edf112
c3d824b4d39e71ce237949b1ebaf29fc
8df302cca3bc348b9d7664b372ff5c54
1d707b46340b5e8ab0768068dfdd2274
c579dc376519d0ea52db4b65ff3ee73c
2ebce65605c32ce93e4cab4045bdce5b
0f21c7589cc783b3c851e283f85aa0b4
84030ba90964e646126f564c51da695e
29637c6d73ea5b9e652ee2ee979339aa
18967b681aed8c0545c3b1cb76cbc95f
dbf942cdcd978582b5dc82d9ff31396f
407d2c5fb3a04c34a68df71164d684ed
e47ee132747d0a53d1aeee0a714b55e6
45377222659557f270a11ab9a8b245b5
831d13f964b799917bcf4f216d562663
c17034fd04c01e12938330609df40e67
3608d4a595fcb00b32670c07fb8961e7
41f78137578f260f794bc2034f7bc9c8
fb03ed33adcbe21161527f31e733d861
c2fe13af518333233c8cc41bed9ad8c2
a2dde21ed5615c2889719d6c3e0d7e84
905476bd833cbd9b125d32bf8bf726e1
9b0c6658bdbcf142834c78b79f358a05
04578bfb70edc48b528a3525154340c9
5ec88ba620adba737b027d37e31f3654
a56ab97feb370b4fb562e937219beeb1
3ae76aba6ddfd149de7cba21e59b68a8
5067be6f6c18c06bde6d5254dd313585
03d6dfae9b186a8a4ce8b32f6a84bcef
4c131326d8da1ec0f07d4deb555719f8
0c20036b93ddea2616f10fd16941d79d
5792bfafee7ccd3b13eab1373d935ee6
865e1c075de790e52ffe6f30c20a1974
a17e7d935754bb2c104a4b34d85a6f0d
3041fc1058a293eb037e01eb86055387
bba38299cdb1246123a0b95e35364b98
048943c1b955fefb817e14e2b6482b53
3fa83cb5fb8e20bcaebcbb932a2fa90c
6f3a36e36116fb17123837fcf01aa567
67f20c142caeb9f86159751a4c5948cf
fd59c2430026073883a042d42b2ad1d8
1e61e46cbf434c6bf7f758ef57a1ebc6
4c6540282ceff3bcf9bdc390e0e6500c
2985103baf736f84d98c4c0bf7723ef8
f7cde805b31a3459ebfb8ace9a2a3e46
dca3ca29959c3399f9afb8a223c70159
628d106cc7c0551dae8f6e84c89c0ffe
94eb8c2b78fe90aeb2bb50d5699f24bb
6e66920c093c4519a596afe53c0424e4
e211cb614e186dce5ad2493cf5c79fbb
e488d4f1375759e3145d26e75f50edad
a3eb1901ca03b057815ca17e76bbbebf
53f3f7ab38dbdef1f99faaf89e3242cb
e639f97034d490bf036bb748065f9fa8
bcd0190b261b6d2d40713144026f80cc
8ac3196f8d0aacb34d8410d79fbf4dbd
ddebeaadacb84e2c26624fc26e8cab51
5e54f5e1e5ea759907034d7750f694e1
1794dab85d9eeb5c6c63b51fb4df419b
692df14565b289a0eb9dd287f2286203
6cc4abc084947dac1504654af93356c5
7330b8ccd2fe9b85b0c9b14125a175c5
e027a983385e6c6279b7bd7cc3ca6e1b
508940a271614e5186b0f24c5de43eb7
30cd57b136f4ce747c0cefc4fe61760d
79120a69d6dc6909e1a89bb9ee73dd62
100dcfa97eb12e6dfb9af97b55bd61bf
d243f269ece45fe6f08fd342febcbe94
0e17a33ea804c6ade4c9338dcb9db323
cc5edfbc3a072cc0fc995ed305be7f44
fac7978f081a9715e98aa2d6b6648ec4
8935bc640a9bcb5ba749a6913bf9a4ff
dcfec55055c11ec0f729935d3797bd77
10528c85abf72e583a2149c532b1b507
aa45dad31c67c330d52ae8910c853de1
e46c2a27d65bf93f8b340a7cd0144385
740b9d278db895a316cc6b7fe19083c1
f49f4e7fe11700d5555123aaa3877698
f32e2cccbb57d534ced7a453eda8b982
ce874be4bddc13a2cb238cea4b0d8ff2
e1affac51cc9a6f1a56d7f9ccaa11e3c
2430c69542ba166c37f72622e763fcac
33a17b580cf6e21790053f3231b46cb5
d5842797c607556bf3d6c919b12e1b3b
bf54192acec9008b92c0ff026976bc49
b0ee4f89f77abfc12c58484c6f684a4c
bceb186b02cf3ae5a1fe6a5752c4e413
4e1f5d9bb60b63453250492c2d6ba247
e7fd4dd2e61dfa5a533e31a333bd243f
a7dd97da9a7e56614f15b111dfde781f
6db810fa1eba9b9a136185707ee2060d
1049603d5dd20caf4d67837d421becf3
8196c7e4e321af5da4fa1fca055e7920
86211e70363570ce79d0796736e2ddca
93c074fe6b2d5601fb7765785e4914fa
97e8a60992f2776138d0f5cf91bdb2d9
91b26117dc74b51ecc17ec40358a5804
e6d15d67ac5f9912556dbe80494be13f
ab0eb3b7683d91e58af589416cb04ad4
f82d87645080a01ae75735ba94a05ad5
4198ec4410826b56d4dcf87676d29bfe
a02d4d44c97835bc1ecc46ddbf4ae272
01ec4de2859c3176873652194a36d48e
fd76dac2c0515d42ad4bb5c8be27f3c3
a74831db067956bbd5279ef2bca13b0b
96dd25a94d881d99aa2357336fb42de6
8a3c14f3856f80fe63166dff4beffb75
0b0bfae9cd1eafbfcd1e1f2fdcb61e3d
650bee89771b59b8214d09cb27e789c2
947a0f1e98b0c5130247ee450c64279b
e09ac1393b5a92e9f3eac6140f052f39
a9f1114ecadf596c1d3ac5dae2d5068f
3d46b9853c65799513b57087e2586c52
8bfb6b8bcbfb1f3e40be631da809cb37
2067fee789cc13d1591b5ab01d795df4
b8b2fefd99cf8038c082253b4e7cfa53
a5aba46303e7b2934b580a2c3f5d26ff
04ccfc37652dd89c16eeb609b3813785
42b14bf1ac263ce2202bb806b6bf1bf8
7583982f25352891545163b10dd09d43
f9f8e86774668192ec637e4065585a49
37e12826fd8a9a87c222de8d6836ea88
7bbcb3ecf1eb675a06cea71eee8f3dd4
a24bcf219fbe4c9c062262ba2e255ad6
302a3d70f01cdb68cb32186eee4d1bcc
c89eb4e6be1c19fcc590e05abe05abdb
2d3840cf0d0d254d50a8ca37f3056e7f
3692fd905a8387e7407a78570de6dea1
31dc95463aa309df3a3b273bb21c57a7
06901ae456012d6e5663f94e2f5b2ac2
00470949f56b10b5a87a228026df9353
2778d30c1b48d77ba2e18c4da8257c27
e7ac980c51cd0006c3c44cdb42a69e8c
af56df377f08db52dcffe6ff28c1b5fa
8926873c9f51b6882d0c5abfe4fce9cd
b6d1201d38b8924e04b268aa115d2cf6
35f50a12e4200c96002401c0498f49c5
aafb47405d1d509c815b341caed18748
f72f137a0ffa52063c75d609ddea1e25
933bbd236ed5d51d521cf13160995228
aa373cd5f42693a218b2d7faf2bd786e
6dda0254fdade6370872f48ff14a08cc
feb87e2cf5a3b45e737f5ab90ce90c29
319b42f836595961e6b09a3066912fe6
c8f4decc33f10923a6569084fd26d527
7f0ba72798c4b32d499adb29438d575f
3c680ba8af741fa1d0d762aa07a80653
c75d1a461bd813fbf8fc203b27bccec2
cf65c5997927daa73447cb154e3abbf3
0156058fcd915a2eed22542fdcd15a3a
ab0d74b666c010cb525212dee9a0ac5c
22c08153f3d2fc35eb2e5f09726a13a4
b2ca2632f2b276eb16408176f5ea38da
1d8c056d3c38f1775cd6c1f2eeac0a43
682ea63ac1b32f7b22f2687da323346e
f13444b264bd89c5158f936d74fcc7c0
7ece7954338ca5b0a39577d8cc4e67a5
e7017682486177804712feeafa96bd3e
e023a04ebef5f1f4c0b51d042c912cd1
1906a34371d4c052af0913543e8c9133
f9ed2832c5d3b5b836382d6da3f676c3
57e04dbfd87f03d079d462ea905f0131
6d20502778a4ad9faf22b439adfafb93
5794d64f15233f76e36617f2c89a6481
421876a7ab6cb4e2721f472b01a1be28
674ac37a54fa41c915774162acb92799
d50c62dae07cb0ff469fe79c33f63ea7
e3bd36cca237fee7d53c3b0c3327a6f8
bc93e26b4e8aed1d14eae52214c9c51c
4b3dae8add9e598af627079255d0568d
b8b950a0b4fce5dcf8096b48b709013c
11b7a4ea102d72b1bae418c23dda59f4
c5d7a22e67b2ca6d74e8a8e131aef3d7
25ba3070d38ce93971047b778aee4f67
263df34963ed91e203064d23556e4916
68ba474e9623924abb8c7c6fb6a0e806
d65406533d33bd12909bec38fec6f6bd
5cec8bc8f318431ffcd706e012b8ceb5
bb62da7fcd876aaa3444d6a6260b4dd9
b64ac3d56309221774f4b0255f5439ef
9f0f00ac0548eeac5f0fa72961c78f63
fa00680ab8ec258167045643bb128dc3
c4038ebe1f830a1200b77b7820785bc0
f517f27d86360400aa39f762e095b462
69feb67590f3bc723fab8aaaceaadc8a
33c307bb429d355bd62289e91af67264
4100191cf7bda06088757271e49bfa80
64a91a552f3d2293486762ca5e3a01b0
55cd6d096985adc4b7495f3bf41dee15
fe0c1bffac1fe9ea9d1949d47506f7a4
4fbbd528a017e94ba529b7d74a9489ff
f5f7aad057f59c39cbca64446fc6e651
d9deedf687a38eb24ee769ed4e791cd4
f9035a52f3be76fed2af9d68a85cc441
2839f8cb22711d1c7ad95f94f5629424
c9dba3a19fa971c03297a57be615c573
4c7536a7008713b6bce5daec2a909bc0
2b29d2806b6707cd319dab825e4e381b
88791d7cc7441b7a1c345148bc0ef048
f769e1e1076123f4d9db76ad41970822
120a9d38972663aa8ad20ccd9a5e1604
b11b93a236b49ab8337ad72fe97b6e3c
f42bead1831fbfaad1f16e30d6cc9b5f
7ccb24953e5001fdf336e05ef20232a1
dc3c0c084a602ab172f49115daeb893b
ca2c9bd1a6905895eac18ad0a44b04a6
cfb1ee52d8b6c223c2ca610d18629751
653f81586b32f265e935223600c29fff
5fad7fd9ad39c184cbd76e9885dd4588
9bd2e269c535cf98ee3b8d0f604da6ce
194c907a7a3ab99d2cedb690ef98cbe3
95e88e793e6d786edd073b540347e7de
78bf219e6aed93a3769ca9a7a7dee4a7
4f094cf66246ed697c44c66b113fdb8e
ce92b4dbd43180f955585e4e2d48f934
340ff7373acbe591aa887f6efeb5c8ad
b0592b737f2e2ddf58c3f95966830e39
3e6a08fd70589714584694d780b01f1e
6a8556021508031868834a318a0ac88c
3d6be3a9eb2ff8de0eeed2e724e7c5ac
2b1031a2079fc7eb4014bc2db8fdf2e3
746820b092b48de5047a1b4984705014
1be39c3bd7598fccfa5b9db2a605a517
7a414e50f1c2f3f6dde07b7bac750f7f
e5f0d04fc5ee632ac6ba4e9d930effe2
e00060c5f9764442b1df10f4eb657cf7
ad002ecb94b2387c7768d322320e5cdc
c4265dea2dd6ae466cb89cb700962a68
1eb0355e2b0757ab535ac5e0e4e3d07b
a572c4366d37e47ce171b422cff21c07
e084cf8047d1dfe113ca23ff9b3ea600
786e7587a22bb49689674eba19f7e4a2
6fb5958184340a00e3fc57020683295d
8fafda1c6c53fa23ccfcbe2471870687
c814be202320eac7721046fb5a3b8895
9c2d31d997190a94a332e2d0a1eaadcb
d01cc101e1cc14882a0b24d80dbccbdd
2a02864d68dd45e551049ac93736b94d
b906a5188ae49ab86067c467dba1370a
153ed9bf5b6d766dfbf96a721eba7532
3f315a63aa99078626822ce1d4bce18a
9b7fcf8e59b2fc5644bbc6724ce9e888
b8fb50428c786d2aabc0cc04e8c4d853
a71801cde45b8b86cc56bded801976cb
7f7eceb52bb9a45d90653eaaf0230df8
614558c88258807641d2fd8ab0c543c1
5075b9379823d03675616c4e2038b3ff
5d37976b9b086934409fae09d2648cc6
8e392cc5730556f40c43a4d6eee16428
2d84aa3e42982637e8808d33578fa78b
91840ee52ff73f6b683514f87c30cf8b
94ab371edbcc423f605dd5d4ce3debf1
abf8bca5a7458b47aef909536c7b85ca
50bc1161a3fc4f0728794771732e11a0
4a4cb390133e30d079e1947eb152a69e
2c8bf19a6ad3ba1d8504e3123461dafe
133c72e7c3f789109d1c5e93c5edf112
c3d824b4d39e71ce237949b1ebaf29fc
8df302cca3bc348b9d7664b372ff5c54
1d707b46340b5e8ab0768068dfdd2274
c579dc376519d0ea52db4b65ff3ee73c
2ebce65605c32ce93e4cab4045bdce5b
0f21c7589cc783b3c851e283f85aa0b4
84030ba90964e646126f564c51da695e
29637c6d73ea5b9e652ee2ee979339aa
18967b681aed8c0545c3b1cb76cbc95f
dbf942cdcd978582b5dc82d9ff31396f
407d2c5fb3a04c34a68df71164d684ed
e47ee132747d0a53d1aeee0a714b55e6
45377222659557f270a11ab9a8b245b5
831d13f964b799917bcf4f216d562663
c17034fd04c01e12938330609df40e67
3608d4a595fcb00b32670c07fb8961e7
41f78137578f260f794bc2034f7bc9c8
fb03ed33adcbe21161527f31e733d861
c2fe13af518333233c8cc41bed9ad8c2
a2dde21ed5615c2889719d6c3e0d7e84
905476bd833cbd9b125d32bf8bf726e1
9b0c6658bdbcf142834c78b79f358a05
04578bfb70edc48b528a3525154340c9
5ec88ba620adba737b027d37e31f3654
a56ab97feb370b4fb562e937219beeb1
3ae76aba6ddfd149de7cba21e59b68a8
5067be6f6c18c06bde6d5254dd313585
03d6dfae9b186a8a4ce8b32f6a84bcef
4c131326d8da1ec0f07d4deb555719f8
0c20036b93ddea2616f10fd16941d79d
5792bfafee7ccd3b13eab1373d935ee6
865e1c075de790e52ffe6f30c20a1974
a17e7d935754bb2c104a4b34d85a6f0d
3041fc1058a293eb037e01eb86055387
bba38299cdb1246123a0b95e35364b98
048943c1b955fefb817e14e2b6482b53
3fa83cb5fb8e20bcaebcbb932a2fa90c
6f3a36e36116fb17123837fcf01aa567
67f20c142caeb9f86159751a4c5948cf
fd59c2430026073883a042d42b2ad1d8
1e61e46cbf434c6bf7f758ef57a1ebc6
4c6540282ceff3bcf9bdc390e0e6500c
2985103baf736f84d98c4c0bf7723ef8
f7cde805b31a3459ebfb8ace9a2a3e46
dca3ca29959c3399f9afb8a223c70159
628d106cc7c0551dae8f6e84c89c0ffe
94eb8c2b78fe90aeb2bb50d5699f24bb
6e66920c093c4519a596afe53c0424e4
e211cb614e186dce5ad2493cf5c79fbb
e488d4f1375759e3145d26e75f50edad
a3eb1901ca03b057815ca17e76bbbebf
53f3f7ab38dbdef1f99faaf89e3242cb
e639f97034d490bf036bb748065f9fa8
bcd0190b261b6d2d40713144026f80cc
8ac3196f8d0aacb34d8410d79fbf4dbd
ddebeaadacb84e2c26624fc26e8cab51
5e54f5e1e5ea759907034d7750f694e1
1794dab85d9eeb5c6c63b51fb4df419b
692df14565b289a0eb9dd287f2286203
6cc4abc084947dac1504654af93356c5
7330b8ccd2fe9b85b0c9b14125a175c5
e027a983385e6c6279b7bd7cc3ca6e1b
508940a271614e5186b0f24c5de43eb7
30cd57b136f4ce747c0cefc4fe61760d
79120a69d6dc6909e1a89bb9ee73dd62
100dcfa97eb12e6dfb9af97b55bd61bf
d243f269ece45fe6f08fd342febcbe94
0e17a33ea804c6ade4c9338dcb9db323
cc5edfbc3a072cc0fc995ed305be7f44
fac7978f081a9715e98aa2d6b6648ec4
8935bc640a9bcb5ba749a6913bf9a4ff
dcfec55055c11ec0f729935d3797bd77
10528c85abf72e583a2149c532b1b507
aa45dad31c67c330d52ae8910c853de1
e46c2a27d65bf93f8b340a7cd0144385
740b9d278db895a316cc6b7fe19083c1
f49f4e7fe11700d5555123aaa3877698
f32e2cccbb57d534ced7a453eda8b982
ce874be4bddc13a2cb238cea4b0d8ff2
e1affac51cc9a6f1a56d7f9ccaa11e3c
2430c69542ba166c37f72622e763fcac
33a17b580cf6e21790053f3231b46cb5
d5842797c607556bf3d6c919b12e1b3b
bf54192acec9008b92c0ff026976bc49
b0ee4f89f77abfc12c58484c6f684a4c
bceb186b02cf3ae5a1fe6a5752c4e413
4e1f5d9bb60b63453250492c2d6ba247
e7fd4dd2e61dfa5a533e31a333bd243f
a7dd97da9a7e56614f15b111dfde781f
6db810fa1eba9b9a136185707ee2060d
1049603d5dd20caf4d67837d421becf3
8196c7e4e321af5da4fa1fca055e7920
86211e70363570ce79d0796736e2ddca
93c074fe6b2d5601fb7765785e4914fa
97e8a60992f2776138d0f5cf91bdb2d9
91b26117dc74b51ecc17ec40358a5804
e6d15d67ac5f9912556dbe80494be13f
ab0eb3b7683d91e58af589416cb04ad4
f82d87645080a01ae75735ba94a05ad5
4198ec4410826b56d4dcf87676d29bfe
a02d4d44c97835bc1ecc46ddbf4ae272
01ec4de2859c3176873652194a36d48e
fd76dac2c0515d42ad4bb5c8be27f3c3
a74831db067956bbd5279ef2bca13b0b
96dd25a94d881d99aa2357336fb42de6
8a3c14f3856f80fe63166dff4beffb75
0b0bfae9cd1eafbfcd1e1f2fdcb61e3d
650bee89771b59b8214d09cb27e789c2
947a0f1e98b0c5130247ee450c64279b
e09ac1393b5a92e9f3eac6140f052f39
a9f1114ecadf596c1d3ac5dae2d5068f
3d46b9853c65799513b57087e2586c52
8bfb6b8bcbfb1f3e40be631da809cb37
2067fee789cc13d1591b5ab01d795df4
b8b2fefd99cf8038c082253b4e7cfa53
a5aba46303e7b2934b580a2c3f5d26ff
04ccfc37652dd89c16eeb609b3813785
42b14bf1ac263ce2202bb806b6bf1bf8
7583982f25352891545163b10dd09d43
f9f8e86774668192ec637e4065585a49
37e12826fd8a9a87c222de8d6836ea88
7bbcb3ecf1eb675a06cea71eee8f3dd4
a24bcf219fbe4c9c062262ba2e255ad6
302a3d70f01cdb68cb32186eee4d1bcc
c89eb4e6be1c19fcc590e05abe05abdb
2d3840cf0d0d254d50a8ca37f3056e7f
3692fd905a8387e7407a78570de6dea1
31dc95463aa309df3a3b273bb21c57a7
06901ae456012d6e5663f94e2f5b2ac2
00470949f56b10b5a87a228026df9353
2778d30c1b48d77ba2e18c4da8257c27
e7ac980c51cd0006c3c44cdb42a69e8c
af56df377f08db52dcffe6ff28c1b5fa
8926873c9f51b6882d0c5abfe4fce9cd
b6d1201d38b8924e04b268aa115d2cf6
35f50a12e4200c96002401c0498f49c5
aafb47405d1d509c815b341caed18748
f72f137a0ffa52063c75d609ddea1e25
933bbd236ed5d51d521cf13160995228
aa373cd5f42693a218b2d7faf2bd786e
6dda0254fdade6370872f48ff14a08cc
feb87e2cf5a3b45e737f5ab90ce90c29
319b42f836595961e6b09a3066912fe6
c8f4decc33f10923a6569084fd26d527
7f0ba72798c4b32d499adb29438d575f
3c680ba8af741fa1d0d762aa07a80653
c75d1a461bd813fbf8fc203b27bccec2
cf65c5997927daa73447cb154e3abbf3
0156058fcd915a2eed22542fdcd15a3a
ab0d74b666c010cb525212dee9a0ac5c
22c08153f3d2fc35eb2e5f09726a13a4
b2ca2632f2b276eb16408176f5ea38da
1d8c056d3c38f1775cd6c1f2eeac0a43
682ea63ac1b32f7b22f2687da323346e
f13444b264bd89c5158f936d74fcc7c0
7ece7954338ca5b0a39577d8cc4e67a5
e7017682486177804712feeafa96bd3e
e023a04ebef5f1f4c0b51d042c912cd1
1906a34371d4c052af0913543e8c9133
f9ed2832c5d3b5b836382d6da3f676c3
57e04dbfd87f03d079d462ea905f0131
6d20502778a4ad9faf22b439adfafb93
5794d64f15233f76e36617f2c89a6481
421876a7ab6cb4e2721f472b01a1be28
674ac37a54fa41c915774162acb92799
d50c62dae07cb0ff469fe79c33f63ea7
e3bd36cca237fee7d53c3b0c3327a6f8
bc93e26b4e8aed1d14eae52214c9c51c
4b3dae8add9e598af627079255d0568d
b8b950a0b4fce5dcf8096b48b709013c
11b7a4ea102d72b1bae418c23dda59f4
c5d7a22e67b2ca6d74e8a8e131aef3d7
25ba3070d38ce93971047b778aee4f67
263df34963ed91e203064d23556e4916
68ba474e9623924abb8c7c6fb6a0e806
d65406533d33bd12909bec38fec6f6bd
5cec8bc8f318431ffcd706e012b8ceb5
bb62da7fcd876aaa3444d6a6260b4dd9
b64ac3d56309221774f4b0255f5439ef
9f0f00ac0548eeac5f0fa72961c78f63
fa00680ab8ec258167045643bb128dc3
c4038ebe1f830a1200b77b7820785bc0
f517f27d86360400aa39f762e095b462
69feb67590f3bc723fab8aaaceaadc8a
33c307bb429d355bd62289e91af67264
4100191cf7bda06088757271e49bfa80
64a91a552f3d2293486762ca5e3a01b0
55cd6d096985adc4b7495f3bf41dee15
fe0c1bffac1fe9ea9d1949d47506f7a4
4fbbd528a017e94ba529b7d74a9489ff
f5f7aad057f59c39cbca64446fc6e651
d9deedf687a38eb24ee769ed4e791cd4
f9035a52f3be76fed2af9d68a85cc441
2839f8cb22711d1c7ad95f94f5629424
c9dba3a19fa971c03297a57be615c573
4c7536a7008713b6bce5daec2a909bc0
2b29d2806b6707cd319dab825e4e381b
88791d7cc7441b7a1c345148bc0ef048
f769e1e1076123f4d9db76ad41970822
120a9d38972663aa8ad20ccd9a5e1604
b11b93a236b49ab8337ad72fe97b6e3c
f42bead1831fbfaad1f16e30d6cc9b5f
7ccb24953e5001fdf336e05ef20232a1
dc3c0c084a602ab172f49115daeb893b
ca2c9bd1a6905895eac18ad0a44b04a6
cfb1ee52d8b6c223c2ca610d18629751
653f81586b32f265e935223600c29fff
5fad7fd9ad39c184cbd76e9885dd4588
9bd2e269c535cf98ee3b8d0f604da6ce
194c907a7a3ab99d2cedb690ef98cbe3
95e88e793e6d786edd073b540347e7de
78bf219e6aed93a3769ca9a7a7dee4a7
4f094cf66246ed697c44c66b113fdb8e
ce92b4dbd43180f955585e4e2d48f934
340ff7373acbe591aa887f6efeb5c8ad
b0592b737f2e2ddf58c3f95966830e39
3e6a08fd70589714584694d780b01f1e
6a8556021508031868834a318a0ac88c
3d6be3a9eb2ff8de0eeed2e724e7c5ac
2b1031a2079fc7eb4014bc2db8fdf2e3
746820b092b48de5047a1b4984705014
1be39c3bd7598fccfa5b9db2a605a517
7a414e50f1c2f3f6dde07b7bac750f7f
e5f0d04fc5ee632ac6ba4e9d930effe2
e00060c5f9764442b1df10f4eb657cf7
ad002ecb94b2387c7768d322320e5cdc
c4265dea2dd6ae466cb89cb700962a68
1eb0355e2b0757ab535ac5e0e4e3d07b
a572c4366d37e47ce171b422cff21c07
e084cf8047d1dfe113ca23ff9b3ea600
786e7587a22bb49689674eba19f7e4a2
6fb5958184340a00e3fc57020683295d
8fafda1c6c53fa23ccfcbe2471870687
c814be202320eac7721046fb5a3b8895
9c2d31d997190a94a332e2d0a1eaadcb
d01cc101e1cc14882a0b24d80dbccbdd
2a02864d68dd45e551049ac93736b94d
b906a5188ae49ab86067c467dba1370a
153ed9bf5b6d766dfbf96a721eba7532
3f315a63aa99078626822ce1d4bce18a
9b7fcf8e59b2fc5644bbc6724ce9e888
b8fb50428c786d2aabc0cc04e8c4d853
a71801cde45b8b86cc56bded801976cb
7f7eceb52bb9a45d90653eaaf0230df8
614558c88258807641d2fd8ab0c543c1
5075b9379823d03675616c4e2038b3ff
5d37976b9b086934409fae09d2648cc6
8e392cc5730556f40c43a4d6eee16428
2d84aa3e42982637e8808d33578fa78b
91840ee52ff73f6b683514f87c30cf8b
94ab371edbcc423f605dd5d4ce3debf1
abf8bca5a7458b47aef909536c7b85ca
50bc1161a3fc4f0728794771732e11a0
4a4cb390133e30d079e1947eb152a69e
2c8bf19a6ad3ba1d8504e3123461dafe
133c72e7c3f789109d1c5e93c5edf112
c3d824b4d39e71ce237949b1ebaf29fc
8df302cca3bc348b9d7664b372ff5c54
1d707b46340b5e8ab0768068dfdd2274
c579dc376519d0ea52db4b65ff3ee73c
2ebce65605c32ce93e4cab4045bdce5b
0f21c7589cc783b3c851e283f85aa0b4
84030ba90964e646126f564c51da695e
29637c6d73ea5b9e652ee2ee979339aa
18967b681aed8c0545c3b1cb76cbc95f
dbf942cdcd978582b5dc82d9ff31396f
407d2c5fb3a04c34a68df71164d684ed
e47ee132747d0a53d1aeee0a714b55e6
45377222659557f270a11ab9a8b245b5
831d13f964b799917bcf4f216d562663
c17034fd04c01e12938330609df40e67
3608d4a595fcb00b32670c07fb8961e7
41f78137578f260f794bc2034f7bc9c8
fb03ed33adcbe21161527f31e733d861
c2fe13af518333233c8cc41bed9ad8c2
a2dde21ed5615c2889719d6c3e0d7e84
905476bd833cbd9b125d32bf8bf726e1
9b0c6658bdbcf142834c78b79f358a05
04578bfb70edc48b528a3525154340c9
5ec88ba620adba737b027d37e31f3654
a56ab97feb370b4fb562e937219beeb1
3ae76aba6ddfd149de7cba21e59b68a8
5067be6f6c18c06bde6d5254dd313585
03d6dfae9b186a8a4ce8b32f6a84bcef
4c131326d8da1ec0f07d4deb555719f8
0c20036b93ddea2616f10fd16941d79d
5792bfafee7ccd3b13eab1373d935ee6
865e1c075de790e52ffe6f30c20a1974
a17e7d935754bb2c104a4b34d85a6f0d
3041fc1058a293eb037e01eb86055387
bba38299cdb1246123a0b95e35364b98
048943c1b955fefb817e14e2b6482b53
3fa83cb5fb8e20bcaebcbb932a2fa90c
6f3a36e36116fb17123837fcf01aa567
67f20c142caeb9f86159751a4c5948cf
fd59c2430026073883a042d42b2ad1d8
1e61e46cbf434c6bf7f758ef57a1ebc6
4c6540282ceff3bcf9bdc390e0e6500c
2985103baf736f84d98c4c0bf7723ef8
f7cde805b31a3459ebfb8ace9a2a3e46
dca3ca29959c3399f9afb8a223c70159
628d106cc7c0551dae8f6e84c89c0ffe
94eb8c2b78fe90aeb2bb50d5699f24bb
6e66920c093c4519a596afe53c0424e4
e211cb614e186dce5ad2493cf5c79fbb
e488d4f1375759e3145d26e75f50edad
a3eb1901ca03b057815ca17e76bbbebf
53f3f7ab38dbdef1f99faaf89e3242cb
e639f97034d490bf036bb748065f9fa8
bcd0190b261b6d2d40713144026f80cc
8ac3196f8d0aacb34d8410d79fbf4dbd
ddebeaadacb84e2c26624fc26e8cab51
5e54f5e1e5ea759907034d7750f694e1
1794dab85d9eeb5c6c63b51fb4df419b
692df14565b289a0eb9dd287f2286203
6cc4abc084947dac1504654af93356c5
7330b8ccd2fe9b85b0c9b14125a175c5
e027a983385e6c6279b7bd7cc3ca6e1b
508940a271614e5186b0f24c5de43eb7
30cd57b136f4ce747c0cefc4fe61760d
79120a69d6dc6909e1a89bb9ee73dd62
100dcfa97eb12e6dfb9af97b55bd61bf
d243f269ece45fe6f08fd342febcbe94
0e17a33ea804c6ade4c9338dcb9db323
cc5edfbc3a072cc0fc995ed305be7f44
fac7978f081a9715e98aa2d6b6648ec4
8935bc640a9bcb5ba749a6913bf9a4ff
dcfec55055c11ec0f729935d3797bd77
10528c85abf72e583a2149c532b1b507
aa45dad31c67c330d52ae8910c853de1
e46c2a27d65bf93f8b340a7cd0144385
740b9d278db895a316cc6b7fe19083c1
f49f4e7fe11700d5555123aaa3877698
f32e2cccbb57d534ced7a453eda8b982
ce874be4bddc13a2cb238cea4b0d8ff2
e1affac51cc9a6f1a56d7f9ccaa11e3c
2430c69542ba166c37f72622e763fcac
33a17b580cf6e21790053f3231b46cb5
d5842797c607556bf3d6c919b12e1b3b
bf54192acec9008b92c0ff026976bc49
b0ee4f89f77abfc12c58484c6f684a4c
bceb186b02cf3ae5a1fe6a5752c4e413
4e1f5d9bb60b63453250492c2d6ba247
e7fd4dd2e61dfa5a533e31a333bd243f
a7dd97da9a7e56614f15b111dfde781f
6db810fa1eba9b9a136185707ee2060d
1049603d5dd20caf4d67837d421becf3
8196c7e4e321af5da4fa1fca055e7920
86211e70363570ce79d0796736e2ddca
93c074fe6b2d5601fb7765785e4914fa
97e8a60992f2776138d0f5cf91bdb2d9
91b26117dc74b51ecc17ec40358a5804
e6d15d67ac5f9912556dbe80494be13f
ab0eb3b7683d91e58af589416cb04ad4
f82d87645080a01ae75735ba94a05ad5
4198ec4410826b56d4dcf87676d29bfe
a02d4d44c97835bc1ecc46ddbf4ae272
01ec4de2859c3176873652194a36d48e
fd76dac2c0515d42ad4bb5c8be27f3c3
a74831db067956bbd5279ef2bca13b0b
96dd25a94d881d99aa2357336fb42de6
8a3c14f3856f80fe63166dff4beffb75
0b0bfae9cd1eafbfcd1e1f2fdcb61e3d
650bee89771b59b8214d09cb27e789c2
947a0f1e98b0c5130247ee450c64279b
e09ac1393b5a92e9f3eac6140f052f39
a9f1114ecadf596c1d3ac5dae2d5068f
3d46b9853c65799513b57087e2586c52
8bfb6b8bcbfb1f3e40be631da809cb37
2067fee789cc13d1591b5ab01d795df4
b8b2fefd99cf8038c082253b4e7cfa53
a5aba46303e7b2934b580a2c3f5d26ff
04ccfc37652dd89c16eeb609b3813785
42b14bf1ac263ce2202bb806b6bf1bf8
7583982f25352891545163b10dd09d43
f9f8e86774668192ec637e4065585a49
37e12826fd8a9a87c222de8d6836ea88
7bbcb3ecf1eb675a06cea71eee8f3dd4
a24bcf219fbe4c9c062262ba2e255ad6
302a3d70f01cdb68cb32186eee4d1bcc
c89eb4e6be1c19fcc590e05abe05abdb
2d3840cf0d0d254d50a8ca37f3056e7f
3692fd905a8387e7407a78570de6dea1
31dc95463aa309df3a3b273bb21c57a7
06901ae456012d6e5663f94e2f5b2ac2
00470949f56b10b5a87a228026df9353
2778d30c1b48d77ba2e18c4da8257c27
e7ac980c51cd0006c3c44cdb42a69e8c
af56df377f08db52dcffe6ff28c1b5fa
8926873c9f51b6882d0c5abfe4fce9cd
b6d1201d38b8924e04b268aa115d2cf6
35f50a12e4200c96002401c0498f49c5
aafb47405d1d509c815b341caed18748
f72f137a0ffa52063c75d609ddea1e25
933bbd236ed5d51d521cf13160995228
aa373cd5f42693a218b2d7faf2bd786e
6dda0254fdade6370872f48ff14a08cc
feb87e2cf5a3b45e737f5ab90ce90c29
319b42f836595961e6b09a3066912fe6
c8f4decc33f10923a6569084fd26d527
7f0ba72798c4b32d499adb29438d575f
3c680ba8af741fa1d0d762aa07a80653
c75d1a461bd813fbf8fc203b27bccec2
cf65c5997927daa73447cb154e3abbf3
0156058fcd915a2eed22542fdcd15a3a
ab0d74b666c010cb525212dee9a0ac5c
22c08153f3d2fc35eb2e5f09726a13a4
b2ca2632f2b276eb16408176f5ea38da
1d8c056d3c38f1775cd6c1f2eeac0a43
682ea63ac1b32f7b22f2687da323346e
f13444b264bd89c5158f936d74fcc7c0
7ece7954338ca5b0a39577d8cc4e67a5
e7017682486177804712feeafa96bd3e
e023a04ebef5f1f4c0b51d042c912cd1
1906a34371d4c052af0913543e8c9133
f9ed2832c5d3b5b836382d6da3f676c3
57e04dbfd87f03d079d462ea905f0131
6d20502778a4ad9faf22b439adfafb93
5794d64f15233f76e36617f2c89a6481
421876a7ab6cb4e2721f472b01a1be28
674ac37a54fa41c915774162acb92799
d50c62dae07cb0ff469fe79c33f63ea7
e3bd36cca237fee7d53c3b0c3327a6f8
bc93e26b4e8aed1d14eae52214c9c51c
4b3dae8add9e598af627079255d0568d
b8b950a0b4fce5dcf8096b48b709013c
11b7a4ea102d72b1bae418c23dda59f4
c5d7a22e67b2ca6d74e8a8e131aef3d7
25ba3070d38ce93971047b778aee4f67
263df34963ed91e203064d23556e4916
68ba474e9623924abb8c7c6fb6a0e806
d65406533d33bd12909bec38fec6f6bd
5cec8bc8f318431ffcd706e012b8ceb5
bb62da7fcd876aaa3444d6a6260b4dd9
b64ac3d56309221774f4b0255f5439ef
9f0f00ac0548eeac5f0fa72961c78f63
fa00680ab8ec258167045643bb128dc3
c4038ebe1f830a1200b77b7820785bc0
f517f27d86360400aa39f762e095b462
69feb67590f3bc723fab8aaaceaadc8a
33c307bb429d355bd62289e91af67264
4100191cf7bda06088757271e49bfa80
64a91a552f3d2293486762ca5e3a01b0
55cd6d096985adc4b7495f3bf41dee15
fe0c1bffac1fe9ea9d1949d47506f7a4
4fbbd528a017e94ba529b7d74a9489ff
f5f7aad057f59c39cbca64446fc6e651
d9deedf687a38eb24ee769ed4e791cd4
f9035a52f3be76fed2af9d68a85cc441
2839f8cb22711d1c7ad95f94f5629424
c9dba3a19fa971c03297a57be615c573
4c7536a7008713b6bce5daec2a909bc0
2b29d2806b6707cd319dab825e4e381b
88791d7cc7441b7a1c345148bc0ef048
f769e1e1076123f4d9db76ad41970822
120a9d38972663aa8ad20ccd9a5e1604
b11b93a236b49ab8337ad72fe97b6e3c
f42bead1831fbfaad1f16e30d6cc9b5f
7ccb24953e5001fdf336e05ef20232a1
dc3c0c084a602ab172f49115daeb893b
ca2c9bd1a6905895eac18ad0a44b04a6
cfb1ee52d8b6c223c2ca610d18629751
653f81586b32f265e935223600c29fff
5fad7fd9ad39c184cbd76e9885dd4588
9bd2e269c535cf98ee3b8d0f604da6ce
194c907a7a3ab99d2cedb690ef98cbe3
95e88e793e6d786edd073b540347e7de
78bf219e6aed93a3769ca9a7a7dee4a7
4f094cf66246ed697c44c66b113fdb8e
ce92b4dbd43180f955585e4e2d48f934
340ff7373acbe591aa887f6efeb5c8ad
b0592b737f2e2ddf58c3f95966830e39
3e6a08fd70589714584694d780b01f1e
6a8556021508031868834a318a0ac88c
3d6be3a9eb2ff8de0eeed2e724e7c5ac
2b1031a2079fc7eb4014bc2db8fdf2e3
746820b092b48de5047a1b4984705014
1be39c3bd7598fccfa5b9db2a605a517
7a414e50f1c2f3f6dde07b7bac750f7f
e5f0d04fc5ee632ac6ba4e9d930effe2
e00060c5f9764442b1df10f4eb657cf7
ad002ecb94b2387c7768d322320e5cdc
c4265dea2dd6ae466cb89cb700962a68
1eb0355e2b0757ab535ac5e0e4e3d07b
a572c4366d37e47ce171b422cff21c07
e084cf8047d1dfe113ca23ff9b3ea600
786e7587a22bb49689674eba19f7e4a2
6fb5958184340a00e3fc57020683295d
8fafda1c6c53fa23ccfcbe2471870687
c814be202320eac7721046fb5a3b8895
9c2d31d997190a94a332e2d0a1eaadcb
d01cc101e1cc14882a0b24d80dbccbdd
2a02864d68dd45e551049ac93736b94d
b906a5188ae49ab86067c467dba1370a
153ed9bf5b6d766dfbf96a721eba7532
3f315a63aa99078626822ce1d4bce18a
9b7fcf8e59b2fc5644bbc6724ce9e888
b8fb50428c786d2aabc0cc04e8c4d853
a71801cde45b8b86cc56bded801976cb
7f7eceb52bb9a45d90653eaaf0230df8
614558c88258807641d2fd8ab0c543c1
5075b9379823d03675616c4e2038b3ff
5d37976b9b086934409fae09d2648cc6
8e392cc5730556f40c43a4d6eee16428
2d84aa3e42982637e8808d33578fa78b
91840ee52ff73f6b683514f87c30cf8b
94ab371edbcc423f605dd5d4ce3debf1
abf8bca5a7458b47aef909536c7b85ca
50bc1161a3fc4f0728794771732e11a0
4a4cb390133e30d079e1947eb152a69e
2c8bf19a6ad3ba1d8504e3123461dafe
133c72e7c3f789109d1c5e93c5edf112
c3d824b4d39e71ce237949b1ebaf29fc
8df302cca3bc348b9d7664b372ff5c54
1d707b46340b5e8ab0768068dfdd2274
c579dc376519d0ea52db4b65ff3ee73c
2ebce65605c32ce93e4cab4045bdce5b
0f21c7589cc783b3c851e283f85aa0b4
84030ba90964e646126f564c51da695e
29637c6d73ea5b9e652ee2ee979339aa
18967b681aed8c0545c3b1cb76cbc95f
dbf942cdcd978582b5dc82d9ff31396f
407d2c5fb3a04c34a68df71164d684ed
e47ee132747d0a53d1aeee0a714b55e6
45377222659557f270a11ab9a8b245b5
831d13f964b799917bcf4f216d562663
c17034fd04c01e12938330609df40e67
3608d4a595fcb00b32670c07fb8961e7
41f78137578f260f794bc2034f7bc9c8
fb03ed33adcbe21161527f31e733d861
c2fe13af518333233c8cc41bed9ad8c2
a2dde21ed5615c2889719d6c3e0d7e84
905476bd833cbd9b125d32bf8bf726e1
9b0c6658bdbcf142834c78b79f358a05
04578bfb70edc48b528a3525154340c9
5ec88ba620adba737b027d37e31f3654
a56ab97feb370b4fb562e937219beeb1
3ae76aba6ddfd149de7cba21e59b68a8
5067be6f6c18c06bde6d5254dd313585
03d6dfae9b186a8a4ce8b32f6a84bcef
4c131326d8da1ec0f07d4deb555719f8
0c20036b93ddea2616f10fd16941d79d
5792bfafee7ccd3b13eab1373d935ee6
865e1c075de790e52ffe6f30c20a1974
a17e7d935754bb2c104a4b34d85a6f0d
3041fc1058a293eb037e01eb86055387
bba38299cdb1246123a0b95e35364b98
048943c1b955fefb817e14e2b6482b53
3fa83cb5fb8e20bcaebcbb932a2fa90c
6f3a36e36116fb17123837fcf01aa567
67f20c142caeb9f86159751a4c5948cf
fd59c2430026073883a042d42b2ad1d8
1e61e46cbf434c6bf7f758ef57a1ebc6
4c6540282ceff3bcf9bdc390e0e6500c
2985103baf736f84d98c4c0bf7723ef8
f7cde805b31a3459ebfb8ace9a2a3e46
dca3ca29959c3399f9afb8a223c70159
628d106cc7c0551dae8f6e84c89c0ffe
94eb8c2b78fe90aeb2bb50d5699f24bb
6e66920c093c4519a596afe53c0424e4
e211cb614e186dce5ad2493cf5c79fbb
e488d4f1375759e3145d26e75f50edad
a3eb1901ca03b057815ca17e76bbbebf
53f3f7ab38dbdef1f99faaf89e3242cb
e639f97034d490bf036bb748065f9fa8
bcd0190b261b6d2d40713144026f80cc
8ac3196f8d0aacb34d8410d79fbf4dbd
ddebeaadacb84e2c26624fc26e8cab51
5e54f5e1e5ea759907034d7750f694e1
1794dab85d9eeb5c6c63b51fb4df419b
692df14565b289a0eb9dd287f2286203
6cc4abc084947dac1504654af93356c5
7330b8ccd2fe9b85b0c9b14125a175c5
e027a983385e6c6279b7bd7cc3ca6e1b
508940a271614e5186b0f24c5de43eb7
30cd57b136f4ce747c0cefc4fe61760d
79120a69d6dc6909e1a89bb9ee73dd62
100dcfa97eb12e6dfb9af97b55bd61bf
d243f269ece45fe6f08fd342febcbe94
0e17a33ea804c6ade4c9338dcb9db323
cc5edfbc3a072cc0fc995ed305be7f44
fac7978f081a9715e98aa2d6b6648ec4
8935bc640a9bcb5ba749a6913bf9a4ff
dcfec55055c11ec0f729935d3797bd77
10528c85abf72e583a2149c532b1b507
aa45dad31c67c330d52ae8910c853de1
e46c2a27d65bf93f8b340a7cd0144385
740b9d278db895a316cc6b7fe19083c1
f49f4e7fe11700d5555123aaa3877698
f32e2cccbb57d534ced7a453eda8b982
ce874be4bddc13a2cb238cea4b0d8ff2
e1affac51cc9a6f1a56d7f9ccaa11e3c
2430c69542ba166c37f72622e763fcac
33a17b580cf6e21790053f3231b46cb5
d5842797c607556bf3d6c919b12e1b3b
bf54192acec9008b92c0ff026976bc49
b0ee4f89f77abfc12c58484c6f684a4c
bceb186b02cf3ae5a1fe6a5752c4e413
4e1f5d9bb60b63453250492c2d6ba247
e7fd4dd2e61dfa5a533e31a333bd243f
a7dd97da9a7e56614f15b111dfde781f
6db810fa1eba9b9a136185707ee2060d
1049603d5dd20caf4d67837d421becf3
8196c7e4e321af5da4fa1fca055e7920
86211e70363570ce79d0796736e2ddca
93c074fe6b2d5601fb7765785e4914fa
97e8a60992f2776138d0f5cf91bdb2d9
91b26117dc74b51ecc17ec40358a5804
e6d15d67ac5f9912556dbe80494be13f
ab0eb3b7683d91e58af589416cb04ad4
f82d87645080a01ae75735ba94a05ad5
4198ec4410826b56d4dcf87676d29bfe
a02d4d44c97835bc1ecc46ddbf4ae272
01ec4de2859c3176873652194a36d48e
fd76dac2c0515d42ad4bb5c8be27f3c3
a74831db067956bbd5279ef2bca13b0b
96dd25a94d881d99aa2357336fb42de6
8a3c14f3856f80fe63166dff4beffb75
0b0bfae9cd1eafbfcd1e1f2fdcb61e3d
650bee89771b59b8214d09cb27e789c2
947a0f1e98b0c5130247ee450c64279b
e09ac1393b5a92e9f3eac6140f052f39
a9f1114ecadf596c1d3ac5dae2d5068f
3d46b9853c65799513b57087e2586c52
8bfb6b8bcbfb1f3e40be631da809cb37
2067fee789cc13d1591b5ab01d795df4
b8b2fefd99cf8038c082253b4e7cfa53
a5aba46303e7b2934b580a2c3f5d26ff
04ccfc37652dd89c16eeb609b3813785
42b14bf1ac263ce2202bb806b6bf1bf8
7583982f25352891545163b10dd09d43
f9f8e86774668192ec637e4065585a49
37e12826fd8a9a87c222de8d6836ea88
7bbcb3ecf1eb675a06cea71eee8f3dd4
a24bcf219fbe4c9c062262ba2e255ad6
302a3d70f01cdb68cb32186eee4d1bcc
c89eb4e6be1c19fcc590e05abe05abdb
2d3840cf0d0d254d50a8ca37f3056e7f
3692fd905a8387e7407a78570de6dea1
31dc95463aa309df3a3b273bb21c57a7
06901ae456012d6e5663f94e2f5b2ac2
00470949f56b10b5a87a228026df9353
2778d30c1b48d77ba2e18c4da8257c27
e7ac980c51cd0006c3c44cdb42a69e8c
af56df377f08db52dcffe6ff28c1b5fa
8926873c9f51b6882d0c5abfe4fce9cd
b6d1201d38b8924e04b268aa115d2cf6
35f50a12e4200c96002401c0498f49c5
aafb47405d1d509c815b341caed18748
f72f137a0ffa52063c75d609ddea1e25
933bbd236ed5d51d521cf13160995228
aa373cd5f42693a218b2d7faf2bd786e
6dda0254fdade6370872f48ff14a08cc
feb87e2cf5a3b45e737f5ab90ce90c29
319b42f836595961e6b09a3066912fe6
c8f4decc33f10923a6569084fd26d527
7f0ba72798c4b32d499adb29438d575f
3c680ba8af741fa1d0d762aa07a80653
c75d1a461bd813fbf8fc203b27bccec2
cf65c5997927daa73447cb154e3abbf3
0156058fcd915a2eed22542fdcd15a3a
ab0d74b666c010cb525212dee9a0ac5c
22c08153f3d2fc35eb2e5f09726a13a4
b2ca2632f2b276eb16408176f5ea38da
1d8c056d3c38f1775cd6c1f2eeac0a43
682ea63ac1b32f7b22f2687da323346e
f13444b264bd89c5158f936d74fcc7c0
7ece7954338ca5b0a39577d8cc4e67a5
e7017682486177804712feeafa96bd3e
e023a04ebef5f1f4c0b51d042c912cd1
1906a34371d4c052af0913543e8c9133
f9ed2832c5d3b5b836382d6da3f676c3
57e04dbfd87f03d079d462ea905f0131
6d20502778a4ad9faf22b439adfafb93
5794d64f15233f76e36617f2c89a6481
421876a7ab6cb4e2721f472b01a1be28
674ac37a54fa41c915774162acb92799
d50c62dae07cb0ff469fe79c33f63ea7
e3bd36cca237fee7d53c3b0c3327a6f8
bc93e26b4e8aed1d14eae52214c9c51c
4b3dae8add9e598af627079255d0568d
b8b950a0b4fce5dcf8096b48b709013c
11b7a4ea102d72b1bae418c23dda59f4
c5d7a22e67b2ca6d74e8a8e131aef3d7
25ba3070d38ce93971047b778aee4f67
263df34963ed91e203064d23556e4916
68ba474e9623924abb8c7c6fb6a0e806
d65406533d33bd12909bec38fec6f6bd
5cec8bc8f318431ffcd706e012b8ceb5
bb62da7fcd876aaa3444d6a6260b4dd9
b64ac3d56309221774f4b0255f5439ef
9f0f00ac0548eeac5f0fa72961c78f63
fa00680ab8ec258167045643bb128dc3
c4038ebe1f830a1200b77b7820785bc0
f517f27d86360400aa39f762e095b462
69feb67590f3bc723fab8aaaceaadc8a
33c307bb429d355bd62289e91af67264
4100191cf7bda06088757271e49bfa80
64a91a552f3d2293486762ca5e3a01b0
55cd6d096985adc4b7495f3bf41dee15
fe0c1bffac1fe9ea9d1949d47506f7a4
4fbbd528a017e94ba529b7d74a9489ff
f5f7aad057f59c39cbca64446fc6e651
d9deedf687a38eb24ee769ed4e791cd4
f9035a52f3be76fed2af9d68a85cc441
2839f8cb22711d1c7ad95f94f5629424
c9dba3a19fa971c03297a57be615c573
4c7536a7008713b6bce5daec2a909bc0
2b29d2806b6707cd319dab825e4e381b
88791d7cc7441b7a1c345148bc0ef048
f769e1e1076123f4d9db76ad41970822
120a9d38972663aa8ad20ccd9a5e1604
b11b93a236b49ab8337ad72fe97b6e3c
f42bead1831fbfaad1f16e30d6cc9b5f
7ccb24953e5001fdf336e05ef20232a1
dc3c0c084a602ab172f49115daeb893b
ca2c9bd1a6905895eac18ad0a44b04a6
cfb1ee52d8b6c223c2ca610d18629751
653f81586b32f265e935223600c29fff
5fad7fd9ad39c184cbd76e9885dd4588
9bd2e269c535cf98ee3b8d0f604da6ce
194c907a7a3ab99d2cedb690ef98cbe3
95e88e793e6d786edd073b540347e7de
78bf219e6aed93a3769ca9a7a7dee4a7
4f094cf66246ed697c44c66b113fdb8e
ce92b4dbd43180f955585e4e2d48f934
340ff7373acbe591aa887f6efeb5c8ad
b0592b737f2e2ddf58c3f95966830e39
3e6a08fd70589714584694d780b01f1e
6a8556021508031868834a318a0ac88c
3d6be3a9eb2ff8de0eeed2e724e7c5ac
2b1031a2079fc7eb4014bc2db8fdf2e3
746820b092b48de5047a1b4984705014
1be39c3bd7598fccfa5b9db2a605a517
7a414e50f1c2f3f6dde07b7bac750f7f
e5f0d04fc5ee632ac6ba4e9d930effe2
e00060c5f9764442b1df10f4eb657cf7
ad002ecb94b2387c7768d322320e5cdc
c4265dea2dd6ae466cb89cb700962a68
1eb0355e2b0757ab535ac5e0e4e3d07b
a572c4366d37e47ce171b422cff21c07
e084cf8047d1dfe113ca23ff9b3ea600
786e7587a22bb49689674eba19f7e4a2
6fb5958184340a00e3fc57020683295d
8fafda1c6c53fa23ccfcbe2471870687
c814be202320eac7721046fb5a3b8895
9c2d31d997190a94a332e2d0a1eaadcb
d01cc101e1cc14882a0b24d80dbccbdd
2a02864d68dd45e551049ac93736b94d
b906a5188ae49ab86067c467dba1370a
153ed9bf5b6d766dfbf96a721eba7532
3f315a63aa99078626822ce1d4bce18a
9b7fcf8e59b2fc5644bbc6724ce9e888
b8fb50428c786d2aabc0cc04e8c4d853
a71801cde45b8b86cc56bded801976cb
7f7eceb52bb9a45d90653eaaf0230df8
614558c88258807641d2fd8ab0c543c1
5075b9379823d03675616c4e2038b3ff
5d37976b9b086934409fae09d2648cc6
8e392cc5730556f40c43a4d6eee16428
2d84aa3e42982637e8808d33578fa78b
91840ee52ff73f6b683514f87c30cf8b
94ab371edbcc423f605dd5d4ce3debf1
abf8bca5a7458b47aef909536c7b85ca
50bc1161a3fc4f0728794771732e11a0
4a4cb390133e30d079e1947eb152a69e
2c8bf19a6ad3ba1d8504e3123461dafe
133c72e7c3f789109d1c5e93c5edf112
c3d824b4d39e71ce237949b1ebaf29fc
8df302cca3bc348b9d7664b372ff5c54
1d707b46340b5e8ab0768068dfdd2274
c579dc376519d0ea52db4b65ff3ee73c
2ebce65605c32ce93e4cab4045bdce5b
0f21c7589cc783b3c851e283f85aa0b4
84030ba90964e646126f564c51da695e
29637c6d73ea5b9e652ee2ee979339aa
18967b681aed8c0545c3b1cb76cbc95f
dbf942cdcd978582b5dc82d9ff31396f
407d2c5fb3a04c34a68df71164d684ed
e47ee132747d0a53d1aeee0a714b55e6
45377222659557f270a11ab9a8b245b5
831d13f964b799917bcf4f216d562663
c17034fd04c01e12938330609df40e67
3608d4a595fcb00b32670c07fb8961e7
41f78137578f260f794bc2034f7bc9c8
fb03ed33adcbe21161527f31e733d861
c2fe13af518333233c8cc41bed9ad8c2
a2dde21ed5615c2889719d6c3e0d7e84
905476bd833cbd9b125d32bf8bf726e1
9b0c6658bdbcf142834c78b79f358a05
04578bfb70edc48b528a3525154340c9
5ec88ba620adba737b027d37e31f3654
a56ab97feb370b4fb562e937219beeb1
3ae76aba6ddfd149de7cba21e59b68a8
5067be6f6c18c06bde6d5254dd313585
03d6dfae9b186a8a4ce8b32f6a84bcef
4c131326d8da1ec0f07d4deb555719f8
0c20036b93ddea2616f10fd16941d79d
5792bfafee7ccd3b13eab1373d935ee6
865e1c075de790e52ffe6f30c20a1974
a17e7d935754bb2c104a4b34d85a6f0d
3041fc1058a293eb037e01eb86055387
bba38299cdb1246123a0b95e35364b98
048943c1b955fefb817e14e2b6482b53
3fa83cb5fb8e20bcaebcbb932a2fa90c
6f3a36e36116fb17123837fcf01aa567
67f20c142caeb9f86159751a4c5948cf
fd59c2430026073883a042d42b2ad1d8
1e61e46cbf434c6bf7f758ef57a1ebc6
4c6540282ceff3bcf9bdc390e0e6500c
2985103baf736f84d98c4c0bf7723ef8
f7cde805b31a3459ebfb8ace9a2a3e46
dca3ca29959c3399f9afb8a223c70159
628d106cc7c0551dae8f6e84c89c0ffe
94eb8c2b78fe90aeb2bb50d5699f24bb
6e66920c093c4519a596afe53c0424e4
e211cb614e186dce5ad2493cf5c79fbb
e488d4f1375759e3145d26e75f50edad
a3eb1901ca03b057815ca17e76bbbebf
53f3f7ab38dbdef1f99faaf89e3242cb
e639f97034d490bf036bb748065f9fa8
bcd0190b261b6d2d40713144026f80cc
8ac3196f8d0aacb34d8410d79fbf4dbd
ddebeaadacb84e2c26624fc26e8cab51
5e54f5e1e5ea759907034d7750f694e1
1794dab85d9eeb5c6c63b51fb4df419b
692df14565b289a0eb9dd287f2286203
6cc4abc084947dac1504654af93356c5
7330b8ccd2fe9b85b0c9b14125a175c5
e027a983385e6c6279b7bd7cc3ca6e1b
508940a271614e5186b0f24c5de43eb7
30cd57b136f4ce747c0cefc4fe61760d
79120a69d6dc6909e1a89bb9ee73dd62
100dcfa97eb12e6dfb9af97b55bd61bf
d243f269ece45fe6f08fd342febcbe94
0e17a33ea804c6ade4c9338dcb9db323
cc5edfbc3a072cc0fc995ed305be7f44
fac7978f081a9715e98aa2d6b6648ec4
8935bc640a9bcb5ba749a6913bf9a4ff
dcfec55055c11ec0f729935d3797bd77
10528c85abf72e583a2149c532b1b507
aa45dad31c67c330d52ae8910c853de1
e46c2a27d65bf93f8b340a7cd0144385
740b9d278db895a316cc6b7fe19083c1
f49f4e7fe11700d5555123aaa3877698
f32e2cccbb57d534ced7a453eda8b982
ce874be4bddc13a2cb238cea4b0d8ff2
e1affac51cc9a6f1a56d7f9ccaa11e3c
2430c69542ba166c37f72622e763fcac
33a17b580cf6e21790053f3231b46cb5
d5842797c607556bf3d6c919b12e1b3b
bf54192acec9008b92c0ff026976bc49
b0ee4f89f77abfc12c58484c6f684a4c
bceb186b02cf3ae5a1fe6a5752c4e413
4e1f5d9bb60b63453250492c2d6ba247
e7fd4dd2e61dfa5a533e31a333bd243f
a7dd97da9a7e56614f15b111dfde781f
6db810fa1eba9b9a136185707ee2060d
1049603d5dd20caf4d67837d421becf3
8196c7e4e321af5da4fa1fca055e7920
86211e70363570ce79d0796736e2ddca
93c074fe6b2d5601fb7765785e4914fa
97e8a60992f2776138d0f5cf91bdb2d9
91b26117dc74b51ecc17ec40358a5804
e6d15d67ac5f9912556dbe80494be13f
ab0eb3b7683d91e58af589416cb04ad4
f82d87645080a01ae75735ba94a05ad5
4198ec4410826b56d4dcf87676d29bfe
a02d4d44c97835bc1ecc46ddbf4ae272
01ec4de2859c3176873652194a36d48e
fd76dac2c0515d42ad4bb5c8be27f3c3
a74831db067956bbd5279ef2bca13b0b
96dd25a94d881d99aa2357336fb42de6
8a3c14f3856f80fe63166dff4beffb75
0b0bfae9cd1eafbfcd1e1f2fdcb61e3d
650bee89771b59b8214d09cb27e789c2
947a0f1e98b0c5130247ee450c64279b
e09ac1393b5a92e9f3eac6140f052f39
a9f1114ecadf596c1d3ac5dae2d5068f
3d46b9853c65799513b57087e2586c52
8bfb6b8bcbfb1f3e40be631da809cb37
2067fee789cc13d1591b5ab01d795df4
b8b2fefd99cf8038c082253b4e7cfa53
a5aba46303e7b2934b580a2c3f5d26ff
04ccfc37652dd89c16eeb609b3813785
42b14bf1ac263ce2202bb806b6bf1bf8
7583982f25352891545163b10dd09d43
f9f8e86774668192ec637e4065585a49
37e12826fd8a9a87c222de8d6836ea88
7bbcb3ecf1eb675a06cea71eee8f3dd4
a24bcf219fbe4c9c062262ba2e255ad6
302a3d70f01cdb68cb32186eee4d1bcc
c89eb4e6be1c19fcc590e05abe05abdb
2d3840cf0d0d254d50a8ca37f3056e7f
3692fd905a8387e7407a78570de6dea1
31dc95463aa309df3a3b273bb21c57a7
06901ae456012d6e5663f94e2f5b2ac2
00470949f56b10b5a87a228026df9353
2778d30c1b48d77ba2e18c4da8257c27
e7ac980c51cd0006c3c44cdb42a69e8c
af56df377f08db52dcffe6ff28c1b5fa
8926873c9f51b6882d0c5abfe4fce9cd
b6d1201d38b8924e04b268aa115d2cf6
35f50a12e4200c96002401c0498f49c5
aafb47405d1d509c815b341caed18748
f72f137a0ffa52063c75d609ddea1e25
933bbd236ed5d51d521cf13160995228
aa373cd5f42693a218b2d7faf2bd786e
6dda0254fdade6370872f48ff14a08cc
feb87e2cf5a3b45e737f5ab90ce90c29
319b42f836595961e6b09a3066912fe6
c8f4decc33f10923a6569084fd26d527
7f0ba72798c4b32d499adb29438d575f
3c680ba8af741fa1d0d762aa07a80653
c75d1a461bd813fbf8fc203b27bccec2
cf65c5997927daa73447cb154e3abbf3
0156058fcd915a2eed22542fdcd15a3a
ab0d74b666c010cb525212dee9a0ac5c
22c08153f3d2fc35eb2e5f09726a13a4
b2ca2632f2b276eb16408176f5ea38da
1d8c056d3c38f1775cd6c1f2eeac0a43
682ea63ac1b32f7b22f2687da323346e
f13444b264bd89c5158f936d74fcc7c0
7ece7954338ca5b0a39577d8cc4e67a5
e7017682486177804712feeafa96bd3e
e023a04ebef5f1f4c0b51d042c912cd1
1906a34371d4c052af0913543e8c9133
f9ed2832c5d3b5b836382d6da3f676c3
57e04dbfd87f03d079d462ea905f0131
6d20502778a4ad9faf22b439adfafb93
5794d64f15233f76e36617f2c89a6481
421876a7ab6cb4e2721f472b01a1be28
674ac37a54fa41c915774162acb92799
d50c62dae07cb0ff469fe79c33f63ea7
e3bd36cca237fee7d53c3b0c3327a6f8
bc93e26b4e8aed1d14eae52214c9c51c
4b3dae8add9e598af627079255d0568d
b8b950a0b4fce5dcf8096b48b709013c
11b7a4ea102d72b1bae418c23dda59f4
c5d7a22e67b2ca6d74e8a8e131aef3d7
25ba3070d38ce93971047b778aee4f67
263df34963ed91e203064d23556e4916
68ba474e9623924abb8c7c6fb6a0e806
d65406533d33bd12909bec38fec6f6bd
5cec8bc8f318431ffcd706e012b8ceb5
bb62da7fcd876aaa3444d6a6260b4dd9
b64ac3d56309221774f4b0255f5439ef
9f0f00ac0548eeac5f0fa72961c78f63
fa00680ab8ec258167045643bb128dc3
c4038ebe1f830a1200b77b7820785bc0
f517f27d86360400aa39f762e095b462
69feb67590f3bc723fab8aaaceaadc8a
33c307bb429d355bd62289e91af67264
4100191cf7bda06088757271e49bfa80
64a91a552f3d2293486762ca5e3a01b0
55cd6d096985adc4b7495f3bf41dee15
fe0c1bffac1fe9ea9d1949d47506f7a4
4fbbd528a017e94ba529b7d74a9489ff
f5f7aad057f59c39cbca64446fc6e651
d9deedf687a38eb24ee769ed4e791cd4
f9035a52f3be76fed2af9d68a85cc441
2839f8cb22711d1c7ad95f94f5629424
c9dba3a19fa971c03297a57be615c573
4c7536a7008713b6bce5daec2a909bc0
2b29d2806b6707cd319dab825e4e381b
88791d7cc7441b7a1c345148bc0ef048
f769e1e1076123f4d9db76ad41970822
120a9d38972663aa8ad20ccd9a5e1604
b11b93a236b49ab8337ad72fe97b6e3c
f42bead1831fbfaad1f16e30d6cc9b5f
7ccb24953e5001fdf336e05ef20232a1
dc3c0c084a602ab172f49115daeb893b
ca2c9bd1a6905895eac18ad0a44b04a6
cfb1ee52d8b6c223c2ca610d18629751
653f81586b32f265e935223600c29fff
5fad7fd9ad39c184cbd76e9885dd4588
9bd2e269c535cf98ee3b8d0f604da6ce
194c907a7a3ab99d2cedb690ef98cbe3
95e88e793e6d786edd073b540347e7de
78bf219e6aed93a3769ca9a7a7dee4a7
4f094cf66246ed697c44c66b113fdb8e
ce92b4dbd43180f955585e4e2d48f934
340ff7373acbe591aa887f6efeb5c8ad
b0592b737f2e2ddf58c3f95966830e39
3e6a08fd70589714584694d780b01f1e
6a8556021508031868834a318a0ac88c
3d6be3a9eb2ff8de0eeed2e724e7c5ac
2b1031a2079fc7eb4014bc2db8fdf2e3
746820b092b48de5047a1b4984705014
1be39c3bd7598fccfa5b9db2a605a517
7a414e50f1c2f3f6dde07b7bac750f7f
e5f0d04fc5ee632ac6ba4e9d930effe2
e00060c5f9764442b1df10f4eb657cf7
ad002ecb94b2387c7768d322320e5cdc
c4265dea2dd6ae466cb89cb700962a68
1eb0355e2b0757ab535ac5e0e4e3d07b
a572c4366d37e47ce171b422cff21c07
e084cf8047d1dfe113ca23ff9b3ea600
786e7587a22bb49689674eba19f7e4a2
6fb5958184340a00e3fc57020683295d
8fafda1c6c53fa23ccfcbe2471870687
c814be202320eac7721046fb5a3b8895
9c2d31d997190a94a332e2d0a1eaadcb
d01cc101e1cc14882a0b24d80dbccbdd
2a02864d68dd45e551049ac93736b94d
b906a5188ae49ab86067c467dba1370a
153ed9bf5b6d766dfbf96a721eba7532
3f315a63aa99078626822ce1d4bce18a
9b7fcf8e59b2fc5644bbc6724ce9e888
b8fb50428c786d2aabc0cc04e8c4d853
a71801cde45b8b86cc56bded801976cb
7f7eceb52bb9a45d90653eaaf0230df8
614558c88258807641d2fd8ab0c543c1
5075b9379823d03675616c4e2038b3ff
5d37976b9b086934409fae09d2648cc6
8e392cc5730556f40c43a4d6eee16428
2d84aa3e42982637e8808d33578fa78b
91840ee52ff73f6b683514f87c30cf8b
94ab371edbcc423f605dd5d4ce3debf1
abf8bca5a7458b47aef909536c7b85ca
50bc1161a3fc4f0728794771732e11a0
4a4cb390133e30d079e1947eb152a69e
2c8bf19a6ad3ba1d8504e3123461dafe
133c72e7c3f789109d1c5e93c5edf112
c3d824b4d39e71ce237949b1ebaf29fc
8df302cca3bc348b9d7664b372ff5c54
1d707b46340b5e8ab0768068dfdd2274
c579dc376519d0ea52db4b65ff3ee73c
2ebce65605c32ce93e4cab4045bdce5b
0f21c7589cc783b3c851e283f85aa0b4
84030ba90964e646126f564c51da695e
29637c6d73ea5b9e652ee2ee979339aa
18967b681aed8c0545c3b1cb76cbc95f
dbf942cdcd978582b5dc82d9ff31396f
407d2c5fb3a04c34a68df71164d684ed
e47ee132747d0a53d1aeee0a714b55e6
45377222659557f270a11ab9a8b245b5
831d13f964b799917bcf4f216d562663
c17034fd04c01e12938330609df40e67
3608d4a595fcb00b32670c07fb8961e7
41f78137578f260f794bc2034f7bc9c8
fb03ed33adcbe21161527f31e733d861
c2fe13af518333233c8cc41bed9ad8c2
a2dde21ed5615c2889719d6c3e0d7e84
905476bd833cbd9b125d32bf8bf726e1
9b0c6658bdbcf142834c78b79f358a05
04578bfb70edc48b528a3525154340c9
5ec88ba620adba737b027d37e31f3654
a56ab97feb370b4fb562e937219beeb1
3ae76aba6ddfd149de7cba21e59b68a8
5067be6f6c18c06bde6d5254dd313585
03d6dfae9b186a8a4ce8b32f6a84bcef
4c131326d8da1ec0f07d4deb555719f8
0c20036b93ddea2616f10fd16941d79d
5792bfafee7ccd3b13eab1373d935ee6
865e1c075de790e52ffe6f30c20a1974
a17e7d935754bb2c104a4b34d85a6f0d
3041fc1058a293eb037e01eb86055387
bba38299cdb1246123a0b95e35364b98
048943c1b955fefb817e14e2b6482b53
3fa83cb5fb8e20bcaebcbb932a2fa90c
6f3a36e36116fb17123837fcf01aa567
67f20c142caeb9f86159751a4c5948cf
fd59c2430026073883a042d42b2ad1d8
1e61e46cbf434c6bf7f758ef57a1ebc6
4c6540282ceff3bcf9bdc390e0e6500c
2985103baf736f84d98c4c0bf7723ef8
f7cde805b31a3459ebfb8ace9a2a3e46
dca3ca29959c3399f9afb8a223c70159
628d106cc7c0551dae8f6e84c89c0ffe
94eb8c2b78fe90aeb2bb50d5699f24bb
6e66920c093c4519a596afe53c0424e4
e211cb614e186dce5ad2493cf5c79fbb
e488d4f1375759e3145d26e75f50edad
a3eb1901ca03b057815ca17e76bbbebf
53f3f7ab38dbdef1f99faaf89e3242cb
e639f97034d490bf036bb748065f9fa8
bcd0190b261b6d2d40713144026f80cc
8ac3196f8d0aacb34d8410d79fbf4dbd
ddebeaadacb84e2c26624fc26e8cab51
5e54f5e1e5ea759907034d7750f694e1
1794dab85d9eeb5c6c63b51fb4df419b
692df14565b289a0eb9dd287f2286203
6cc4abc084947dac1504654af93356c5
7330b8ccd2fe9b85b0c9b14125a175c5
e027a983385e6c6279b7bd7cc3ca6e1b
508940a271614e5186b0f24c5de43eb7
30cd57b136f4ce747c0cefc4fe61760d
79120a69d6dc6909e1a89bb9ee73dd62
100dcfa97eb12e6dfb9af97b55bd61bf
d243f269ece45fe6f08fd342febcbe94
0e17a33ea804c6ade4c9338dcb9db323
cc5edfbc3a072cc0fc995ed305be7f44
fac7978f081a9715e98aa2d6b6648ec4
8935bc640a9bcb5ba749a6913bf9a4ff
dcfec55055c11ec0f729935d3797bd77
10528c85abf72e583a2149c532b1b507
aa45dad31c67c330d52ae8910c853de1
e46c2a27d65bf93f8b340a7cd0144385
740b9d278db895a316cc6b7fe19083c1
f49f4e7fe11700d5555123aaa3877698
f32e2cccbb57d534ced7a453eda8b982
ce874be4bddc13a2cb238cea4b0d8ff2
e1affac51cc9a6f1a56d7f9ccaa11e3c
2430c69542ba166c37f72622e763fcac
33a17b580cf6e21790053f3231b46cb5
d5842797c607556bf3d6c919b12e1b3b
bf54192acec9008b92c0ff026976bc49
b0ee4f89f77abfc12c58484c6f684a4c
bceb186b02cf3ae5a1fe6a5752c4e413
4e1f5d9bb60b63453250492c2d6ba247
e7fd4dd2e61dfa5a533e31a333bd243f
a7dd97da9a7e56614f15b111dfde781f
6db810fa1eba9b9a136185707ee2060d
1049603d5dd20caf4d67837d421becf3
8196c7e4e321af5da4fa1fca055e7920
86211e70363570ce79d0796736e2ddca
93c074fe6b2d5601fb7765785e4914fa
97e8a60992f2776138d0f5cf91bdb2d9
91b26117dc74b51ecc17ec40358a5804
e6d15d67ac5f9912556dbe80494be13f
ab0eb3b7683d91e58af589416cb04ad4
f82d87645080a01ae75735ba94a05ad5
4198ec4410826b56d4dcf87676d29bfe
a02d4d44c97835bc1ecc46ddbf4ae272
01ec4de2859c3176873652194a36d48e
fd76dac2c0515d42ad4bb5c8be27f3c3
a74831db067956bbd5279ef2bca13b0b
96dd25a94d881d99aa2357336fb42de6
8a3c14f3856f80fe63166dff4beffb75
0b0bfae9cd1eafbfcd1e1f2fdcb61e3d
650bee89771b59b8214d09cb27e789c2
947a0f1e98b0c5130247ee450c64279b
e09ac1393b5a92e9f3eac6140f052f39
a9f1114ecadf596c1d3ac5dae2d5068f
3d46b9853c65799513b57087e2586c52
8bfb6b8bcbfb1f3e40be631da809cb37
2067fee789cc13d1591b5ab01d795df4
b8b2fefd99cf8038c082253b4e7cfa53
a5aba46303e7b2934b580a2c3f5d26ff
04ccfc37652dd89c16eeb609b3813785
42b14bf1ac263ce2202bb806b6bf1bf8
7583982f25352891545163b10dd09d43
f9f8e86774668192ec637e4065585a49
37e12826fd8a9a87c222de8d6836ea88
7bbcb3ecf1eb675a06cea71eee8f3dd4
a24bcf219fbe4c9c062262ba2e255ad6
302a3d70f01cdb68cb32186eee4d1bcc
c89eb4e6be1c19fcc590e05abe05abdb
2d3840cf0d0d254d50a8ca37f3056e7f
3692fd905a8387e7407a78570de6dea1
31dc95463aa309df3a3b273bb21c57a7
06901ae456012d6e5663f94e2f5b2ac2
00470949f56b10b5a87a228026df9353
2778d30c1b48d77ba2e18c4da8257c27
e7ac980c51cd0006c3c44cdb42a69e8c
af56df377f08db52dcffe6ff28c1b5fa
8926873c9f51b6882d0c5abfe4fce9cd
b6d1201d38b8924e04b268aa115d2cf6
35f50a12e4200c96002401c0498f49c5
aafb47405d1d509c815b341caed18748
f72f137a0ffa52063c75d609ddea1e25
933bbd236ed5d51d521cf13160995228
aa373cd5f42693a218b2d7faf2bd786e
6dda0254fdade6370872f48ff14a08cc
feb87e2cf5a3b45e737f5ab90ce90c29
319b42f836595961e6b09a3066912fe6
c8f4decc33f10923a6569084fd26d527
7f0ba72798c4b32d499adb29438d575f
3c680ba8af741fa1d0d762aa07a80653
c75d1a461bd813fbf8fc203b27bccec2
cf65c5997927daa73447cb154e3abbf3
0156058fcd915a2eed22542fdcd15a3a
ab0d74b666c010cb525212dee9a0ac5c
22c08153f3d2fc35eb2e5f09726a13a4
b2ca2632f2b276eb16408176f5ea38da
1d8c056d3c38f1775cd6c1f2eeac0a43
682ea63ac1b32f7b22f2687da323346e
f13444b264bd89c5158f936d74fcc7c0
7ece7954338ca5b0a39577d8cc4e67a5
e7017682486177804712feeafa96bd3e
e023a04ebef5f1f4c0b51d042c912cd1
1906a34371d4c052af0913543e8c9133
f9ed2832c5d3b5b836382d6da3f676c3
57e04dbfd87f03d079d462ea905f0131
6d20502778a4ad9faf22b439adfafb93
5794d64f15233f76e36617f2c89a6481
421876a7ab6cb4e2721f472b01a1be28
674ac37a54fa41c915774162acb92799
d50c62dae07cb0ff469fe79c33f63ea7
e3bd36cca237fee7d53c3b0c3327a6f8
bc93e26b4e8aed1d14eae52214c9c51c
4b3dae8add9e598af627079255d0568d
b8b950a0b4fce5dcf8096b48b709013c
11b7a4ea102d72b1bae418c23dda59f4
c5d7a22e67b2ca6d74e8a8e131aef3d7
25ba3070d38ce93971047b778aee4f67
263df34963ed91e203064d23556e4916
68ba474e9623924abb8c7c6fb6a0e806
d65406533d33bd12909bec38fec6f6bd
5cec8bc8f318431ffcd706e012b8ceb5
bb62da7fcd876aaa3444d6a6260b4dd9
b64ac3d56309221774f4b0255f5439ef
9f0f00ac0548eeac5f0fa72961c78f63
fa00680ab8ec258167045643bb128dc3
c4038ebe1f830a1200b77b7820785bc0
f517f27d86360400aa39f762e095b462
69feb67590f3bc723fab8aaaceaadc8a
33c307bb429d355bd62289e91af67264
4100191cf7bda06088757271e49bfa80
64a91a552f3d2293486762ca5e3a01b0
55cd6d096985adc4b7495f3bf41dee15
fe0c1bffac1fe9ea9d1949d47506f7a4
4fbbd528a017e94ba529b7d74a9489ff
f5f7aad057f59c39cbca64446fc6e651
d9deedf687a38eb24ee769ed4e791cd4
f9035a52f3be76fed2af9d68a85cc441
2839f8cb22711d1c7ad95f94f5629424
c9dba3a19fa971c03297a57be615c573
4c7536a7008713b6bce5daec2a909bc0
2b29d2806b6707cd319dab825e4e381b
88791d7cc7441b7a1c345148bc0ef048
f769e1e1076123f4d9db76ad41970822
120a9d38972663aa8ad20ccd9a5e1604
b11b93a236b49ab8337ad72fe97b6e3c
f42bead1831fbfaad1f16e30d6cc9b5f
7ccb24953e5001fdf336e05ef20232a1
dc3c0c084a602ab172f49115daeb893b
ca2c9bd1a6905895eac18ad0a44b04a6
cfb1ee52d8b6c223c2ca610d18629751
653f81586b32f265e935223600c29fff
5fad7fd9ad39c184cbd76e9885dd4588
9bd2e269c535cf98ee3b8d0f604da6ce
194c907a7a3ab99d2cedb690ef98cbe3
95e88e793e6d786edd073b540347e7de
78bf219e6aed93a3769ca9a7a7dee4a7
4f094cf66246ed697c44c66b113fdb8e
ce92b4dbd43180f955585e4e2d48f934
340ff7373acbe591aa887f6efeb5c8ad
b0592b737f2e2ddf58c3f95966830e39
3e6a08fd70589714584694d780b01f1e
6a8556021508031868834a318a0ac88c
3d6be3a9eb2ff8de0eeed2e724e7c5ac
2b1031a2079fc7eb4014bc2db8fdf2e3
746820b092b48de5047a1b4984705014
1be39c3bd7598fccfa5b9db2a605a517
7a414e50f1c2f3f6dde07b7bac750f7f
e5f0d04fc5ee632ac6ba4e9d930effe2
e00060c5f9764442b1df10f4eb657cf7
ad002ecb94b2387c7768d322320e5cdc
c4265dea2dd6ae466cb89cb700962a68
1eb0355e2b0757ab535ac5e0e4e3d07b
a572c4366d37e47ce171b422cff21c07
e084cf8047d1dfe113ca23ff9b3ea600
786e7587a22bb49689674eba19f7e4a2
6fb5958184340a00e3fc57020683295d
8fafda1c6c53fa23ccfcbe2471870687
c814be202320eac7721046fb5a3b8895
9c2d31d997190a94a332e2d0a1eaadcb
d01cc101e1cc14882a0b24d80dbccbdd
2a02864d68dd45e551049ac93736b94d
b906a5188ae49ab86067c467dba1370a
153ed9bf5b6d766dfbf96a721eba7532
3f315a63aa99078626822ce1d4bce18a
9b7fcf8e59b2fc5644bbc6724ce9e888
b8fb50428c786d2aabc0cc04e8c4d853
a71801cde45b8b86cc56bded801976cb
7f7eceb52bb9a45d90653eaaf0230df8
614558c88258807641d2fd8ab0c543c1
5075b9379823d03675616c4e2038b3ff
5d37976b9b086934409fae09d2648cc6
8e392cc5730556f40c43a4d6eee16428
2d84aa3e42982637e8808d33578fa78b
91840ee52ff73f6b683514f87c30cf8b
94ab371edbcc423f605dd5d4ce3debf1
abf8bca5a7458b47aef909536c7b85ca
50bc1161a3fc4f0728794771732e11a0
4a4cb390133e30d079e1947eb152a69e
2c8bf19a6ad3ba1d8504e3123461dafe
133c72e7c3f789109d1c5e93c5edf112
c3d824b4d39e71ce237949b1ebaf29fc
8df302cca3bc348b9d7664b372ff5c54
1d707b46340b5e8ab0768068dfdd2274
c579dc376519d0ea52db4b65ff3ee73c
2ebce65605c32ce93e4cab4045bdce5b
0f21c7589cc783b3c851e283f85aa0b4
84030ba90964e646126f564c51da695e
29637c6d73ea5b9e652ee2ee979339aa
18967b681aed8c0545c3b1cb76cbc95f
dbf942cdcd978582b5dc82d9ff31396f
407d2c5fb3a04c34a68df71164d684ed
e47ee132747d0a53d1aeee0a714b55e6
45377222659557f270a11ab9a8b245b5
831d13f964b799917bcf4f216d562663
c17034fd04c01e12938330609df40e67
3608d4a595fcb00b32670c07fb8961e7
41f78137578f260f794bc2034f7bc9c8
fb03ed33adcbe21161527f31e733d861
c2fe13af518333233c8cc41bed9ad8c2
a2dde21ed5615c2889719d6c3e0d7e84
905476bd833cbd9b125d32bf8bf726e1
9b0c6658bdbcf142834c78b79f358a05
04578bfb70edc48b528a3525154340c9
5ec88ba620adba737b027d37e31f3654
a56ab97feb370b4fb562e937219beeb1
3ae76aba6ddfd149de7cba21e59b68a8
5067be6f6c18c06bde6d5254dd313585
03d6dfae9b186a8a4ce8b32f6a84bcef
4c131326d8da1ec0f07d4deb555719f8
0c20036b93ddea2616f10fd16941d79d
5792bfafee7ccd3b13eab1373d935ee6
865e1c075de790e52ffe6f30c20a1974
a17e7d935754bb2c104a4b34d85a6f0d
3041fc1058a293eb037e01eb86055387
bba38299cdb1246123a0b95e35364b98
048943c1b955fefb817e14e2b6482b53
3fa83cb5fb8e20bcaebcbb932a2fa90c
6f3a36e36116fb17123837fcf01aa567
67f20c142caeb9f86159751a4c5948cf
fd59c2430026073883a042d42b2ad1d8
1e61e46cbf434c6bf7f758ef57a1ebc6
4c6540282ceff3bcf9bdc390e0e6500c
2985103baf736f84d98c4c0bf7723ef8
f7cde805b31a3459ebfb8ace9a2a3e46
dca3ca29959c3399f9afb8a223c70159
628d106cc7c0551dae8f6e84c89c0ffe
94eb8c2b78fe90aeb2bb50d5699f24bb
6e66920c093c4519a596afe53c0424e4
e211cb614e186dce5ad2493cf5c79fbb
e488d4f1375759e3145d26e75f50edad
a3eb1901ca03b057815ca17e76bbbebf
53f3f7ab38dbdef1f99faaf89e3242cb
e639f97034d490bf036bb748065f9fa8
bcd0190b261b6d2d40713144026f80cc
8ac3196f8d0aacb34d8410d79fbf4dbd
ddebeaadacb84e2c26624fc26e8cab51
5e54f5e1e5ea759907034d7750f694e1
1794dab85d9eeb5c6c63b51fb4df419b
692df14565b289a0eb9dd287f2286203
6cc4abc084947dac1504654af93356c5
7330b8ccd2fe9b85b0c9b14125a175c5
e027a983385e6c6279b7bd7cc3ca6e1b
508940a271614e5186b0f24c5de43eb7
30cd57b136f4ce747c0cefc4fe61760d
79120a69d6dc6909e1a89bb9ee73dd62
100dcfa97eb12e6dfb9af97b55bd61bf
d243f269ece45fe6f08fd342febcbe94
0e17a33ea804c6ade4c9338dcb9db323
cc5edfbc3a072cc0fc995ed305be7f44
fac7978f081a9715e98aa2d6b6648ec4
8935bc640a9bcb5ba749a6913bf9a4ff
dcfec55055c11ec0f729935d3797bd77
10528c85abf72e583a2149c532b1b507
aa45dad31c67c330d52ae8910c853de1
e46c2a27d65bf93f8b340a7cd0144385
740b9d278db895a316cc6b7fe19083c1
f49f4e7fe11700d5555123aaa3877698
f32e2cccbb57d534ced7a453eda8b982
ce874be4bddc13a2cb238cea4b0d8ff2
e1affac51cc9a6f1a56d7f9ccaa11e3c
2430c69542ba166c37f72622e763fcac
33a17b580cf6e21790053f3231b46cb5
d5842797c607556bf3d6c919b12e1b3b
bf54192acec9008b92c0ff026976bc49
b0ee4f89f77abfc12c58484c6f684a4c
bceb186b02cf3ae5a1fe6a5752c4e413
4e1f5d9bb60b63453250492c2d6ba247
e7fd4dd2e61dfa5a533e31a333bd243f
a7dd97da9a7e56614f15b111dfde781f
6db810fa1eba9b9a136185707ee2060d
1049603d5dd20caf4d67837d421becf3
8196c7e4e321af5da4fa1fca055e7920
86211e70363570ce79d0796736e2ddca
93c074fe6b2d5601fb7765785e4914fa
97e8a60992f2776138d0f5cf91bdb2d9
91b26117dc74b51ecc17ec40358a5804
e6d15d67ac5f9912556dbe80494be13f
ab0eb3b7683d91e58af589416cb04ad4
f82d87645080a01ae75735ba94a05ad5
4198ec4410826b56d4dcf87676d29bfe
a02d4d44c97835bc1ecc46ddbf4ae272
01ec4de2859c3176873652194a36d48e
fd76dac2c0515d42ad4bb5c8be27f3c3
a74831db067956bbd5279ef2bca13b0b
96dd25a94d881d99aa2357336fb42de6
8a3c14f3856f80fe63166dff4beffb75
0b0bfae9cd1eafbfcd1e1f2fdcb61e3d
650bee89771b59b8214d09cb27e789c2
947a0f1e98b0c5130247ee450c64279b
e09ac1393b5a92e9f3eac6140f052f39
a9f1114ecadf596c1d3ac5dae2d5068f
3d46b9853c65799513b57087e2586c52
8bfb6b8bcbfb1f3e40be631da809cb37
2067fee789cc13d1591b5ab01d795df4
b8b2fefd99cf8038c082253b4e7cfa53
a5aba46303e7b2934b580a2c3f5d26ff
04ccfc37652dd89c16eeb609b3813785
42b14bf1ac263ce2202bb806b6bf1bf8
7583982f25352891545163b10dd09d43
f9f8e86774668192ec637e4065585a49
37e12826fd8a9a87c222de8d6836ea88
7bbcb3ecf1eb675a06cea71eee8f3dd4
a24bcf219fbe4c9c062262ba2e255ad6
302a3d70f01cdb68cb32186eee4d1bcc
c89eb4e6be1c19fcc590e05abe05abdb
2d3840cf0d0d254d50a8ca37f3056e7f
3692fd905a8387e7407a78570de6dea1
31dc95463aa309df3a3b273bb21c57a7
06901ae456012d6e5663f94e2f5b2ac2
00470949f56b10b5a87a228026df9353
2778d30c1b48d77ba2e18c4da8257c27
e7ac980c51cd0006c3c44cdb42a69e8c
af56df377f08db52dcffe6ff28c1b5fa
8926873c9f51b6882d0c5abfe4fce9cd
b6d1201d38b8924e04b268aa115d2cf6
35f50a12e4200c96002401c0498f49c5
aafb47405d1d509c815b341caed18748
f72f137a0ffa52063c75d609ddea1e25
933bbd236ed5d51d521cf13160995228
aa373cd5f42693a218b2d7faf2bd786e
6dda0254fdade6370872f48ff14a08cc
feb87e2cf5a3b45e737f5ab90ce90c29
319b42f836595961e6b09a3066912fe6
c8f4decc33f10923a6569084fd26d527
7f0ba72798c4b32d499adb29438d575f
3c680ba8af741fa1d0d762aa07a80653
c75d1a461bd813fbf8fc203b27bccec2
cf65c5997927daa73447cb154e3abbf3
0156058fcd915a2eed22542fdcd15a3a
ab0d74b666c010cb525212dee9a0ac5c
22c08153f3d2fc35eb2e5f09726a13a4
b2ca2632f2b276eb16408176f5ea38da
1d8c056d3c38f1775cd6c1f2eeac0a43
682ea63ac1b32f7b22f2687da323346e
f13444b264bd89c5158f936d74fcc7c0
7ece7954338ca5b0a39577d8cc4e67a5
e7017682486177804712feeafa96bd3e
e023a04ebef5f1f4c0b51d042c912cd1
1906a34371d4c052af0913543e8c9133
f9ed2832c5d3b5b836382d6da3f676c3
57e04dbfd87f03d079d462ea905f0131
6d20502778a4ad9faf22b439adfafb93
5794d64f15233f76e36617f2c89a6481
421876a7ab6cb4e2721f472b01a1be28
674ac37a54fa41c915774162acb92799
d50c62dae07cb0ff469fe79c33f63ea7
e3bd36cca237fee7d53c3b0c3327a6f8
bc93e26b4e8aed1d14eae52214c9c51c
4b3dae8add9e598af627079255d0568d
b8b950a0b4fce5dcf8096b48b709013c
11b7a4ea102d72b1bae418c23dda59f4
c5d7a22e67b2ca6d74e8a8e131aef3d7
25ba3070d38ce93971047b778aee4f67
263df34963ed91e203064d23556e4916
68ba474e9623924abb8c7c6fb6a0e806
d65406533d33bd12909bec38fec6f6bd
5cec8bc8f318431ffcd706e012b8ceb5
bb62da7fcd876aaa3444d6a6260b4dd9
b64ac3d56309221774f4b0255f5439ef
9f0f00ac0548eeac5f0fa72961c78f63
fa00680ab8ec258167045643bb128dc3
c4038ebe1f830a1200b77b7820785bc0
f517f27d86360400aa39f762e095b462
69feb67590f3bc723fab8aaaceaadc8a
33c307bb429d355bd62289e91af67264
4100191cf7bda06088757271e49bfa80
64a91a552f3d2293486762ca5e3a01b0
55cd6d096985adc4b7495f3bf41dee15
fe0c1bffac1fe9ea9d1949d47506f7a4
4fbbd528a017e94ba529b7d74a9489ff
f5f7aad057f59c39cbca64446fc6e651
d9deedf687a38eb24ee769ed4e791cd4
f9035a52f3be76fed2af9d68a85cc441
2839f8cb22711d1c7ad95f94f5629424
c9dba3a19fa971c03297a57be615c573
4c7536a7008713b6bce5daec2a909bc0
2b29d2806b6707cd319dab825e4e381b
88791d7cc7441b7a1c345148bc0ef048
f769e1e1076123f4d9db76ad41970822
120a9d38972663aa8ad20ccd9a5e1604
b11b93a236b49ab8337ad72fe97b6e3c
f42bead1831fbfaad1f16e30d6cc9b5f
7ccb24953e5001fdf336e05ef20232a1
dc3c0c084a602ab172f49115daeb893b
ca2c9bd1a6905895eac18ad0a44b04a6
cfb1ee52d8b6c223c2ca610d18629751
653f81586b32f265e935223600c29fff
5fad7fd9ad39c184cbd76e9885dd4588
9bd2e269c535cf98ee3b8d0f604da6ce
194c907a7a3ab99d2cedb690ef98cbe3
95e88e793e6d786edd073b540347e7de
78bf219e6aed93a3769ca9a7a7dee4a7
4f094cf66246ed697c44c66b113fdb8e
ce92b4dbd43180f955585e4e2d48f934
340ff7373acbe591aa887f6efeb5c8ad
b0592b737f2e2ddf58c3f95966830e39
3e6a08fd70589714584694d780b01f1e
6a8556021508031868834a318a0ac88c
3d6be3a9eb2ff8de0eeed2e724e7c5ac
2b1031a2079fc7eb4014bc2db8fdf2e3
746820b092b48de5047a1b4984705014
1be39c3bd7598fccfa5b9db2a605a517
7a414e50f1c2f3f6dde07b7bac750f7f
e5f0d04fc5ee632ac6ba4e9d930effe2
e00060c5f9764442b1df10f4eb657cf7
ad002ecb94b2387c7768d322320e5cdc
c4265dea2dd6ae466cb89cb700962a68
1eb0355e2b0757ab535ac5e0e4e3d07b
a572c4366d37e47ce171b422cff21c07
e084cf8047d1dfe113ca23ff9b3ea600
786e7587a22bb49689674eba19f7e4a2
6fb5958184340a00e3fc57020683295d
8fafda1c6c53fa23ccfcbe2471870687
c814be202320eac7721046fb5a3b8895
9c2d31d997190a94a332e2d0a1eaadcb
d01cc101e1cc14882a0b24d80dbccbdd
2a02864d68dd45e551049ac93736b94d
b906a5188ae49ab86067c467dba1370a
153ed9bf5b6d766dfbf96a721eba7532
3f315a63aa99078626822ce1d4bce18a
9b7fcf8e59b2fc5644bbc6724ce9e888
b8fb50428c786d2aabc0cc04e8c4d853
a71801cde45b8b86cc56bded801976cb
7f7eceb52bb9a45d90653eaaf0230df8
614558c88258807641d2fd8ab0c543c1
5075b9379823d03675616c4e2038b3ff
5d37976b9b086934409fae09d2648cc6
8e392cc5730556f40c43a4d6eee16428
2d84aa3e42982637e8808d33578fa78b
91840ee52ff73f6b683514f87c30cf8b
94ab371edbcc423f605dd5d4ce3debf1
abf8bca5a7458b47aef909536c7b85ca
50bc1161a3fc4f0728794771732e11a0
4a4cb390133e30d079e1947eb152a69e
2c8bf19a6ad3ba1d8504e3123461dafe
133c72e7c3f789109d1c5e93c5edf112
c3d824b4d39e71ce237949b1ebaf29fc
8df302cca3bc348b9d7664b372ff5c54
1d707b46340b5e8ab0768068dfdd2274
c579dc376519d0ea52db4b65ff3ee73c
2ebce65605c32ce93e4cab4045bdce5b
0f21c7589cc783b3c851e283f85aa0b4
84030ba90964e646126f564c51da695e
29637c6d73ea5b9e652ee2ee979339aa
18967b681aed8c0545c3b1cb76cbc95f
dbf942cdcd978582b5dc82d9ff31396f
407d2c5fb3a04c34a68df71164d684ed
e47ee132747d0a53d1aeee0a714b55e6
45377222659557f270a11ab9a8b245b5
831d13f964b799917bcf4f216d562663
c17034fd04c01e12938330609df40e67
3608d4a595fcb00b32670c07fb8961e7
41f78137578f260f794bc2034f7bc9c8
fb03ed33adcbe21161527f31e733d861
c2fe13af518333233c8cc41bed9ad8c2
a2dde21ed5615c2889719d6c3e0d7e84
905476bd833cbd9b125d32bf8bf726e1
9b0c6658bdbcf142834c78b79f358a05
04578bfb70edc48b528a3525154340c9
5ec88ba620adba737b027d37e31f3654
a56ab97feb370b4fb562e937219beeb1
3ae76aba6ddfd149de7cba21e59b68a8
5067be6f6c18c06bde6d5254dd313585
03d6dfae9b186a8a4ce8b32f6a84bcef
4c131326d8da1ec0f07d4deb555719f8
0c20036b93ddea2616f10fd16941d79d
5792bfafee7ccd3b13eab1373d935ee6
865e1c075de790e52ffe6f30c20a1974
a17e7d935754bb2c104a4b34d85a6f0d
3041fc1058a293eb037e01eb86055387
bba38299cdb1246123a0b95e35364b98
048943c1b955fefb817e14e2b6482b53
3fa83cb5fb8e20bcaebcbb932a2fa90c
6f3a36e36116fb17123837fcf01aa567
67f20c142caeb9f86159751a4c5948cf
fd59c2430026073883a042d42b2ad1d8
1e61e46cbf434c6bf7f758ef57a1ebc6
4c6540282ceff3bcf9bdc390e0e6500c
2985103baf736f84d98c4c0bf7723ef8
f7cde805b31a3459ebfb8ace9a2a3e46
dca3ca29959c3399f9afb8a223c70159
628d106cc7c0551dae8f6e84c89c0ffe
94eb8c2b78fe90aeb2bb50d5699f24bb
6e66920c093c4519a596afe53c0424e4
e211cb614e186dce5ad2493cf5c79fbb
e488d4f1375759e3145d26e75f50edad
a3eb1901ca03b057815ca17e76bbbebf
53f3f7ab38dbdef1f99faaf89e3242cb
e639f97034d490bf036bb748065f9fa8
bcd0190b261b6d2d40713144026f80cc
8ac3196f8d0aacb34d8410d79fbf4dbd
ddebeaadacb84e2c26624fc26e8cab51
5e54f5e1e5ea759907034d7750f694e1
1794dab85d9eeb5c6c63b51fb4df419b
692df14565b289a0eb9dd287f2286203
6cc4abc084947dac1504654af93356c5
7330b8ccd2fe9b85b0c9b14125a175c5
e027a983385e6c6279b7bd7cc3ca6e1b
508940a271614e5186b0f24c5de43eb7
30cd57b136f4ce747c0cefc4fe61760d
79120a69d6dc6909e1a89bb9ee73dd62
100dcfa97eb12e6dfb9af97b55bd61bf
d243f269ece45fe6f08fd342febcbe94
0e17a33ea804c6ade4c9338dcb9db323
cc5edfbc3a072cc0fc995ed305be7f44
fac7978f081a9715e98aa2d6b6648ec4
8935bc640a9bcb5ba749a6913bf9a4ff
dcfec55055c11ec0f729935d3797bd77
10528c85abf72e583a2149c532b1b507
aa45dad31c67c330d52ae8910c853de1
e46c2a27d65bf93f8b340a7cd0144385
740b9d278db895a316cc6b7fe19083c1
f49f4e7fe11700d5555123aaa3877698
f32e2cccbb57d534ced7a453eda8b982
ce874be4bddc13a2cb238cea4b0d8ff2
e1affac51cc9a6f1a56d7f9ccaa11e3c
2430c69542ba166c37f72622e763fcac
33a17b580cf6e21790053f3231b46cb5
d5842797c607556bf3d6c919b12e1b3b
bf54192acec9008b92c0ff026976bc49
b0ee4f89f77abfc12c58484c6f684a4c
bceb186b02cf3ae5a1fe6a5752c4e413
4e1f5d9bb60b63453250492c2d6ba247
e7fd4dd2e61dfa5a533e31a333bd243f
a7dd97da9a7e56614f15b111dfde781f
6db810fa1eba9b9a136185707ee2060d
1049603d5dd20caf4d67837d421becf3
8196c7e4e321af5da4fa1fca055e7920
86211e70363570ce79d0796736e2ddca
93c074fe6b2d5601fb7765785e4914fa
97e8a60992f2776138d0f5cf91bdb2d9
91b26117dc74b51ecc17ec40358a5804
e6d15d67ac5f9912556dbe80494be13f
ab0eb3b7683d91e58af589416cb04ad4
f82d87645080a01ae75735ba94a05ad5
4198ec4410826b56d4dcf87676d29bfe
a02d4d44c97835bc1ecc46ddbf4ae272
01ec4de2859c3176873652194a36d48e
fd76dac2c0515d42ad4bb5c8be27f3c3
a74831db067956bbd5279ef2bca13b0b
96dd25a94d881d99aa2357336fb42de6
8a3c14f3856f80fe63166dff4beffb75
0b0bfae9cd1eafbfcd1e1f2fdcb61e3d
650bee89771b59b8214d09cb27e789c2
947a0f1e98b0c5130247ee450c64279b
e09ac1393b5a92e9f3eac6140f052f39
a9f1114ecadf596c1d3ac5dae2d5068f
3d46b9853c65799513b57087e2586c52
8bfb6b8bcbfb1f3e40be631da809cb37
2067fee789cc13d1591b5ab01d795df4
b8b2fefd99cf8038c082253b4e7cfa53
a5aba46303e7b2934b580a2c3f5d26ff
04ccfc37652dd89c16eeb609b3813785
42b14bf1ac263ce2202bb806b6bf1bf8
7583982f25352891545163b10dd09d43
f9f8e86774668192ec637e4065585a49
37e12826fd8a9a87c222de8d6836ea88
7bbcb3ecf1eb675a06cea71eee8f3dd4
a24bcf219fbe4c9c062262ba2e255ad6
302a3d70f01cdb68cb32186eee4d1bcc
c89eb4e6be1c19fcc590e05abe05abdb
2d3840cf0d0d254d50a8ca37f3056e7f
3692fd905a8387e7407a78570de6dea1
31dc95463aa309df3a3b273bb21c57a7
06901ae456012d6e5663f94e2f5b2ac2
00470949f56b10b5a87a228026df9353
2778d30c1b48d77ba2e18c4da8257c27
e7ac980c51cd0006c3c44cdb42a69e8c
af56df377f08db52dcffe6ff28c1b5fa
8926873c9f51b6882d0c5abfe4fce9cd
b6d1201d38b8924e04b268aa115d2cf6
35f50a12e4200c96002401c0498f49c5
aafb47405d1d509c815b341caed18748
f72f137a0ffa52063c75d609ddea1e25
933bbd236ed5d51d521cf13160995228
aa373cd5f42693a218b2d7faf2bd786e
6dda0254fdade6370872f48ff14a08cc
feb87e2cf5a3b45e737f5ab90ce90c29
319b42f836595961e6b09a3066912fe6
c8f4decc33f10923a6569084fd26d527
7f0ba72798c4b32d499adb29438d575f
3c680ba8af741fa1d0d762aa07a80653
c75d1a461bd813fbf8fc203b27bccec2
cf65c5997927daa73447cb154e3abbf3
0156058fcd915a2eed22542fdcd15a3a
ab0d74b666c010cb525212dee9a0ac5c
22c08153f3d2fc35eb2e5f09726a13a4
b2ca2632f2b276eb16408176f5ea38da
1d8c056d3c38f1775cd6c1f2eeac0a43
682ea63ac1b32f7b22f2687da323346e
f13444b264bd89c5158f936d74fcc7c0
7ece7954338ca5b0a39577d8cc4e67a5
e7017682486177804712feeafa96bd3e
e023a04ebef5f1f4c0b51d042c912cd1
1906a34371d4c052af0913543e8c9133
f9ed2832c5d3b5b836382d6da3f676c3
57e04dbfd87f03d079d462ea905f0131
6d20502778a4ad9faf22b439adfafb93
5794d64f15233f76e36617f2c89a6481
421876a7ab6cb4e2721f472b01a1be28
674ac37a54fa41c915774162acb92799
d50c62dae07cb0ff469fe79c33f63ea7
e3bd36cca237fee7d53c3b0c3327a6f8
bc93e26b4e8aed1d14eae52214c9c51c
4b3dae8add9e598af627079255d0568d
b8b950a0b4fce5dcf8096b48b709013c
11b7a4ea102d72b1bae418c23dda59f4
c5d7a22e67b2ca6d74e8a8e131aef3d7
25ba3070d38ce93971047b778aee4f67
263df34963ed91e203064d23556e4916
68ba474e9623924abb8c7c6fb6a0e806
d65406533d33bd12909bec38fec6f6bd
5cec8bc8f318431ffcd706e012b8ceb5
bb62da7fcd876aaa3444d6a6260b4dd9
b64ac3d56309221774f4b0255f5439ef
9f0f00ac0548eeac5f0fa72961c78f63
fa00680ab8ec258167045643bb128dc3
c4038ebe1f830a1200b77b7820785bc0
f517f27d86360400aa39f762e095b462
69feb67590f3bc723fab8aaaceaadc8a
33c307bb429d355bd62289e91af67264
4100191cf7bda06088757271e49bfa80
64a91a552f3d2293486762ca5e3a01b0
55cd6d096985adc4b7495f3bf41dee15
fe0c1bffac1fe9ea9d1949d47506f7a4
4fbbd528a017e94ba529b7d74a9489ff
f5f7aad057f59c39cbca64446fc6e651
d9deedf687a38eb24ee769ed4e791cd4
f9035a52f3be76fed2af9d68a85cc441
2839f8cb22711d1c7ad95f94f5629424
c9dba3a19fa971c03297a57be615c573
4c7536a7008713b6bce5daec2a909bc0
2b29d2806b6707cd319dab825e4e381b
88791d7cc7441b7a1c345148bc0ef048
f769e1e1076123f4d9db76ad41970822
120a9d38972663aa8ad20ccd9a5e1604
b11b93a236b49ab8337ad72fe97b6e3c
f42bead1831fbfaad1f16e30d6cc9b5f
7ccb24953e5001fdf336e05ef20232a1
dc3c0c084a602ab172f49115daeb893b
ca2c9bd1a6905895eac18ad0a44b04a6
cfb1ee52d8b6c223c2ca610d18629751
653f81586b32f265e935223600c29fff
5fad7fd9ad39c184cbd76e9885dd4588
9bd2e269c535cf98ee3b8d0f604da6ce
194c907a7a3ab99d2cedb690ef98cbe3
95e88e793e6d786edd073b540347e7de
78bf219e6aed93a3769ca9a7a7dee4a7
4f094cf66246ed697c44c66b113fdb8e
ce92b4dbd43180f955585e4e2d48f934
340ff7373acbe591aa887f6efeb5c8ad
b0592b737f2e2ddf58c3f95966830e39
3e6a08fd70589714584694d780b01f1e
6a8556021508031868834a318a0ac88c
3d6be3a9eb2ff8de0eeed2e724e7c5ac
2b1031a2079fc7eb4014bc2db8fdf2e3
746820b092b48de5047a1b4984705014
1be39c3bd7598fccfa5b9db2a605a517
7a414e50f1c2f3f6dde07b7bac750f7f
e5f0d04fc5ee632ac6ba4e9d930effe2
e00060c5f9764442b1df10f4eb657cf7
ad002ecb94b2387c7768d322320e5cdc
c4265dea2dd6ae466cb89cb700962a68
1eb0355e2b0757ab535ac5e0e4e3d07b
a572c4366d37e47ce171b422cff21c07
e084cf8047d1dfe113ca23ff9b3ea600
786e7587a22bb49689674eba19f7e4a2
6fb5958184340a00e3fc57020683295d
8fafda1c6c53fa23ccfcbe2471870687
c814be202320eac7721046fb5a3b8895
9c2d31d997190a94a332e2d0a1eaadcb
d01cc101e1cc14882a0b24d80dbccbdd
2a02864d68dd45e551049ac93736b94d
b906a5188ae49ab86067c467dba1370a
153ed9bf5b6d766dfbf96a721eba7532
3f315a63aa99078626822ce1d4bce18a
9b7fcf8e59b2fc5644bbc6724ce9e888
b8fb50428c786d2aabc0cc04e8c4d853
a71801cde45b8b86cc56bded801976cb
7f7eceb52bb9a45d90653eaaf0230df8
614558c88258807641d2fd8ab0c543c1
5075b9379823d03675616c4e2038b3ff
5d37976b9b086934409fae09d2648cc6
8e392cc5730556f40c43a4d6eee16428
2d84aa3e42982637e8808d33578fa78b
91840ee52ff73f6b683514f87c30cf8b
94ab371edbcc423f605dd5d4ce3debf1
abf8bca5a7458b47aef909536c7b85ca
50bc1161a3fc4f0728794771732e11a0
4a4cb390133e30d079e1947eb152a69e
2c8bf19a6ad3ba1d8504e3123461dafe
133c72e7c3f789109d1c5e93c5edf112
c3d824b4d39e71ce237949b1ebaf29fc
8df302cca3bc348b9d7664b372ff5c54
1d707b46340b5e8ab0768068dfdd2274
c579dc376519d0ea52db4b65ff3ee73c
2ebce65605c32ce93e4cab4045bdce5b
0f21c7589cc783b3c851e283f85aa0b4
84030ba90964e646126f564c51da695e
29637c6d73ea5b9e652ee2ee979339aa
18967b681aed8c0545c3b1cb76cbc95f
dbf942cdcd978582b5dc82d9ff31396f
407d2c5fb3a04c34a68df71164d684ed
e47ee132747d0a53d1aeee0a714b55e6
45377222659557f270a11ab9a8b245b5
831d13f964b799917bcf4f216d562663
c17034fd04c01e12938330609df40e67
3608d4a595fcb00b32670c07fb8961e7
41f78137578f260f794bc2034f7bc9c8
fb03ed33adcbe21161527f31e733d861
c2fe13af518333233c8cc41bed9ad8c2
a2dde21ed5615c2889719d6c3e0d7e84
905476bd833cbd9b125d32bf8bf726e1
9b0c6658bdbcf142834c78b79f358a05
04578bfb70edc48b528a3525154340c9
5ec88ba620adba737b027d37e31f3654
a56ab97feb370b4fb562e937219beeb1
3ae76aba6ddfd149de7cba21e59b68a8
5067be6f6c18c06bde6d5254dd313585
03d6dfae9b186a8a4ce8b32f6a84bcef
4c131326d8da1ec0f07d4deb555719f8
0c20036b93ddea2616f10fd16941d79d
5792bfafee7ccd3b13eab1373d935ee6
865e1c075de790e52ffe6f30c20a1974
a17e7d935754bb2c104a4b34d85a6f0d
3041fc1058a293eb037e01eb86055387
bba38299cdb1246123a0b95e35364b98
048943c1b955fefb817e14e2b6482b53
3fa83cb5fb8e20bcaebcbb932a2fa90c
6f3a36e36116fb17123837fcf01aa567
67f20c142caeb9f86159751a4c5948cf
fd59c2430026073883a042d42b2ad1d8
1e61e46cbf434c6bf7f758ef57a1ebc6
4c6540282ceff3bcf9bdc390e0e6500c
2985103baf736f84d98c4c0bf7723ef8
f7cde805b31a3459ebfb8ace9a2a3e46
dca3ca29959c3399f9afb8a223c70159
628d106cc7c0551dae8f6e84c89c0ffe
94eb8c2b78fe90aeb2bb50d5699f24bb
6e66920c093c4519a596afe53c0424e4
e211cb614e186dce5ad2493cf5c79fbb
e488d4f1375759e3145d26e75f50edad
a3eb1901ca03b057815ca17e76bbbebf
53f3f7ab38dbdef1f99faaf89e3242cb
e639f97034d490bf036bb748065f9fa8
bcd0190b261b6d2d40713144026f80cc
8ac3196f8d0aacb34d8410d79fbf4dbd
ddebeaadacb84e2c26624fc26e8cab51
5e54f5e1e5ea759907034d7750f694e1
1794dab85d9eeb5c6c63b51fb4df419b
692df14565b289a0eb9dd287f2286203
6cc4abc084947dac1504654af93356c5
7330b8ccd2fe9b85b0c9b14125a175c5
e027a983385e6c6279b7bd7cc3ca6e1b
508940a271614e5186b0f24c5de43eb7
30cd57b136f4ce747c0cefc4fe61760d
79120a69d6dc6909e1a89bb9ee73dd62
100dcfa97eb12e6dfb9af97b55bd61bf
d243f269ece45fe6f08fd342febcbe94
0e17a33ea804c6ade4c9338dcb9db323
cc5edfbc3a072cc0fc995ed305be7f44
fac7978f081a9715e98aa2d6b6648ec4
8935bc640a9bcb5ba749a6913bf9a4ff
dcfec55055c11ec0f729935d3797bd77
10528c85abf72e583a2149c532b1b507
aa45dad31c67c330d52ae8910c853de1
e46c2a27d65bf93f8b340a7cd0144385
740b9d278db895a316cc6b7fe19083c1
f49f4e7fe11700d5555123aaa3877698
f32e2cccbb57d534ced7a453eda8b982
ce874be4bddc13a2cb238cea4b0d8ff2
e1affac51cc9a6f1a56d7f9ccaa11e3c
2430c69542ba166c37f72622e763fcac
33a17b580cf6e21790053f3231b46cb5
d5842797c607556bf3d6c919b12e1b3b
bf54192acec9008b92c0ff026976bc49
b0ee4f89f77abfc12c58484c6f684a4c
bceb186b02cf3ae5a1fe6a5752c4e413
4e1f5d9bb60b63453250492c2d6ba247
e7fd4dd2e61dfa5a533e31a333bd243f
a7dd97da9a7e56614f15b111dfde781f
6db810fa1eba9b9a136185707ee2060d
1049603d5dd20caf4d67837d421becf3
8196c7e4e321af5da4fa1fca055e7920
86211e70363570ce79d0796736e2ddca
93c074fe6b2d5601fb7765785e4914fa
97e8a60992f2776138d0f5cf91bdb2d9
91b26117dc74b51ecc17ec40358a5804
e6d15d67ac5f9912556dbe80494be13f
ab0eb3b7683d91e58af589416cb04ad4
f82d87645080a01ae75735ba94a05ad5
4198ec4410826b56d4dcf87676d29bfe
a02d4d44c97835bc1ecc46ddbf4ae272
01ec4de2859c3176873652194a36d48e
fd76dac2c0515d42ad4bb5c8be27f3c3
a74831db067956bbd5279ef2bca13b0b
96dd25a94d881d99aa2357336fb42de6
8a3c14f3856f80fe63166dff4beffb75
0b0bfae9cd1eafbfcd1e1f2fdcb61e3d
650bee89771b59b8214d09cb27e789c2
947a0f1e98b0c5130247ee450c64279b
e09ac1393b5a92e9f3eac6140f052f39
a9f1114ecadf596c1d3ac5dae2d5068f
3d46b9853c65799513b57087e2586c52
8bfb6b8bcbfb1f3e40be631da809cb37
2067fee789cc13d1591b5ab01d795df4
b8b2fefd99cf8038c082253b4e7cfa53
a5aba46303e7b2934b580a2c3f5d26ff
04ccfc37652dd89c16eeb609b3813785
42b14bf1ac263ce2202bb806b6bf1bf8
7583982f25352891545163b10dd09d43
f9f8e86774668192ec637e4065585a49
37e12826fd8a9a87c222de8d6836ea88
7bbcb3ecf1eb675a06cea71eee8f3dd4
a24bcf219fbe4c9c062262ba2e255ad6
302a3d70f01cdb68cb32186eee4d1bcc
c89eb4e6be1c19fcc590e05abe05abdb
2d3840cf0d0d254d50a8ca37f3056e7f
3692fd905a8387e7407a78570de6dea1
31dc95463aa309df3a3b273bb21c57a7
06901ae456012d6e5663f94e2f5b2ac2
00470949f56b10b5a87a228026df9353
2778d30c1b48d77ba2e18c4da8257c27
e7ac980c51cd0006c3c44cdb42a69e8c
af56df377f08db52dcffe6ff28c1b5fa
8926873c9f51b6882d0c5abfe4fce9cd
b6d1201d38b8924e04b268aa115d2cf6
35f50a12e4200c96002401c0498f49c5
aafb47405d1d509c815b341caed18748
f72f137a0ffa52063c75d609ddea1e25
933bbd236ed5d51d521cf13160995228
aa373cd5f42693a218b2d7faf2bd786e
6dda0254fdade6370872f48ff14a08cc
feb87e2cf5a3b45e737f5ab90ce90c29
319b42f836595961e6b09a3066912fe6
c8f4decc33f10923a6569084fd26d527
7f0ba72798c4b32d499adb29438d575f
3c680ba8af741fa1d0d762aa07a80653
c75d1a461bd813fbf8fc203b27bccec2
cf65c5997927daa73447cb154e3abbf3
0156058fcd915a2eed22542fdcd15a3a
ab0d74b666c010cb525212dee9a0ac5c
22c08153f3d2fc35eb2e5f09726a13a4
b2ca2632f2b276eb16408176f5ea38da
1d8c056d3c38f1775cd6c1f2eeac0a43
682ea63ac1b32f7b22f2687da323346e
f13444b264bd89c5158f936d74fcc7c0
7ece7954338ca5b0a39577d8cc4e67a5
e7017682486177804712feeafa96bd3e
e023a04ebef5f1f4c0b51d042c912cd1
1906a34371d4c052af0913543e8c9133
f9ed2832c5d3b5b836382d6da3f676c3
57e04dbfd87f03d079d462ea905f0131
6d20502778a4ad9faf22b439adfafb93
5794d64f15233f76e36617f2c89a6481
421876a7ab6cb4e2721f472b01a1be28
674ac37a54fa41c915774162acb92799
d50c62dae07cb0ff469fe79c33f63ea7
e3bd36cca237fee7d53c3b0c3327a6f8
bc93e26b4e8aed1d14eae52214c9c51c
4b3dae8add9e598af627079255d0568d
b8b950a0b4fce5dcf8096b48b709013c
11b7a4ea102d72b1bae418c23dda59f4
c5d7a22e67b2ca6d74e8a8e131aef3d7
25ba3070d38ce93971047b778aee4f67
263df34963ed91e203064d23556e4916
68ba474e9623924abb8c7c6fb6a0e806
d65406533d33bd12909bec38fec6f6bd
5cec8bc8f318431ffcd706e012b8ceb5
bb62da7fcd876aaa3444d6a6260b4dd9
b64ac3d56309221774f4b0255f5439ef
9f0f00ac0548eeac5f0fa72961c78f63
fa00680ab8ec258167045643bb128dc3
c4038ebe1f830a1200b77b7820785bc0
f517f27d86360400aa39f762e095b462
69feb67590f3bc723fab8aaaceaadc8a
33c307bb429d355bd62289e91af67264
4100191cf7bda06088757271e49bfa80
64a91a552f3d2293486762ca5e3a01b0
55cd6d096985adc4b7495f3bf41dee15
fe0c1bffac1fe9ea9d1949d47506f7a4
4fbbd528a017e94ba529b7d74a9489ff
f5f7aad057f59c39cbca64446fc6e651
d9deedf687a38eb24ee769ed4e791cd4
f9035a52f3be76fed2af9d68a85cc441
2839f8cb22711d1c7ad95f94f5629424
c9dba3a19fa971c03297a57be615c573
4c7536a7008713b6bce5daec2a909bc0
2b29d2806b6707cd319dab825e4e381b
88791d7cc7441b7a1c345148bc0ef048
f769e1e1076123f4d9db76ad41970822
120a9d38972663aa8ad20ccd9a5e1604
b11b93a236b49ab8337ad72fe97b6e3c
f42bead1831fbfaad1f16e30d6cc9b5f
7ccb24953e5001fdf336e05ef20232a1
dc3c0c084a602ab172f49115daeb893b
ca2c9bd1a6905895eac18ad0a44b04a6
cfb1ee52d8b6c223c2ca610d18629751
653f81586b32f265e935223600c29fff
5fad7fd9ad39c184cbd76e9885dd4588
9bd2e269c535cf98ee3b8d0f604da6ce
194c907a7a3ab99d2cedb690ef98cbe3
95e88e793e6d786edd073b540347e7de
78bf219e6aed93a3769ca9a7a7dee4a7
4f094cf66246ed697c44c66b113fdb8e
ce92b4dbd43180f955585e4e2d48f934
340ff7373acbe591aa887f6efeb5c8ad
b0592b737f2e2ddf58c3f95966830e39
3e6a08fd70589714584694d780b01f1e
6a8556021508031868834a318a0ac88c
3d6be3a9eb2ff8de0eeed2e724e7c5ac
2b1031a2079fc7eb4014bc2db8fdf2e3
746820b092b48de5047a1b4984705014
1be39c3bd7598fccfa5b9db2a605a517
7a414e50f1c2f3f6dde07b7bac750f7f
e5f0d04fc5ee632ac6ba4e9d930effe2
e00060c5f9764442b1df10f4eb657cf7
ad002ecb94b2387c7768d322320e5cdc
c4265dea2dd6ae466cb89cb700962a68
1eb0355e2b0757ab535ac5e0e4e3d07b
a572c4366d37e47ce171b422cff21c07
e084cf8047d1dfe113ca23ff9b3ea600
786e7587a22bb49689674eba19f7e4a2
6fb5958184340a00e3fc57020683295d
8fafda1c6c53fa23ccfcbe2471870687
c814be202320eac7721046fb5a3b8895
9c2d31d997190a94a332e2d0a1eaadcb
d01cc101e1cc14882a0b24d80dbccbdd
2a02864d68dd45e551049ac93736b94d
b906a5188ae49ab86067c467dba1370a
153ed9bf5b6d766dfbf96a721eba7532
3f315a63aa99078626822ce1d4bce18a
9b7fcf8e59b2fc5644bbc6724ce9e888
b8fb50428c786d2aabc0cc04e8c4d853
a71801cde45b8b86cc56bded801976cb
7f7eceb52bb9a45d90653eaaf0230df8
614558c88258807641d2fd8ab0c543c1
5075b9379823d03675616c4e2038b3ff
5d37976b9b086934409fae09d2648cc6
8e392cc5730556f40c43a4d6eee16428
2d84aa3e42982637e8808d33578fa78b
91840ee52ff73f6b683514f87c30cf8b
94ab371edbcc423f605dd5d4ce3debf1
abf8bca5a7458b47aef909536c7b85ca
50bc1161a3fc4f0728794771732e11a0
4a4cb390133e30d079e1947eb152a69e
2c8bf19a6ad3ba1d8504e3123461dafe
133c72e7c3f789109d1c5e93c5edf112
c3d824b4d39e71ce237949b1ebaf29fc
8df302cca3bc348b9d7664b372ff5c54
1d707b46340b5e8ab0768068dfdd2274
c579dc376519d0ea52db4b65ff3ee73c
2ebce65605c32ce93e4cab4045bdce5b
0f21c7589cc783b3c851e283f85aa0b4
84030ba90964e646126f564c51da695e
29637c6d73ea5b9e652ee2ee979339aa
18967b681aed8c0545c3b1cb76cbc95f
dbf942cdcd978582b5dc82d9ff31396f
407d2c5fb3a04c34a68df71164d684ed
e47ee132747d0a53d1aeee0a714b55e6
45377222659557f270a11ab9a8b245b5
831d13f964b799917bcf4f216d562663
c17034fd04c01e12938330609df40e67
3608d4a595fcb00b32670c07fb8961e7
41f78137578f260f794bc2034f7bc9c8
fb03ed33adcbe21161527f31e733d861
c2fe13af518333233c8cc41bed9ad8c2
a2dde21ed5615c2889719d6c3e0d7e84
905476bd833cbd9b125d32bf8bf726e1
9b0c6658bdbcf142834c78b79f358a05
04578bfb70edc48b528a3525154340c9
5ec88ba620adba737b027d37e31f3654
a56ab97feb370b4fb562e937219beeb1
3ae76aba6ddfd149de7cba21e59b68a8
5067be6f6c18c06bde6d5254dd313585
03d6dfae9b186a8a4ce8b32f6a84bcef
4c131326d8da1ec0f07d4deb555719f8
0c20036b93ddea2616f10fd16941d79d
5792bfafee7ccd3b13eab1373d935ee6
865e1c075de790e52ffe6f30c20a1974
a17e7d935754bb2c104a4b34d85a6f0d
3041fc1058a293eb037e01eb86055387
bba38299cdb1246123a0b95e35364b98
048943c1b955fefb817e14e2b6482b53
3fa83cb5fb8e20bcaebcbb932a2fa90c
6f3a36e36116fb17123837fcf01aa567
67f20c142caeb9f86159751a4c5948cf
fd59c2430026073883a042d42b2ad1d8
1e61e46cbf434c6bf7f758ef57a1ebc6
4c6540282ceff3bcf9bdc390e0e6500c
2985103baf736f84d98c4c0bf7723ef8
f7cde805b31a3459ebfb8ace9a2a3e46
dca3ca29959c3399f9afb8a223c70159
628d106cc7c0551dae8f6e84c89c0ffe
94eb8c2b78fe90aeb2bb50d5699f24bb
6e66920c093c4519a596afe53c0424e4
e211cb614e186dce5ad2493cf5c79fbb
e488d4f1375759e3145d26e75f50edad
a3eb1901ca03b057815ca17e76bbbebf
53f3f7ab38dbdef1f99faaf89e3242cb
e639f97034d490bf036bb748065f9fa8
bcd0190b261b6d2d40713144026f80cc
8ac3196f8d0aacb34d8410d79fbf4dbd
ddebeaadacb84e2c26624fc26e8cab51
5e54f5e1e5ea759907034d7750f694e1
1794dab85d9eeb5c6c63b51fb4df419b
692df14565b289a0eb9dd287f2286203
6cc4abc084947dac1504654af93356c5
7330b8ccd2fe9b85b0c9b14125a175c5
e027a983385e6c6279b7bd7cc3ca6e1b
508940a271614e5186b0f24c5de43eb7
30cd57b136f4ce747c0cefc4fe61760d
79120a69d6dc6909e1a89bb9ee73dd62
100dcfa97eb12e6dfb9af97b55bd61bf
d243f269ece45fe6f08fd342febcbe94
0e17a33ea804c6ade4c9338dcb9db323
cc5edfbc3a072cc0fc995ed305be7f44
fac7978f081a9715e98aa2d6b6648ec4
8935bc640a9bcb5ba749a6913bf9a4ff
dcfec55055c11ec0f729935d3797bd77
10528c85abf72e583a2149c532b1b507
aa45dad31c67c330d52ae8910c853de1
e46c2a27d65bf93f8b340a7cd0144385
740b9d278db895a316cc6b7fe19083c1
f49f4e7fe11700d5555123aaa3877698
f32e2cccbb57d534ced7a453eda8b982
ce874be4bddc13a2cb238cea4b0d8ff2
e1affac51cc9a6f1a56d7f9ccaa11e3c
2430c69542ba166c37f72622e763fcac
33a17b580cf6e21790053f3231b46cb5
d5842797c607556bf3d6c919b12e1b3b
bf54192acec9008b92c0ff026976bc49
b0ee4f89f77abfc12c58484c6f684a4c
bceb186b02cf3ae5a1fe6a5752c4e413
4e1f5d9bb60b63453250492c2d6ba247
e7fd4dd2e61dfa5a533e31a333bd243f
a7dd97da9a7e56614f15b111dfde781f
6db810fa1eba9b9a136185707ee2060d
1049603d5dd20caf4d67837d421becf3
8196c7e4e321af5da4fa1fca055e7920
86211e70363570ce79d0796736e2ddca
93c074fe6b2d5601fb7765785e4914fa
97e8a60992f2776138d0f5cf91bdb2d9
91b26117dc74b51ecc17ec40358a5804
e6d15d67ac5f9912556dbe80494be13f
ab0eb3b7683d91e58af589416cb04ad4
f82d87645080a01ae75735ba94a05ad5
4198ec4410826b56d4dcf87676d29bfe
a02d4d44c97835bc1ecc46ddbf4ae272
01ec4de2859c3176873652194a36d48e
fd76dac2c0515d42ad4bb5c8be27f3c3
a74831db067956bbd5279ef2bca13b0b
96dd25a94d881d99aa2357336fb42de6
8a3c14f3856f80fe63166dff4beffb75
0b0bfae9cd1eafbfcd1e1f2fdcb61e3d
650bee89771b59b8214d09cb27e789c2
947a0f1e98b0c5130247ee450c64279b
e09ac1393b5a92e9f3eac6140f052f39
a9f1114ecadf596c1d3ac5dae2d5068f
3d46b9853c65799513b57087e2586c52
8bfb6b8bcbfb1f3e40be631da809cb37
2067fee789cc13d1591b5ab01d795df4
b8b2fefd99cf8038c082253b4e7cfa53
a5aba46303e7b2934b580a2c3f5d26ff
04ccfc37652dd89c16eeb609b3813785
42b14bf1ac263ce2202bb806b6bf1bf8
7583982f25352891545163b10dd09d43
f9f8e86774668192ec637e4065585a49
37e12826fd8a9a87c222de8d6836ea88
7bbcb3ecf1eb675a06cea71eee8f3dd4
a24bcf219fbe4c9c062262ba2e255ad6
302a3d70f01cdb68cb32186eee4d1bcc
c89eb4e6be1c19fcc590e05abe05abdb
2d3840cf0d0d254d50a8ca37f3056e7f
3692fd905a8387e7407a78570de6dea1
31dc95463aa309df3a3b273bb21c57a7
06901ae456012d6e5663f94e2f5b2ac2
00470949f56b10b5a87a228026df9353
2778d30c1b48d77ba2e18c4da8257c27
e7ac980c51cd0006c3c44cdb42a69e8c
af56df377f08db52dcffe6ff28c1b5fa
8926873c9f51b6882d0c5abfe4fce9cd
b6d1201d38b8924e04b268aa115d2cf6
35f50a12e4200c96002401c0498f49c5
aafb47405d1d509c815b341caed18748
f72f137a0ffa52063c75d609ddea1e25
933bbd236ed5d51d521cf13160995228
aa373cd5f42693a218b2d7faf2bd786e
6dda0254fdade6370872f48ff14a08cc
feb87e2cf5a3b45e737f5ab90ce90c29
319b42f836595961e6b09a3066912fe6
c8f4decc33f10923a6569084fd26d527
7f0ba72798c4b32d499adb29438d575f
3c680ba8af741fa1d0d762aa07a80653
c75d1a461bd813fbf8fc203b27bccec2
cf65c5997927daa73447cb154e3abbf3
0156058fcd915a2eed22542fdcd15a3a
ab0d74b666c010cb525212dee9a0ac5c
22c08153f3d2fc35eb2e5f09726a13a4
b2ca2632f2b276eb16408176f5ea38da
1d8c056d3c38f1775cd6c1f2eeac0a43
682ea63ac1b32f7b22f2687da323346e
f13444b264bd89c5158f936d74fcc7c0
7ece7954338ca5b0a39577d8cc4e67a5
e7017682486177804712feeafa96bd3e
e023a04ebef5f1f4c0b51d042c912cd1
1906a34371d4c052af0913543e8c9133
f9ed2832c5d3b5b836382d6da3f676c3
57e04dbfd87f03d079d462ea905f0131
6d20502778a4ad9faf22b439adfafb93
5794d64f15233f76e36617f2c89a6481
421876a7ab6cb4e2721f472b01a1be28
674ac37a54fa41c915774162acb92799
d50c62dae07cb0ff469fe79c33f63ea7
e3bd36cca237fee7d53c3b0c3327a6f8
bc93e26b4e8aed1d14eae52214c9c51c
4b3dae8add9e598af627079255d0568d
b8b950a0b4fce5dcf8096b48b709013c
11b7a4ea102d72b1bae418c23dda59f4
c5d7a22e67b2ca6d74e8a8e131aef3d7
25ba3070d38ce93971047b778aee4f67
263df34963ed91e203064d23556e4916
68ba474e9623924abb8c7c6fb6a0e806
d65406533d33bd12909bec38fec6f6bd
5cec8bc8f318431ffcd706e012b8ceb5
bb62da7fcd876aaa3444d6a6260b4dd9
b64ac3d56309221774f4b0255f5439ef
9f0f00ac0548eeac5f0fa72961c78f63
fa00680ab8ec258167045643bb128dc3
c4038ebe1f830a1200b77b7820785bc0
f517f27d86360400aa39f762e095b462
69feb67590f3bc723fab8aaaceaadc8a
33c307bb429d355bd62289e91af67264
4100191cf7bda06088757271e49bfa80
64a91a552f3d2293486762ca5e3a01b0
55cd6d096985adc4b7495f3bf41dee15
fe0c1bffac1fe9ea9d1949d47506f7a4
4fbbd528a017e94ba529b7d74a9489ff
f5f7aad057f59c39cbca64446fc6e651
d9deedf687a38eb24ee769ed4e791cd4
f9035a52f3be76fed2af9d68a85cc441
2839f8cb22711d1c7ad95f94f5629424
c9dba3a19fa971c03297a57be615c573
4c7536a7008713b6bce5daec2a909bc0
2b29d2806b6707cd319dab825e4e381b
88791d7cc7441b7a1c345148bc0ef048
f769e1e1076123f4d9db76ad41970822
120a9d38972663aa8ad20ccd9a5e1604
b11b93a236b49ab8337ad72fe97b6e3c
f42bead1831fbfaad1f16e30d6cc9b5f
7ccb24953e5001fdf336e05ef20232a1
dc3c0c084a602ab172f49115daeb893b
ca2c9bd1a6905895eac18ad0a44b04a6
cfb1ee52d8b6c223c2ca610d18629751
653f81586b32f265e935223600c29fff
5fad7fd9ad39c184cbd76e9885dd4588
9bd2e269c535cf98ee3b8d0f604da6ce
194c907a7a3ab99d2cedb690ef98cbe3
95e88e793e6d786edd073b540347e7de
78bf219e6aed93a3769ca9a7a7dee4a7
4f094cf66246ed697c44c66b113fdb8e
ce92b4dbd43180f955585e4e2d48f934
340ff7373acbe591aa887f6efeb5c8ad
b0592b737f2e2ddf58c3f95966830e39
3e6a08fd70589714584694d780b01f1e
6a8556021508031868834a318a0ac88c
3d6be3a9eb2ff8de0eeed2e724e7c5ac
2b1031a2079fc7eb4014bc2db8fdf2e3
746820b092b48de5047a1b4984705014
1be39c3bd7598fccfa5b9db2a605a517
7a414e50f1c2f3f6dde07b7bac750f7f
e5f0d04fc5ee632ac6ba4e9d930effe2
e00060c5f9764442b1df10f4eb657cf7
ad002ecb94b2387c7768d322320e5cdc
c4265dea2dd6ae466cb89cb700962a68
1eb0355e2b0757ab535ac5e0e4e3d07b
a572c4366d37e47ce171b422cff21c07
e084cf8047d1dfe113ca23ff9b3ea600
786e7587a22bb49689674eba19f7e4a2
6fb5958184340a00e3fc57020683295d
8fafda1c6c53fa23ccfcbe2471870687
c814be202320eac7721046fb5a3b8895
9c2d31d997190a94a332e2d0a1eaadcb
d01cc101e1cc14882a0b24d80dbccbdd
2a02864d68dd45e551049ac93736b94d
b906a5188ae49ab86067c467dba1370a
153ed9bf5b6d766dfbf96a721eba7532
3f315a63aa99078626822ce1d4bce18a
9b7fcf8e59b2fc5644bbc6724ce9e888
b8fb50428c786d2aabc0cc04e8c4d853
a71801cde45b8b86cc56bded801976cb
7f7eceb52bb9a45d90653eaaf0230df8
614558c88258807641d2fd8ab0c543c1
5075b9379823d03675616c4e2038b3ff
5d37976b9b086934409fae09d2648cc6
8e392cc5730556f40c43a4d6eee16428
2d84aa3e42982637e8808d33578fa78b
91840ee52ff73f6b683514f87c30cf8b
94ab371edbcc423f605dd5d4ce3debf1
abf8bca5a7458b47aef909536c7b85ca
50bc1161a3fc4f0728794771732e11a0
4a4cb390133e30d079e1947eb152a69e
2c8bf19a6ad3ba1d8504e3123461dafe
133c72e7c3f789109d1c5e93c5edf112
c3d824b4d39e71ce237949b1ebaf29fc
8df302cca3bc348b9d7664b372ff5c54
1d707b46340b5e8ab0768068dfdd2274
c579dc376519d0ea52db4b65ff3ee73c
2ebce65605c32ce93e4cab4045bdce5b
0f21c7589cc783b3c851e283f85aa0b4
84030ba90964e646126f564c51da695e
29637c6d73ea5b9e652ee2ee979339aa
18967b681aed8c0545c3b1cb76cbc95f
dbf942cdcd978582b5dc82d9ff31396f
407d2c5fb3a04c34a68df71164d684ed
e47ee132747d0a53d1aeee0a714b55e6
45377222659557f270a11ab9a8b245b5
831d13f964b799917bcf4f216d562663
c17034fd04c01e12938330609df40e67
3608d4a595fcb00b32670c07fb8961e7
41f78137578f260f794bc2034f7bc9c8
fb03ed33adcbe21161527f31e733d861
c2fe13af518333233c8cc41bed9ad8c2
a2dde21ed5615c2889719d6c3e0d7e84
905476bd833cbd9b125d32bf8bf726e1
9b0c6658bdbcf142834c78b79f358a05
04578bfb70edc48b528a3525154340c9
5ec88ba620adba737b027d37e31f3654
a56ab97feb370b4fb562e937219beeb1
3ae76aba6ddfd149de7cba21e59b68a8
5067be6f6c18c06bde6d5254dd313585
03d6dfae9b186a8a4ce8b32f6a84bcef
4c131326d8da1ec0f07d4deb555719f8
0c20036b93ddea2616f10fd16941d79d
5792bfafee7ccd3b13eab1373d935ee6
865e1c075de790e52ffe6f30c20a1974
a17e7d935754bb2c104a4b34d85a6f0d
3041fc1058a293eb037e01eb86055387
bba38299cdb1246123a0b95e35364b98
048943c1b955fefb817e14e2b6482b53
3fa83cb5fb8e20bcaebcbb932a2fa90c
6f3a36e36116fb17123837fcf01aa567
67f20c142caeb9f86159751a4c5948cf
fd59c2430026073883a042d42b2ad1d8
1e61e46cbf434c6bf7f758ef57a1ebc6
4c6540282ceff3bcf9bdc390e0e6500c
2985103baf736f84d98c4c0bf7723ef8
f7cde805b31a3459ebfb8ace9a2a3e46
dca3ca29959c3399f9afb8a223c70159
628d106cc7c0551dae8f6e84c89c0ffe
94eb8c2b78fe90aeb2bb50d5699f24bb
6e66920c093c4519a596afe53c0424e4
e211cb614e186dce5ad2493cf5c79fbb
e488d4f1375759e3145d26e75f50edad
a3eb1901ca03b057815ca17e76bbbebf
53f3f7ab38dbdef1f99faaf89e3242cb
e639f97034d490bf036bb748065f9fa8
bcd0190b261b6d2d40713144026f80cc
8ac3196f8d0aacb34d8410d79fbf4dbd
ddebeaadacb84e2c26624fc26e8cab51
5e54f5e1e5ea759907034d7750f694e1
1794dab85d9eeb5c6c63b51fb4df419b
692df14565b289a0eb9dd287f2286203
6cc4abc084947dac1504654af93356c5
7330b8ccd2fe9b85b0c9b14125a175c5
e027a983385e6c6279b7bd7cc3ca6e1b
508940a271614e5186b0f24c5de43eb7
30cd57b136f4ce747c0cefc4fe61760d
79120a69d6dc6909e1a89bb9ee73dd62
100dcfa97eb12e6dfb9af97b55bd61bf
d243f269ece45fe6f08fd342febcbe94
0e17a33ea804c6ade4c9338dcb9db323
cc5edfbc3a072cc0fc995ed305be7f44
fac7978f081a9715e98aa2d6b6648ec4
8935bc640a9bcb5ba749a6913bf9a4ff
dcfec55055c11ec0f729935d3797bd77
10528c85abf72e583a2149c532b1b507
aa45dad31c67c330d52ae8910c853de1
e46c2a27d65bf93f8b340a7cd0144385
740b9d278db895a316cc6b7fe19083c1
f49f4e7fe11700d5555123aaa3877698
f32e2cccbb57d534ced7a453eda8b982
ce874be4bddc13a2cb238cea4b0d8ff2
e1affac51cc9a6f1a56d7f9ccaa11e3c
2430c69542ba166c37f72622e763fcac
33a17b580cf6e21790053f3231b46cb5
d5842797c607556bf3d6c919b12e1b3b
bf54192acec9008b92c0ff026976bc49
b0ee4f89f77abfc12c58484c6f684a4c
bceb186b02cf3ae5a1fe6a5752c4e413
4e1f5d9bb60b63453250492c2d6ba247
e7fd4dd2e61dfa5a533e31a333bd243f
a7dd97da9a7e56614f15b111dfde781f
6db810fa1eba9b9a136185707ee2060d
1049603d5dd20caf4d67837d421becf3
8196c7e4e321af5da4fa1fca055e7920
86211e70363570ce79d0796736e2ddca
93c074fe6b2d5601fb7765785e4914fa
97e8a60992f2776138d0f5cf91bdb2d9
91b26117dc74b51ecc17ec40358a5804
e6d15d67ac5f9912556dbe80494be13f
ab0eb3b7683d91e58af589416cb04ad4
f82d87645080a01ae75735ba94a05ad5
4198ec4410826b56d4dcf87676d29bfe
a02d4d44c97835bc1ecc46ddbf4ae272
01ec4de2859c3176873652194a36d48e
fd76dac2c0515d42ad4bb5c8be27f3c3
a74831db067956bbd5279ef2bca13b0b
96dd25a94d881d99aa2357336fb42de6
8a3c14f3856f80fe63166dff4beffb75
0b0bfae9cd1eafbfcd1e1f2fdcb61e3d
650bee89771b59b8214d09cb27e789c2
947a0f1e98b0c5130247ee450c64279b
e09ac1393b5a92e9f3eac6140f052f39
a9f1114ecadf596c1d3ac5dae2d5068f
3d46b9853c65799513b57087e2586c52
8bfb6b8bcbfb1f3e40be631da809cb37
2067fee789cc13d1591b5ab01d795df4
b8b2fefd99cf8038c082253b4e7cfa53
a5aba46303e7b2934b580a2c3f5d26ff
04ccfc37652dd89c16eeb609b3813785
42b14bf1ac263ce2202bb806b6bf1bf8
7583982f25352891545163b10dd09d43
f9f8e86774668192ec637e4065585a49
37e12826fd8a9a87c222de8d6836ea88
7bbcb3ecf1eb675a06cea71eee8f3dd4
a24bcf219fbe4c9c062262ba2e255ad6
302a3d70f01cdb68cb32186eee4d1bcc
c89eb4e6be1c19fcc590e05abe05abdb
2d3840cf0d0d254d50a8ca37f3056e7f
3692fd905a8387e7407a78570de6dea1
31dc95463aa309df3a3b273bb21c57a7
06901ae456012d6e5663f94e2f5b2ac2
00470949f56b10b5a87a228026df9353
2778d30c1b48d77ba2e18c4da8257c27
e7ac980c51cd0006c3c44cdb42a69e8c
af56df377f08db52dcffe6ff28c1b5fa
8926873c9f51b6882d0c5abfe4fce9cd
b6d1201d38b8924e04b268aa115d2cf6
35f50a12e4200c96002401c0498f49c5
aafb47405d1d509c815b341caed18748
f72f137a0ffa52063c75d609ddea1e25
933bbd236ed5d51d521cf13160995228
aa373cd5f42693a218b2d7faf2bd786e
6dda0254fdade6370872f48ff14a08cc
feb87e2cf5a3b45e737f5ab90ce90c29
319b42f836595961e6b09a3066912fe6
c8f4decc33f10923a6569084fd26d527
7f0ba72798c4b32d499adb29438d575f
3c680ba8af741fa1d0d762aa07a80653
c75d1a461bd813fbf8fc203b27bccec2
cf65c5997927daa73447cb154e3abbf3
0156058fcd915a2eed22542fdcd15a3a
ab0d74b666c010cb525212dee9a0ac5c
22c08153f3d2fc35eb2e5f09726a13a4
b2ca2632f2b276eb16408176f5ea38da
1d8c056d3c38f1775cd6c1f2eeac0a43
682ea63ac1b32f7b22f2687da323346e
f13444b264bd89c5158f936d74fcc7c0
7ece7954338ca5b0a39577d8cc4e67a5
e7017682486177804712feeafa96bd3e
e023a04ebef5f1f4c0b51d042c912cd1
1906a34371d4c052af0913543e8c9133
f9ed2832c5d3b5b836382d6da3f676c3
57e04dbfd87f03d079d462ea905f0131
6d20502778a4ad9faf22b439adfafb93
5794d64f15233f76e36617f2c89a6481
421876a7ab6cb4e2721f472b01a1be28
674ac37a54fa41c915774162acb92799
d50c62dae07cb0ff469fe79c33f63ea7
e3bd36cca237fee7d53c3b0c3327a6f8
bc93e26b4e8aed1d14eae52214c9c51c
4b3dae8add9e598af627079255d0568d
b8b950a0b4fce5dcf8096b48b709013c
11b7a4ea102d72b1bae418c23dda59f4
c5d7a22e67b2ca6d74e8a8e131aef3d7
25ba3070d38ce93971047b778aee4f67
263df34963ed91e203064d23556e4916
68ba474e9623924abb8c7c6fb6a0e806
d65406533d33bd12909bec38fec6f6bd
5cec8bc8f318431ffcd706e012b8ceb5
bb62da7fcd876aaa3444d6a6260b4dd9
b64ac3d56309221774f4b0255f5439ef
9f0f00ac0548eeac5f0fa72961c78f63
fa00680ab8ec258167045643bb128dc3
c4038ebe1f830a1200b77b7820785bc0
f517f27d86360400aa39f762e095b462
69feb67590f3bc723fab8aaaceaadc8a
33c307bb429d355bd62289e91af67264
4100191cf7bda06088757271e49bfa80
64a91a552f3d2293486762ca5e3a01b0
55cd6d096985adc4b7495f3bf41dee15
fe0c1bffac1fe9ea9d1949d47506f7a4
4fbbd528a017e94ba529b7d74a9489ff
f5f7aad057f59c39cbca64446fc6e651
d9deedf687a38eb24ee769ed4e791cd4
f9035a52f3be76fed2af9d68a85cc441
2839f8cb22711d1c7ad95f94f5629424
c9dba3a19fa971c03297a57be615c573
4c7536a7008713b6bce5daec2a909bc0
2b29d2806b6707cd319dab825e4e381b
88791d7cc7441b7a1c345148bc0ef048
f769e1e1076123f4d9db76ad41970822
120a9d38972663aa8ad20ccd9a5e1604
b11b93a236b49ab8337ad72fe97b6e3c
f42bead1831fbfaad1f16e30d6cc9b5f
7ccb24953e5001fdf336e05ef20232a1
dc3c0c084a602ab172f49115daeb893b
ca2c9bd1a6905895eac18ad0a44b04a6
cfb1ee52d8b6c223c2ca610d18629751
653f81586b32f265e935223600c29fff
5fad7fd9ad39c184cbd76e9885dd4588
9bd2e269c535cf98ee3b8d0f604da6ce
194c907a7a3ab99d2cedb690ef98cbe3
95e88e793e6d786edd073b540347e7de
78bf219e6aed93a3769ca9a7a7dee4a7
4f094cf66246ed697c44c66b113fdb8e
ce92b4dbd43180f955585e4e2d48f934
340ff7373acbe591aa887f6efeb5c8ad
b0592b737f2e2ddf58c3f95966830e39
3e6a08fd70589714584694d780b01f1e
6a8556021508031868834a318a0ac88c
3d6be3a9eb2ff8de0eeed2e724e7c5ac
2b1031a2079fc7eb4014bc2db8fdf2e3
746820b092b48de5047a1b4984705014
1be39c3bd7598fccfa5b9db2a605a517
7a414e50f1c2f3f6dde07b7bac750f7f
e5f0d04fc5ee632ac6ba4e9d930effe2
e00060c5f9764442b1df10f4eb657cf7
ad002ecb94b2387c7768d322320e5cdc
c4265dea2dd6ae466cb89cb700962a68
1eb0355e2b0757ab535ac5e0e4e3d07b
a572c4366d37e47ce171b422cff21c07
e084cf8047d1dfe113ca23ff9b3ea600
786e7587a22bb49689674eba19f7e4a2
6fb5958184340a00e3fc57020683295d
8fafda1c6c53fa23ccfcbe2471870687
c814be202320eac7721046fb5a3b8895
9c2d31d997190a94a332e2d0a1eaadcb
d01cc101e1cc14882a0b24d80dbccbdd
2a02864d68dd45e551049ac93736b94d
b906a5188ae49ab86067c467dba1370a
153ed9bf5b6d766dfbf96a721eba7532
3f315a63aa99078626822ce1d4bce18a
9b7fcf8e59b2fc5644bbc6724ce9e888
b8fb50428c786d2aabc0cc04e8c4d853
a71801cde45b8b86cc56bded801976cb
7f7eceb52bb9a45d90653eaaf0230df8
614558c88258807641d2fd8ab0c543c1
5075b9379823d03675616c4e2038b3ff
5d37976b9b086934409fae09d2648cc6
8e392cc5730556f40c43a4d6eee16428
2d84aa3e42982637e8808d33578fa78b
91840ee52ff73f6b683514f87c30cf8b
94ab371edbcc423f605dd5d4ce3debf1
abf8bca5a7458b47aef909536c7b85ca
50bc1161a3fc4f0728794771732e11a0
4a4cb390133e30d079e1947eb152a69e
2c8bf19a6ad3ba1d8504e3123461dafe
133c72e7c3f789109d1c5e93c5edf112
c3d824b4d39e71ce237949b1ebaf29fc
8df302cca3bc348b9d7664b372ff5c54
1d707b46340b5e8ab0768068dfdd2274
c579dc376519d0ea52db4b65ff3ee73c
2ebce65605c32ce93e4cab4045bdce5b
0f21c7589cc783b3c851e283f85aa0b4
84030ba90964e646126f564c51da695e
29637c6d73ea5b9e652ee2ee979339aa
18967b681aed8c0545c3b1cb76cbc95f
dbf942cdcd978582b5dc82d9ff31396f
407d2c5fb3a04c34a68df71164d684ed
e47ee132747d0a53d1aeee0a714b55e6
45377222659557f270a11ab9a8b245b5
831d13f964b799917bcf4f216d562663
c17034fd04c01e12938330609df40e67
3608d4a595fcb00b32670c07fb8961e7
41f78137578f260f794bc2034f7bc9c8
fb03ed33adcbe21161527f31e733d861
c2fe13af518333233c8cc41bed9ad8c2
a2dde21ed5615c2889719d6c3e0d7e84
905476bd833cbd9b125d32bf8bf726e1
9b0c6658bdbcf142834c78b79f358a05
04578bfb70edc48b528a3525154340c9
5ec88ba620adba737b027d37e31f3654
a56ab97feb370b4fb562e937219beeb1
3ae76aba6ddfd149de7cba21e59b68a8
5067be6f6c18c06bde6d5254dd313585
03d6dfae9b186a8a4ce8b32f6a84bcef
4c131326d8da1ec0f07d4deb555719f8
0c20036b93ddea2616f10fd16941d79d
5792bfafee7ccd3b13eab1373d935ee6
865e1c075de790e52ffe6f30c20a1974
a17e7d935754bb2c104a4b34d85a6f0d
3041fc1058a293eb037e01eb86055387
bba38299cdb1246123a0b95e35364b98
048943c1b955fefb817e14e2b6482b53
3fa83cb5fb8e20bcaebcbb932a2fa90c
6f3a36e36116fb17123837fcf01aa567
67f20c142caeb9f86159751a4c5948cf
fd59c2430026073883a042d42b2ad1d8
1e61e46cbf434c6bf7f758ef57a1ebc6
4c6540282ceff3bcf9bdc390e0e6500c
2985103baf736f84d98c4c0bf7723ef8
f7cde805b31a3459ebfb8ace9a2a3e46
dca3ca29959c3399f9afb8a223c70159
628d106cc7c0551dae8f6e84c89c0ffe
94eb8c2b78fe90aeb2bb50d5699f24bb
6e66920c093c4519a596afe53c0424e4
e211cb614e186dce5ad2493cf5c79fbb
e488d4f1375759e3145d26e75f50edad
a3eb1901ca03b057815ca17e76bbbebf
53f3f7ab38dbdef1f99faaf89e3242cb
e639f97034d490bf036bb748065f9fa8
bcd0190b261b6d2d40713144026f80cc
8ac3196f8d0aacb34d8410d79fbf4dbd
ddebeaadacb84e2c26624fc26e8cab51
5e54f5e1e5ea759907034d7750f694e1
1794dab85d9eeb5c6c63b51fb4df419b
692df14565b289a0eb9dd287f2286203
6cc4abc084947dac1504654af93356c5
7330b8ccd2fe9b85b0c9b14125a175c5
e027a983385e6c6279b7bd7cc3ca6e1b
508940a271614e5186b0f24c5de43eb7
30cd57b136f4ce747c0cefc4fe61760d
79120a69d6dc6909e1a89bb9ee73dd62
100dcfa97eb12e6dfb9af97b55bd61bf
d243f269ece45fe6f08fd342febcbe94
0e17a33ea804c6ade4c9338dcb9db323
cc5edfbc3a072cc0fc995ed305be7f44
fac7978f081a9715e98aa2d6b6648ec4
8935bc640a9bcb5ba749a6913bf9a4ff
dcfec55055c11ec0f729935d3797bd77
10528c85abf72e583a2149c532b1b507
aa45dad31c67c330d52ae8910c853de1
e46c2a27d65bf93f8b340a7cd0144385
740b9d278db895a316cc6b7fe19083c1
f49f4e7fe11700d5555123aaa3877698
f32e2cccbb57d534ced7a453eda8b982
ce874be4bddc13a2cb238cea4b0d8ff2
e1affac51cc9a6f1a56d7f9ccaa11e3c
2430c69542ba166c37f72622e763fcac
33a17b580cf6e21790053f3231b46cb5
d5842797c607556bf3d6c919b12e1b3b
bf54192acec9008b92c0ff026976bc49
b0ee4f89f77abfc12c58484c6f684a4c
bceb186b02cf3ae5a1fe6a5752c4e413
4e1f5d9bb60b63453250492c2d6ba247
e7fd4dd2e61dfa5a533e31a333bd243f
a7dd97da9a7e56614f15b111dfde781f
6db810fa1eba9b9a136185707ee2060d
1049603d5dd20caf4d67837d421becf3
8196c7e4e321af5da4fa1fca055e7920
86211e70363570ce79d0796736e2ddca
93c074fe6b2d5601fb7765785e4914fa
97e8a60992f2776138d0f5cf91bdb2d9
91b26117dc74b51ecc17ec40358a5804
e6d15d67ac5f9912556dbe80494be13f
ab0eb3b7683d91e58af589416cb04ad4
f82d87645080a01ae75735ba94a05ad5
4198ec4410826b56d4dcf87676d29bfe
a02d4d44c97835bc1ecc46ddbf4ae272
01ec4de2859c3176873652194a36d48e
fd76dac2c0515d42ad4bb5c8be27f3c3
a74831db067956bbd5279ef2bca13b0b
96dd25a94d881d99aa2357336fb42de6
8a3c14f3856f80fe63166dff4beffb75
0b0bfae9cd1eafbfcd1e1f2fdcb61e3d
650bee89771b59b8214d09cb27e789c2
947a0f1e98b0c5130247ee450c64279b
e09ac1393b5a92e9f3eac6140f052f39
a9f1114ecadf596c1d3ac5dae2d5068f
3d46b9853c65799513b57087e2586c52
8bfb6b8bcbfb1f3e40be631da809cb37
2067fee789cc13d1591b5ab01d795df4
b8b2fefd99cf8038c082253b4e7cfa53
a5aba46303e7b2934b580a2c3f5d26ff
04ccfc37652dd89c16eeb609b3813785
42b14bf1ac263ce2202bb806b6bf1bf8
7583982f25352891545163b10dd09d43
f9f8e86774668192ec637e4065585a49
37e12826fd8a9a87c222de8d6836ea88
7bbcb3ecf1eb675a06cea71eee8f3dd4
a24bcf219fbe4c9c062262ba2e255ad6
302a3d70f01cdb68cb32186eee4d1bcc
c89eb4e6be1c19fcc590e05abe05abdb
2d3840cf0d0d254d50a8ca37f3056e7f
3692fd905a8387e7407a78570de6dea1
31dc95463aa309df3a3b273bb21c57a7
06901ae456012d6e5663f94e2f5b2ac2
00470949f56b10b5a87a228026df9353
2778d30c1b48d77ba2e18c4da8257c27
e7ac980c51cd0006c3c44cdb42a69e8c
af56df377f08db52dcffe6ff28c1b5fa
8926873c9f51b6882d0c5abfe4fce9cd
b6d1201d38b8924e04b268aa115d2cf6
35f50a12e4200c96002401c0498f49c5
aafb47405d1d509c815b341caed18748
f72f137a0ffa52063c75d609ddea1e25
933bbd236ed5d51d521cf13160995228
aa373cd5f42693a218b2d7faf2bd786e
6dda0254fdade6370872f48ff14a08cc
feb87e2cf5a3b45e737f5ab90ce90c29
319b42f836595961e6b09a3066912fe6
c8f4decc33f10923a6569084fd26d527
7f0ba72798c4b32d499adb29438d575f
3c680ba8af741fa1d0d762aa07a80653
c75d1a461bd813fbf8fc203b27bccec2
cf65c5997927daa73447cb154e3abbf3
0156058fcd915a2eed22542fdcd15a3a
ab0d74b666c010cb525212dee9a0ac5c
22c08153f3d2fc35eb2e5f09726a13a4
b2ca2632f2b276eb16408176f5ea38da
1d8c056d3c38f1775cd6c1f2eeac0a43
682ea63ac1b32f7b22f2687da323346e
f13444b264bd89c5158f936d74fcc7c0
7ece7954338ca5b0a39577d8cc4e67a5
e7017682486177804712feeafa96bd3e
e023a04ebef5f1f4c0b51d042c912cd1
1906a34371d4c052af0913543e8c9133
f9ed2832c5d3b5b836382d6da3f676c3
57e04dbfd87f03d079d462ea905f0131
6d20502778a4ad9faf22b439adfafb93
5794d64f15233f76e36617f2c89a6481
421876a7ab6cb4e2721f472b01a1be28
674ac37a54fa41c915774162acb92799
d50c62dae07cb0ff469fe79c33f63ea7
e3bd36cca237fee7d53c3b0c3327a6f8
bc93e26b4e8aed1d14eae52214c9c51c
4b3dae8add9e598af627079255d0568d
b8b950a0b4fce5dcf8096b48b709013c
11b7a4ea102d72b1bae418c23dda59f4
c5d7a22e67b2ca6d74e8a8e131aef3d7
25ba3070d38ce93971047b778aee4f67
263df34963ed91e203064d23556e4916
68ba474e9623924abb8c7c6fb6a0e806
d65406533d33bd12909bec38fec6f6bd
5cec8bc8f318431ffcd706e012b8ceb5
bb62da7fcd876aaa3444d6a6260b4dd9
b64ac3d56309221774f4b0255f5439ef
9f0f00ac0548eeac5f0fa72961c78f63
fa00680ab8ec258167045643bb128dc3
c4038ebe1f830a1200b77b7820785bc0
f517f27d86360400aa39f762e095b462
69feb67590f3bc723fab8aaaceaadc8a
33c307bb429d355bd62289e91af67264
4100191cf7bda06088757271e49bfa80
64a91a552f3d2293486762ca5e3a01b0
55cd6d096985adc4b7495f3bf41dee15
fe0c1bffac1fe9ea9d1949d47506f7a4
4fbbd528a017e94ba529b7d74a9489ff
f5f7aad057f59c39cbca64446fc6e651
d9deedf687a38eb24ee769ed4e791cd4
f9035a52f3be76fed2af9d68a85cc441
2839f8cb22711d1c7ad95f94f5629424
c9dba3a19fa971c03297a57be615c573
4c7536a7008713b6bce5daec2a909bc0
2b29d2806b6707cd319dab825e4e381b
88791d7cc7441b7a1c345148bc0ef048
f769e1e1076123f4d9db76ad41970822
120a9d38972663aa8ad20ccd9a5e1604
b11b93a236b49ab8337ad72fe97b6e3c
f42bead1831fbfaad1f16e30d6cc9b5f
7ccb24953e5001fdf336e05ef20232a1
dc3c0c084a602ab172f49115daeb893b
ca2c9bd1a6905895eac18ad0a44b04a6
cfb1ee52d8b6c223c2ca610d18629751
653f81586b32f265e935223600c29fff
5fad7fd9ad39c184cbd76e9885dd4588
9bd2e269c535cf98ee3b8d0f604da6ce
194c907a7a3ab99d2cedb690ef98cbe3
95e88e793e6d786edd073b540347e7de
78bf219e6aed93a3769ca9a7a7dee4a7
4f094cf66246ed697c44c66b113fdb8e
ce92b4dbd43180f955585e4e2d48f934
340ff7373acbe591aa887f6efeb5c8ad
b0592b737f2e2ddf58c3f95966830e39
3e6a08fd70589714584694d780b01f1e
6a8556021508031868834a318a0ac88c
3d6be3a9eb2ff8de0eeed2e724e7c5ac
2b1031a2079fc7eb4014bc2db8fdf2e3
746820b092b48de5047a1b4984705014
1be39c3bd7598fccfa5b9db2a605a517
7a414e50f1c2f3f6dde07b7bac750f7f
e5f0d04fc5ee632ac6ba4e9d930effe2
e00060c5f9764442b1df10f4eb657cf7
ad002ecb94b2387c7768d322320e5cdc
c4265dea2dd6ae466cb89cb700962a68
1eb0355e2b0757ab535ac5e0e4e3d07b
a572c4366d37e47ce171b422cff21c07
e084cf8047d1dfe113ca23ff9b3ea600
786e7587a22bb49689674eba19f7e4a2
6fb5958184340a00e3fc57020683295d
8fafda1c6c53fa23ccfcbe2471870687
c814be202320eac7721046fb5a3b8895
9c2d31d997190a94a332e2d0a1eaadcb
d01cc101e1cc14882a0b24d80dbccbdd
2a02864d68dd45e551049ac93736b94d
b906a5188ae49ab86067c467dba1370a
153ed9bf5b6d766dfbf96a721eba7532
3f315a63aa99078626822ce1d4bce18a
9b7fcf8e59b2fc5644bbc6724ce9e888
b8fb50428c786d2aabc0cc04e8c4d853
a71801cde45b8b86cc56bded801976cb
7f7eceb52bb9a45d90653eaaf0230df8
614558c88258807641d2fd8ab0c543c1
5075b9379823d03675616c4e2038b3ff
5d37976b9b086934409fae09d2648cc6
8e392cc5730556f40c43a4d6eee16428
2d84aa3e42982637e8808d33578fa78b
91840ee52ff73f6b683514f87c30cf8b
94ab371edbcc423f605dd5d4ce3debf1
abf8bca5a7458b47aef909536c7b85ca
50bc1161a3fc4f0728794771732e11a0
4a4cb390133e30d079e1947eb152a69e
2c8bf19a6ad3ba1d8504e3123461dafe
133c72e7c3f789109d1c5e93c5edf112
c3d824b4d39e71ce237949b1ebaf29fc
8df302cca3bc348b9d7664b372ff5c54
1d707b46340b5e8ab0768068dfdd2274
c579dc376519d0ea52db4b65ff3ee73c
2ebce65605c32ce93e4cab4045bdce5b
0f21c7589cc783b3c851e283f85aa0b4
84030ba90964e646126f564c51da695e
29637c6d73ea5b9e652ee2ee979339aa
18967b681aed8c0545c3b1cb76cbc95f
dbf942cdcd978582b5dc82d9ff31396f
407d2c5fb3a04c34a68df71164d684ed
e47ee132747d0a53d1aeee0a714b55e6
45377222659557f270a11ab9a8b245b5
831d13f964b799917bcf4f216d562663
c17034fd04c01e12938330609df40e67
3608d4a595fcb00b32670c07fb8961e7
41f78137578f260f794bc2034f7bc9c8
fb03ed33adcbe21161527f31e733d861
c2fe13af518333233c8cc41bed9ad8c2
a2dde21ed5615c2889719d6c3e0d7e84
905476bd833cbd9b125d32bf8bf726e1
9b0c6658bdbcf142834c78b79f358a05
04578bfb70edc48b528a3525154340c9
5ec88ba620adba737b027d37e31f3654
a56ab97feb370b4fb562e937219beeb1
3ae76aba6ddfd149de7cba21e59b68a8
5067be6f6c18c06bde6d5254dd313585
03d6dfae9b186a8a4ce8b32f6a84bcef
4c131326d8da1ec0f07d4deb555719f8
0c20036b93ddea2616f10fd16941d79d
5792bfafee7ccd3b13eab1373d935ee6
865e1c075de790e52ffe6f30c20a1974
a17e7d935754bb2c104a4b34d85a6f0d
3041fc1058a293eb037e01eb86055387
bba38299cdb1246123a0b95e35364b98
048943c1b955fefb817e14e2b6482b53
3fa83cb5fb8e20bcaebcbb932a2fa90c
6f3a36e36116fb17123837fcf01aa567
67f20c142caeb9f86159751a4c5948cf
fd59c2430026073883a042d42b2ad1d8
1e61e46cbf434c6bf7f758ef57a1ebc6
4c6540282ceff3bcf9bdc390e0e6500c
2985103baf736f84d98c4c0bf7723ef8
f7cde805b31a3459ebfb8ace9a2a3e46
dca3ca29959c3399f9afb8a223c70159
628d106cc7c0551dae8f6e84c89c0ffe
94eb8c2b78fe90aeb2bb50d5699f24bb
6e66920c093c4519a596afe53c0424e4
e211cb614e186dce5ad2493cf5c79fbb
e488d4f1375759e3145d26e75f50edad
a3eb1901ca03b057815ca17e76bbbebf
53f3f7ab38dbdef1f99faaf89e3242cb
e639f97034d490bf036bb748065f9fa8
bcd0190b261b6d2d40713144026f80cc
8ac3196f8d0aacb34d8410d79fbf4dbd
ddebeaadacb84e2c26624fc26e8cab51
5e54f5e1e5ea759907034d7750f694e1
1794dab85d9eeb5c6c63b51fb4df419b
692df14565b289a0eb9dd287f2286203
6cc4abc084947dac1504654af93356c5
7330b8ccd2fe9b85b0c9b14125a175c5
e027a983385e6c6279b7bd7cc3ca6e1b
508940a271614e5186b0f24c5de43eb7
30cd57b136f4ce747c0cefc4fe61760d
79120a69d6dc6909e1a89bb9ee73dd62
100dcfa97eb12e6dfb9af97b55bd61bf
d243f269ece45fe6f08fd342febcbe94
0e17a33ea804c6ade4c9338dcb9db323
cc5edfbc3a072cc0fc995ed305be7f44
fac7978f081a9715e98aa2d6b6648ec4
8935bc640a9bcb5ba749a6913bf9a4ff
dcfec55055c11ec0f729935d3797bd77
10528c85abf72e583a2149c532b1b507
aa45dad31c67c330d52ae8910c853de1
e46c2a27d65bf93f8b340a7cd0144385
740b9d278db895a316cc6b7fe19083c1
f49f4e7fe11700d5555123aaa3877698
f32e2cccbb57d534ced7a453eda8b982
ce874be4bddc13a2cb238cea4b0d8ff2
e1affac51cc9a6f1a56d7f9ccaa11e3c
2430c69542ba166c37f72622e763fcac
33a17b580cf6e21790053f3231b46cb5
d5842797c607556bf3d6c919b12e1b3b
bf54192acec9008b92c0ff026976bc49
b0ee4f89f77abfc12c58484c6f684a4c
bceb186b02cf3ae5a1fe6a5752c4e413
4e1f5d9bb60b63453250492c2d6ba247
e7fd4dd2e61dfa5a533e31a333bd243f
a7dd97da9a7e56614f15b111dfde781f
6db810fa1eba9b9a136185707ee2060d
1049603d5dd20caf4d67837d421becf3
8196c7e4e321af5da4fa1fca055e7920
86211e70363570ce79d0796736e2ddca
93c074fe6b2d5601fb7765785e4914fa
97e8a60992f2776138d0f5cf91bdb2d9
91b26117dc74b51ecc17ec40358a5804
e6d15d67ac5f9912556dbe80494be13f
ab0eb3b7683d91e58af589416cb04ad4
f82d87645080a01ae75735ba94a05ad5
4198ec4410826b56d4dcf87676d29bfe
a02d4d44c97835bc1ecc46ddbf4ae272
01ec4de2859c3176873652194a36d48e
fd76dac2c0515d42ad4bb5c8be27f3c3
a74831db067956bbd5279ef2bca13b0b
96dd25a94d881d99aa2357336fb42de6
8a3c14f3856f80fe63166dff4beffb75
0b0bfae9cd1eafbfcd1e1f2fdcb61e3d
650bee89771b59b8214d09cb27e789c2
947a0f1e98b0c5130247ee450c64279b
e09ac1393b5a92e9f3eac6140f052f39
a9f1114ecadf596c1d3ac5dae2d5068f
3d46b9853c65799513b57087e2586c52
8bfb6b8bcbfb1f3e40be631da809cb37
2067fee789cc13d1591b5ab01d795df4
b8b2fefd99cf8038c082253b4e7cfa53
a5aba46303e7b2934b580a2c3f5d26ff
04ccfc37652dd89c16eeb609b3813785
42b14bf1ac263ce2202bb806b6bf1bf8
7583982f25352891545163b10dd09d43
f9f8e86774668192ec637e4065585a49
37e12826fd8a9a87c222de8d6836ea88
7bbcb3ecf1eb675a06cea71eee8f3dd4
a24bcf219fbe4c9c062262ba2e255ad6
302a3d70f01cdb68cb32186eee4d1bcc
c89eb4e6be1c19fcc590e05abe05abdb
2d3840cf0d0d254d50a8ca37f3056e7f
3692fd905a8387e7407a78570de6dea1
31dc95463aa309df3a3b273bb21c57a7
06901ae456012d6e5663f94e2f5b2ac2
00470949f56b10b5a87a228026df9353
2778d30c1b48d77ba2e18c4da8257c27
e7ac980c51cd0006c3c44cdb42a69e8c
af56df377f08db52dcffe6ff28c1b5fa
8926873c9f51b6882d0c5abfe4fce9cd
b6d1201d38b8924e04b268aa115d2cf6
35f50a12e4200c96002401c0498f49c5
aafb47405d1d509c815b341caed18748
f72f137a0ffa52063c75d609ddea1e25
933bbd236ed5d51d521cf13160995228
aa373cd5f42693a218b2d7faf2bd786e
6dda0254fdade6370872f48ff14a08cc
feb87e2cf5a3b45e737f5ab90ce90c29
319b42f836595961e6b09a3066912fe6
c8f4decc33f10923a6569084fd26d527
7f0ba72798c4b32d499adb29438d575f
3c680ba8af741fa1d0d762aa07a80653
c75d1a461bd813fbf8fc203b27bccec2
cf65c5997927daa73447cb154e3abbf3
0156058fcd915a2eed22542fdcd15a3a
ab0d74b666c010cb525212dee9a0ac5c
22c08153f3d2fc35eb2e5f09726a13a4
b2ca2632f2b276eb16408176f5ea38da
1d8c056d3c38f1775cd6c1f2eeac0a43
682ea63ac1b32f7b22f2687da323346e
f13444b264bd89c5158f936d74fcc7c0
7ece7954338ca5b0a39577d8cc4e67a5
e7017682486177804712feeafa96bd3e
e023a04ebef5f1f4c0b51d042c912cd1
1906a34371d4c052af0913543e8c9133
f9ed2832c5d3b5b836382d6da3f676c3
57e04dbfd87f03d079d462ea905f0131
6d20502778a4ad9faf22b439adfafb93
5794d64f15233f76e36617f2c89a6481
421876a7ab6cb4e2721f472b01a1be28
674ac37a54fa41c915774162acb92799
d50c62dae07cb0ff469fe79c33f63ea7
e3bd36cca237fee7d53c3b0c3327a6f8
bc93e26b4e8aed1d14eae52214c9c51c
4b3dae8add9e598af627079255d0568d
b8b950a0b4fce5dcf8096b48b709013c
11b7a4ea102d72b1bae418c23dda59f4
c5d7a22e67b2ca6d74e8a8e131aef3d7
25ba3070d38ce93971047b778aee4f67
263df34963ed91e203064d23556e4916
68ba474e9623924abb8c7c6fb6a0e806
d65406533d33bd12909bec38fec6f6bd
5cec8bc8f318431ffcd706e012b8ceb5
bb62da7fcd876aaa3444d6a6260b4dd9
b64ac3d56309221774f4b0255f5439ef
9f0f00ac0548eeac5f0fa72961c78f63
fa00680ab8ec258167045643bb128dc3
c4038ebe1f830a1200b77b7820785bc0
f517f27d86360400aa39f762e095b462
69feb67590f3bc723fab8aaaceaadc8a
33c307bb429d355bd62289e91af67264
4100191cf7bda06088757271e49bfa80
64a91a552f3d2293486762ca5e3a01b0
55cd6d096985adc4b7495f3bf41dee15
fe0c1bffac1fe9ea9d1949d47506f7a4
4fbbd528a017e94ba529b7d74a9489ff
f5f7aad057f59c39cbca64446fc6e651
d9deedf687a38eb24ee769ed4e791cd4
f9035a52f3be76fed2af9d68a85cc441
2839f8cb22711d1c7ad95f94f5629424
c9dba3a19fa971c03297a57be615c573
4c7536a7008713b6bce5daec2a909bc0
2b29d2806b6707cd319dab825e4e381b
88791d7cc7441b7a1c345148bc0ef048
f769e1e1076123f4d9db76ad41970822
120a9d38972663aa8ad20ccd9a5e1604
b11b93a236b49ab8337ad72fe97b6e3c
f42bead1831fbfaad1f16e30d6cc9b5f
7ccb24953e5001fdf336e05ef20232a1
dc3c0c084a602ab172f49115daeb893b
ca2c9bd1a6905895eac18ad0a44b04a6
cfb1ee52d8b6c223c2ca610d18629751
653f81586b32f265e935223600c29fff
5fad7fd9ad39c184cbd76e9885dd4588
9bd2e269c535cf98ee3b8d0f604da6ce
194c907a7a3ab99d2cedb690ef98cbe3
95e88e793e6d786edd073b540347e7de
78bf219e6aed93a3769ca9a7a7dee4a7
4f094cf66246ed697c44c66b113fdb8e
ce92b4dbd43180f955585e4e2d48f934
340ff7373acbe591aa887f6efeb5c8ad
b0592b737f2e2ddf58c3f95966830e39
3e6a08fd70589714584694d780b01f1e
6a8556021508031868834a318a0ac88c
3d6be3a9eb2ff8de0eeed2e724e7c5ac
2b1031a2079fc7eb4014bc2db8fdf2e3
746820b092b48de5047a1b4984705014
1be39c3bd7598fccfa5b9db2a605a517
7a414e50f1c2f3f6dde07b7bac750f7f
e5f0d04fc5ee632ac6ba4e9d930effe2
e00060c5f9764442b1df10f4eb657cf7
ad002ecb94b2387c7768d322320e5cdc
c4265dea2dd6ae466cb89cb700962a68
1eb0355e2b0757ab535ac5e0e4e3d07b
a572c4366d37e47ce171b422cff21c07
e084cf8047d1dfe113ca23ff9b3ea600
786e7587a22bb49689674eba19f7e4a2
6fb5958184340a00e3fc57020683295d
8fafda1c6c53fa23ccfcbe2471870687
c814be202320eac7721046fb5a3b8895
9c2d31d997190a94a332e2d0a1eaadcb
d01cc101e1cc14882a0b24d80dbccbdd
2a02864d68dd45e551049ac93736b94d
b906a5188ae49ab86067c467dba1370a
153ed9bf5b6d766dfbf96a721eba7532
3f315a63aa99078626822ce1d4bce18a
9b7fcf8e59b2fc5644bbc6724ce9e888
b8fb50428c786d2aabc0cc04e8c4d853
a71801cde45b8b86cc56bded801976cb
7f7eceb52bb9a45d90653eaaf0230df8
614558c88258807641d2fd8ab0c543c1
5075b9379823d03675616c4e2038b3ff
5d37976b9b086934409fae09d2648cc6
8e392cc5730556f40c43a4d6eee16428
2d84aa3e42982637e8808d33578fa78b
91840ee52ff73f6b683514f87c30cf8b
94ab371edbcc423f605dd5d4ce3debf1
abf8bca5a7458b47aef909536c7b85ca
50bc1161a3fc4f0728794771732e11a0
4a4cb390133e30d079e1947eb152a69e
2c8bf19a6ad3ba1d8504e3123461dafe
133c72e7c3f789109d1c5e93c5edf112
c3d824b4d39e71ce237949b1ebaf29fc
8df302cca3bc348b9d7664b372ff5c54
1d707b46340b5e8ab0768068dfdd2274
c579dc376519d0ea52db4b65ff3ee73c
2ebce65605c32ce93e4cab4045bdce5b
0f21c7589cc783b3c851e283f85aa0b4
84030ba90964e646126f564c51da695e
29637c6d73ea5b9e652ee2ee979339aa
18967b681aed8c0545c3b1cb76cbc95f
dbf942cdcd978582b5dc82d9ff31396f
407d2c5fb3a04c34a68df71164d684ed
e47ee132747d0a53d1aeee0a714b55e6
45377222659557f270a11ab9a8b245b5
831d13f964b799917bcf4f216d562663
c17034fd04c01e12938330609df40e67
3608d4a595fcb00b32670c07fb8961e7
41f78137578f260f794bc2034f7bc9c8
fb03ed33adcbe21161527f31e733d861
c2fe13af518333233c8cc41bed9ad8c2
a2dde21ed5615c2889719d6c3e0d7e84
905476bd833cbd9b125d32bf8bf726e1
9b0c6658bdbcf142834c78b79f358a05
04578bfb70edc48b528a3525154340c9
5ec88ba620adba737b027d37e31f3654
a56ab97feb370b4fb562e937219beeb1
3ae76aba6ddfd149de7cba21e59b68a8
5067be6f6c18c06bde6d5254dd313585
03d6dfae9b186a8a4ce8b32f6a84bcef
4c131326d8da1ec0f07d4deb555719f8
0c20036b93ddea2616f10fd16941d79d
5792bfafee7ccd3b13eab1373d935ee6
865e1c075de790e52ffe6f30c20a1974
a17e7d935754bb2c104a4b34d85a6f0d
3041fc1058a293eb037e01eb86055387
bba38299cdb1246123a0b95e35364b98
048943c1b955fefb817e14e2b6482b53
3fa83cb5fb8e20bcaebcbb932a2fa90c
6f3a36e36116fb17123837fcf01aa567
67f20c142caeb9f86159751a4c5948cf
fd59c2430026073883a042d42b2ad1d8
1e61e46cbf434c6bf7f758ef57a1ebc6
4c6540282ceff3bcf9bdc390e0e6500c
2985103baf736f84d98c4c0bf7723ef8
f7cde805b31a3459ebfb8ace9a2a3e46
dca3ca29959c3399f9afb8a223c70159
628d106cc7c0551dae8f6e84c89c0ffe
94eb8c2b78fe90aeb2bb50d5699f24bb
6e66920c093c4519a596afe53c0424e4
e211cb614e186dce5ad2493cf5c79fbb
e488d4f1375759e3145d26e75f50edad
a3eb1901ca03b057815ca17e76bbbebf
53f3f7ab38dbdef1f99faaf89e3242cb
e639f97034d490bf036bb748065f9fa8
bcd0190b261b6d2d40713144026f80cc
8ac3196f8d0aacb34d8410d79fbf4dbd
ddebeaadacb84e2c26624fc26e8cab51
5e54f5e1e5ea759907034d7750f694e1
1794dab85d9eeb5c6c63b51fb4df419b
692df14565b289a0eb9dd287f2286203
6cc4abc084947dac1504654af93356c5
7330b8ccd2fe9b85b0c9b14125a175c5
e027a983385e6c6279b7bd7cc3ca6e1b
508940a271614e5186b0f24c5de43eb7
30cd57b136f4ce747c0cefc4fe61760d
79120a69d6dc6909e1a89bb9ee73dd62
100dcfa97eb12e6dfb9af97b55bd61bf
d243f269ece45fe6f08fd342febcbe94
0e17a33ea804c6ade4c9338dcb9db323
cc5edfbc3a072cc0fc995ed305be7f44
fac7978f081a9715e98aa2d6b6648ec4
8935bc640a9bcb5ba749a6913bf9a4ff
dcfec55055c11ec0f729935d3797bd77
10528c85abf72e583a2149c532b1b507
aa45dad31c67c330d52ae8910c853de1
e46c2a27d65bf93f8b340a7cd0144385
740b9d278db895a316cc6b7fe19083c1
f49f4e7fe11700d5555123aaa3877698
f32e2cccbb57d534ced7a453eda8b982
ce874be4bddc13a2cb238cea4b0d8ff2
e1affac51cc9a6f1a56d7f9ccaa11e3c
2430c69542ba166c37f72622e763fcac
33a17b580cf6e21790053f3231b46cb5
d5842797c607556bf3d6c919b12e1b3b
bf54192acec9008b92c0ff026976bc49
b0ee4f89f77abfc12c58484c6f684a4c
bceb186b02cf3ae5a1fe6a5752c4e413
4e1f5d9bb60b63453250492c2d6ba247
e7fd4dd2e61dfa5a533e31a333bd243f
a7dd97da9a7e56614f15b111dfde781f
6db810fa1eba9b9a136185707ee2060d
1049603d5dd20caf4d67837d421becf3
8196c7e4e321af5da4fa1fca055e7920
86211e70363570ce79d0796736e2ddca
93c074fe6b2d5601fb7765785e4914fa
97e8a60992f2776138d0f5cf91bdb2d9
91b26117dc74b51ecc17ec40358a5804
e6d15d67ac5f9912556dbe80494be13f
ab0eb3b7683d91e58af589416cb04ad4
f82d87645080a01ae75735ba94a05ad5
4198ec4410826b56d4dcf87676d29bfe
a02d4d44c97835bc1ecc46ddbf4ae272
01ec4de2859c3176873652194a36d48e
fd76dac2c0515d42ad4bb5c8be27f3c3
a74831db067956bbd5279ef2bca13b0b
96dd25a94d881d99aa2357336fb42de6
8a3c14f3856f80fe63166dff4beffb75
0b0bfae9cd1eafbfcd1e1f2fdcb61e3d
650bee89771b59b8214d09cb27e789c2
947a0f1e98b0c5130247ee450c64279b
e09ac1393b5a92e9f3eac6140f052f39
a9f1114ecadf596c1d3ac5dae2d5068f
3d46b9853c65799513b57087e2586c52
8bfb6b8bcbfb1f3e40be631da809cb37
2067fee789cc13d1591b5ab01d795df4
b8b2fefd99cf8038c082253b4e7cfa53
a5aba46303e7b2934b580a2c3f5d26ff
04ccfc37652dd89c16eeb609b3813785
42b14bf1ac263ce2202bb806b6bf1bf8
7583982f25352891545163b10dd09d43
f9f8e86774668192ec637e4065585a49
37e12826fd8a9a87c222de8d6836ea88
7bbcb3ecf1eb675a06cea71eee8f3dd4
a24bcf219fbe4c9c062262ba2e255ad6
302a3d70f01cdb68cb32186eee4d1bcc
c89eb4e6be1c19fcc590e05abe05abdb
2d3840cf0d0d254d50a8ca37f3056e7f
3692fd905a8387e7407a78570de6dea1
31dc95463aa309df3a3b273bb21c57a7
06901ae456012d6e5663f94e2f5b2ac2
00470949f56b10b5a87a228026df9353
2778d30c1b48d77ba2e18c4da8257c27
e7ac980c51cd0006c3c44cdb42a69e8c
af56df377f08db52dcffe6ff28c1b5fa
8926873c9f51b6882d0c5abfe4fce9cd
b6d1201d38b8924e04b268aa115d2cf6
35f50a12e4200c96002401c0498f49c5
aafb47405d1d509c815b341caed18748
f72f137a0ffa52063c75d609ddea1e25
933bbd236ed5d51d521cf13160995228
aa373cd5f42693a218b2d7faf2bd786e
6dda0254fdade6370872f48ff14a08cc
feb87e2cf5a3b45e737f5ab90ce90c29
319b42f836595961e6b09a3066912fe6
c8f4decc33f10923a6569084fd26d527
7f0ba72798c4b32d499adb29438d575f
3c680ba8af741fa1d0d762aa07a80653
c75d1a461bd813fbf8fc203b27bccec2
cf65c5997927daa73447cb154e3abbf3
0156058fcd915a2eed22542fdcd15a3a
ab0d74b666c010cb525212dee9a0ac5c
22c08153f3d2fc35eb2e5f09726a13a4
b2ca2632f2b276eb16408176f5ea38da
1d8c056d3c38f1775cd6c1f2eeac0a43
682ea63ac1b32f7b22f2687da323346e
f13444b264bd89c5158f936d74fcc7c0
7ece7954338ca5b0a39577d8cc4e67a5
e7017682486177804712feeafa96bd3e
e023a04ebef5f1f4c0b51d042c912cd1
1906a34371d4c052af0913543e8c9133
f9ed2832c5d3b5b836382d6da3f676c3
57e04dbfd87f03d079d462ea905f0131
6d20502778a4ad9faf22b439adfafb93
5794d64f15233f76e36617f2c89a6481
421876a7ab6cb4e2721f472b01a1be28
674ac37a54fa41c915774162acb92799
d50c62dae07cb0ff469fe79c33f63ea7
e3bd36cca237fee7d53c3b0c3327a6f8
bc93e26b4e8aed1d14eae52214c9c51c
4b3dae8add9e598af627079255d0568d
b8b950a0b4fce5dcf8096b48b709013c
11b7a4ea102d72b1bae418c23dda59f4
c5d7a22e67b2ca6d74e8a8e131aef3d7
25ba3070d38ce93971047b778aee4f67
263df34963ed91e203064d23556e4916
68ba474e9623924abb8c7c6fb6a0e806
d65406533d33bd12909bec38fec6f6bd
5cec8bc8f318431ffcd706e012b8ceb5
bb62da7fcd876aaa3444d6a6260b4dd9
b64ac3d56309221774f4b0255f5439ef
9f0f00ac0548eeac5f0fa72961c78f63
fa00680ab8ec258167045643bb128dc3
c4038ebe1f830a1200b77b7820785bc0
f517f27d86360400aa39f762e095b462
69feb67590f3bc723fab8aaaceaadc8a
33c307bb429d355bd62289e91af67264
4100191cf7bda06088757271e49bfa80
64a91a552f3d2293486762ca5e3a01b0
55cd6d096985adc4b7495f3bf41dee15
fe0c1bffac1fe9ea9d1949d47506f7a4
4fbbd528a017e94ba529b7d74a9489ff
f5f7aad057f59c39cbca64446fc6e651
d9deedf687a38eb24ee769ed4e791cd4
f9035a52f3be76fed2af9d68a85cc441
2839f8cb22711d1c7ad95f94f5629424
c9dba3a19fa971c03297a57be615c573
4c7536a7008713b6bce5daec2a909bc0
2b29d2806b6707cd319dab825e4e381b
88791d7cc7441b7a1c345148bc0ef048
f769e1e1076123f4d9db76ad41970822
120a9d38972663aa8ad20ccd9a5e1604
b11b93a236b49ab8337ad72fe97b6e3c
f42bead1831fbfaad1f16e30d6cc9b5f
7ccb24953e5001fdf336e05ef20232a1
dc3c0c084a602ab172f49115daeb893b
ca2c9bd1a6905895eac18ad0a44b04a6
cfb1ee52d8b6c223c2ca610d18629751
653f81586b32f265e935223600c29fff
5fad7fd9ad39c184cbd76e9885dd4588
9bd2e269c535cf98ee3b8d0f604da6ce
194c907a7a3ab99d2cedb690ef98cbe3
95e88e793e6d786edd073b540347e7de
78bf219e6aed93a3769ca9a7a7dee4a7
4f094cf66246ed697c44c66b113fdb8e
ce92b4dbd43180f955585e4e2d48f934
340ff7373acbe591aa887f6efeb5c8ad
b0592b737f2e2ddf58c3f95966830e39
3e6a08fd70589714584694d780b01f1e
6a8556021508031868834a318a0ac88c
3d6be3a9eb2ff8de0eeed2e724e7c5ac
2b1031a2079fc7eb4014bc2db8fdf2e3
746820b092b48de5047a1b4984705014
1be39c3bd7598fccfa5b9db2a605a517
7a414e50f1c2f3f6dde07b7bac750f7f
e5f0d04fc5ee632ac6ba4e9d930effe2
e00060c5f9764442b1df10f4eb657cf7
ad002ecb94b2387c7768d322320e5cdc
c4265dea2dd6ae466cb89cb700962a68
1eb0355e2b0757ab535ac5e0e4e3d07b
a572c4366d37e47ce171b422cff21c07
e084cf8047d1dfe113ca23ff9b3ea600
786e7587a22bb49689674eba19f7e4a2
6fb5958184340a00e3fc57020683295d
8fafda1c6c53fa23ccfcbe2471870687
c814be202320eac7721046fb5a3b8895
9c2d31d997190a94a332e2d0a1eaadcb
d01cc101e1cc14882a0b24d80dbccbdd
2a02864d68dd45e551049ac93736b94d
b906a5188ae49ab86067c467dba1370a
153ed9bf5b6d766dfbf96a721eba7532
3f315a63aa99078626822ce1d4bce18a
9b7fcf8e59b2fc5644bbc6724ce9e888
b8fb50428c786d2aabc0cc04e8c4d853
a71801cde45b8b86cc56bded801976cb
7f7eceb52bb9a45d90653eaaf0230df8
614558c88258807641d2fd8ab0c543c1
5075b9379823d03675616c4e2038b3ff
5d37976b9b086934409fae09d2648cc6
8e392cc5730556f40c43a4d6eee16428
2d84aa3e42982637e8808d33578fa78b
91840ee52ff73f6b683514f87c30cf8b
94ab371edbcc423f605dd5d4ce3debf1
abf8bca5a7458b47aef909536c7b85ca
50bc1161a3fc4f0728794771732e11a0
4a4cb390133e30d079e1947eb152a69e
2c8bf19a6ad3ba1d8504e3123461dafe
133c72e7c3f789109d1c5e93c5edf112
c3d824b4d39e71ce237949b1ebaf29fc
8df302cca3bc348b9d7664b372ff5c54
1d707b46340b5e8ab0768068dfdd2274
c579dc376519d0ea52db4b65ff3ee73c
2ebce65605c32ce93e4cab4045bdce5b
0f21c7589cc783b3c851e283f85aa0b4
84030ba90964e646126f564c51da695e
29637c6d73ea5b9e652ee2ee979339aa
18967b681aed8c0545c3b1cb76cbc95f
dbf942cdcd978582b5dc82d9ff31396f
407d2c5fb3a04c34a68df71164d684ed
e47ee132747d0a53d1aeee0a714b55e6
45377222659557f270a11ab9a8b245b5
831d13f964b799917bcf4f216d562663
c17034fd04c01e12938330609df40e67
3608d4a595fcb00b32670c07fb8961e7
41f78137578f260f794bc2034f7bc9c8
fb03ed33adcbe21161527f31e733d861
c2fe13af518333233c8cc41bed9ad8c2
a2dde21ed5615c2889719d6c3e0d7e84
905476bd833cbd9b125d32bf8bf726e1
9b0c6658bdbcf142834c78b79f358a05
04578bfb70edc48b528a3525154340c9
5ec88ba620adba737b027d37e31f3654
a56ab97feb370b4fb562e937219beeb1
3ae76aba6ddfd149de7cba21e59b68a8
5067be6f6c18c06bde6d5254dd313585
03d6dfae9b186a8a4ce8b32f6a84bcef
4c131326d8da1ec0f07d4deb555719f8
0c20036b93ddea2616f10fd16941d79d
5792bfafee7ccd3b13eab1373d935ee6
865e1c075de790e52ffe6f30c20a1974
a17e7d935754bb2c104a4b34d85a6f0d
3041fc1058a293eb037e01eb86055387
bba38299cdb1246123a0b95e35364b98
048943c1b955fefb817e14e2b6482b53
3fa83cb5fb8e20bcaebcbb932a2fa90c
6f3a36e36116fb17123837fcf01aa567
67f20c142caeb9f86159751a4c5948cf
fd59c2430026073883a042d42b2ad1d8
1e61e46cbf434c6bf7f758ef57a1ebc6
4c6540282ceff3bcf9bdc390e0e6500c
2985103baf736f84d98c4c0bf7723ef8
f7cde805b31a3459ebfb8ace9a2a3e46
dca3ca29959c3399f9afb8a223c70159
628d106cc7c0551dae8f6e84c89c0ffe
94eb8c2b78fe90aeb2bb50d5699f24bb
6e66920c093c4519a596afe53c0424e4
e211cb614e186dce5ad2493cf5c79fbb
e488d4f1375759e3145d26e75f50edad
a3eb1901ca03b057815ca17e76bbbebf
53f3f7ab38dbdef1f99faaf89e3242cb
e639f97034d490bf036bb748065f9fa8
bcd0190b261b6d2d40713144026f80cc
8ac3196f8d0aacb34d8410d79fbf4dbd
ddebeaadacb84e2c26624fc26e8cab51
5e54f5e1e5ea759907034d7750f694e1
1794dab85d9eeb5c6c63b51fb4df419b
692df14565b289a0eb9dd287f2286203
6cc4abc084947dac1504654af93356c5
7330b8ccd2fe9b85b0c9b14125a175c5
e027a983385e6c6279b7bd7cc3ca6e1b
508940a271614e5186b0f24c5de43eb7
30cd57b136f4ce747c0cefc4fe61760d
79120a69d6dc6909e1a89bb9ee73dd62
100dcfa97eb12e6dfb9af97b55bd61bf
d243f269ece45fe6f08fd342febcbe94
0e17a33ea804c6ade4c9338dcb9db323
cc5edfbc3a072cc0fc995ed305be7f44
fac7978f081a9715e98aa2d6b6648ec4
8935bc640a9bcb5ba749a6913bf9a4ff
dcfec55055c11ec0f729935d3797bd77
10528c85abf72e583a2149c532b1b507
aa45dad31c67c330d52ae8910c853de1
e46c2a27d65bf93f8b340a7cd0144385
740b9d278db895a316cc6b7fe19083c1
f49f4e7fe11700d5555123aaa3877698
f32e2cccbb57d534ced7a453eda8b982
ce874be4bddc13a2cb238cea4b0d8ff2
e1affac51cc9a6f1a56d7f9ccaa11e3c
2430c69542ba166c37f72622e763fcac
33a17b580cf6e21790053f3231b46cb5
d5842797c607556bf3d6c919b12e1b3b
bf54192acec9008b92c0ff026976bc49
b0ee4f89f77abfc12c58484c6f684a4c
bceb186b02cf3ae5a1fe6a5752c4e413
4e1f5d9bb60b63453250492c2d6ba247
e7fd4dd2e61dfa5a533e31a333bd243f
a7dd97da9a7e56614f15b111dfde781f
6db810fa1eba9b9a136185707ee2060d
1049603d5dd20caf4d67837d421becf3
8196c7e4e321af5da4fa1fca055e7920
86211e70363570ce79d0796736e2ddca
93c074fe6b2d5601fb7765785e4914fa
97e8a60992f2776138d0f5cf91bdb2d9
91b26117dc74b51ecc17ec40358a5804
e6d15d67ac5f9912556dbe80494be13f
ab0eb3b7683d91e58af589416cb04ad4
f82d87645080a01ae75735ba94a05ad5
4198ec4410826b56d4dcf87676d29bfe
a02d4d44c97835bc1ecc46ddbf4ae272
01ec4de2859c3176873652194a36d48e
fd76dac2c0515d42ad4bb5c8be27f3c3
a74831db067956bbd5279ef2bca13b0b
96dd25a94d881d99aa2357336fb42de6
8a3c14f3856f80fe63166dff4beffb75
0b0bfae9cd1eafbfcd1e1f2fdcb61e3d
650bee89771b59b8214d09cb27e789c2
947a0f1e98b0c5130247ee450c64279b
e09ac1393b5a92e9f3eac6140f052f39
a9f1114ecadf596c1d3ac5dae2d5068f
3d46b9853c65799513b57087e2586c52
8bfb6b8bcbfb1f3e40be631da809cb37
2067fee789cc13d1591b5ab01d795df4
b8b2fefd99cf8038c082253b4e7cfa53
a5aba46303e7b2934b580a2c3f5d26ff
04ccfc37652dd89c16eeb609b3813785
42b14bf1ac263ce2202bb806b6bf1bf8
7583982f25352891545163b10dd09d43
f9f8e86774668192ec637e4065585a49
37e12826fd8a9a87c222de8d6836ea88
7bbcb3ecf1eb675a06cea71eee8f3dd4
a24bcf219fbe4c9c062262ba2e255ad6
302a3d70f01cdb68cb32186eee4d1bcc
c89eb4e6be1c19fcc590e05abe05abdb
2d3840cf0d0d254d50a8ca37f3056e7f
3692fd905a8387e7407a78570de6dea1
31dc95463aa309df3a3b273bb21c57a7
06901ae456012d6e5663f94e2f5b2ac2
00470949f56b10b5a87a228026df9353
2778d30c1b48d77ba2e18c4da8257c27
e7ac980c51cd0006c3c44cdb42a69e8c
af56df377f08db52dcffe6ff28c1b5fa
8926873c9f51b6882d0c5abfe4fce9cd
b6d1201d38b8924e04b268aa115d2cf6
35f50a12e4200c96002401c0498f49c5
aafb47405d1d509c815b341caed18748
f72f137a0ffa52063c75d609ddea1e25
933bbd236ed5d51d521cf13160995228
aa373cd5f42693a218b2d7faf2bd786e
6dda0254fdade6370872f48ff14a08cc
feb87e2cf5a3b45e737f5ab90ce90c29
319b42f836595961e6b09a3066912fe6
c8f4decc33f10923a6569084fd26d527
7f0ba72798c4b32d499adb29438d575f
3c680ba8af741fa1d0d762aa07a80653
c75d1a461bd813fbf8fc203b27bccec2
cf65c5997927daa73447cb154e3abbf3
0156058fcd915a2eed22542fdcd15a3a
ab0d74b666c010cb525212dee9a0ac5c
22c08153f3d2fc35eb2e5f09726a13a4
b2ca2632f2b276eb16408176f5ea38da
1d8c056d3c38f1775cd6c1f2eeac0a43
682ea63ac1b32f7b22f2687da323346e
f13444b264bd89c5158f936d74fcc7c0
7ece7954338ca5b0a39577d8cc4e67a5
e7017682486177804712feeafa96bd3e
e023a04ebef5f1f4c0b51d042c912cd1
1906a34371d4c052af0913543e8c9133
f9ed2832c5d3b5b836382d6da3f676c3
57e04dbfd87f03d079d462ea905f0131
6d20502778a4ad9faf22b439adfafb93
5794d64f15233f76e36617f2c89a6481
421876a7ab6cb4e2721f472b01a1be28
674ac37a54fa41c915774162acb92799
d50c62dae07cb0ff469fe79c33f63ea7
e3bd36cca237fee7d53c3b0c3327a6f8
bc93e26b4e8aed1d14eae52214c9c51c
4b3dae8add9e598af627079255d0568d
b8b950a0b4fce5dcf8096b48b709013c
11b7a4ea102d72b1bae418c23dda59f4
c5d7a22e67b2ca6d74e8a8e131aef3d7
25ba3070d38ce93971047b778aee4f67
263df34963ed91e203064d23556e4916
68ba474e9623924abb8c7c6fb6a0e806
d65406533d33bd12909bec38fec6f6bd
5cec8bc8f318431ffcd706e012b8ceb5
bb62da7fcd876aaa3444d6a6260b4dd9
b64ac3d56309221774f4b0255f5439ef
9f0f00ac0548eeac5f0fa72961c78f63
fa00680ab8ec258167045643bb128dc3
c4038ebe1f830a1200b77b7820785bc0
f517f27d86360400aa39f762e095b462
69feb67590f3bc723fab8aaaceaadc8a
33c307bb429d355bd62289e91af67264
4100191cf7bda06088757271e49bfa80
64a91a552f3d2293486762ca5e3a01b0
55cd6d096985adc4b7495f3bf41dee15
fe0c1bffac1fe9ea9d1949d47506f7a4
4fbbd528a017e94ba529b7d74a9489ff
f5f7aad057f59c39cbca64446fc6e651
d9deedf687a38eb24ee769ed4e791cd4
f9035a52f3be76fed2af9d68a85cc441
2839f8cb22711d1c7ad95f94f5629424
c9dba3a19fa971c03297a57be615c573
4c7536a7008713b6bce5daec2a909bc0
2b29d2806b6707cd319dab825e4e381b
88791d7cc7441b7a1c345148bc0ef048
f769e1e1076123f4d9db76ad41970822
120a9d38972663aa8ad20ccd9a5e1604
b11b93a236b49ab8337ad72fe97b6e3c
f42bead1831fbfaad1f16e30d6cc9b5f
7ccb24953e5001fdf336e05ef20232a1
dc3c0c084a602ab172f49115daeb893b
ca2c9bd1a6905895eac18ad0a44b04a6
cfb1ee52d8b6c223c2ca610d18629751
653f81586b32f265e935223600c29fff
5fad7fd9ad39c184cbd76e9885dd4588
9bd2e269c535cf98ee3b8d0f604da6ce
194c907a7a3ab99d2cedb690ef98cbe3
95e88e793e6d786edd073b540347e7de
78bf219e6aed93a3769ca9a7a7dee4a7
4f094cf66246ed697c44c66b113fdb8e
ce92b4dbd43180f955585e4e2d48f934
340ff7373acbe591aa887f6efeb5c8ad
b0592b737f2e2ddf58c3f95966830e39
3e6a08fd70589714584694d780b01f1e
6a8556021508031868834a318a0ac88c
3d6be3a9eb2ff8de0eeed2e724e7c5ac
2b1031a2079fc7eb4014bc2db8fdf2e3
746820b092b48de5047a1b4984705014
1be39c3bd7598fccfa5b9db2a605a517
7a414e50f1c2f3f6dde07b7bac750f7f
e5f0d04fc5ee632ac6ba4e9d930effe2
e00060c5f9764442b1df10f4eb657cf7
ad002ecb94b2387c7768d322320e5cdc
c4265dea2dd6ae466cb89cb700962a68
1eb0355e2b0757ab535ac5e0e4e3d07b
a572c4366d37e47ce171b422cff21c07
e084cf8047d1dfe113ca23ff9b3ea600
786e7587a22bb49689674eba19f7e4a2
6fb5958184340a00e3fc57020683295d
8fafda1c6c53fa23ccfcbe2471870687
c814be202320eac7721046fb5a3b8895
9c2d31d997190a94a332e2d0a1eaadcb
d01cc101e1cc14882a0b24d80dbccbdd
2a02864d68dd45e551049ac93736b94d
b906a5188ae49ab86067c467dba1370a
153ed9bf5b6d766dfbf96a721eba7532
3f315a63aa99078626822ce1d4bce18a
9b7fcf8e59b2fc5644bbc6724ce9e888
b8fb50428c786d2aabc0cc04e8c4d853
a71801cde45b8b86cc56bded801976cb
7f7eceb52bb9a45d90653eaaf0230df8
614558c88258807641d2fd8ab0c543c1
5075b9379823d03675616c4e2038b3ff
5d37976b9b086934409fae09d2648cc6
8e392cc5730556f40c43a4d6eee16428
2d84aa3e42982637e8808d33578fa78b
91840ee52ff73f6b683514f87c30cf8b
94ab371edbcc423f605dd5d4ce3debf1
abf8bca5a7458b47aef909536c7b85ca
50bc1161a3fc4f0728794771732e11a0
4a4cb390133e30d079e1947eb152a69e
2c8bf19a6ad3ba1d8504e3123461dafe
133c72e7c3f789109d1c5e93c5edf112
c3d824b4d39e71ce237949b1ebaf29fc
8df302cca3bc348b9d7664b372ff5c54
1d707b46340b5e8ab0768068dfdd2274
c579dc376519d0ea52db4b65ff3ee73c
2ebce65605c32ce93e4cab4045bdce5b
0f21c7589cc783b3c851e283f85aa0b4
84030ba90964e646126f564c51da695e
29637c6d73ea5b9e652ee2ee979339aa
18967b681aed8c0545c3b1cb76cbc95f
dbf942cdcd978582b5dc82d9ff31396f
407d2c5fb3a04c34a68df71164d684ed
e47ee132747d0a53d1aeee0a714b55e6
45377222659557f270a11ab9a8b245b5
831d13f964b799917bcf4f216d562663
c17034fd04c01e12938330609df40e67
3608d4a595fcb00b32670c07fb8961e7
41f78137578f260f794bc2034f7bc9c8
fb03ed33adcbe21161527f31e733d861
c2fe13af518333233c8cc41bed9ad8c2
a2dde21ed5615c2889719d6c3e0d7e84
905476bd833cbd9b125d32bf8bf726e1
9b0c6658bdbcf142834c78b79f358a05
04578bfb70edc48b528a3525154340c9
5ec88ba620adba737b027d37e31f3654
a56ab97feb370b4fb562e937219beeb1
3ae76aba6ddfd149de7cba21e59b68a8
5067be6f6c18c06bde6d5254dd313585
03d6dfae9b186a8a4ce8b32f6a84bcef
4c131326d8da1ec0f07d4deb555719f8
0c20036b93ddea2616f10fd16941d79d
5792bfafee7ccd3b13eab1373d935ee6
865e1c075de790e52ffe6f30c20a1974
a17e7d935754bb2c104a4b34d85a6f0d
3041fc1058a293eb037e01eb86055387
bba38299cdb1246123a0b95e35364b98
048943c1b955fefb817e14e2b6482b53
3fa83cb5fb8e20bcaebcbb932a2fa90c
6f3a36e36116fb17123837fcf01aa567
67f20c142caeb9f86159751a4c5948cf
fd59c2430026073883a042d42b2ad1d8
1e61e46cbf434c6bf7f758ef57a1ebc6
4c6540282ceff3bcf9bdc390e0e6500c
2985103baf736f84d98c4c0bf7723ef8
f7cde805b31a3459ebfb8ace9a2a3e46
dca3ca29959c3399f9afb8a223c70159
628d106cc7c0551dae8f6e84c89c0ffe
94eb8c2b78fe90aeb2bb50d5699f24bb
6e66920c093c4519a596afe53c0424e4
e211cb614e186dce5ad2493cf5c79fbb
e488d4f1375759e3145d26e75f50edad
a3eb1901ca03b057815ca17e76bbbebf
53f3f7ab38dbdef1f99faaf89e3242cb
e639f97034d490bf036bb748065f9fa8
bcd0190b261b6d2d40713144026f80cc
8ac3196f8d0aacb34d8410d79fbf4dbd
ddebeaadacb84e2c26624fc26e8cab51
5e54f5e1e5ea759907034d7750f694e1
1794dab85d9eeb5c6c63b51fb4df419b
692df14565b289a0eb9dd287f2286203
6cc4abc084947dac1504654af93356c5
7330b8ccd2fe9b85b0c9b14125a175c5
e027a983385e6c6279b7bd7cc3ca6e1b
508940a271614e5186b0f24c5de43eb7
30cd57b136f4ce747c0cefc4fe61760d
79120a69d6dc6909e1a89bb9ee73dd62
100dcfa97eb12e6dfb9af97b55bd61bf
d243f269ece45fe6f08fd342febcbe94
0e17a33ea804c6ade4c9338dcb9db323
cc5edfbc3a072cc0fc995ed305be7f44
fac7978f081a9715e98aa2d6b6648ec4
8935bc640a9bcb5ba749a6913bf9a4ff
dcfec55055c11ec0f729935d3797bd77
10528c85abf72e583a2149c532b1b507
aa45dad31c67c330d52ae8910c853de1
e46c2a27d65bf93f8b340a7cd0144385
740b9d278db895a316cc6b7fe19083c1
f49f4e7fe11700d5555123aaa3877698
f32e2cccbb57d534ced7a453eda8b982
ce874be4bddc13a2cb238cea4b0d8ff2
e1affac51cc9a6f1a56d7f9ccaa11e3c
2430c69542ba166c37f72622e763fcac
33a17b580cf6e21790053f3231b46cb5
d5842797c607556bf3d6c919b12e1b3b
bf54192acec9008b92c0ff026976bc49
b0ee4f89f77abfc12c58484c6f684a4c
bceb186b02cf3ae5a1fe6a5752c4e413
4e1f5d9bb60b63453250492c2d6ba247
e7fd4dd2e61dfa5a533e31a333bd243f
a7dd97da9a7e56614f15b111dfde781f
6db810fa1eba9b9a136185707ee2060d
1049603d5dd20caf4d67837d421becf3
8196c7e4e321af5da4fa1fca055e7920
86211e70363570ce79d0796736e2ddca
93c074fe6b2d5601fb7765785e4914fa
97e8a60992f2776138d0f5cf91bdb2d9
91b26117dc74b51ecc17ec40358a5804
e6d15d67ac5f9912556dbe80494be13f
ab0eb3b7683d91e58af589416cb04ad4
f82d87645080a01ae75735ba94a05ad5
4198ec4410826b56d4dcf87676d29bfe
a02d4d44c97835bc1ecc46ddbf4ae272
01ec4de2859c3176873652194a36d48e
fd76dac2c0515d42ad4bb5c8be27f3c3
a74831db067956bbd5279ef2bca13b0b
96dd25a94d881d99aa2357336fb42de6
8a3c14f3856f80fe63166dff4beffb75
0b0bfae9cd1eafbfcd1e1f2fdcb61e3d
650bee89771b59b8214d09cb27e789c2
947a0f1e98b0c5130247ee450c64279b
e09ac1393b5a92e9f3eac6140f052f39
a9f1114ecadf596c1d3ac5dae2d5068f
3d46b9853c65799513b57087e2586c52
8bfb6b8bcbfb1f3e40be631da809cb37
2067fee789cc13d1591b5ab01d795df4
b8b2fefd99cf8038c082253b4e7cfa53
a5aba46303e7b2934b580a2c3f5d26ff
04ccfc37652dd89c16eeb609b3813785
42b14bf1ac263ce2202bb806b6bf1bf8
7583982f25352891545163b10dd09d43
f9f8e86774668192ec637e4065585a49
37e12826fd8a9a87c222de8d6836ea88
7bbcb3ecf1eb675a06cea71eee8f3dd4
a24bcf219fbe4c9c062262ba2e255ad6
302a3d70f01cdb68cb32186eee4d1bcc
c89eb4e6be1c19fcc590e05abe05abdb
2d3840cf0d0d254d50a8ca37f3056e7f
3692fd905a8387e7407a78570de6dea1
31dc95463aa309df3a3b273bb21c57a7
06901ae456012d6e5663f94e2f5b2ac2
00470949f56b10b5a87a228026df9353
2778d30c1b48d77ba2e18c4da8257c27
e7ac980c51cd0006c3c44cdb42a69e8c
af56df377f08db52dcffe6ff28c1b5fa
8926873c9f51b6882d0c5abfe4fce9cd
b6d1201d38b8924e04b268aa115d2cf6
35f50a12e4200c96002401c0498f49c5
aafb47405d1d509c815b341caed18748
f72f137a0ffa52063c75d609ddea1e25
933bbd236ed5d51d521cf13160995228
aa373cd5f42693a218b2d7faf2bd786e
6dda0254fdade6370872f48ff14a08cc
feb87e2cf5a3b45e737f5ab90ce90c29
319b42f836595961e6b09a3066912fe6
c8f4decc33f10923a6569084fd26d527
7f0ba72798c4b32d499adb29438d575f
3c680ba8af741fa1d0d762aa07a80653
c75d1a461bd813fbf8fc203b27bccec2
cf65c5997927daa73447cb154e3abbf3
0156058fcd915a2eed22542fdcd15a3a
ab0d74b666c010cb525212dee9a0ac5c
22c08153f3d2fc35eb2e5f09726a13a4
b2ca2632f2b276eb16408176f5ea38da
1d8c056d3c38f1775cd6c1f2eeac0a43
682ea63ac1b32f7b22f2687da323346e
f13444b264bd89c5158f936d74fcc7c0
7ece7954338ca5b0a39577d8cc4e67a5
e7017682486177804712feeafa96bd3e
e023a04ebef5f1f4c0b51d042c912cd1
1906a34371d4c052af0913543e8c9133
f9ed2832c5d3b5b836382d6da3f676c3
57e04dbfd87f03d079d462ea905f0131
6d20502778a4ad9faf22b439adfafb93
5794d64f15233f76e36617f2c89a6481
421876a7ab6cb4e2721f472b01a1be28
674ac37a54fa41c915774162acb92799
d50c62dae07cb0ff469fe79c33f63ea7
e3bd36cca237fee7d53c3b0c3327a6f8
bc93e26b4e8aed1d14eae52214c9c51c
4b3dae8add9e598af627079255d0568d
b8b950a0b4fce5dcf8096b48b709013c
11b7a4ea102d72b1bae418c23dda59f4
c5d7a22e67b2ca6d74e8a8e131aef3d7
25ba3070d38ce93971047b778aee4f67
263df34963ed91e203064d23556e4916
68ba474e9623924abb8c7c6fb6a0e806
d65406533d33bd12909bec38fec6f6bd
5cec8bc8f318431ffcd706e012b8ceb5
bb62da7fcd876aaa3444d6a6260b4dd9
b64ac3d56309221774f4b0255f5439ef
9f0f00ac0548eeac5f0fa72961c78f63
fa00680ab8ec258167045643bb128dc3
c4038ebe1f830a1200b77b7820785bc0
f517f27d86360400aa39f762e095b462
69feb67590f3bc723fab8aaaceaadc8a
33c307bb429d355bd62289e91af67264
4100191cf7bda06088757271e49bfa80
64a91a552f3d2293486762ca5e3a01b0
55cd6d096985adc4b7495f3bf41dee15
fe0c1bffac1fe9ea9d1949d47506f7a4
4fbbd528a017e94ba529b7d74a9489ff
f5f7aad057f59c39cbca64446fc6e651
d9deedf687a38eb24ee769ed4e791cd4
f9035a52f3be76fed2af9d68a85cc441
2839f8cb22711d1c7ad95f94f5629424
c9dba3a19fa971c03297a57be615c573
4c7536a7008713b6bce5daec2a909bc0
2b29d2806b6707cd319dab825e4e381b
88791d7cc7441b7a1c345148bc0ef048
f769e1e1076123f4d9db76ad41970822
120a9d38972663aa8ad20ccd9a5e1604
b11b93a236b49ab8337ad72fe97b6e3c
f42bead1831fbfaad1f16e30d6cc9b5f
7ccb24953e5001fdf336e05ef20232a1
dc3c0c084a602ab172f49115daeb893b
ca2c9bd1a6905895eac18ad0a44b04a6
cfb1ee52d8b6c223c2ca610d18629751
653f81586b32f265e935223600c29fff
5fad7fd9ad39c184cbd76e9885dd4588
9bd2e269c535cf98ee3b8d0f604da6ce
194c907a7a3ab99d2cedb690ef98cbe3
95e88e793e6d786edd073b540347e7de
78bf219e6aed93a3769ca9a7a7dee4a7
4f094cf66246ed697c44c66b113fdb8e
ce92b4dbd43180f955585e4e2d48f934
340ff7373acbe591aa887f6efeb5c8ad
b0592b737f2e2ddf58c3f95966830e39
3e6a08fd70589714584694d780b01f1e
6a8556021508031868834a318a0ac88c
3d6be3a9eb2ff8de0eeed2e724e7c5ac
2b1031a2079fc7eb4014bc2db8fdf2e3
746820b092b48de5047a1b4984705014
1be39c3bd7598fccfa5b9db2a605a517
7a414e50f1c2f3f6dde07b7bac750f7f
e5f0d04fc5ee632ac6ba4e9d930effe2
e00060c5f9764442b1df10f4eb657cf7
ad002ecb94b2387c7768d322320e5cdc
c4265dea2dd6ae466cb89cb700962a68
1eb0355e2b0757ab535ac5e0e4e3d07b
a572c4366d37e47ce171b422cff21c07
e084cf8047d1dfe113ca23ff9b3ea600
786e7587a22bb49689674eba19f7e4a2
6fb5958184340a00e3fc57020683295d
8fafda1c6c53fa23ccfcbe2471870687
c814be202320eac7721046fb5a3b8895
9c2d31d997190a94a332e2d0a1eaadcb
d01cc101e1cc14882a0b24d80dbccbdd
2a02864d68dd45e551049ac93736b94d
b906a5188ae49ab86067c467dba1370a
153ed9bf5b6d766dfbf96a721eba7532
3f315a63aa99078626822ce1d4bce18a
9b7fcf8e59b2fc5644bbc6724ce9e888
b8fb50428c786d2aabc0cc04e8c4d853
a71801cde45b8b86cc56bded801976cb
7f7eceb52bb9a45d90653eaaf0230df8
614558c88258807641d2fd8ab0c543c1
5075b9379823d03675616c4e2038b3ff
5d37976b9b086934409fae09d2648cc6
8e392cc5730556f40c43a4d6eee16428
2d84aa3e42982637e8808d33578fa78b
91840ee52ff73f6b683514f87c30cf8b
94ab371edbcc423f605dd5d4ce3debf1
abf8bca5a7458b47aef909536c7b85ca
50bc1161a3fc4f0728794771732e11a0
4a4cb390133e30d079e1947eb152a69e
2c8bf19a6ad3ba1d8504e3123461dafe
133c72e7c3f789109d1c5e93c5edf112
c3d824b4d39e71ce237949b1ebaf29fc
8df302cca3bc348b9d7664b372ff5c54
1d707b46340b5e8ab0768068dfdd2274
c579dc376519d0ea52db4b65ff3ee73c
2ebce65605c32ce93e4cab4045bdce5b
0f21c7589cc783b3c851e283f85aa0b4
84030ba90964e646126f564c51da695e
29637c6d73ea5b9e652ee2ee979339aa
18967b681aed8c0545c3b1cb76cbc95f
dbf942cdcd978582b5dc82d9ff31396f
407d2c5fb3a04c34a68df71164d684ed
e47ee132747d0a53d1aeee0a714b55e6
45377222659557f270a11ab9a8b245b5
831d13f964b799917bcf4f216d562663
c17034fd04c01e12938330609df40e67
3608d4a595fcb00b32670c07fb8961e7
41f78137578f260f794bc2034f7bc9c8
fb03ed33adcbe21161527f31e733d861
c2fe13af518333233c8cc41bed9ad8c2
a2dde21ed5615c2889719d6c3e0d7e84
905476bd833cbd9b125d32bf8bf726e1
9b0c6658bdbcf142834c78b79f358a05
04578bfb70edc48b528a3525154340c9
5ec88ba620adba737b027d37e31f3654
a56ab97feb370b4fb562e937219beeb1
3ae76aba6ddfd149de7cba21e59b68a8
5067be6f6c18c06bde6d5254dd313585
03d6dfae9b186a8a4ce8b32f6a84bcef
4c131326d8da1ec0f07d4deb555719f8
0c20036b93ddea2616f10fd16941d79d
5792bfafee7ccd3b13eab1373d935ee6
865e1c075de790e52ffe6f30c20a1974
a17e7d935754bb2c104a4b34d85a6f0d
3041fc1058a293eb037e01eb86055387
bba38299cdb1246123a0b95e35364b98
048943c1b955fefb817e14e2b6482b53
3fa83cb5fb8e20bcaebcbb932a2fa90c
6f3a36e36116fb17123837fcf01aa567
67f20c142caeb9f86159751a4c5948cf
fd59c2430026073883a042d42b2ad1d8
1e61e46cbf434c6bf7f758ef57a1ebc6
4c6540282ceff3bcf9bdc390e0e6500c
2985103baf736f84d98c4c0bf7723ef8
f7cde805b31a3459ebfb8ace9a2a3e46
dca3ca29959c3399f9afb8a223c70159
628d106cc7c0551dae8f6e84c89c0ffe
94eb8c2b78fe90aeb2bb50d5699f24bb
6e66920c093c4519a596afe53c0424e4
e211cb614e186dce5ad2493cf5c79fbb
e488d4f1375759e3145d26e75f50edad
a3eb1901ca03b057815ca17e76bbbebf
53f3f7ab38dbdef1f99faaf89e3242cb
e639f97034d490bf036bb748065f9fa8
bcd0190b261b6d2d40713144026f80cc
8ac3196f8d0aacb34d8410d79fbf4dbd
ddebeaadacb84e2c26624fc26e8cab51
5e54f5e1e5ea759907034d7750f694e1
1794dab85d9eeb5c6c63b51fb4df419b
692df14565b289a0eb9dd287f2286203
6cc4abc084947dac1504654af93356c5
7330b8ccd2fe9b85b0c9b14125a175c5
e027a983385e6c6279b7bd7cc3ca6e1b
508940a271614e5186b0f24c5de43eb7
30cd57b136f4ce747c0cefc4fe61760d
79120a69d6dc6909e1a89bb9ee73dd62
100dcfa97eb12e6dfb9af97b55bd61bf
d243f269ece45fe6f08fd342febcbe94
0e17a33ea804c6ade4c9338dcb9db323
cc5edfbc3a072cc0fc995ed305be7f44
fac7978f081a9715e98aa2d6b6648ec4
8935bc640a9bcb5ba749a6913bf9a4ff
dcfec55055c11ec0f729935d3797bd77
10528c85abf72e583a2149c532b1b507
aa45dad31c67c330d52ae8910c853de1
e46c2a27d65bf93f8b340a7cd0144385
740b9d278db895a316cc6b7fe19083c1
f49f4e7fe11700d5555123aaa3877698
f32e2cccbb57d534ced7a453eda8b982
ce874be4bddc13a2cb238cea4b0d8ff2
e1affac51cc9a6f1a56d7f9ccaa11e3c
2430c69542ba166c37f72622e763fcac
33a17b580cf6e21790053f3231b46cb5
d5842797c607556bf3d6c919b12e1b3b
bf54192acec9008b92c0ff026976bc49
b0ee4f89f77abfc12c58484c6f684a4c
bceb186b02cf3ae5a1fe6a5752c4e413
4e1f5d9bb60b63453250492c2d6ba247
e7fd4dd2e61dfa5a533e31a333bd243f
a7dd97da9a7e56614f15b111dfde781f
6db810fa1eba9b9a136185707ee2060d
1049603d5dd20caf4d67837d421becf3
8196c7e4e321af5da4fa1fca055e7920
86211e70363570ce79d0796736e2ddca
93c074fe6b2d5601fb7765785e4914fa
97e8a60992f2776138d0f5cf91bdb2d9
91b26117dc74b51ecc17ec40358a5804
e6d15d67ac5f9912556dbe80494be13f
ab0eb3b7683d91e58af589416cb04ad4
f82d87645080a01ae75735ba94a05ad5
4198ec4410826b56d4dcf87676d29bfe
a02d4d44c97835bc1ecc46ddbf4ae272
01ec4de2859c3176873652194a36d48e
fd76dac2c0515d42ad4bb5c8be27f3c3
a74831db067956bbd5279ef2bca13b0b
96dd25a94d881d99aa2357336fb42de6
8a3c14f3856f80fe63166dff4beffb75
0b0bfae9cd1eafbfcd1e1f2fdcb61e3d
650bee89771b59b8214d09cb27e789c2
947a0f1e98b0c5130247ee450c64279b
e09ac1393b5a92e9f3eac6140f052f39
a9f1114ecadf596c1d3ac5dae2d5068f
3d46b9853c65799513b57087e2586c52
8bfb6b8bcbfb1f3e40be631da809cb37
2067fee789cc13d1591b5ab01d795df4
b8b2fefd99cf8038c082253b4e7cfa53
a5aba46303e7b2934b580a2c3f5d26ff
04ccfc37652dd89c16eeb609b3813785
42b14bf1ac263ce2202bb806b6bf1bf8
7583982f25352891545163b10dd09d43
f9f8e86774668192ec637e4065585a49
37e12826fd8a9a87c222de8d6836ea88
7bbcb3ecf1eb675a06cea71eee8f3dd4
a24bcf219fbe4c9c062262ba2e255ad6
302a3d70f01cdb68cb32186eee4d1bcc
c89eb4e6be1c19fcc590e05abe05abdb
2d3840cf0d0d254d50a8ca37f3056e7f
3692fd905a8387e7407a78570de6dea1
31dc95463aa309df3a3b273bb21c57a7
06901ae456012d6e5663f94e2f5b2ac2
00470949f56b10b5a87a228026df9353
2778d30c1b48d77ba2e18c4da8257c27
e7ac980c51cd0006c3c44cdb42a69e8c
af56df377f08db52dcffe6ff28c1b5fa
8926873c9f51b6882d0c5abfe4fce9cd
b6d1201d38b8924e04b268aa115d2cf6
35f50a12e4200c96002401c0498f49c5
aafb47405d1d509c815b341caed18748
f72f137a0ffa52063c75d609ddea1e25
933bbd236ed5d51d521cf13160995228
aa373cd5f42693a218b2d7faf2bd786e
6dda0254fdade6370872f48ff14a08cc
feb87e2cf5a3b45e737f5ab90ce90c29
319b42f836595961e6b09a3066912fe6
c8f4decc33f10923a6569084fd26d527
7f0ba72798c4b32d499adb29438d575f
3c680ba8af741fa1d0d762aa07a80653
c75d1a461bd813fbf8fc203b27bccec2
cf65c5997927daa73447cb154e3abbf3
0156058fcd915a2eed22542fdcd15a3a
ab0d74b666c010cb525212dee9a0ac5c
22c08153f3d2fc35eb2e5f09726a13a4
b2ca2632f2b276eb16408176f5ea38da
1d8c056d3c38f1775cd6c1f2eeac0a43
682ea63ac1b32f7b22f2687da323346e
f13444b264bd89c5158f936d74fcc7c0
7ece7954338ca5b0a39577d8cc4e67a5
e7017682486177804712feeafa96bd3e
e023a04ebef5f1f4c0b51d042c912cd1
1906a34371d4c052af0913543e8c9133
f9ed2832c5d3b5b836382d6da3f676c3
57e04dbfd87f03d079d462ea905f0131
6d20502778a4ad9faf22b439adfafb93
5794d64f15233f76e36617f2c89a6481
421876a7ab6cb4e2721f472b01a1be28
674ac37a54fa41c915774162acb92799
d50c62dae07cb0ff469fe79c33f63ea7
e3bd36cca237fee7d53c3b0c3327a6f8
bc93e26b4e8aed1d14eae52214c9c51c
4b3dae8add9e598af627079255d0568d
b8b950a0b4fce5dcf8096b48b709013c
11b7a4ea102d72b1bae418c23dda59f4
c5d7a22e67b2ca6d74e8a8e131aef3d7
25ba3070d38ce93971047b778aee4f67
263df34963ed91e203064d23556e4916
68ba474e9623924abb8c7c6fb6a0e806
d65406533d33bd12909bec38fec6f6bd
5cec8bc8f318431ffcd706e012b8ceb5
bb62da7fcd876aaa3444d6a6260b4dd9
b64ac3d56309221774f4b0255f5439ef
9f0f00ac0548eeac5f0fa72961c78f63
fa00680ab8ec258167045643bb128dc3
c4038ebe1f830a1200b77b7820785bc0
f517f27d86360400aa39f762e095b462
69feb67590f3bc723fab8aaaceaadc8a
33c307bb429d355bd62289e91af67264
4100191cf7bda06088757271e49bfa80
64a91a552f3d2293486762ca5e3a01b0
55cd6d096985adc4b7495f3bf41dee15
fe0c1bffac1fe9ea9d1949d47506f7a4
4fbbd528a017e94ba529b7d74a9489ff
f5f7aad057f59c39cbca64446fc6e651
d9deedf687a38eb24ee769ed4e791cd4
f9035a52f3be76fed2af9d68a85cc441
2839f8cb22711d1c7ad95f94f5629424
c9dba3a19fa971c03297a57be615c573
4c7536a7008713b6bce5daec2a909bc0
2b29d2806b6707cd319dab825e4e381b
88791d7cc7441b7a1c345148bc0ef048
f769e1e1076123f4d9db76ad41970822
120a9d38972663aa8ad20ccd9a5e1604
b11b93a236b49ab8337ad72fe97b6e3c
f42bead1831fbfaad1f16e30d6cc9b5f
7ccb24953e5001fdf336e05ef20232a1
dc3c0c084a602ab172f49115daeb893b
ca2c9bd1a6905895eac18ad0a44b04a6
cfb1ee52d8b6c223c2ca610d18629751
653f81586b32f265e935223600c29fff
5fad7fd9ad39c184cbd76e9885dd4588
9bd2e269c535cf98ee3b8d0f604da6ce
194c907a7a3ab99d2cedb690ef98cbe3
95e88e793e6d786edd073b540347e7de
78bf219e6aed93a3769ca9a7a7dee4a7
4f094cf66246ed697c44c66b113fdb8e
ce92b4dbd43180f955585e4e2d48f934
340ff7373acbe591aa887f6efeb5c8ad
b0592b737f2e2ddf58c3f95966830e39
3e6a08fd70589714584694d780b01f1e
6a8556021508031868834a318a0ac88c
3d6be3a9eb2ff8de0eeed2e724e7c5ac
2b1031a2079fc7eb4014bc2db8fdf2e3
746820b092b48de5047a1b4984705014
1be39c3bd7598fccfa5b9db2a605a517
7a414e50f1c2f3f6dde07b7bac750f7f
e5f0d04fc5ee632ac6ba4e9d930effe2
e00060c5f9764442b1df10f4eb657cf7
ad002ecb94b2387c7768d322320e5cdc
c4265dea2dd6ae466cb89cb700962a68
1eb0355e2b0757ab535ac5e0e4e3d07b
a572c4366d37e47ce171b422cff21c07
e084cf8047d1dfe113ca23ff9b3ea600
786e7587a22bb49689674eba19f7e4a2
6fb5958184340a00e3fc57020683295d
8fafda1c6c53fa23ccfcbe2471870687
c814be202320eac7721046fb5a3b8895
9c2d31d997190a94a332e2d0a1eaadcb
d01cc101e1cc14882a0b24d80dbccbdd
2a02864d68dd45e551049ac93736b94d
b906a5188ae49ab86067c467dba1370a
153ed9bf5b6d766dfbf96a721eba7532
3f315a63aa99078626822ce1d4bce18a
9b7fcf8e59b2fc5644bbc6724ce9e888
b8fb50428c786d2aabc0cc04e8c4d853
a71801cde45b8b86cc56bded801976cb
7f7eceb52bb9a45d90653eaaf0230df8
614558c88258807641d2fd8ab0c543c1
5075b9379823d03675616c4e2038b3ff
5d37976b9b086934409fae09d2648cc6
8e392cc5730556f40c43a4d6eee16428
2d84aa3e42982637e8808d33578fa78b
91840ee52ff73f6b683514f87c30cf8b
94ab371edbcc423f605dd5d4ce3debf1
abf8bca5a7458b47aef909536c7b85ca
50bc1161a3fc4f0728794771732e11a0
4a4cb390133e30d079e1947eb152a69e
2c8bf19a6ad3ba1d8504e3123461dafe
133c72e7c3f789109d1c5e93c5edf112
c3d824b4d39e71ce237949b1ebaf29fc
8df302cca3bc348b9d7664b372ff5c54
1d707b46340b5e8ab0768068dfdd2274
c579dc376519d0ea52db4b65ff3ee73c
2ebce65605c32ce93e4cab4045bdce5b
0f21c7589cc783b3c851e283f85aa0b4
84030ba90964e646126f564c51da695e
29637c6d73ea5b9e652ee2ee979339aa
18967b681aed8c0545c3b1cb76cbc95f
dbf942cdcd978582b5dc82d9ff31396f
407d2c5fb3a04c34a68df71164d684ed
e47ee132747d0a53d1aeee0a714b55e6
45377222659557f270a11ab9a8b245b5
831d13f964b799917bcf4f216d562663
c17034fd04c01e12938330609df40e67
3608d4a595fcb00b32670c07fb8961e7
41f78137578f260f794bc2034f7bc9c8
fb03ed33adcbe21161527f31e733d861
c2fe13af518333233c8cc41bed9ad8c2
a2dde21ed5615c2889719d6c3e0d7e84
905476bd833cbd9b125d32bf8bf726e1
9b0c6658bdbcf142834c78b79f358a05
04578bfb70edc48b528a3525154340c9
5ec88ba620adba737b027d37e31f3654
a56ab97feb370b4fb562e937219beeb1
3ae76aba6ddfd149de7cba21e59b68a8
5067be6f6c18c06bde6d5254dd313585
03d6dfae9b186a8a4ce8b32f6a84bcef
4c131326d8da1ec0f07d4deb555719f8
0c20036b93ddea2616f10fd16941d79d
5792bfafee7ccd3b13eab1373d935ee6
865e1c075de790e52ffe6f30c20a1974
a17e7d935754bb2c104a4b34d85a6f0d
3041fc1058a293eb037e01eb86055387
bba38299cdb1246123a0b95e35364b98
048943c1b955fefb817e14e2b6482b53
3fa83cb5fb8e20bcaebcbb932a2fa90c
6f3a36e36116fb17123837fcf01aa567
67f20c142caeb9f86159751a4c5948cf
fd59c2430026073883a042d42b2ad1d8
1e61e46cbf434c6bf7f758ef57a1ebc6
4c6540282ceff3bcf9bdc390e0e6500c
2985103baf736f84d98c4c0bf7723ef8
f7cde805b31a3459ebfb8ace9a2a3e46
dca3ca29959c3399f9afb8a223c70159
628d106cc7c0551dae8f6e84c89c0ffe
94eb8c2b78fe90aeb2bb50d5699f24bb
6e66920c093c4519a596afe53c0424e4
e211cb614e186dce5ad2493cf5c79fbb
e488d4f1375759e3145d26e75f50edad
a3eb1901ca03b057815ca17e76bbbebf
53f3f7ab38dbdef1f99faaf89e3242cb
e639f97034d490bf036bb748065f9fa8
bcd0190b261b6d2d40713144026f80cc
8ac3196f8d0aacb34d8410d79fbf4dbd
ddebeaadacb84e2c26624fc26e8cab51
5e54f5e1e5ea759907034d7750f694e1
1794dab85d9eeb5c6c63b51fb4df419b
692df14565b289a0eb9dd287f2286203
6cc4abc084947dac1504654af93356c5
7330b8ccd2fe9b85b0c9b14125a175c5
e027a983385e6c6279b7bd7cc3ca6e1b
508940a271614e5186b0f24c5de43eb7
30cd57b136f4ce747c0cefc4fe61760d
79120a69d6dc6909e1a89bb9ee73dd62
100dcfa97eb12e6dfb9af97b55bd61bf
d243f269ece45fe6f08fd342febcbe94
0e17a33ea804c6ade4c9338dcb9db323
cc5edfbc3a072cc0fc995ed305be7f44
fac7978f081a9715e98aa2d6b6648ec4
8935bc640a9bcb5ba749a6913bf9a4ff
dcfec55055c11ec0f729935d3797bd77
10528c85abf72e583a2149c532b1b507
aa45dad31c67c330d52ae8910c853de1
e46c2a27d65bf93f8b340a7cd0144385
740b9d278db895a316cc6b7fe19083c1
f49f4e7fe11700d5555123aaa3877698
f32e2cccbb57d534ced7a453eda8b982
ce874be4bddc13a2cb238cea4b0d8ff2
e1affac51cc9a6f1a56d7f9ccaa11e3c
2430c69542ba166c37f72622e763fcac
33a17b580cf6e21790053f3231b46cb5
d5842797c607556bf3d6c919b12e1b3b
bf54192acec9008b92c0ff026976bc49
b0ee4f89f77abfc12c58484c6f684a4c
bceb186b02cf3ae5a1fe6a5752c4e413
4e1f5d9bb60b63453250492c2d6ba247
e7fd4dd2e61dfa5a533e31a333bd243f
a7dd97da9a7e56614f15b111dfde781f
6db810fa1eba9b9a136185707ee2060d
1049603d5dd20caf4d67837d421becf3
8196c7e4e321af5da4fa1fca055e7920
86211e70363570ce79d0796736e2ddca
93c074fe6b2d5601fb7765785e4914fa
97e8a60992f2776138d0f5cf91bdb2d9
91b26117dc74b51ecc17ec40358a5804
e6d15d67ac5f9912556dbe80494be13f
ab0eb3b7683d91e58af589416cb04ad4
f82d87645080a01ae75735ba94a05ad5
4198ec4410826b56d4dcf87676d29bfe
a02d4d44c97835bc1ecc46ddbf4ae272
01ec4de2859c3176873652194a36d48e
fd76dac2c0515d42ad4bb5c8be27f3c3
a74831db067956bbd5279ef2bca13b0b
96dd25a94d881d99aa2357336fb42de6
8a3c14f3856f80fe63166dff4beffb75
0b0bfae9cd1eafbfcd1e1f2fdcb61e3d
650bee89771b59b8214d09cb27e789c2
947a0f1e98b0c5130247ee450c64279b
e09ac1393b5a92e9f3eac6140f052f39
a9f1114ecadf596c1d3ac5dae2d5068f
3d46b9853c65799513b57087e2586c52
8bfb6b8bcbfb1f3e40be631da809cb37
2067fee789cc13d1591b5ab01d795df4
b8b2fefd99cf8038c082253b4e7cfa53
a5aba46303e7b2934b580a2c3f5d26ff
04ccfc37652dd89c16eeb609b3813785
42b14bf1ac263ce2202bb806b6bf1bf8
7583982f25352891545163b10dd09d43
f9f8e86774668192ec637e4065585a49
37e12826fd8a9a87c222de8d6836ea88
7bbcb3ecf1eb675a06cea71eee8f3dd4
a24bcf219fbe4c9c062262ba2e255ad6
302a3d70f01cdb68cb32186eee4d1bcc
c89eb4e6be1c19fcc590e05abe05abdb
2d3840cf0d0d254d50a8ca37f3056e7f
3692fd905a8387e7407a78570de6dea1
31dc95463aa309df3a3b273bb21c57a7
06901ae456012d6e5663f94e2f5b2ac2
00470949f56b10b5a87a228026df9353
2778d30c1b48d77ba2e18c4da8257c27
e7ac980c51cd0006c3c44cdb42a69e8c
af56df377f08db52dcffe6ff28c1b5fa
8926873c9f51b6882d0c5abfe4fce9cd
b6d1201d38b8924e04b268aa115d2cf6
35f50a12e4200c96002401c0498f49c5
aafb47405d1d509c815b341caed18748
f72f137a0ffa52063c75d609ddea1e25
933bbd236ed5d51d521cf13160995228
aa373cd5f42693a218b2d7faf2bd786e
6dda0254fdade6370872f48ff14a08cc
feb87e2cf5a3b45e737f5ab90ce90c29
319b42f836595961e6b09a3066912fe6
c8f4decc33f10923a6569084fd26d527
7f0ba72798c4b32d499adb29438d575f
3c680ba8af741fa1d0d762aa07a80653
c75d1a461bd813fbf8fc203b27bccec2
cf65c5997927daa73447cb154e3abbf3
0156058fcd915a2eed22542fdcd15a3a
ab0d74b666c010cb525212dee9a0ac5c
22c08153f3d2fc35eb2e5f09726a13a4
b2ca2632f2b276eb16408176f5ea38da
1d8c056d3c38f1775cd6c1f2eeac0a43
682ea63ac1b32f7b22f2687da323346e
f13444b264bd89c5158f936d74fcc7c0
7ece7954338ca5b0a39577d8cc4e67a5
e7017682486177804712feeafa96bd3e
e023a04ebef5f1f4c0b51d042c912cd1
1906a34371d4c052af0913543e8c9133
f9ed2832c5d3b5b836382d6da3f676c3
57e04dbfd87f03d079d462ea905f0131
6d20502778a4ad9faf22b439adfafb93
5794d64f15233f76e36617f2c89a6481
421876a7ab6cb4e2721f472b01a1be28
674ac37a54fa41c915774162acb92799
d50c62dae07cb0ff469fe79c33f63ea7
e3bd36cca237fee7d53c3b0c3327a6f8
bc93e26b4e8aed1d14eae52214c9c51c
4b3dae8add9e598af627079255d0568d
b8b950a0b4fce5dcf8096b48b709013c
11b7a4ea102d72b1bae418c23dda59f4
c5d7a22e67b2ca6d74e8a8e131aef3d7
25ba3070d38ce93971047b778aee4f67
263df34963ed91e203064d23556e4916
68ba474e9623924abb8c7c6fb6a0e806
d65406533d33bd12909bec38fec6f6bd
5cec8bc8f318431ffcd706e012b8ceb5
bb62da7fcd876aaa3444d6a6260b4dd9
b64ac3d56309221774f4b0255f5439ef
9f0f00ac0548eeac5f0fa72961c78f63
fa00680ab8ec258167045643bb128dc3
c4038ebe1f830a1200b77b7820785bc0
f517f27d86360400aa39f762e095b462
69feb67590f3bc723fab8aaaceaadc8a
33c307bb429d355bd62289e91af67264
4100191cf7bda06088757271e49bfa80
64a91a552f3d2293486762ca5e3a01b0
55cd6d096985adc4b7495f3bf41dee15
fe0c1bffac1fe9ea9d1949d47506f7a4
4fbbd528a017e94ba529b7d74a9489ff
f5f7aad057f59c39cbca64446fc6e651
d9deedf687a38eb24ee769ed4e791cd4
f9035a52f3be76fed2af9d68a85cc441
2839f8cb22711d1c7ad95f94f5629424
c9dba3a19fa971c03297a57be615c573
4c7536a7008713b6bce5daec2a909bc0
2b29d2806b6707cd319dab825e4e381b
88791d7cc7441b7a1c345148bc0ef048
f769e1e1076123f4d9db76ad41970822
120a9d38972663aa8ad20ccd9a5e1604
b11b93a236b49ab8337ad72fe97b6e3c
f42bead1831fbfaad1f16e30d6cc9b5f
7ccb24953e5001fdf336e05ef20232a1
dc3c0c084a602ab172f49115daeb893b
ca2c9bd1a6905895eac18ad0a44b04a6
cfb1ee52d8b6c223c2ca610d18629751
653f81586b32f265e935223600c29fff
5fad7fd9ad39c184cbd76e9885dd4588
9bd2e269c535cf98ee3b8d0f604da6ce
194c907a7a3ab99d2cedb690ef98cbe3
95e88e793e6d786edd073b540347e7de
78bf219e6aed93a3769ca9a7a7dee4a7
4f094cf66246ed697c44c66b113fdb8e
ce92b4dbd43180f955585e4e2d48f934
340ff7373acbe591aa887f6efeb5c8ad
b0592b737f2e2ddf58c3f95966830e39
3e6a08fd70589714584694d780b01f1e
6a8556021508031868834a318a0ac88c
3d6be3a9eb2ff8de0eeed2e724e7c5ac
2b1031a2079fc7eb4014bc2db8fdf2e3
746820b092b48de5047a1b4984705014
1be39c3bd7598fccfa5b9db2a605a517
7a414e50f1c2f3f6dde07b7bac750f7f
e5f0d04fc5ee632ac6ba4e9d930effe2
e00060c5f9764442b1df10f4eb657cf7
ad002ecb94b2387c7768d322320e5cdc
c4265dea2dd6ae466cb89cb700962a68
1eb0355e2b0757ab535ac5e0e4e3d07b
a572c4366d37e47ce171b422cff21c07
e084cf8047d1dfe113ca23ff9b3ea600
786e7587a22bb49689674eba19f7e4a2
6fb5958184340a00e3fc57020683295d
8fafda1c6c53fa23ccfcbe2471870687
c814be202320eac7721046fb5a3b8895
9c2d31d997190a94a332e2d0a1eaadcb
d01cc101e1cc14882a0b24d80dbccbdd
2a02864d68dd45e551049ac93736b94d
b906a5188ae49ab86067c467dba1370a
153ed9bf5b6d766dfbf96a721eba7532
3f315a63aa99078626822ce1d4bce18a
9b7fcf8e59b2fc5644bbc6724ce9e888
b8fb50428c786d2aabc0cc04e8c4d853
a71801cde45b8b86cc56bded801976cb
7f7eceb52bb9a45d90653eaaf0230df8
614558c88258807641d2fd8ab0c543c1
5075b9379823d03675616c4e2038b3ff
5d37976b9b086934409fae09d2648cc6
8e392cc5730556f40c43a4d6eee16428
2d84aa3e42982637e8808d33578fa78b
91840ee52ff73f6b683514f87c30cf8b
94ab371edbcc423f605dd5d4ce3debf1
abf8bca5a7458b47aef909536c7b85ca
50bc1161a3fc4f0728794771732e11a0
4a4cb390133e30d079e1947eb152a69e
2c8bf19a6ad3ba1d8504e3123461dafe
133c72e7c3f789109d1c5e93c5edf112
c3d824b4d39e71ce237949b1ebaf29fc
8df302cca3bc348b9d7664b372ff5c54
1d707b46340b5e8ab0768068dfdd2274
c579dc376519d0ea52db4b65ff3ee73c
2ebce65605c32ce93e4cab4045bdce5b
0f21c7589cc783b3c851e283f85aa0b4
84030ba90964e646126f564c51da695e
29637c6d73ea5b9e652ee2ee979339aa
18967b681aed8c0545c3b1cb76cbc95f
dbf942cdcd978582b5dc82d9ff31396f
407d2c5fb3a04c34a68df71164d684ed
e47ee132747d0a53d1aeee0a714b55e6
45377222659557f270a11ab9a8b245b5
831d13f964b799917bcf4f216d562663
c17034fd04c01e12938330609df40e67
3608d4a595fcb00b32670c07fb8961e7
41f78137578f260f794bc2034f7bc9c8
fb03ed33adcbe21161527f31e733d861
c2fe13af518333233c8cc41bed9ad8c2
a2dde21ed5615c2889719d6c3e0d7e84
905476bd833cbd9b125d32bf8bf726e1
9b0c6658bdbcf142834c78b79f358a05
04578bfb70edc48b528a3525154340c9
5ec88ba620adba737b027d37e31f3654
a56ab97feb370b4fb562e937219beeb1
3ae76aba6ddfd149de7cba21e59b68a8
5067be6f6c18c06bde6d5254dd313585
03d6dfae9b186a8a4ce8b32f6a84bcef
4c131326d8da1ec0f07d4deb555719f8
0c20036b93ddea2616f10fd16941d79d
5792bfafee7ccd3b13eab1373d935ee6
865e1c075de790e52ffe6f30c20a1974
a17e7d935754bb2c104a4b34d85a6f0d
3041fc1058a293eb037e01eb86055387
bba38299cdb1246123a0b95e35364b98
048943c1b955fefb817e14e2b6482b53
3fa83cb5fb8e20bcaebcbb932a2fa90c
6f3a36e36116fb17123837fcf01aa567
67f20c142caeb9f86159751a4c5948cf
fd59c2430026073883a042d42b2ad1d8
1e61e46cbf434c6bf7f758ef57a1ebc6
4c6540282ceff3bcf9bdc390e0e6500c
2985103baf736f84d98c4c0bf7723ef8
f7cde805b31a3459ebfb8ace9a2a3e46
dca3ca29959c3399f9afb8a223c70159
628d106cc7c0551dae8f6e84c89c0ffe
94eb8c2b78fe90aeb2bb50d5699f24bb
6e66920c093c4519a596afe53c0424e4
e211cb614e186dce5ad2493cf5c79fbb
e488d4f1375759e3145d26e75f50edad
a3eb1901ca03b057815ca17e76bbbebf
53f3f7ab38dbdef1f99faaf89e3242cb
e639f97034d490bf036bb748065f9fa8
bcd0190b261b6d2d40713144026f80cc
8ac3196f8d0aacb34d8410d79fbf4dbd
ddebeaadacb84e2c26624fc26e8cab51
5e54f5e1e5ea759907034d7750f694e1
1794dab85d9eeb5c6c63b51fb4df419b
692df14565b289a0eb9dd287f2286203
6cc4abc084947dac1504654af93356c5
7330b8ccd2fe9b85b0c9b14125a175c5
e027a983385e6c6279b7bd7cc3ca6e1b
508940a271614e5186b0f24c5de43eb7
30cd57b136f4ce747c0cefc4fe61760d
79120a69d6dc6909e1a89bb9ee73dd62
100dcfa97eb12e6dfb9af97b55bd61bf
d243f269ece45fe6f08fd342febcbe94
0e17a33ea804c6ade4c9338dcb9db323
cc5edfbc3a072cc0fc995ed305be7f44
fac7978f081a9715e98aa2d6b6648ec4
8935bc640a9bcb5ba749a6913bf9a4ff
dcfec55055c11ec0f729935d3797bd77
10528c85abf72e583a2149c532b1b507
aa45dad31c67c330d52ae8910c853de1
e46c2a27d65bf93f8b340a7cd0144385
740b9d278db895a316cc6b7fe19083c1
f49f4e7fe11700d5555123aaa3877698
f32e2cccbb57d534ced7a453eda8b982
ce874be4bddc13a2cb238cea4b0d8ff2
e1affac51cc9a6f1a56d7f9ccaa11e3c
2430c69542ba166c37f72622e763fcac
33a17b580cf6e21790053f3231b46cb5
d5842797c607556bf3d6c919b12e1b3b
bf54192acec9008b92c0ff026976bc49
b0ee4f89f77abfc12c58484c6f684a4c
bceb186b02cf3ae5a1fe6a5752c4e413
4e1f5d9bb60b63453250492c2d6ba247
e7fd4dd2e61dfa5a533e31a333bd243f
a7dd97da9a7e56614f15b111dfde781f
6db810fa1eba9b9a136185707ee2060d
1049603d5dd20caf4d67837d421becf3
8196c7e4e321af5da4fa1fca055e7920
86211e70363570ce79d0796736e2ddca
93c074fe6b2d5601fb7765785e4914fa
97e8a60992f2776138d0f5cf91bdb2d9
91b26117dc74b51ecc17ec40358a5804
e6d15d67ac5f9912556dbe80494be13f
ab0eb3b7683d91e58af589416cb04ad4
f82d87645080a01ae75735ba94a05ad5
4198ec4410826b56d4dcf87676d29bfe
a02d4d44c97835bc1ecc46ddbf4ae272
01ec4de2859c3176873652194a36d48e
fd76dac2c0515d42ad4bb5c8be27f3c3
a74831db067956bbd5279ef2bca13b0b
96dd25a94d881d99aa2357336fb42de6
8a3c14f3856f80fe63166dff4beffb75
0b0bfae9cd1eafbfcd1e1f2fdcb61e3d
650bee89771b59b8214d09cb27e789c2
947a0f1e98b0c5130247ee450c64279b
e09ac1393b5a92e9f3eac6140f052f39
a9f1114ecadf596c1d3ac5dae2d5068f
3d46b9853c65799513b57087e2586c52
8bfb6b8bcbfb1f3e40be631da809cb37
2067fee789cc13d1591b5ab01d795df4
b8b2fefd99cf8038c082253b4e7cfa53
a5aba46303e7b2934b580a2c3f5d26ff
04ccfc37652dd89c16eeb609b3813785
42b14bf1ac263ce2202bb806b6bf1bf8
7583982f25352891545163b10dd09d43
f9f8e86774668192ec637e4065585a49
37e12826fd8a9a87c222de8d6836ea88
7bbcb3ecf1eb675a06cea71eee8f3dd4
a24bcf219fbe4c9c062262ba2e255ad6
302a3d70f01cdb68cb32186eee4d1bcc
c89eb4e6be1c19fcc590e05abe05abdb
2d3840cf0d0d254d50a8ca37f3056e7f
3692fd905a8387e7407a78570de6dea1
31dc95463aa309df3a3b273bb21c57a7
06901ae456012d6e5663f94e2f5b2ac2
00470949f56b10b5a87a228026df9353
2778d30c1b48d77ba2e18c4da8257c27
e7ac980c51cd0006c3c44cdb42a69e8c
af56df377f08db52dcffe6ff28c1b5fa
8926873c9f51b6882d0c5abfe4fce9cd
b6d1201d38b8924e04b268aa115d2cf6
35f50a12e4200c96002401c0498f49c5
aafb47405d1d509c815b341caed18748
f72f137a0ffa52063c75d609ddea1e25
933bbd236ed5d51d521cf13160995228
aa373cd5f42693a218b2d7faf2bd786e
6dda0254fdade6370872f48ff14a08cc
feb87e2cf5a3b45e737f5ab90ce90c29
319b42f836595961e6b09a3066912fe6
c8f4decc33f10923a6569084fd26d527
7f0ba72798c4b32d499adb29438d575f
3c680ba8af741fa1d0d762aa07a80653
c75d1a461bd813fbf8fc203b27bccec2
cf65c5997927daa73447cb154e3abbf3
0156058fcd915a2eed22542fdcd15a3a
ab0d74b666c010cb525212dee9a0ac5c
22c08153f3d2fc35eb2e5f09726a13a4
b2ca2632f2b276eb16408176f5ea38da
1d8c056d3c38f1775cd6c1f2eeac0a43
682ea63ac1b32f7b22f2687da323346e
f13444b264bd89c5158f936d74fcc7c0
7ece7954338ca5b0a39577d8cc4e67a5
e7017682486177804712feeafa96bd3e
e023a04ebef5f1f4c0b51d042c912cd1
1906a34371d4c052af0913543e8c9133
f9ed2832c5d3b5b836382d6da3f676c3
57e04dbfd87f03d079d462ea905f0131
6d20502778a4ad9faf22b439adfafb93
5794d64f15233f76e36617f2c89a6481
421876a7ab6cb4e2721f472b01a1be28
674ac37a54fa41c915774162acb92799
d50c62dae07cb0ff469fe79c33f63ea7
e3bd36cca237fee7d53c3b0c3327a6f8
bc93e26b4e8aed1d14eae52214c9c51c
4b3dae8add9e598af627079255d0568d
b8b950a0b4fce5dcf8096b48b709013c
11b7a4ea102d72b1bae418c23dda59f4
c5d7a22e67b2ca6d74e8a8e131aef3d7
25ba3070d38ce93971047b778aee4f67
263df34963ed91e203064d23556e4916
68ba474e9623924abb8c7c6fb6a0e806
d65406533d33bd12909bec38fec6f6bd
5cec8bc8f318431ffcd706e012b8ceb5
bb62da7fcd876aaa3444d6a6260b4dd9
b64ac3d56309221774f4b0255f5439ef
9f0f00ac0548eeac5f0fa72961c78f63
fa00680ab8ec258167045643bb128dc3
c4038ebe1f830a1200b77b7820785bc0
f517f27d86360400aa39f762e095b462
69feb67590f3bc723fab8aaaceaadc8a
33c307bb429d355bd62289e91af67264
4100191cf7bda06088757271e49bfa80
64a91a552f3d2293486762ca5e3a01b0
55cd6d096985adc4b7495f3bf41dee15
fe0c1bffac1fe9ea9d1949d47506f7a4
4fbbd528a017e94ba529b7d74a9489ff
f5f7aad057f59c39cbca64446fc6e651
d9deedf687a38eb24ee769ed4e791cd4
f9035a52f3be76fed2af9d68a85cc441
2839f8cb22711d1c7ad95f94f5629424
c9dba3a19fa971c03297a57be615c573
4c7536a7008713b6bce5daec2a909bc0
2b29d2806b6707cd319dab825e4e381b
88791d7cc7441b7a1c345148bc0ef048
f769e1e1076123f4d9db76ad41970822
120a9d38972663aa8ad20ccd9a5e1604
b11b93a236b49ab8337ad72fe97b6e3c
f42bead1831fbfaad1f16e30d6cc9b5f
7ccb24953e5001fdf336e05ef20232a1
dc3c0c084a602ab172f49115daeb893b
ca2c9bd1a6905895eac18ad0a44b04a6
cfb1ee52d8b6c223c2ca610d18629751
653f81586b32f265e935223600c29fff
5fad7fd9ad39c184cbd76e9885dd4588
9bd2e269c535cf98ee3b8d0f604da6ce
194c907a7a3ab99d2cedb690ef98cbe3
95e88e793e6d786edd073b540347e7de
78bf219e6aed93a3769ca9a7a7dee4a7
4f094cf66246ed697c44c66b113fdb8e
ce92b4dbd43180f955585e4e2d48f934
340ff7373acbe591aa887f6efeb5c8ad
b0592b737f2e2ddf58c3f95966830e39
3e6a08fd70589714584694d780b01f1e
6a8556021508031868834a318a0ac88c
3d6be3a9eb2ff8de0eeed2e724e7c5ac
2b1031a2079fc7eb4014bc2db8fdf2e3
746820b092b48de5047a1b4984705014
1be39c3bd7598fccfa5b9db2a605a517
7a414e50f1c2f3f6dde07b7bac750f7f
e5f0d04fc5ee632ac6ba4e9d930effe2
e00060c5f9764442b1df10f4eb657cf7
ad002ecb94b2387c7768d322320e5cdc
c4265dea2dd6ae466cb89cb700962a68
1eb0355e2b0757ab535ac5e0e4e3d07b
a572c4366d37e47ce171b422cff21c07
e084cf8047d1dfe113ca23ff9b3ea600
786e7587a22bb49689674eba19f7e4a2
6fb5958184340a00e3fc57020683295d
8fafda1c6c53fa23ccfcbe2471870687
c814be202320eac7721046fb5a3b8895
9c2d31d997190a94a332e2d0a1eaadcb
d01cc101e1cc14882a0b24d80dbccbdd
2a02864d68dd45e551049ac93736b94d
b906a5188ae49ab86067c467dba1370a
153ed9bf5b6d766dfbf96a721eba7532
3f315a63aa99078626822ce1d4bce18a
9b7fcf8e59b2fc5644bbc6724ce9e888
b8fb50428c786d2aabc0cc04e8c4d853
a71801cde45b8b86cc56bded801976cb
7f7eceb52bb9a45d90653eaaf0230df8
614558c88258807641d2fd8ab0c543c1
5075b9379823d03675616c4e2038b3ff
5d37976b9b086934409fae09d2648cc6
8e392cc5730556f40c43a4d6eee16428
2d84aa3e42982637e8808d33578fa78b
91840ee52ff73f6b683514f87c30cf8b
94ab371edbcc423f605dd5d4ce3debf1
abf8bca5a7458b47aef909536c7b85ca
50bc1161a3fc4f0728794771732e11a0
4a4cb390133e30d079e1947eb152a69e
2c8bf19a6ad3ba1d8504e3123461dafe
133c72e7c3f789109d1c5e93c5edf112
c3d824b4d39e71ce237949b1ebaf29fc
8df302cca3bc348b9d7664b372ff5c54
1d707b46340b5e8ab0768068dfdd2274
c579dc376519d0ea52db4b65ff3ee73c
2ebce65605c32ce93e4cab4045bdce5b
0f21c7589cc783b3c851e283f85aa0b4
84030ba90964e646126f564c51da695e
29637c6d73ea5b9e652ee2ee979339aa
18967b681aed8c0545c3b1cb76cbc95f
dbf942cdcd978582b5dc82d9ff31396f
407d2c5fb3a04c34a68df71164d684ed
e47ee132747d0a53d1aeee0a714b55e6
45377222659557f270a11ab9a8b245b5
831d13f964b799917bcf4f216d562663
c17034fd04c01e12938330609df40e67
3608d4a595fcb00b32670c07fb8961e7
41f78137578f260f794bc2034f7bc9c8
fb03ed33adcbe21161527f31e733d861
c2fe13af518333233c8cc41bed9ad8c2
a2dde21ed5615c2889719d6c3e0d7e84
905476bd833cbd9b125d32bf8bf726e1
9b0c6658bdbcf142834c78b79f358a05
04578bfb70edc48b528a3525154340c9
5ec88ba620adba737b027d37e31f3654
a56ab97feb370b4fb562e937219beeb1
3ae76aba6ddfd149de7cba21e59b68a8
5067be6f6c18c06bde6d5254dd313585
03d6dfae9b186a8a4ce8b32f6a84bcef
4c131326d8da1ec0f07d4deb555719f8
0c20036b93ddea2616f10fd16941d79d
5792bfafee7ccd3b13eab1373d935ee6
865e1c075de790e52ffe6f30c20a1974
a17e7d935754bb2c104a4b34d85a6f0d
3041fc1058a293eb037e01eb86055387
bba38299cdb1246123a0b95e35364b98
048943c1b955fefb817e14e2b6482b53
3fa83cb5fb8e20bcaebcbb932a2fa90c
6f3a36e36116fb17123837fcf01aa567
67f20c142caeb9f86159751a4c5948cf
fd59c2430026073883a042d42b2ad1d8
1e61e46cbf434c6bf7f758ef57a1ebc6
4c6540282ceff3bcf9bdc390e0e6500c
2985103baf736f84d98c4c0bf7723ef8
f7cde805b31a3459ebfb8ace9a2a3e46
dca3ca29959c3399f9afb8a223c70159
628d106cc7c0551dae8f6e84c89c0ffe
94eb8c2b78fe90aeb2bb50d5699f24bb
6e66920c093c4519a596afe53c0424e4
e211cb614e186dce5ad2493cf5c79fbb
e488d4f1375759e3145d26e75f50edad
a3eb1901ca03b057815ca17e76bbbebf
53f3f7ab38dbdef1f99faaf89e3242cb
e639f97034d490bf036bb748065f9fa8
bcd0190b261b6d2d40713144026f80cc
8ac3196f8d0aacb34d8410d79fbf4dbd
ddebeaadacb84e2c26624fc26e8cab51
5e54f5e1e5ea759907034d7750f694e1
1794dab85d9eeb5c6c63b51fb4df419b
692df14565b289a0eb9dd287f2286203
6cc4abc084947dac1504654af93356c5
7330b8ccd2fe9b85b0c9b14125a175c5
e027a983385e6c6279b7bd7cc3ca6e1b
508940a271614e5186b0f24c5de43eb7
30cd57b136f4ce747c0cefc4fe61760d
79120a69d6dc6909e1a89bb9ee73dd62
100dcfa97eb12e6dfb9af97b55bd61bf
d243f269ece45fe6f08fd342febcbe94
0e17a33ea804c6ade4c9338dcb9db323
cc5edfbc3a072cc0fc995ed305be7f44
fac7978f081a9715e98aa2d6b6648ec4
8935bc640a9bcb5ba749a6913bf9a4ff
dcfec55055c11ec0f729935d3797bd77
10528c85abf72e583a2149c532b1b507
aa45dad31c67c330d52ae8910c853de1
e46c2a27d65bf93f8b340a7cd0144385
740b9d278db895a316cc6b7fe19083c1
f49f4e7fe11700d5555123aaa3877698
f32e2cccbb57d534ced7a453eda8b982
ce874be4bddc13a2cb238cea4b0d8ff2
e1affac51cc9a6f1a56d7f9ccaa11e3c
2430c69542ba166c37f72622e763fcac
33a17b580cf6e21790053f3231b46cb5
d5842797c607556bf3d6c919b12e1b3b
bf54192acec9008b92c0ff026976bc49
b0ee4f89f77abfc12c58484c6f684a4c
bceb186b02cf3ae5a1fe6a5752c4e413
4e1f5d9bb60b63453250492c2d6ba247
e7fd4dd2e61dfa5a533e31a333bd243f
a7dd97da9a7e56614f15b111dfde781f
6db810fa1eba9b9a136185707ee2060d
1049603d5dd20caf4d67837d421becf3
8196c7e4e321af5da4fa1fca055e7920
86211e70363570ce79d0796736e2ddca
93c074fe6b2d5601fb7765785e4914fa
97e8a60992f2776138d0f5cf91bdb2d9
91b26117dc74b51ecc17ec40358a5804
e6d15d67ac5f9912556dbe80494be13f
ab0eb3b7683d91e58af589416cb04ad4
f82d87645080a01ae75735ba94a05ad5
4198ec4410826b56d4dcf87676d29bfe
a02d4d44c97835bc1ecc46ddbf4ae272
01ec4de2859c3176873652194a36d48e
fd76dac2c0515d42ad4bb5c8be27f3c3
a74831db067956bbd5279ef2bca13b0b
96dd25a94d881d99aa2357336fb42de6
8a3c14f3856f80fe63166dff4beffb75
0b0bfae9cd1eafbfcd1e1f2fdcb61e3d
650bee89771b59b8214d09cb27e789c2
947a0f1e98b0c5130247ee450c64279b
e09ac1393b5a92e9f3eac6140f052f39
a9f1114ecadf596c1d3ac5dae2d5068f
3d46b9853c65799513b57087e2586c52
8bfb6b8bcbfb1f3e40be631da809cb37
2067fee789cc13d1591b5ab01d795df4
b8b2fefd99cf8038c082253b4e7cfa53
a5aba46303e7b2934b580a2c3f5d26ff
04ccfc37652dd89c16eeb609b3813785
42b14bf1ac263ce2202bb806b6bf1bf8
7583982f25352891545163b10dd09d43
f9f8e86774668192ec637e4065585a49
37e12826fd8a9a87c222de8d6836ea88
7bbcb3ecf1eb675a06cea71eee8f3dd4
a24bcf219fbe4c9c062262ba2e255ad6
302a3d70f01cdb68cb32186eee4d1bcc
c89eb4e6be1c19fcc590e05abe05abdb
2d3840cf0d0d254d50a8ca37f3056e7f
3692fd905a8387e7407a78570de6dea1
31dc95463aa309df3a3b273bb21c57a7
06901ae456012d6e5663f94e2f5b2ac2
00470949f56b10b5a87a228026df9353
2778d30c1b48d77ba2e18c4da8257c27
e7ac980c51cd0006c3c44cdb42a69e8c
af56df377f08db52dcffe6ff28c1b5fa
8926873c9f51b6882d0c5abfe4fce9cd
b6d1201d38b8924e04b268aa115d2cf6
35f50a12e4200c96002401c0498f49c5
aafb47405d1d509c815b341caed18748
f72f137a0ffa52063c75d609ddea1e25
933bbd236ed5d51d521cf13160995228
aa373cd5f42693a218b2d7faf2bd786e
6dda0254fdade6370872f48ff14a08cc
feb87e2cf5a3b45e737f5ab90ce90c29
319b42f836595961e6b09a3066912fe6
c8f4decc33f10923a6569084fd26d527
7f0ba72798c4b32d499adb29438d575f
3c680ba8af741fa1d0d762aa07a80653
c75d1a461bd813fbf8fc203b27bccec2
cf65c5997927daa73447cb154e3abbf3
0156058fcd915a2eed22542fdcd15a3a
ab0d74b666c010cb525212dee9a0ac5c
22c08153f3d2fc35eb2e5f09726a13a4
b2ca2632f2b276eb16408176f5ea38da
1d8c056d3c38f1775cd6c1f2eeac0a43
682ea63ac1b32f7b22f2687da323346e
f13444b264bd89c5158f936d74fcc7c0
7ece7954338ca5b0a39577d8cc4e67a5
e7017682486177804712feeafa96bd3e
e023a04ebef5f1f4c0b51d042c912cd1
1906a34371d4c052af0913543e8c9133
f9ed2832c5d3b5b836382d6da3f676c3
57e04dbfd87f03d079d462ea905f0131
6d20502778a4ad9faf22b439adfafb93
