314e6b88a5c2dffc193653708daac7e4011e3b587592afcce90623405d7a97b4
425f7c99b6d3f00d2a4764819ebbd8f5122f4c6986a3c0ddfa1734516e8ba8c5
53708daac7e4011e3b587592afcce90623405d7a97b4d1ee0b2845627f9cb9d6
64819ebbd8f5122f4c6986a3c0ddfa1734516e8ba8c5e2ff1c39567390adcae7
7592afcce90623405d7a97b4d1ee0b2845627f9cb9d6f3102d4a6784a1bedbf8
86a3c0ddfa1734516e8ba8c5e2ff1c39567390adcae704213e5b7895b2cfec09
97b4d1ee0b2845627f9cb9d6f3102d4a6784a1bedbf815324f6c89a6c3e0fd1a
a8c5e2ff1c39567390adcae704213e5b7895b2cfec092643607d9ab7d4f10e2b
b9d6f3102d4a6784a1bedbf815324f6c89a6c3e0fd1a3754718eabc8e5021f3c
cae704213e5b7895b2cfec092643607d9ab7d4f10e2b4865829fbcd9f613304d
dbf815324f6c89a6c3e0fd1a3754718eabc8e5021f3c597693b0cdea0724415e
ec092643607d9ab7d4f10e2b4865829fbcd9f613304d6a87a4c1defb1835526f
fd1a3754718eabc8e5021f3c597693b0cdea0724415e7b98b5d2ef0c29466380
0e2b4865829fbcd9f613304d6a87a4c1defb1835526f8ca9c6e3001d3a577491
1f3c597693b0cdea0724415e7b98b5d2ef0c294663809dbad7f4112e4b6885a2
304d6a87a4c1defb1835526f8ca9c6e3001d3a577491aecbe805223f5c7996b3
415e7b98b5d2ef0c294663809dbad7f4112e4b6885a2bfdcf91633506d8aa7c4
526f8ca9c6e3001d3a577491aecbe805223f5c7996b3d0ed0a2744617e9bb8d5
63809dbad7f4112e4b6885a2bfdcf91633506d8aa7c4e1fe1b3855728facc9e6
7491aecbe805223f5c7996b3d0ed0a2744617e9bb8d5f20f2c496683a0bddaf7
85a2bfdcf91633506d8aa7c4e1fe1b3855728facc9e603203d5a7794b1ceeb08
96b3d0ed0a2744617e9bb8d5f20f2c496683a0bddaf714314e6b88a5c2dffc19
a7c4e1fe1b3855728facc9e603203d5a7794b1ceeb0825425f7c99b6d3f00d2a
b8d5f20f2c496683a0bddaf714314e6b88a5c2dffc193653708daac7e4011e3b
c9e603203d5a7794b1ceeb0825425f7c99b6d3f00d2a4764819ebbd8f5122f4c
daf714314e6b88a5c2dffc193653708daac7e4011e3b587592afcce90623405d
eb0825425f7c99b6d3f00d2a4764819ebbd8f5122f4c6986a3c0ddfa1734516e
fc193653708daac7e4011e3b587592afcce90623405d7a97b4d1ee0b2845627f
0d2a4764819ebbd8f5122f4c6986a3c0ddfa1734516e8ba8c5e2ff1c39567390
1e3b587592afcce90623405d7a97b4d1ee0b2845627f9cb9d6f3102d4a6784a1
2f4c6986a3c0ddfa1734516e8ba8c5e2ff1c39567390adcae704213e5b7895b2
405d7a97b4d1ee0b2845627f9cb9d6f3102d4a6784a1bedbf815324f6c89a6c3
516e8ba8c5e2ff1c39567390adcae704213e5b7895b2cfec092643607d9ab7d4
627f9cb9d6f3102d4a6784a1bedbf815324f6c89a6c3e0fd1a3754718eabc8e5
7390adcae704213e5b7895b2cfec092643607d9ab7d4f10e2b4865829fbcd9f6
84a1bedbf815324f6c89a6c3e0fd1a3754718eabc8e5021f3c597693b0cdea07
95b2cfec092643607d9ab7d4f10e2b4865829fbcd9f613304d6a87a4c1defb18
a6c3e0fd1a3754718eabc8e5021f3c597693b0cdea0724415e7b98b5d2ef0c29
b7d4f10e2b4865829fbcd9f613304d6a87a4c1defb1835526f8ca9c6e3001d3a
c8e5021f3c597693b0cdea0724415e7b98b5d2ef0c294663809dbad7f4112e4b
d9f613304d6a87a4c1defb1835526f8ca9c6e3001d3a577491aecbe805223f5c
ea0724415e7b98b5d2ef0c294663809dbad7f4112e4b6885a2bfdcf91633506d
fb1835526f8ca9c6e3001d3a577491aecbe805223f5c7996b3d0ed0a2744617e
0c294663809dbad7f4112e4b6885a2bfdcf91633506d8aa7c4e1fe1b3855728f
1d3a577491aecbe805223f5c7996b3d0ed0a2744617e9bb8d5f20f2c496683a0
2e4b6885a2bfdcf91633506d8aa7c4e1fe1b3855728facc9e603203d5a7794b1
3f5c7996b3d0ed0a2744617e9bb8d5f20f2c496683a0bddaf714314e6b88a5c2
506d8aa7c4e1fe1b3855728facc9e603203d5a7794b1ceeb0825425f7c99b6d3
617e9bb8d5f20f2c496683a0bddaf714314e6b88a5c2dffc193653708daac7e4
728facc9e603203d5a7794b1ceeb0825425f7c99b6d3f00d2a4764819ebbd8f5
83a0bddaf714314e6b88a5c2dffc193653708daac7e4011e3b587592afcce906
94b1ceeb0825425f7c99b6d3f00d2a4764819ebbd8f5122f4c6986a3c0ddfa17
a5c2dffc193653708daac7e4011e3b587592afcce90623405d7a97b4d1ee0b28
b6d3f00d2a4764819ebbd8f5122f4c6986a3c0ddfa1734516e8ba8c5e2ff1c39
c7e4011e3b587592afcce90623405d7a97b4d1ee0b2845627f9cb9d6f3102d4a
d8f5122f4c6986a3c0ddfa1734516e8ba8c5e2ff1c39567390adcae704213e5b
e90623405d7a97b4d1ee0b2845627f9cb9d6f3102d4a6784a1bedbf815324f6c
fa1734516e8ba8c5e2ff1c39567390adcae704213e5b7895b2cfec092643607d
0b2845627f9cb9d6f3102d4a6784a1bedbf815324f6c89a6c3e0fd1a3754718e
1c39567390adcae704213e5b7895b2cfec092643607d9ab7d4f10e2b4865829f
2d4a6784a1bedbf815324f6c89a6c3e0fd1a3754718eabc8e5021f3c597693b0
3e5b7895b2cfec092643607d9ab7d4f10e2b4865829fbcd9f613304d6a87a4c1
4f6c89a6c3e0fd1a3754718eabc8e5021f3c597693b0cdea0724415e7b98b5d2
607d9ab7d4f10e2b4865829fbcd9f613304d6a87a4c1defb1835526f8ca9c6e3
718eabc8e5021f3c597693b0cdea0724415e7b98b5d2ef0c294663809dbad7f4
829fbcd9f613304d6a87a4c1defb1835526f8ca9c6e3001d3a577491aecbe805
93b0cdea0724415e7b98b5d2ef0c294663809dbad7f4112e4b6885a2bfdcf916
a4c1defb1835526f8ca9c6e3001d3a577491aecbe805223f5c7996b3d0ed0a27
b5d2ef0c294663809dbad7f4112e4b6885a2bfdcf91633506d8aa7c4e1fe1b38
c6e3001d3a577491aecbe805223f5c7996b3d0ed0a2744617e9bb8d5f20f2c49
d7f4112e4b6885a2bfdcf91633506d8aa7c4e1fe1b3855728facc9e603203d5a
e805223f5c7996b3d0ed0a2744617e9bb8d5f20f2c496683a0bddaf714314e6b
f91633506d8aa7c4e1fe1b3855728facc9e603203d5a7794b1ceeb0825425f7c
0a2744617e9bb8d5f20f2c496683a0bddaf714314e6b88a5c2dffc193653708d
1b3855728facc9e603203d5a7794b1ceeb0825425f7c99b6d3f00d2a4764819e
2c496683a0bddaf714314e6b88a5c2dffc193653708daac7e4011e3b587592af
3d5a7794b1ceeb0825425f7c99b6d3f00d2a4764819ebbd8f5122f4c6986a3c0
4e6b88a5c2dffc193653708daac7e4011e3b587592afcce90623405d7a97b4d1
5f7c99b6d3f00d2a4764819ebbd8f5122f4c6986a3c0ddfa1734516e8ba8c5e2
708daac7e4011e3b587592afcce90623405d7a97b4d1ee0b2845627f9cb9d6f3
819ebbd8f5122f4c6986a3c0ddfa1734516e8ba8c5e2ff1c39567390adcae704
92afcce90623405d7a97b4d1ee0b2845627f9cb9d6f3102d4a6784a1bedbf815
a3c0ddfa1734516e8ba8c5e2ff1c39567390adcae704213e5b7895b2cfec0926
b4d1ee0b2845627f9cb9d6f3102d4a6784a1bedbf815324f6c89a6c3e0fd1a37
c5e2ff1c39567390adcae704213e5b7895b2cfec092643607d9ab7d4f10e2b48
d6f3102d4a6784a1bedbf815324f6c89a6c3e0fd1a3754718eabc8e5021f3c59
e704213e5b7895b2cfec092643607d9ab7d4f10e2b4865829fbcd9f613304d6a
f815324f6c89a6c3e0fd1a3754718eabc8e5021f3c597693b0cdea0724415e7b
092643607d9ab7d4f10e2b4865829fbcd9f613304d6a87a4c1defb1835526f8c
1a3754718eabc8e5021f3c597693b0cdea0724415e7b98b5d2ef0c294663809d
2b4865829fbcd9f613304d6a87a4c1defb1835526f8ca9c6e3001d3a577491ae
3c597693b0cdea0724415e7b98b5d2ef0c294663809dbad7f4112e4b6885a2bf
4d6a87a4c1defb1835526f8ca9c6e3001d3a577491aecbe805223f5c7996b3d0
5e7b98b5d2ef0c294663809dbad7f4112e4b6885a2bfdcf91633506d8aa7c4e1
6f8ca9c6e3001d3a577491aecbe805223f5c7996b3d0ed0a2744617e9bb8d5f2
809dbad7f4112e4b6885a2bfdcf91633506d8aa7c4e1fe1b3855728facc9e603
91aecbe805223f5c7996b3d0ed0a2744617e9bb8d5f20f2c496683a0bddaf714
a2bfdcf91633506d8aa7c4e1fe1b3855728facc9e603203d5a7794b1ceeb0825
b3d0ed0a2744617e9bb8d5f20f2c496683a0bddaf714314e6b88a5c2dffc1936
c4e1fe1b3855728facc9e603203d5a7794b1ceeb0825425f7c99b6d3f00d2a47
d5f20f2c496683a0bddaf714314e6b88a5c2dffc193653708daac7e4011e3b58
e603203d5a7794b1ceeb0825425f7c99b6d3f00d2a4764819ebbd8f5122f4c69
f714314e6b88a5c2dffc193653708daac7e4011e3b587592afcce90623405d7a
0825425f7c99b6d3f00d2a4764819ebbd8f5122f4c6986a3c0ddfa1734516e8b
193653708daac7e4011e3b587592afcce90623405d7a97b4d1ee0b2845627f9c
2a4764819ebbd8f5122f4c6986a3c0ddfa1734516e8ba8c5e2ff1c39567390ad
3b587592afcce90623405d7a97b4d1ee0b2845627f9cb9d6f3102d4a6784a1be
4c6986a3c0ddfa1734516e8ba8c5e2ff1c39567390adcae704213e5b7895b2cf
5d7a97b4d1ee0b2845627f9cb9d6f3102d4a6784a1bedbf815324f6c89a6c3e0
6e8ba8c5e2ff1c39567390adcae704213e5b7895b2cfec092643607d9ab7d4f1
7f9cb9d6f3102d4a6784a1bedbf815324f6c89a6c3e0fd1a3754718eabc8e502
90adcae704213e5b7895b2cfec092643607d9ab7d4f10e2b4865829fbcd9f613
a1bedbf815324f6c89a6c3e0fd1a3754718eabc8e5021f3c597693b0cdea0724
b2cfec092643607d9ab7d4f10e2b4865829fbcd9f613304d6a87a4c1defb1835
c3e0fd1a3754718eabc8e5021f3c597693b0cdea0724415e7b98b5d2ef0c2946
d4f10e2b4865829fbcd9f613304d6a87a4c1defb1835526f8ca9c6e3001d3a57
e5021f3c597693b0cdea0724415e7b98b5d2ef0c294663809dbad7f4112e4b68
f613304d6a87a4c1defb1835526f8ca9c6e3001d3a577491aecbe805223f5c79
0724415e7b98b5d2ef0c294663809dbad7f4112e4b6885a2bfdcf91633506d8a
1835526f8ca9c6e3001d3a577491aecbe805223f5c7996b3d0ed0a2744617e9b
294663809dbad7f4112e4b6885a2bfdcf91633506d8aa7c4e1fe1b3855728fac
3a577491aecbe805223f5c7996b3d0ed0a2744617e9bb8d5f20f2c496683a0bd
4b6885a2bfdcf91633506d8aa7c4e1fe1b3855728facc9e603203d5a7794b1ce
5c7996b3d0ed0a2744617e9bb8d5f20f2c496683a0bddaf714314e6b88a5c2df
6d8aa7c4e1fe1b3855728facc9e603203d5a7794b1ceeb0825425f7c99b6d3f0
7e9bb8d5f20f2c496683a0bddaf714314e6b88a5c2dffc193653708daac7e401
8facc9e603203d5a7794b1ceeb0825425f7c99b6d3f00d2a4764819ebbd8f512
a0bddaf714314e6b88a5c2dffc193653708daac7e4011e3b587592afcce90623
b1ceeb0825425f7c99b6d3f00d2a4764819ebbd8f5122f4c6986a3c0ddfa1734
c2dffc193653708daac7e4011e3b587592afcce90623405d7a97b4d1ee0b2845
d3f00d2a4764819ebbd8f5122f4c6986a3c0ddfa1734516e8ba8c5e2ff1c3956
e4011e3b587592afcce90623405d7a97b4d1ee0b2845627f9cb9d6f3102d4a67
f5122f4c6986a3c0ddfa1734516e8ba8c5e2ff1c39567390adcae704213e5b78
0623405d7a97b4d1ee0b2845627f9cb9d6f3102d4a6784a1bedbf815324f6c89
1734516e8ba8c5e2ff1c39567390adcae704213e5b7895b2cfec092643607d9a
2845627f9cb9d6f3102d4a6784a1bedbf815324f6c89a6c3e0fd1a3754718eab
39567390adcae704213e5b7895b2cfec092643607d9ab7d4f10e2b4865829fbc
4a6784a1bedbf815324f6c89a6c3e0fd1a3754718eabc8e5021f3c597693b0cd
5b7895b2cfec092643607d9ab7d4f10e2b4865829fbcd9f613304d6a87a4c1de
6c89a6c3e0fd1a3754718eabc8e5021f3c597693b0cdea0724415e7b98b5d2ef
7d9ab7d4f10e2b4865829fbcd9f613304d6a87a4c1defb1835526f8ca9c6e300
8eabc8e5021f3c597693b0cdea0724415e7b98b5d2ef0c294663809dbad7f411
9fbcd9f613304d6a87a4c1defb1835526f8ca9c6e3001d3a577491aecbe80522
b0cdea0724415e7b98b5d2ef0c294663809dbad7f4112e4b6885a2bfdcf91633
c1defb1835526f8ca9c6e3001d3a577491aecbe805223f5c7996b3d0ed0a2744
d2ef0c294663809dbad7f4112e4b6885a2bfdcf91633506d8aa7c4e1fe1b3855
e3001d3a577491aecbe805223f5c7996b3d0ed0a2744617e9bb8d5f20f2c4966
f4112e4b6885a2bfdcf91633506d8aa7c4e1fe1b3855728facc9e603203d5a77
05223f5c7996b3d0ed0a2744617e9bb8d5f20f2c496683a0bddaf714314e6b88
1633506d8aa7c4e1fe1b3855728facc9e603203d5a7794b1ceeb0825425f7c99
2744617e9bb8d5f20f2c496683a0bddaf714314e6b88a5c2dffc193653708daa
3855728facc9e603203d5a7794b1ceeb0825425f7c99b6d3f00d2a4764819ebb
496683a0bddaf714314e6b88a5c2dffc193653708daac7e4011e3b587592afcc
5a7794b1ceeb0825425f7c99b6d3f00d2a4764819ebbd8f5122f4c6986a3c0dd
6b88a5c2dffc193653708daac7e4011e3b587592afcce90623405d7a97b4d1ee
7c99b6d3f00d2a4764819ebbd8f5122f4c6986a3c0ddfa1734516e8ba8c5e2ff
8daac7e4011e3b587592afcce90623405d7a97b4d1ee0b2845627f9cb9d6f310
9ebbd8f5122f4c6986a3c0ddfa1734516e8ba8c5e2ff1c39567390adcae70421
afcce90623405d7a97b4d1ee0b2845627f9cb9d6f3102d4a6784a1bedbf81532
c0ddfa1734516e8ba8c5e2ff1c39567390adcae704213e5b7895b2cfec092643
d1ee0b2845627f9cb9d6f3102d4a6784a1bedbf815324f6c89a6c3e0fd1a3754
e2ff1c39567390adcae704213e5b7895b2cfec092643607d9ab7d4f10e2b4865
f3102d4a6784a1bedbf815324f6c89a6c3e0fd1a3754718eabc8e5021f3c5976
04213e5b7895b2cfec092643607d9ab7d4f10e2b4865829fbcd9f613304d6a87
15324f6c89a6c3e0fd1a3754718eabc8e5021f3c597693b0cdea0724415e7b98
2643607d9ab7d4f10e2b4865829fbcd9f613304d6a87a4c1defb1835526f8ca9
3754718eabc8e5021f3c597693b0cdea0724415e7b98b5d2ef0c294663809dba
4865829fbcd9f613304d6a87a4c1defb1835526f8ca9c6e3001d3a577491aecb
597693b0cdea0724415e7b98b5d2ef0c294663809dbad7f4112e4b6885a2bfdc
6a87a4c1defb1835526f8ca9c6e3001d3a577491aecbe805223f5c7996b3d0ed
7b98b5d2ef0c294663809dbad7f4112e4b6885a2bfdcf91633506d8aa7c4e1fe
8ca9c6e3001d3a577491aecbe805223f5c7996b3d0ed0a2744617e9bb8d5f20f
9dbad7f4112e4b6885a2bfdcf91633506d8aa7c4e1fe1b3855728facc9e60320
aecbe805223f5c7996b3d0ed0a2744617e9bb8d5f20f2c496683a0bddaf71431
bfdcf91633506d8aa7c4e1fe1b3855728facc9e603203d5a7794b1ceeb082542
d0ed0a2744617e9bb8d5f20f2c496683a0bddaf714314e6b88a5c2dffc193653
e1fe1b3855728facc9e603203d5a7794b1ceeb0825425f7c99b6d3f00d2a4764
f20f2c496683a0bddaf714314e6b88a5c2dffc193653708daac7e4011e3b5875
03203d5a7794b1ceeb0825425f7c99b6d3f00d2a4764819ebbd8f5122f4c6986
14314e6b88a5c2dffc193653708daac7e4011e3b587592afcce90623405d7a97
25425f7c99b6d3f00d2a4764819ebbd8f5122f4c6986a3c0ddfa1734516e8ba8
3653708daac7e4011e3b587592afcce90623405d7a97b4d1ee0b2845627f9cb9
4764819ebbd8f5122f4c6986a3c0ddfa1734516e8ba8c5e2ff1c39567390adca
587592afcce90623405d7a97b4d1ee0b2845627f9cb9d6f3102d4a6784a1bedb
6986a3c0ddfa1734516e8ba8c5e2ff1c39567390adcae704213e5b7895b2cfec
7a97b4d1ee0b2845627f9cb9d6f3102d4a6784a1bedbf815324f6c89a6c3e0fd
8ba8c5e2ff1c39567390adcae704213e5b7895b2cfec092643607d9ab7d4f10e
9cb9d6f3102d4a6784a1bedbf815324f6c89a6c3e0fd1a3754718eabc8e5021f
adcae704213e5b7895b2cfec092643607d9ab7d4f10e2b4865829fbcd9f61330
bedbf815324f6c89a6c3e0fd1a3754718eabc8e5021f3c597693b0cdea072441
cfec092643607d9ab7d4f10e2b4865829fbcd9f613304d6a87a4c1defb183552
e0fd1a3754718eabc8e5021f3c597693b0cdea0724415e7b98b5d2ef0c294663
f10e2b4865829fbcd9f613304d6a87a4c1defb1835526f8ca9c6e3001d3a5774
021f3c597693b0cdea0724415e7b98b5d2ef0c294663809dbad7f4112e4b6885
13304d6a87a4c1defb1835526f8ca9c6e3001d3a577491aecbe805223f5c7996
24415e7b98b5d2ef0c294663809dbad7f4112e4b6885a2bfdcf91633506d8aa7
35526f8ca9c6e3001d3a577491aecbe805223f5c7996b3d0ed0a2744617e9bb8
4663809dbad7f4112e4b6885a2bfdcf91633506d8aa7c4e1fe1b3855728facc9
577491aecbe805223f5c7996b3d0ed0a2744617e9bb8d5f20f2c496683a0bdda
6885a2bfdcf91633506d8aa7c4e1fe1b3855728facc9e603203d5a7794b1ceeb
7996b3d0ed0a2744617e9bb8d5f20f2c496683a0bddaf714314e6b88a5c2dffc
8aa7c4e1fe1b3855728facc9e603203d5a7794b1ceeb0825425f7c99b6d3f00d
9bb8d5f20f2c496683a0bddaf714314e6b88a5c2dffc193653708daac7e4011e
acc9e603203d5a7794b1ceeb0825425f7c99b6d3f00d2a4764819ebbd8f5122f
bddaf714314e6b88a5c2dffc193653708daac7e4011e3b587592afcce9062340
ceeb0825425f7c99b6d3f00d2a4764819ebbd8f5122f4c6986a3c0ddfa173451
dffc193653708daac7e4011e3b587592afcce90623405d7a97b4d1ee0b284562
f00d2a4764819ebbd8f5122f4c6986a3c0ddfa1734516e8ba8c5e2ff1c395673
011e3b587592afcce90623405d7a97b4d1ee0b2845627f9cb9d6f3102d4a6784
122f4c6986a3c0ddfa1734516e8ba8c5e2ff1c39567390adcae704213e5b7895
23405d7a97b4d1ee0b2845627f9cb9d6f3102d4a6784a1bedbf815324f6c89a6
34516e8ba8c5e2ff1c39567390adcae704213e5b7895b2cfec092643607d9ab7
45627f9cb9d6f3102d4a6784a1bedbf815324f6c89a6c3e0fd1a3754718eabc8
567390adcae704213e5b7895b2cfec092643607d9ab7d4f10e2b4865829fbcd9
6784a1bedbf815324f6c89a6c3e0fd1a3754718eabc8e5021f3c597693b0cdea
7895b2cfec092643607d9ab7d4f10e2b4865829fbcd9f613304d6a87a4c1defb
89a6c3e0fd1a3754718eabc8e5021f3c597693b0cdea0724415e7b98b5d2ef0c
9ab7d4f10e2b4865829fbcd9f613304d6a87a4c1defb1835526f8ca9c6e3001d
abc8e5021f3c597693b0cdea0724415e7b98b5d2ef0c294663809dbad7f4112e
bcd9f613304d6a87a4c1defb1835526f8ca9c6e3001d3a577491aecbe805223f
cdea0724415e7b98b5d2ef0c294663809dbad7f4112e4b6885a2bfdcf9163350
defb1835526f8ca9c6e3001d3a577491aecbe805223f5c7996b3d0ed0a274461
ef0c294663809dbad7f4112e4b6885a2bfdcf91633506d8aa7c4e1fe1b385572
001d3a577491aecbe805223f5c7996b3d0ed0a2744617e9bb8d5f20f2c496683
112e4b6885a2bfdcf91633506d8aa7c4e1fe1b3855728facc9e603203d5a7794
223f5c7996b3d0ed0a2744617e9bb8d5f20f2c496683a0bddaf714314e6b88a5
33506d8aa7c4e1fe1b3855728facc9e603203d5a7794b1ceeb0825425f7c99b6
44617e9bb8d5f20f2c496683a0bddaf714314e6b88a5c2dffc193653708daac7
55728facc9e603203d5a7794b1ceeb0825425f7c99b6d3f00d2a4764819ebbd8
6683a0bddaf714314e6b88a5c2dffc193653708daac7e4011e3b587592afcce9
7794b1ceeb0825425f7c99b6d3f00d2a4764819ebbd8f5122f4c6986a3c0ddfa
88a5c2dffc193653708daac7e4011e3b587592afcce90623405d7a97b4d1ee0b
99b6d3f00d2a4764819ebbd8f5122f4c6986a3c0ddfa1734516e8ba8c5e2ff1c
aac7e4011e3b587592afcce90623405d7a97b4d1ee0b2845627f9cb9d6f3102d
bbd8f5122f4c6986a3c0ddfa1734516e8ba8c5e2ff1c39567390adcae704213e
cce90623405d7a97b4d1ee0b2845627f9cb9d6f3102d4a6784a1bedbf815324f
ddfa1734516e8ba8c5e2ff1c39567390adcae704213e5b7895b2cfec09264360
ee0b2845627f9cb9d6f3102d4a6784a1bedbf815324f6c89a6c3e0fd1a375471
ff1c39567390adcae704213e5b7895b2cfec092643607d9ab7d4f10e2b486582
102d4a6784a1bedbf815324f6c89a6c3e0fd1a3754718eabc8e5021f3c597693
213e5b7895b2cfec092643607d9ab7d4f10e2b4865829fbcd9f613304d6a87a4
324f6c89a6c3e0fd1a3754718eabc8e5021f3c597693b0cdea0724415e7b98b5
43607d9ab7d4f10e2b4865829fbcd9f613304d6a87a4c1defb1835526f8ca9c6
54718eabc8e5021f3c597693b0cdea0724415e7b98b5d2ef0c294663809dbad7
65829fbcd9f613304d6a87a4c1defb1835526f8ca9c6e3001d3a577491aecbe8
7693b0cdea0724415e7b98b5d2ef0c294663809dbad7f4112e4b6885a2bfdcf9
87a4c1defb1835526f8ca9c6e3001d3a577491aecbe805223f5c7996b3d0ed0a
98b5d2ef0c294663809dbad7f4112e4b6885a2bfdcf91633506d8aa7c4e1fe1b
a9c6e3001d3a577491aecbe805223f5c7996b3d0ed0a2744617e9bb8d5f20f2c
bad7f4112e4b6885a2bfdcf91633506d8aa7c4e1fe1b3855728facc9e603203d
cbe805223f5c7996b3d0ed0a2744617e9bb8d5f20f2c496683a0bddaf714314e
dcf91633506d8aa7c4e1fe1b3855728facc9e603203d5a7794b1ceeb0825425f
ed0a2744617e9bb8d5f20f2c496683a0bddaf714314e6b88a5c2dffc19365370
fe1b3855728facc9e603203d5a7794b1ceeb0825425f7c99b6d3f00d2a476481
0f2c496683a0bddaf714314e6b88a5c2dffc193653708daac7e4011e3b587592
203d5a7794b1ceeb0825425f7c99b6d3f00d2a4764819ebbd8f5122f4c6986a3
314e6b88a5c2dffc193653708daac7e4011e3b587592afcce90623405d7a97b4
425f7c99b6d3f00d2a4764819ebbd8f5122f4c6986a3c0ddfa1734516e8ba8c5
53708daac7e4011e3b587592afcce90623405d7a97b4d1ee0b2845627f9cb9d6
64819ebbd8f5122f4c6986a3c0ddfa1734516e8ba8c5e2ff1c39567390adcae7
7592afcce90623405d7a97b4d1ee0b2845627f9cb9d6f3102d4a6784a1bedbf8
86a3c0ddfa1734516e8ba8c5e2ff1c39567390adcae704213e5b7895b2cfec09
97b4d1ee0b2845627f9cb9d6f3102d4a6784a1bedbf815324f6c89a6c3e0fd1a
a8c5e2ff1c39567390adcae704213e5b7895b2cfec092643607d9ab7d4f10e2b
b9d6f3102d4a6784a1bedbf815324f6c89a6c3e0fd1a3754718eabc8e5021f3c
cae704213e5b7895b2cfec092643607d9ab7d4f10e2b4865829fbcd9f613304d
dbf815324f6c89a6c3e0fd1a3754718eabc8e5021f3c597693b0cdea0724415e
ec092643607d9ab7d4f10e2b4865829fbcd9f613304d6a87a4c1defb1835526f
fd1a3754718eabc8e5021f3c597693b0cdea0724415e7b98b5d2ef0c29466380
0e2b4865829fbcd9f613304d6a87a4c1defb1835526f8ca9c6e3001d3a577491
1f3c597693b0cdea0724415e7b98b5d2ef0c294663809dbad7f4112e4b6885a2
304d6a87a4c1defb1835526f8ca9c6e3001d3a577491aecbe805223f5c7996b3
415e7b98b5d2ef0c294663809dbad7f4112e4b6885a2bfdcf91633506d8aa7c4
526f8ca9c6e3001d3a577491aecbe805223f5c7996b3d0ed0a2744617e9bb8d5
63809dbad7f4112e4b6885a2bfdcf91633506d8aa7c4e1fe1b3855728facc9e6
7491aecbe805223f5c7996b3d0ed0a2744617e9bb8d5f20f2c496683a0bddaf7
85a2bfdcf91633506d8aa7c4e1fe1b3855728facc9e603203d5a7794b1ceeb08
96b3d0ed0a2744617e9bb8d5f20f2c496683a0bddaf714314e6b88a5c2dffc19
a7c4e1fe1b3855728facc9e603203d5a7794b1ceeb0825425f7c99b6d3f00d2a
b8d5f20f2c496683a0bddaf714314e6b88a5c2dffc193653708daac7e4011e3b
c9e603203d5a7794b1ceeb0825425f7c99b6d3f00d2a4764819ebbd8f5122f4c
daf714314e6b88a5c2dffc193653708daac7e4011e3b587592afcce90623405d
eb0825425f7c99b6d3f00d2a4764819ebbd8f5122f4c6986a3c0ddfa1734516e
fc193653708daac7e4011e3b587592afcce90623405d7a97b4d1ee0b2845627f
0d2a4764819ebbd8f5122f4c6986a3c0ddfa1734516e8ba8c5e2ff1c39567390
1e3b587592afcce90623405d7a97b4d1ee0b2845627f9cb9d6f3102d4a6784a1
2f4c6986a3c0ddfa1734516e8ba8c5e2ff1c39567390adcae704213e5b7895b2
405d7a97b4d1ee0b2845627f9cb9d6f3102d4a6784a1bedbf815324f6c89a6c3
516e8ba8c5e2ff1c39567390adcae704213e5b7895b2cfec092643607d9ab7d4
627f9cb9d6f3102d4a6784a1bedbf815324f6c89a6c3e0fd1a3754718eabc8e5
7390adcae704213e5b7895b2cfec092643607d9ab7d4f10e2b4865829fbcd9f6
84a1bedbf815324f6c89a6c3e0fd1a3754718eabc8e5021f3c597693b0cdea07
95b2cfec092643607d9ab7d4f10e2b4865829fbcd9f613304d6a87a4c1defb18
a6c3e0fd1a3754718eabc8e5021f3c597693b0cdea0724415e7b98b5d2ef0c29
b7d4f10e2b4865829fbcd9f613304d6a87a4c1defb1835526f8ca9c6e3001d3a
c8e5021f3c597693b0cdea0724415e7b98b5d2ef0c294663809dbad7f4112e4b
d9f613304d6a87a4c1defb1835526f8ca9c6e3001d3a577491aecbe805223f5c
ea0724415e7b98b5d2ef0c294663809dbad7f4112e4b6885a2bfdcf91633506d
fb1835526f8ca9c6e3001d3a577491aecbe805223f5c7996b3d0ed0a2744617e
0c294663809dbad7f4112e4b6885a2bfdcf91633506d8aa7c4e1fe1b3855728f
1d3a577491aecbe805223f5c7996b3d0ed0a2744617e9bb8d5f20f2c496683a0
2e4b6885a2bfdcf91633506d8aa7c4e1fe1b3855728facc9e603203d5a7794b1
3f5c7996b3d0ed0a2744617e9bb8d5f20f2c496683a0bddaf714314e6b88a5c2
506d8aa7c4e1fe1b3855728facc9e603203d5a7794b1ceeb0825425f7c99b6d3
617e9bb8d5f20f2c496683a0bddaf714314e6b88a5c2dffc193653708daac7e4
728facc9e603203d5a7794b1ceeb0825425f7c99b6d3f00d2a4764819ebbd8f5
83a0bddaf714314e6b88a5c2dffc193653708daac7e4011e3b587592afcce906
94b1ceeb0825425f7c99b6d3f00d2a4764819ebbd8f5122f4c6986a3c0ddfa17
a5c2dffc193653708daac7e4011e3b587592afcce90623405d7a97b4d1ee0b28
b6d3f00d2a4764819ebbd8f5122f4c6986a3c0ddfa1734516e8ba8c5e2ff1c39
c7e4011e3b587592afcce90623405d7a97b4d1ee0b2845627f9cb9d6f3102d4a
d8f5122f4c6986a3c0ddfa1734516e8ba8c5e2ff1c39567390adcae704213e5b
e90623405d7a97b4d1ee0b2845627f9cb9d6f3102d4a6784a1bedbf815324f6c
fa1734516e8ba8c5e2ff1c39567390adcae704213e5b7895b2cfec092643607d
0b2845627f9cb9d6f3102d4a6784a1bedbf815324f6c89a6c3e0fd1a3754718e
1c39567390adcae704213e5b7895b2cfec092643607d9ab7d4f10e2b4865829f
2d4a6784a1bedbf815324f6c89a6c3e0fd1a3754718eabc8e5021f3c597693b0
3e5b7895b2cfec092643607d9ab7d4f10e2b4865829fbcd9f613304d6a87a4c1
4f6c89a6c3e0fd1a3754718eabc8e5021f3c597693b0cdea0724415e7b98b5d2
607d9ab7d4f10e2b4865829fbcd9f613304d6a87a4c1defb1835526f8ca9c6e3
718eabc8e5021f3c597693b0cdea0724415e7b98b5d2ef0c294663809dbad7f4
829fbcd9f613304d6a87a4c1defb1835526f8ca9c6e3001d3a577491aecbe805
93b0cdea0724415e7b98b5d2ef0c294663809dbad7f4112e4b6885a2bfdcf916
a4c1defb1835526f8ca9c6e3001d3a577491aecbe805223f5c7996b3d0ed0a27
b5d2ef0c294663809dbad7f4112e4b6885a2bfdcf91633506d8aa7c4e1fe1b38
c6e3001d3a577491aecbe805223f5c7996b3d0ed0a2744617e9bb8d5f20f2c49
d7f4112e4b6885a2bfdcf91633506d8aa7c4e1fe1b3855728facc9e603203d5a
e805223f5c7996b3d0ed0a2744617e9bb8d5f20f2c496683a0bddaf714314e6b
f91633506d8aa7c4e1fe1b3855728facc9e603203d5a7794b1ceeb0825425f7c
0a2744617e9bb8d5f20f2c496683a0bddaf714314e6b88a5c2dffc193653708d
1b3855728facc9e603203d5a7794b1ceeb0825425f7c99b6d3f00d2a4764819e
2c496683a0bddaf714314e6b88a5c2dffc193653708daac7e4011e3b587592af
3d5a7794b1ceeb0825425f7c99b6d3f00d2a4764819ebbd8f5122f4c6986a3c0
4e6b88a5c2dffc193653708daac7e4011e3b587592afcce90623405d7a97b4d1
5f7c99b6d3f00d2a4764819ebbd8f5122f4c6986a3c0ddfa1734516e8ba8c5e2
708daac7e4011e3b587592afcce90623405d7a97b4d1ee0b2845627f9cb9d6f3
819ebbd8f5122f4c6986a3c0ddfa1734516e8ba8c5e2ff1c39567390adcae704
92afcce90623405d7a97b4d1ee0b2845627f9cb9d6f3102d4a6784a1bedbf815
a3c0ddfa1734516e8ba8c5e2ff1c39567390adcae704213e5b7895b2cfec0926
b4d1ee0b2845627f9cb9d6f3102d4a6784a1bedbf815324f6c89a6c3e0fd1a37
c5e2ff1c39567390adcae704213e5b7895b2cfec092643607d9ab7d4f10e2b48
d6f3102d4a6784a1bedbf815324f6c89a6c3e0fd1a3754718eabc8e5021f3c59
e704213e5b7895b2cfec092643607d9ab7d4f10e2b4865829fbcd9f613304d6a
f815324f6c89a6c3e0fd1a3754718eabc8e5021f3c597693b0cdea0724415e7b
092643607d9ab7d4f10e2b4865829fbcd9f613304d6a87a4c1defb1835526f8c
1a3754718eabc8e5021f3c597693b0cdea0724415e7b98b5d2ef0c294663809d
2b4865829fbcd9f613304d6a87a4c1defb1835526f8ca9c6e3001d3a577491ae
3c597693b0cdea0724415e7b98b5d2ef0c294663809dbad7f4112e4b6885a2bf
4d6a87a4c1defb1835526f8ca9c6e3001d3a577491aecbe805223f5c7996b3d0
5e7b98b5d2ef0c294663809dbad7f4112e4b6885a2bfdcf91633506d8aa7c4e1
6f8ca9c6e3001d3a577491aecbe805223f5c7996b3d0ed0a2744617e9bb8d5f2
809dbad7f4112e4b6885a2bfdcf91633506d8aa7c4e1fe1b3855728facc9e603
91aecbe805223f5c7996b3d0ed0a2744617e9bb8d5f20f2c496683a0bddaf714
a2bfdcf91633506d8aa7c4e1fe1b3855728facc9e603203d5a7794b1ceeb0825
b3d0ed0a2744617e9bb8d5f20f2c496683a0bddaf714314e6b88a5c2dffc1936
c4e1fe1b3855728facc9e603203d5a7794b1ceeb0825425f7c99b6d3f00d2a47
d5f20f2c496683a0bddaf714314e6b88a5c2dffc193653708daac7e4011e3b58
e603203d5a7794b1ceeb0825425f7c99b6d3f00d2a4764819ebbd8f5122f4c69
f714314e6b88a5c2dffc193653708daac7e4011e3b587592afcce90623405d7a
0825425f7c99b6d3f00d2a4764819ebbd8f5122f4c6986a3c0ddfa1734516e8b
193653708daac7e4011e3b587592afcce90623405d7a97b4d1ee0b2845627f9c
2a4764819ebbd8f5122f4c6986a3c0ddfa1734516e8ba8c5e2ff1c39567390ad
3b587592afcce90623405d7a97b4d1ee0b2845627f9cb9d6f3102d4a6784a1be
4c6986a3c0ddfa1734516e8ba8c5e2ff1c39567390adcae704213e5b7895b2cf
5d7a97b4d1ee0b2845627f9cb9d6f3102d4a6784a1bedbf815324f6c89a6c3e0
6e8ba8c5e2ff1c39567390adcae704213e5b7895b2cfec092643607d9ab7d4f1
7f9cb9d6f3102d4a6784a1bedbf815324f6c89a6c3e0fd1a3754718eabc8e502
90adcae704213e5b7895b2cfec092643607d9ab7d4f10e2b4865829fbcd9f613
a1bedbf815324f6c89a6c3e0fd1a3754718eabc8e5021f3c597693b0cdea0724
b2cfec092643607d9ab7d4f10e2b4865829fbcd9f613304d6a87a4c1defb1835
c3e0fd1a3754718eabc8e5021f3c597693b0cdea0724415e7b98b5d2ef0c2946
d4f10e2b4865829fbcd9f613304d6a87a4c1defb1835526f8ca9c6e3001d3a57
e5021f3c597693b0cdea0724415e7b98b5d2ef0c294663809dbad7f4112e4b68
f613304d6a87a4c1defb1835526f8ca9c6e3001d3a577491aecbe805223f5c79
0724415e7b98b5d2ef0c294663809dbad7f4112e4b6885a2bfdcf91633506d8a
1835526f8ca9c6e3001d3a577491aecbe805223f5c7996b3d0ed0a2744617e9b
294663809dbad7f4112e4b6885a2bfdcf91633506d8aa7c4e1fe1b3855728fac
3a577491aecbe805223f5c7996b3d0ed0a2744617e9bb8d5f20f2c496683a0bd
4b6885a2bfdcf91633506d8aa7c4e1fe1b3855728facc9e603203d5a7794b1ce
5c7996b3d0ed0a2744617e9bb8d5f20f2c496683a0bddaf714314e6b88a5c2df
6d8aa7c4e1fe1b3855728facc9e603203d5a7794b1ceeb0825425f7c99b6d3f0
7e9bb8d5f20f2c496683a0bddaf714314e6b88a5c2dffc193653708daac7e401
8facc9e603203d5a7794b1ceeb0825425f7c99b6d3f00d2a4764819ebbd8f512
a0bddaf714314e6b88a5c2dffc193653708daac7e4011e3b587592afcce90623
b1ceeb0825425f7c99b6d3f00d2a4764819ebbd8f5122f4c6986a3c0ddfa1734
c2dffc193653708daac7e4011e3b587592afcce90623405d7a97b4d1ee0b2845
d3f00d2a4764819ebbd8f5122f4c6986a3c0ddfa1734516e8ba8c5e2ff1c3956
e4011e3b587592afcce90623405d7a97b4d1ee0b2845627f9cb9d6f3102d4a67
f5122f4c6986a3c0ddfa1734516e8ba8c5e2ff1c39567390adcae704213e5b78
0623405d7a97b4d1ee0b2845627f9cb9d6f3102d4a6784a1bedbf815324f6c89
1734516e8ba8c5e2ff1c39567390adcae704213e5b7895b2cfec092643607d9a
2845627f9cb9d6f3102d4a6784a1bedbf815324f6c89a6c3e0fd1a3754718eab
39567390adcae704213e5b7895b2cfec092643607d9ab7d4f10e2b4865829fbc
4a6784a1bedbf815324f6c89a6c3e0fd1a3754718eabc8e5021f3c597693b0cd
5b7895b2cfec092643607d9ab7d4f10e2b4865829fbcd9f613304d6a87a4c1de
6c89a6c3e0fd1a3754718eabc8e5021f3c597693b0cdea0724415e7b98b5d2ef
7d9ab7d4f10e2b4865829fbcd9f613304d6a87a4c1defb1835526f8ca9c6e300
8eabc8e5021f3c597693b0cdea0724415e7b98b5d2ef0c294663809dbad7f411
9fbcd9f613304d6a87a4c1defb1835526f8ca9c6e3001d3a577491aecbe80522
b0cdea0724415e7b98b5d2ef0c294663809dbad7f4112e4b6885a2bfdcf91633
c1defb1835526f8ca9c6e3001d3a577491aecbe805223f5c7996b3d0ed0a2744
d2ef0c294663809dbad7f4112e4b6885a2bfdcf91633506d8aa7c4e1fe1b3855
e3001d3a577491aecbe805223f5c7996b3d0ed0a2744617e9bb8d5f20f2c4966
f4112e4b6885a2bfdcf91633506d8aa7c4e1fe1b3855728facc9e603203d5a77
05223f5c7996b3d0ed0a2744617e9bb8d5f20f2c496683a0bddaf714314e6b88
1633506d8aa7c4e1fe1b3855728facc9e603203d5a7794b1ceeb0825425f7c99
2744617e9bb8d5f20f2c496683a0bddaf714314e6b88a5c2dffc193653708daa
3855728facc9e603203d5a7794b1ceeb0825425f7c99b6d3f00d2a4764819ebb
496683a0bddaf714314e6b88a5c2dffc193653708daac7e4011e3b587592afcc
5a7794b1ceeb0825425f7c99b6d3f00d2a4764819ebbd8f5122f4c6986a3c0dd
6b88a5c2dffc193653708daac7e4011e3b587592afcce90623405d7a97b4d1ee
7c99b6d3f00d2a4764819ebbd8f5122f4c6986a3c0ddfa1734516e8ba8c5e2ff
8daac7e4011e3b587592afcce90623405d7a97b4d1ee0b2845627f9cb9d6f310
9ebbd8f5122f4c6986a3c0ddfa1734516e8ba8c5e2ff1c39567390adcae70421
afcce90623405d7a97b4d1ee0b2845627f9cb9d6f3102d4a6784a1bedbf81532
c0ddfa1734516e8ba8c5e2ff1c39567390adcae704213e5b7895b2cfec092643
d1ee0b2845627f9cb9d6f3102d4a6784a1bedbf815324f6c89a6c3e0fd1a3754
e2ff1c39567390adcae704213e5b7895b2cfec092643607d9ab7d4f10e2b4865
f3102d4a6784a1bedbf815324f6c89a6c3e0fd1a3754718eabc8e5021f3c5976
04213e5b7895b2cfec092643607d9ab7d4f10e2b4865829fbcd9f613304d6a87
15324f6c89a6c3e0fd1a3754718eabc8e5021f3c597693b0cdea0724415e7b98
2643607d9ab7d4f10e2b4865829fbcd9f613304d6a87a4c1defb1835526f8ca9
3754718eabc8e5021f3c597693b0cdea0724415e7b98b5d2ef0c294663809dba
4865829fbcd9f613304d6a87a4c1defb1835526f8ca9c6e3001d3a577491aecb
597693b0cdea0724415e7b98b5d2ef0c294663809dbad7f4112e4b6885a2bfdc
6a87a4c1defb1835526f8ca9c6e3001d3a577491aecbe805223f5c7996b3d0ed
7b98b5d2ef0c294663809dbad7f4112e4b6885a2bfdcf91633506d8aa7c4e1fe
8ca9c6e3001d3a577491aecbe805223f5c7996b3d0ed0a2744617e9bb8d5f20f
9dbad7f4112e4b6885a2bfdcf91633506d8aa7c4e1fe1b3855728facc9e60320
aecbe805223f5c7996b3d0ed0a2744617e9bb8d5f20f2c496683a0bddaf71431
bfdcf91633506d8aa7c4e1fe1b3855728facc9e603203d5a7794b1ceeb082542
d0ed0a2744617e9bb8d5f20f2c496683a0bddaf714314e6b88a5c2dffc193653
e1fe1b3855728facc9e603203d5a7794b1ceeb0825425f7c99b6d3f00d2a4764
f20f2c496683a0bddaf714314e6b88a5c2dffc193653708daac7e4011e3b5875
03203d5a7794b1ceeb0825425f7c99b6d3f00d2a4764819ebbd8f5122f4c6986
14314e6b88a5c2dffc193653708daac7e4011e3b587592afcce90623405d7a97
25425f7c99b6d3f00d2a4764819ebbd8f5122f4c6986a3c0ddfa1734516e8ba8
3653708daac7e4011e3b587592afcce90623405d7a97b4d1ee0b2845627f9cb9
4764819ebbd8f5122f4c6986a3c0ddfa1734516e8ba8c5e2ff1c39567390adca
587592afcce90623405d7a97b4d1ee0b2845627f9cb9d6f3102d4a6784a1bedb
6986a3c0ddfa1734516e8ba8c5e2ff1c39567390adcae704213e5b7895b2cfec
7a97b4d1ee0b2845627f9cb9d6f3102d4a6784a1bedbf815324f6c89a6c3e0fd
8ba8c5e2ff1c39567390adcae704213e5b7895b2cfec092643607d9ab7d4f10e
9cb9d6f3102d4a6784a1bedbf815324f6c89a6c3e0fd1a3754718eabc8e5021f
adcae704213e5b7895b2cfec092643607d9ab7d4f10e2b4865829fbcd9f61330
bedbf815324f6c89a6c3e0fd1a3754718eabc8e5021f3c597693b0cdea072441
cfec092643607d9ab7d4f10e2b4865829fbcd9f613304d6a87a4c1defb183552
e0fd1a3754718eabc8e5021f3c597693b0cdea0724415e7b98b5d2ef0c294663
f10e2b4865829fbcd9f613304d6a87a4c1defb1835526f8ca9c6e3001d3a5774
021f3c597693b0cdea0724415e7b98b5d2ef0c294663809dbad7f4112e4b6885
13304d6a87a4c1defb1835526f8ca9c6e3001d3a577491aecbe805223f5c7996
24415e7b98b5d2ef0c294663809dbad7f4112e4b6885a2bfdcf91633506d8aa7
35526f8ca9c6e3001d3a577491aecbe805223f5c7996b3d0ed0a2744617e9bb8
4663809dbad7f4112e4b6885a2bfdcf91633506d8aa7c4e1fe1b3855728facc9
577491aecbe805223f5c7996b3d0ed0a2744617e9bb8d5f20f2c496683a0bdda
6885a2bfdcf91633506d8aa7c4e1fe1b3855728facc9e603203d5a7794b1ceeb
7996b3d0ed0a2744617e9bb8d5f20f2c496683a0bddaf714314e6b88a5c2dffc
8aa7c4e1fe1b3855728facc9e603203d5a7794b1ceeb0825425f7c99b6d3f00d
9bb8d5f20f2c496683a0bddaf714314e6b88a5c2dffc193653708daac7e4011e
acc9e603203d5a7794b1ceeb0825425f7c99b6d3f00d2a4764819ebbd8f5122f
bddaf714314e6b88a5c2dffc193653708daac7e4011e3b587592afcce9062340
ceeb0825425f7c99b6d3f00d2a4764819ebbd8f5122f4c6986a3c0ddfa173451
dffc193653708daac7e4011e3b587592afcce90623405d7a97b4d1ee0b284562
f00d2a4764819ebbd8f5122f4c6986a3c0ddfa1734516e8ba8c5e2ff1c395673
011e3b587592afcce90623405d7a97b4d1ee0b2845627f9cb9d6f3102d4a6784
122f4c6986a3c0ddfa1734516e8ba8c5e2ff1c39567390adcae704213e5b7895
23405d7a97b4d1ee0b2845627f9cb9d6f3102d4a6784a1bedbf815324f6c89a6
34516e8ba8c5e2ff1c39567390adcae704213e5b7895b2cfec092643607d9ab7
45627f9cb9d6f3102d4a6784a1bedbf815324f6c89a6c3e0fd1a3754718eabc8
567390adcae704213e5b7895b2cfec092643607d9ab7d4f10e2b4865829fbcd9
6784a1bedbf815324f6c89a6c3e0fd1a3754718eabc8e5021f3c597693b0cdea
7895b2cfec092643607d9ab7d4f10e2b4865829fbcd9f613304d6a87a4c1defb
89a6c3e0fd1a3754718eabc8e5021f3c597693b0cdea0724415e7b98b5d2ef0c
9ab7d4f10e2b4865829fbcd9f613304d6a87a4c1defb1835526f8ca9c6e3001d
abc8e5021f3c597693b0cdea0724415e7b98b5d2ef0c294663809dbad7f4112e
bcd9f613304d6a87a4c1defb1835526f8ca9c6e3001d3a577491aecbe805223f
cdea0724415e7b98b5d2ef0c294663809dbad7f4112e4b6885a2bfdcf9163350
defb1835526f8ca9c6e3001d3a577491aecbe805223f5c7996b3d0ed0a274461
ef0c294663809dbad7f4112e4b6885a2bfdcf91633506d8aa7c4e1fe1b385572
001d3a577491aecbe805223f5c7996b3d0ed0a2744617e9bb8d5f20f2c496683
112e4b6885a2bfdcf91633506d8aa7c4e1fe1b3855728facc9e603203d5a7794
223f5c7996b3d0ed0a2744617e9bb8d5f20f2c496683a0bddaf714314e6b88a5
33506d8aa7c4e1fe1b3855728facc9e603203d5a7794b1ceeb0825425f7c99b6
44617e9bb8d5f20f2c496683a0bddaf714314e6b88a5c2dffc193653708daac7
55728facc9e603203d5a7794b1ceeb0825425f7c99b6d3f00d2a4764819ebbd8
6683a0bddaf714314e6b88a5c2dffc193653708daac7e4011e3b587592afcce9
7794b1ceeb0825425f7c99b6d3f00d2a4764819ebbd8f5122f4c6986a3c0ddfa
88a5c2dffc193653708daac7e4011e3b587592afcce90623405d7a97b4d1ee0b
99b6d3f00d2a4764819ebbd8f5122f4c6986a3c0ddfa1734516e8ba8c5e2ff1c
aac7e4011e3b587592afcce90623405d7a97b4d1ee0b2845627f9cb9d6f3102d
bbd8f5122f4c6986a3c0ddfa1734516e8ba8c5e2ff1c39567390adcae704213e
cce90623405d7a97b4d1ee0b2845627f9cb9d6f3102d4a6784a1bedbf815324f
ddfa1734516e8ba8c5e2ff1c39567390adcae704213e5b7895b2cfec09264360
ee0b2845627f9cb9d6f3102d4a6784a1bedbf815324f6c89a6c3e0fd1a375471
ff1c39567390adcae704213e5b7895b2cfec092643607d9ab7d4f10e2b486582
102d4a6784a1bedbf815324f6c89a6c3e0fd1a3754718eabc8e5021f3c597693
213e5b7895b2cfec092643607d9ab7d4f10e2b4865829fbcd9f613304d6a87a4
324f6c89a6c3e0fd1a3754718eabc8e5021f3c597693b0cdea0724415e7b98b5
43607d9ab7d4f10e2b4865829fbcd9f613304d6a87a4c1defb1835526f8ca9c6
54718eabc8e5021f3c597693b0cdea0724415e7b98b5d2ef0c294663809dbad7
65829fbcd9f613304d6a87a4c1defb1835526f8ca9c6e3001d3a577491aecbe8
7693b0cdea0724415e7b98b5d2ef0c294663809dbad7f4112e4b6885a2bfdcf9
87a4c1defb1835526f8ca9c6e3001d3a577491aecbe805223f5c7996b3d0ed0a
98b5d2ef0c294663809dbad7f4112e4b6885a2bfdcf91633506d8aa7c4e1fe1b
a9c6e3001d3a577491aecbe805223f5c7996b3d0ed0a2744617e9bb8d5f20f2c
bad7f4112e4b6885a2bfdcf91633506d8aa7c4e1fe1b3855728facc9e603203d
cbe805223f5c7996b3d0ed0a2744617e9bb8d5f20f2c496683a0bddaf714314e
dcf91633506d8aa7c4e1fe1b3855728facc9e603203d5a7794b1ceeb0825425f
ed0a2744617e9bb8d5f20f2c496683a0bddaf714314e6b88a5c2dffc19365370
fe1b3855728facc9e603203d5a7794b1ceeb0825425f7c99b6d3f00d2a476481
0f2c496683a0bddaf714314e6b88a5c2dffc193653708daac7e4011e3b587592
203d5a7794b1ceeb0825425f7c99b6d3f00d2a4764819ebbd8f5122f4c6986a3
314e6b88a5c2dffc193653708daac7e4011e3b587592afcce90623405d7a97b4
425f7c99b6d3f00d2a4764819ebbd8f5122f4c6986a3c0ddfa1734516e8ba8c5
53708daac7e4011e3b587592afcce90623405d7a97b4d1ee0b2845627f9cb9d6
64819ebbd8f5122f4c6986a3c0ddfa1734516e8ba8c5e2ff1c39567390adcae7
7592afcce90623405d7a97b4d1ee0b2845627f9cb9d6f3102d4a6784a1bedbf8
86a3c0ddfa1734516e8ba8c5e2ff1c39567390adcae704213e5b7895b2cfec09
97b4d1ee0b2845627f9cb9d6f3102d4a6784a1bedbf815324f6c89a6c3e0fd1a
a8c5e2ff1c39567390adcae704213e5b7895b2cfec092643607d9ab7d4f10e2b
b9d6f3102d4a6784a1bedbf815324f6c89a6c3e0fd1a3754718eabc8e5021f3c
cae704213e5b7895b2cfec092643607d9ab7d4f10e2b4865829fbcd9f613304d
dbf815324f6c89a6c3e0fd1a3754718eabc8e5021f3c597693b0cdea0724415e
ec092643607d9ab7d4f10e2b4865829fbcd9f613304d6a87a4c1defb1835526f
fd1a3754718eabc8e5021f3c597693b0cdea0724415e7b98b5d2ef0c29466380
0e2b4865829fbcd9f613304d6a87a4c1defb1835526f8ca9c6e3001d3a577491
1f3c597693b0cdea0724415e7b98b5d2ef0c294663809dbad7f4112e4b6885a2
304d6a87a4c1defb1835526f8ca9c6e3001d3a577491aecbe805223f5c7996b3
415e7b98b5d2ef0c294663809dbad7f4112e4b6885a2bfdcf91633506d8aa7c4
526f8ca9c6e3001d3a577491aecbe805223f5c7996b3d0ed0a2744617e9bb8d5
63809dbad7f4112e4b6885a2bfdcf91633506d8aa7c4e1fe1b3855728facc9e6
7491aecbe805223f5c7996b3d0ed0a2744617e9bb8d5f20f2c496683a0bddaf7
85a2bfdcf91633506d8aa7c4e1fe1b3855728facc9e603203d5a7794b1ceeb08
96b3d0ed0a2744617e9bb8d5f20f2c496683a0bddaf714314e6b88a5c2dffc19
a7c4e1fe1b3855728facc9e603203d5a7794b1ceeb0825425f7c99b6d3f00d2a
b8d5f20f2c496683a0bddaf714314e6b88a5c2dffc193653708daac7e4011e3b
c9e603203d5a7794b1ceeb0825425f7c99b6d3f00d2a4764819ebbd8f5122f4c
daf714314e6b88a5c2dffc193653708daac7e4011e3b587592afcce90623405d
eb0825425f7c99b6d3f00d2a4764819ebbd8f5122f4c6986a3c0ddfa1734516e
fc193653708daac7e4011e3b587592afcce90623405d7a97b4d1ee0b2845627f
0d2a4764819ebbd8f5122f4c6986a3c0ddfa1734516e8ba8c5e2ff1c39567390
1e3b587592afcce90623405d7a97b4d1ee0b2845627f9cb9d6f3102d4a6784a1
2f4c6986a3c0ddfa1734516e8ba8c5e2ff1c39567390adcae704213e5b7895b2
405d7a97b4d1ee0b2845627f9cb9d6f3102d4a6784a1bedbf815324f6c89a6c3
516e8ba8c5e2ff1c39567390adcae704213e5b7895b2cfec092643607d9ab7d4
627f9cb9d6f3102d4a6784a1bedbf815324f6c89a6c3e0fd1a3754718eabc8e5
7390adcae704213e5b7895b2cfec092643607d9ab7d4f10e2b4865829fbcd9f6
84a1bedbf815324f6c89a6c3e0fd1a3754718eabc8e5021f3c597693b0cdea07
95b2cfec092643607d9ab7d4f10e2b4865829fbcd9f613304d6a87a4c1defb18
a6c3e0fd1a3754718eabc8e5021f3c597693b0cdea0724415e7b98b5d2ef0c29
b7d4f10e2b4865829fbcd9f613304d6a87a4c1defb1835526f8ca9c6e3001d3a
c8e5021f3c597693b0cdea0724415e7b98b5d2ef0c294663809dbad7f4112e4b
d9f613304d6a87a4c1defb1835526f8ca9c6e3001d3a577491aecbe805223f5c
ea0724415e7b98b5d2ef0c294663809dbad7f4112e4b6885a2bfdcf91633506d
fb1835526f8ca9c6e3001d3a577491aecbe805223f5c7996b3d0ed0a2744617e
0c294663809dbad7f4112e4b6885a2bfdcf91633506d8aa7c4e1fe1b3855728f
1d3a577491aecbe805223f5c7996b3d0ed0a2744617e9bb8d5f20f2c496683a0
2e4b6885a2bfdcf91633506d8aa7c4e1fe1b3855728facc9e603203d5a7794b1
3f5c7996b3d0ed0a2744617e9bb8d5f20f2c496683a0bddaf714314e6b88a5c2
506d8aa7c4e1fe1b3855728facc9e603203d5a7794b1ceeb0825425f7c99b6d3
617e9bb8d5f20f2c496683a0bddaf714314e6b88a5c2dffc193653708daac7e4
728facc9e603203d5a7794b1ceeb0825425f7c99b6d3f00d2a4764819ebbd8f5
83a0bddaf714314e6b88a5c2dffc193653708daac7e4011e3b587592afcce906
94b1ceeb0825425f7c99b6d3f00d2a4764819ebbd8f5122f4c6986a3c0ddfa17
a5c2dffc193653708daac7e4011e3b587592afcce90623405d7a97b4d1ee0b28
b6d3f00d2a4764819ebbd8f5122f4c6986a3c0ddfa1734516e8ba8c5e2ff1c39
c7e4011e3b587592afcce90623405d7a97b4d1ee0b2845627f9cb9d6f3102d4a
d8f5122f4c6986a3c0ddfa1734516e8ba8c5e2ff1c39567390adcae704213e5b
e90623405d7a97b4d1ee0b2845627f9cb9d6f3102d4a6784a1bedbf815324f6c
fa1734516e8ba8c5e2ff1c39567390adcae704213e5b7895b2cfec092643607d
0b2845627f9cb9d6f3102d4a6784a1bedbf815324f6c89a6c3e0fd1a3754718e
1c39567390adcae704213e5b7895b2cfec092643607d9ab7d4f10e2b4865829f
2d4a6784a1bedbf815324f6c89a6c3e0fd1a3754718eabc8e5021f3c597693b0
3e5b7895b2cfec092643607d9ab7d4f10e2b4865829fbcd9f613304d6a87a4c1
4f6c89a6c3e0fd1a3754718eabc8e5021f3c597693b0cdea0724415e7b98b5d2
607d9ab7d4f10e2b4865829fbcd9f613304d6a87a4c1defb1835526f8ca9c6e3
718eabc8e5021f3c597693b0cdea0724415e7b98b5d2ef0c294663809dbad7f4
829fbcd9f613304d6a87a4c1defb1835526f8ca9c6e3001d3a577491aecbe805
93b0cdea0724415e7b98b5d2ef0c294663809dbad7f4112e4b6885a2bfdcf916
a4c1defb1835526f8ca9c6e3001d3a577491aecbe805223f5c7996b3d0ed0a27
b5d2ef0c294663809dbad7f4112e4b6885a2bfdcf91633506d8aa7c4e1fe1b38
c6e3001d3a577491aecbe805223f5c7996b3d0ed0a2744617e9bb8d5f20f2c49
d7f4112e4b6885a2bfdcf91633506d8aa7c4e1fe1b3855728facc9e603203d5a
e805223f5c7996b3d0ed0a2744617e9bb8d5f20f2c496683a0bddaf714314e6b
f91633506d8aa7c4e1fe1b3855728facc9e603203d5a7794b1ceeb0825425f7c
0a2744617e9bb8d5f20f2c496683a0bddaf714314e6b88a5c2dffc193653708d
1b3855728facc9e603203d5a7794b1ceeb0825425f7c99b6d3f00d2a4764819e
2c496683a0bddaf714314e6b88a5c2dffc193653708daac7e4011e3b587592af
3d5a7794b1ceeb0825425f7c99b6d3f00d2a4764819ebbd8f5122f4c6986a3c0
4e6b88a5c2dffc193653708daac7e4011e3b587592afcce90623405d7a97b4d1
5f7c99b6d3f00d2a4764819ebbd8f5122f4c6986a3c0ddfa1734516e8ba8c5e2
708daac7e4011e3b587592afcce90623405d7a97b4d1ee0b2845627f9cb9d6f3
819ebbd8f5122f4c6986a3c0ddfa1734516e8ba8c5e2ff1c39567390adcae704
92afcce90623405d7a97b4d1ee0b2845627f9cb9d6f3102d4a6784a1bedbf815
a3c0ddfa1734516e8ba8c5e2ff1c39567390adcae704213e5b7895b2cfec0926
b4d1ee0b2845627f9cb9d6f3102d4a6784a1bedbf815324f6c89a6c3e0fd1a37
c5e2ff1c39567390adcae704213e5b7895b2cfec092643607d9ab7d4f10e2b48
d6f3102d4a6784a1bedbf815324f6c89a6c3e0fd1a3754718eabc8e5021f3c59
e704213e5b7895b2cfec092643607d9ab7d4f10e2b4865829fbcd9f613304d6a
f815324f6c89a6c3e0fd1a3754718eabc8e5021f3c597693b0cdea0724415e7b
092643607d9ab7d4f10e2b4865829fbcd9f613304d6a87a4c1defb1835526f8c
1a3754718eabc8e5021f3c597693b0cdea0724415e7b98b5d2ef0c294663809d
2b4865829fbcd9f613304d6a87a4c1defb1835526f8ca9c6e3001d3a577491ae
3c597693b0cdea0724415e7b98b5d2ef0c294663809dbad7f4112e4b6885a2bf
4d6a87a4c1defb1835526f8ca9c6e3001d3a577491aecbe805223f5c7996b3d0
5e7b98b5d2ef0c294663809dbad7f4112e4b6885a2bfdcf91633506d8aa7c4e1
6f8ca9c6e3001d3a577491aecbe805223f5c7996b3d0ed0a2744617e9bb8d5f2
809dbad7f4112e4b6885a2bfdcf91633506d8aa7c4e1fe1b3855728facc9e603
91aecbe805223f5c7996b3d0ed0a2744617e9bb8d5f20f2c496683a0bddaf714
a2bfdcf91633506d8aa7c4e1fe1b3855728facc9e603203d5a7794b1ceeb0825
b3d0ed0a2744617e9bb8d5f20f2c496683a0bddaf714314e6b88a5c2dffc1936
c4e1fe1b3855728facc9e603203d5a7794b1ceeb0825425f7c99b6d3f00d2a47
d5f20f2c496683a0bddaf714314e6b88a5c2dffc193653708daac7e4011e3b58
e603203d5a7794b1ceeb0825425f7c99b6d3f00d2a4764819ebbd8f5122f4c69
f714314e6b88a5c2dffc193653708daac7e4011e3b587592afcce90623405d7a
0825425f7c99b6d3f00d2a4764819ebbd8f5122f4c6986a3c0ddfa1734516e8b
193653708daac7e4011e3b587592afcce90623405d7a97b4d1ee0b2845627f9c
2a4764819ebbd8f5122f4c6986a3c0ddfa1734516e8ba8c5e2ff1c39567390ad
3b587592afcce90623405d7a97b4d1ee0b2845627f9cb9d6f3102d4a6784a1be
4c6986a3c0ddfa1734516e8ba8c5e2ff1c39567390adcae704213e5b7895b2cf
5d7a97b4d1ee0b2845627f9cb9d6f3102d4a6784a1bedbf815324f6c89a6c3e0
6e8ba8c5e2ff1c39567390adcae704213e5b7895b2cfec092643607d9ab7d4f1
7f9cb9d6f3102d4a6784a1bedbf815324f6c89a6c3e0fd1a3754718eabc8e502
90adcae704213e5b7895b2cfec092643607d9ab7d4f10e2b4865829fbcd9f613
a1bedbf815324f6c89a6c3e0fd1a3754718eabc8e5021f3c597693b0cdea0724
b2cfec092643607d9ab7d4f10e2b4865829fbcd9f613304d6a87a4c1defb1835
c3e0fd1a3754718eabc8e5021f3c597693b0cdea0724415e7b98b5d2ef0c2946
d4f10e2b4865829fbcd9f613304d6a87a4c1defb1835526f8ca9c6e3001d3a57
e5021f3c597693b0cdea0724415e7b98b5d2ef0c294663809dbad7f4112e4b68
f613304d6a87a4c1defb1835526f8ca9c6e3001d3a577491aecbe805223f5c79
0724415e7b98b5d2ef0c294663809dbad7f4112e4b6885a2bfdcf91633506d8a
1835526f8ca9c6e3001d3a577491aecbe805223f5c7996b3d0ed0a2744617e9b
294663809dbad7f4112e4b6885a2bfdcf91633506d8aa7c4e1fe1b3855728fac
3a577491aecbe805223f5c7996b3d0ed0a2744617e9bb8d5f20f2c496683a0bd
4b6885a2bfdcf91633506d8aa7c4e1fe1b3855728facc9e603203d5a7794b1ce
5c7996b3d0ed0a2744617e9bb8d5f20f2c496683a0bddaf714314e6b88a5c2df
6d8aa7c4e1fe1b3855728facc9e603203d5a7794b1ceeb0825425f7c99b6d3f0
7e9bb8d5f20f2c496683a0bddaf714314e6b88a5c2dffc193653708daac7e401
8facc9e603203d5a7794b1ceeb0825425f7c99b6d3f00d2a4764819ebbd8f512
a0bddaf714314e6b88a5c2dffc193653708daac7e4011e3b587592afcce90623
b1ceeb0825425f7c99b6d3f00d2a4764819ebbd8f5122f4c6986a3c0ddfa1734
c2dffc193653708daac7e4011e3b587592afcce90623405d7a97b4d1ee0b2845
d3f00d2a4764819ebbd8f5122f4c6986a3c0ddfa1734516e8ba8c5e2ff1c3956
e4011e3b587592afcce90623405d7a97b4d1ee0b2845627f9cb9d6f3102d4a67
f5122f4c6986a3c0ddfa1734516e8ba8c5e2ff1c39567390adcae704213e5b78
0623405d7a97b4d1ee0b2845627f9cb9d6f3102d4a6784a1bedbf815324f6c89
1734516e8ba8c5e2ff1c39567390adcae704213e5b7895b2cfec092643607d9a
2845627f9cb9d6f3102d4a6784a1bedbf815324f6c89a6c3e0fd1a3754718eab
39567390adcae704213e5b7895b2cfec092643607d9ab7d4f10e2b4865829fbc
4a6784a1bedbf815324f6c89a6c3e0fd1a3754718eabc8e5021f3c597693b0cd
5b7895b2cfec092643607d9ab7d4f10e2b4865829fbcd9f613304d6a87a4c1de
6c89a6c3e0fd1a3754718eabc8e5021f3c597693b0cdea0724415e7b98b5d2ef
7d9ab7d4f10e2b4865829fbcd9f613304d6a87a4c1defb1835526f8ca9c6e300
8eabc8e5021f3c597693b0cdea0724415e7b98b5d2ef0c294663809dbad7f411
9fbcd9f613304d6a87a4c1defb1835526f8ca9c6e3001d3a577491aecbe80522
b0cdea0724415e7b98b5d2ef0c294663809dbad7f4112e4b6885a2bfdcf91633
c1defb1835526f8ca9c6e3001d3a577491aecbe805223f5c7996b3d0ed0a2744
d2ef0c294663809dbad7f4112e4b6885a2bfdcf91633506d8aa7c4e1fe1b3855
e3001d3a577491aecbe805223f5c7996b3d0ed0a2744617e9bb8d5f20f2c4966
f4112e4b6885a2bfdcf91633506d8aa7c4e1fe1b3855728facc9e603203d5a77
05223f5c7996b3d0ed0a2744617e9bb8d5f20f2c496683a0bddaf714314e6b88
1633506d8aa7c4e1fe1b3855728facc9e603203d5a7794b1ceeb0825425f7c99
2744617e9bb8d5f20f2c496683a0bddaf714314e6b88a5c2dffc193653708daa
3855728facc9e603203d5a7794b1ceeb0825425f7c99b6d3f00d2a4764819ebb
496683a0bddaf714314e6b88a5c2dffc193653708daac7e4011e3b587592afcc
5a7794b1ceeb0825425f7c99b6d3f00d2a4764819ebbd8f5122f4c6986a3c0dd
6b88a5c2dffc193653708daac7e4011e3b587592afcce90623405d7a97b4d1ee
7c99b6d3f00d2a4764819ebbd8f5122f4c6986a3c0ddfa1734516e8ba8c5e2ff
8daac7e4011e3b587592afcce90623405d7a97b4d1ee0b2845627f9cb9d6f310
9ebbd8f5122f4c6986a3c0ddfa1734516e8ba8c5e2ff1c39567390adcae70421
afcce90623405d7a97b4d1ee0b2845627f9cb9d6f3102d4a6784a1bedbf81532
c0ddfa1734516e8ba8c5e2ff1c39567390adcae704213e5b7895b2cfec092643
d1ee0b2845627f9cb9d6f3102d4a6784a1bedbf815324f6c89a6c3e0fd1a3754
e2ff1c39567390adcae704213e5b7895b2cfec092643607d9ab7d4f10e2b4865
f3102d4a6784a1bedbf815324f6c89a6c3e0fd1a3754718eabc8e5021f3c5976
04213e5b7895b2cfec092643607d9ab7d4f10e2b4865829fbcd9f613304d6a87
15324f6c89a6c3e0fd1a3754718eabc8e5021f3c597693b0cdea0724415e7b98
2643607d9ab7d4f10e2b4865829fbcd9f613304d6a87a4c1defb1835526f8ca9
3754718eabc8e5021f3c597693b0cdea0724415e7b98b5d2ef0c294663809dba
4865829fbcd9f613304d6a87a4c1defb1835526f8ca9c6e3001d3a577491aecb
597693b0cdea0724415e7b98b5d2ef0c294663809dbad7f4112e4b6885a2bfdc
6a87a4c1defb1835526f8ca9c6e3001d3a577491aecbe805223f5c7996b3d0ed
7b98b5d2ef0c294663809dbad7f4112e4b6885a2bfdcf91633506d8aa7c4e1fe
8ca9c6e3001d3a577491aecbe805223f5c7996b3d0ed0a2744617e9bb8d5f20f
9dbad7f4112e4b6885a2bfdcf91633506d8aa7c4e1fe1b3855728facc9e60320
aecbe805223f5c7996b3d0ed0a2744617e9bb8d5f20f2c496683a0bddaf71431
bfdcf91633506d8aa7c4e1fe1b3855728facc9e603203d5a7794b1ceeb082542
d0ed0a2744617e9bb8d5f20f2c496683a0bddaf714314e6b88a5c2dffc193653
e1fe1b3855728facc9e603203d5a7794b1ceeb0825425f7c99b6d3f00d2a4764
f20f2c496683a0bddaf714314e6b88a5c2dffc193653708daac7e4011e3b5875
03203d5a7794b1ceeb0825425f7c99b6d3f00d2a4764819ebbd8f5122f4c6986
14314e6b88a5c2dffc193653708daac7e4011e3b587592afcce90623405d7a97
25425f7c99b6d3f00d2a4764819ebbd8f5122f4c6986a3c0ddfa1734516e8ba8
3653708daac7e4011e3b587592afcce90623405d7a97b4d1ee0b2845627f9cb9
4764819ebbd8f5122f4c6986a3c0ddfa1734516e8ba8c5e2ff1c39567390adca
587592afcce90623405d7a97b4d1ee0b2845627f9cb9d6f3102d4a6784a1bedb
6986a3c0ddfa1734516e8ba8c5e2ff1c39567390adcae704213e5b7895b2cfec
7a97b4d1ee0b2845627f9cb9d6f3102d4a6784a1bedbf815324f6c89a6c3e0fd
8ba8c5e2ff1c39567390adcae704213e5b7895b2cfec092643607d9ab7d4f10e
9cb9d6f3102d4a6784a1bedbf815324f6c89a6c3e0fd1a3754718eabc8e5021f
adcae704213e5b7895b2cfec092643607d9ab7d4f10e2b4865829fbcd9f61330
bedbf815324f6c89a6c3e0fd1a3754718eabc8e5021f3c597693b0cdea072441
cfec092643607d9ab7d4f10e2b4865829fbcd9f613304d6a87a4c1defb183552
e0fd1a3754718eabc8e5021f3c597693b0cdea0724415e7b98b5d2ef0c294663
f10e2b4865829fbcd9f613304d6a87a4c1defb1835526f8ca9c6e3001d3a5774
021f3c597693b0cdea0724415e7b98b5d2ef0c294663809dbad7f4112e4b6885
13304d6a87a4c1defb1835526f8ca9c6e3001d3a577491aecbe805223f5c7996
24415e7b98b5d2ef0c294663809dbad7f4112e4b6885a2bfdcf91633506d8aa7
35526f8ca9c6e3001d3a577491aecbe805223f5c7996b3d0ed0a2744617e9bb8
4663809dbad7f4112e4b6885a2bfdcf91633506d8aa7c4e1fe1b3855728facc9
577491aecbe805223f5c7996b3d0ed0a2744617e9bb8d5f20f2c496683a0bdda
6885a2bfdcf91633506d8aa7c4e1fe1b3855728facc9e603203d5a7794b1ceeb
7996b3d0ed0a2744617e9bb8d5f20f2c496683a0bddaf714314e6b88a5c2dffc
8aa7c4e1fe1b3855728facc9e603203d5a7794b1ceeb0825425f7c99b6d3f00d
9bb8d5f20f2c496683a0bddaf714314e6b88a5c2dffc193653708daac7e4011e
acc9e603203d5a7794b1ceeb0825425f7c99b6d3f00d2a4764819ebbd8f5122f
bddaf714314e6b88a5c2dffc193653708daac7e4011e3b587592afcce9062340
ceeb0825425f7c99b6d3f00d2a4764819ebbd8f5122f4c6986a3c0ddfa173451
dffc193653708daac7e4011e3b587592afcce90623405d7a97b4d1ee0b284562
f00d2a4764819ebbd8f5122f4c6986a3c0ddfa1734516e8ba8c5e2ff1c395673
011e3b587592afcce90623405d7a97b4d1ee0b2845627f9cb9d6f3102d4a6784
122f4c6986a3c0ddfa1734516e8ba8c5e2ff1c39567390adcae704213e5b7895
23405d7a97b4d1ee0b2845627f9cb9d6f3102d4a6784a1bedbf815324f6c89a6
34516e8ba8c5e2ff1c39567390adcae704213e5b7895b2cfec092643607d9ab7
45627f9cb9d6f3102d4a6784a1bedbf815324f6c89a6c3e0fd1a3754718eabc8
567390adcae704213e5b7895b2cfec092643607d9ab7d4f10e2b4865829fbcd9
6784a1bedbf815324f6c89a6c3e0fd1a3754718eabc8e5021f3c597693b0cdea
7895b2cfec092643607d9ab7d4f10e2b4865829fbcd9f613304d6a87a4c1defb
89a6c3e0fd1a3754718eabc8e5021f3c597693b0cdea0724415e7b98b5d2ef0c
9ab7d4f10e2b4865829fbcd9f613304d6a87a4c1defb1835526f8ca9c6e3001d
abc8e5021f3c597693b0cdea0724415e7b98b5d2ef0c294663809dbad7f4112e
bcd9f613304d6a87a4c1defb1835526f8ca9c6e3001d3a577491aecbe805223f
cdea0724415e7b98b5d2ef0c294663809dbad7f4112e4b6885a2bfdcf9163350
defb1835526f8ca9c6e3001d3a577491aecbe805223f5c7996b3d0ed0a274461
ef0c294663809dbad7f4112e4b6885a2bfdcf91633506d8aa7c4e1fe1b385572
001d3a577491aecbe805223f5c7996b3d0ed0a2744617e9bb8d5f20f2c496683
112e4b6885a2bfdcf91633506d8aa7c4e1fe1b3855728facc9e603203d5a7794
223f5c7996b3d0ed0a2744617e9bb8d5f20f2c496683a0bddaf714314e6b88a5
33506d8aa7c4e1fe1b3855728facc9e603203d5a7794b1ceeb0825425f7c99b6
44617e9bb8d5f20f2c496683a0bddaf714314e6b88a5c2dffc193653708daac7
55728facc9e603203d5a7794b1ceeb0825425f7c99b6d3f00d2a4764819ebbd8
6683a0bddaf714314e6b88a5c2dffc193653708daac7e4011e3b587592afcce9
7794b1ceeb0825425f7c99b6d3f00d2a4764819ebbd8f5122f4c6986a3c0ddfa
88a5c2dffc193653708daac7e4011e3b587592afcce90623405d7a97b4d1ee0b
99b6d3f00d2a4764819ebbd8f5122f4c6986a3c0ddfa1734516e8ba8c5e2ff1c
aac7e4011e3b587592afcce90623405d7a97b4d1ee0b2845627f9cb9d6f3102d
bbd8f5122f4c6986a3c0ddfa1734516e8ba8c5e2ff1c39567390adcae704213e
cce90623405d7a97b4d1ee0b2845627f9cb9d6f3102d4a6784a1bedbf815324f
ddfa1734516e8ba8c5e2ff1c39567390adcae704213e5b7895b2cfec09264360
ee0b2845627f9cb9d6f3102d4a6784a1bedbf815324f6c89a6c3e0fd1a375471
ff1c39567390adcae704213e5b7895b2cfec092643607d9ab7d4f10e2b486582
102d4a6784a1bedbf815324f6c89a6c3e0fd1a3754718eabc8e5021f3c597693
213e5b7895b2cfec092643607d9ab7d4f10e2b4865829fbcd9f613304d6a87a4
324f6c89a6c3e0fd1a3754718eabc8e5021f3c597693b0cdea0724415e7b98b5
43607d9ab7d4f10e2b4865829fbcd9f613304d6a87a4c1defb1835526f8ca9c6
54718eabc8e5021f3c597693b0cdea0724415e7b98b5d2ef0c294663809dbad7
65829fbcd9f613304d6a87a4c1defb1835526f8ca9c6e3001d3a577491aecbe8
7693b0cdea0724415e7b98b5d2ef0c294663809dbad7f4112e4b6885a2bfdcf9
87a4c1defb1835526f8ca9c6e3001d3a577491aecbe805223f5c7996b3d0ed0a
98b5d2ef0c294663809dbad7f4112e4b6885a2bfdcf91633506d8aa7c4e1fe1b
a9c6e3001d3a577491aecbe805223f5c7996b3d0ed0a2744617e9bb8d5f20f2c
bad7f4112e4b6885a2bfdcf91633506d8aa7c4e1fe1b3855728facc9e603203d
cbe805223f5c7996b3d0ed0a2744617e9bb8d5f20f2c496683a0bddaf714314e
dcf91633506d8aa7c4e1fe1b3855728facc9e603203d5a7794b1ceeb0825425f
ed0a2744617e9bb8d5f20f2c496683a0bddaf714314e6b88a5c2dffc19365370
fe1b3855728facc9e603203d5a7794b1ceeb0825425f7c99b6d3f00d2a476481
0f2c496683a0bddaf714314e6b88a5c2dffc193653708daac7e4011e3b587592
203d5a7794b1ceeb0825425f7c99b6d3f00d2a4764819ebbd8f5122f4c6986a3
314e6b88a5c2dffc193653708daac7e4011e3b587592afcce90623405d7a97b4
425f7c99b6d3f00d2a4764819ebbd8f5122f4c6986a3c0ddfa1734516e8ba8c5
53708daac7e4011e3b587592afcce90623405d7a97b4d1ee0b2845627f9cb9d6
64819ebbd8f5122f4c6986a3c0ddfa1734516e8ba8c5e2ff1c39567390adcae7
7592afcce90623405d7a97b4d1ee0b2845627f9cb9d6f3102d4a6784a1bedbf8
86a3c0ddfa1734516e8ba8c5e2ff1c39567390adcae704213e5b7895b2cfec09
97b4d1ee0b2845627f9cb9d6f3102d4a6784a1bedbf815324f6c89a6c3e0fd1a
a8c5e2ff1c39567390adcae704213e5b7895b2cfec092643607d9ab7d4f10e2b
b9d6f3102d4a6784a1bedbf815324f6c89a6c3e0fd1a3754718eabc8e5021f3c
cae704213e5b7895b2cfec092643607d9ab7d4f10e2b4865829fbcd9f613304d
dbf815324f6c89a6c3e0fd1a3754718eabc8e5021f3c597693b0cdea0724415e
ec092643607d9ab7d4f10e2b4865829fbcd9f613304d6a87a4c1defb1835526f
fd1a3754718eabc8e5021f3c597693b0cdea0724415e7b98b5d2ef0c29466380
0e2b4865829fbcd9f613304d6a87a4c1defb1835526f8ca9c6e3001d3a577491
1f3c597693b0cdea0724415e7b98b5d2ef0c294663809dbad7f4112e4b6885a2
304d6a87a4c1defb1835526f8ca9c6e3001d3a577491aecbe805223f5c7996b3
415e7b98b5d2ef0c294663809dbad7f4112e4b6885a2bfdcf91633506d8aa7c4
526f8ca9c6e3001d3a577491aecbe805223f5c7996b3d0ed0a2744617e9bb8d5
63809dbad7f4112e4b6885a2bfdcf91633506d8aa7c4e1fe1b3855728facc9e6
7491aecbe805223f5c7996b3d0ed0a2744617e9bb8d5f20f2c496683a0bddaf7
85a2bfdcf91633506d8aa7c4e1fe1b3855728facc9e603203d5a7794b1ceeb08
96b3d0ed0a2744617e9bb8d5f20f2c496683a0bddaf714314e6b88a5c2dffc19
a7c4e1fe1b3855728facc9e603203d5a7794b1ceeb0825425f7c99b6d3f00d2a
b8d5f20f2c496683a0bddaf714314e6b88a5c2dffc193653708daac7e4011e3b
c9e603203d5a7794b1ceeb0825425f7c99b6d3f00d2a4764819ebbd8f5122f4c
daf714314e6b88a5c2dffc193653708daac7e4011e3b587592afcce90623405d
eb0825425f7c99b6d3f00d2a4764819ebbd8f5122f4c6986a3c0ddfa1734516e
fc193653708daac7e4011e3b587592afcce90623405d7a97b4d1ee0b2845627f
0d2a4764819ebbd8f5122f4c6986a3c0ddfa1734516e8ba8c5e2ff1c39567390
1e3b587592afcce90623405d7a97b4d1ee0b2845627f9cb9d6f3102d4a6784a1
2f4c6986a3c0ddfa1734516e8ba8c5e2ff1c39567390adcae704213e5b7895b2
405d7a97b4d1ee0b2845627f9cb9d6f3102d4a6784a1bedbf815324f6c89a6c3
516e8ba8c5e2ff1c39567390adcae704213e5b7895b2cfec092643607d9ab7d4
627f9cb9d6f3102d4a6784a1bedbf815324f6c89a6c3e0fd1a3754718eabc8e5
7390adcae704213e5b7895b2cfec092643607d9ab7d4f10e2b4865829fbcd9f6
84a1bedbf815324f6c89a6c3e0fd1a3754718eabc8e5021f3c597693b0cdea07
95b2cfec092643607d9ab7d4f10e2b4865829fbcd9f613304d6a87a4c1defb18
a6c3e0fd1a3754718eabc8e5021f3c597693b0cdea0724415e7b98b5d2ef0c29
b7d4f10e2b4865829fbcd9f613304d6a87a4c1defb1835526f8ca9c6e3001d3a
c8e5021f3c597693b0cdea0724415e7b98b5d2ef0c294663809dbad7f4112e4b
d9f613304d6a87a4c1defb1835526f8ca9c6e3001d3a577491aecbe805223f5c
ea0724415e7b98b5d2ef0c294663809dbad7f4112e4b6885a2bfdcf91633506d
fb1835526f8ca9c6e3001d3a577491aecbe805223f5c7996b3d0ed0a2744617e
0c294663809dbad7f4112e4b6885a2bfdcf91633506d8aa7c4e1fe1b3855728f
1d3a577491aecbe805223f5c7996b3d0ed0a2744617e9bb8d5f20f2c496683a0
2e4b6885a2bfdcf91633506d8aa7c4e1fe1b3855728facc9e603203d5a7794b1
3f5c7996b3d0ed0a2744617e9bb8d5f20f2c496683a0bddaf714314e6b88a5c2
506d8aa7c4e1fe1b3855728facc9e603203d5a7794b1ceeb0825425f7c99b6d3
617e9bb8d5f20f2c496683a0bddaf714314e6b88a5c2dffc193653708daac7e4
728facc9e603203d5a7794b1ceeb0825425f7c99b6d3f00d2a4764819ebbd8f5
83a0bddaf714314e6b88a5c2dffc193653708daac7e4011e3b587592afcce906
94b1ceeb0825425f7c99b6d3f00d2a4764819ebbd8f5122f4c6986a3c0ddfa17
a5c2dffc193653708daac7e4011e3b587592afcce90623405d7a97b4d1ee0b28
b6d3f00d2a4764819ebbd8f5122f4c6986a3c0ddfa1734516e8ba8c5e2ff1c39
c7e4011e3b587592afcce90623405d7a97b4d1ee0b2845627f9cb9d6f3102d4a
d8f5122f4c6986a3c0ddfa1734516e8ba8c5e2ff1c39567390adcae704213e5b
e90623405d7a97b4d1ee0b2845627f9cb9d6f3102d4a6784a1bedbf815324f6c
fa1734516e8ba8c5e2ff1c39567390adcae704213e5b7895b2cfec092643607d
0b2845627f9cb9d6f3102d4a6784a1bedbf815324f6c89a6c3e0fd1a3754718e
1c39567390adcae704213e5b7895b2cfec092643607d9ab7d4f10e2b4865829f
2d4a6784a1bedbf815324f6c89a6c3e0fd1a3754718eabc8e5021f3c597693b0
3e5b7895b2cfec092643607d9ab7d4f10e2b4865829fbcd9f613304d6a87a4c1
4f6c89a6c3e0fd1a3754718eabc8e5021f3c597693b0cdea0724415e7b98b5d2
607d9ab7d4f10e2b4865829fbcd9f613304d6a87a4c1defb1835526f8ca9c6e3
718eabc8e5021f3c597693b0cdea0724415e7b98b5d2ef0c294663809dbad7f4
829fbcd9f613304d6a87a4c1defb1835526f8ca9c6e3001d3a577491aecbe805
93b0cdea0724415e7b98b5d2ef0c294663809dbad7f4112e4b6885a2bfdcf916
a4c1defb1835526f8ca9c6e3001d3a577491aecbe805223f5c7996b3d0ed0a27
b5d2ef0c294663809dbad7f4112e4b6885a2bfdcf91633506d8aa7c4e1fe1b38
c6e3001d3a577491aecbe805223f5c7996b3d0ed0a2744617e9bb8d5f20f2c49
d7f4112e4b6885a2bfdcf91633506d8aa7c4e1fe1b3855728facc9e603203d5a
e805223f5c7996b3d0ed0a2744617e9bb8d5f20f2c496683a0bddaf714314e6b
f91633506d8aa7c4e1fe1b3855728facc9e603203d5a7794b1ceeb0825425f7c
0a2744617e9bb8d5f20f2c496683a0bddaf714314e6b88a5c2dffc193653708d
1b3855728facc9e603203d5a7794b1ceeb0825425f7c99b6d3f00d2a4764819e
2c496683a0bddaf714314e6b88a5c2dffc193653708daac7e4011e3b587592af
3d5a7794b1ceeb0825425f7c99b6d3f00d2a4764819ebbd8f5122f4c6986a3c0
4e6b88a5c2dffc193653708daac7e4011e3b587592afcce90623405d7a97b4d1
5f7c99b6d3f00d2a4764819ebbd8f5122f4c6986a3c0ddfa1734516e8ba8c5e2
708daac7e4011e3b587592afcce90623405d7a97b4d1ee0b2845627f9cb9d6f3
819ebbd8f5122f4c6986a3c0ddfa1734516e8ba8c5e2ff1c39567390adcae704
92afcce90623405d7a97b4d1ee0b2845627f9cb9d6f3102d4a6784a1bedbf815
a3c0ddfa1734516e8ba8c5e2ff1c39567390adcae704213e5b7895b2cfec0926
b4d1ee0b2845627f9cb9d6f3102d4a6784a1bedbf815324f6c89a6c3e0fd1a37
c5e2ff1c39567390adcae704213e5b7895b2cfec092643607d9ab7d4f10e2b48
d6f3102d4a6784a1bedbf815324f6c89a6c3e0fd1a3754718eabc8e5021f3c59
e704213e5b7895b2cfec092643607d9ab7d4f10e2b4865829fbcd9f613304d6a
f815324f6c89a6c3e0fd1a3754718eabc8e5021f3c597693b0cdea0724415e7b
092643607d9ab7d4f10e2b4865829fbcd9f613304d6a87a4c1defb1835526f8c
1a3754718eabc8e5021f3c597693b0cdea0724415e7b98b5d2ef0c294663809d
2b4865829fbcd9f613304d6a87a4c1defb1835526f8ca9c6e3001d3a577491ae
3c597693b0cdea0724415e7b98b5d2ef0c294663809dbad7f4112e4b6885a2bf
4d6a87a4c1defb1835526f8ca9c6e3001d3a577491aecbe805223f5c7996b3d0
5e7b98b5d2ef0c294663809dbad7f4112e4b6885a2bfdcf91633506d8aa7c4e1
6f8ca9c6e3001d3a577491aecbe805223f5c7996b3d0ed0a2744617e9bb8d5f2
809dbad7f4112e4b6885a2bfdcf91633506d8aa7c4e1fe1b3855728facc9e603
91aecbe805223f5c7996b3d0ed0a2744617e9bb8d5f20f2c496683a0bddaf714
a2bfdcf91633506d8aa7c4e1fe1b3855728facc9e603203d5a7794b1ceeb0825
b3d0ed0a2744617e9bb8d5f20f2c496683a0bddaf714314e6b88a5c2dffc1936
c4e1fe1b3855728facc9e603203d5a7794b1ceeb0825425f7c99b6d3f00d2a47
d5f20f2c496683a0bddaf714314e6b88a5c2dffc193653708daac7e4011e3b58
e603203d5a7794b1ceeb0825425f7c99b6d3f00d2a4764819ebbd8f5122f4c69
f714314e6b88a5c2dffc193653708daac7e4011e3b587592afcce90623405d7a
0825425f7c99b6d3f00d2a4764819ebbd8f5122f4c6986a3c0ddfa1734516e8b
193653708daac7e4011e3b587592afcce90623405d7a97b4d1ee0b2845627f9c
2a4764819ebbd8f5122f4c6986a3c0ddfa1734516e8ba8c5e2ff1c39567390ad
3b587592afcce90623405d7a97b4d1ee0b2845627f9cb9d6f3102d4a6784a1be
4c6986a3c0ddfa1734516e8ba8c5e2ff1c39567390adcae704213e5b7895b2cf
5d7a97b4d1ee0b2845627f9cb9d6f3102d4a6784a1bedbf815324f6c89a6c3e0
6e8ba8c5e2ff1c39567390adcae704213e5b7895b2cfec092643607d9ab7d4f1
7f9cb9d6f3102d4a6784a1bedbf815324f6c89a6c3e0fd1a3754718eabc8e502
90adcae704213e5b7895b2cfec092643607d9ab7d4f10e2b4865829fbcd9f613
a1bedbf815324f6c89a6c3e0fd1a3754718eabc8e5021f3c597693b0cdea0724
b2cfec092643607d9ab7d4f10e2b4865829fbcd9f613304d6a87a4c1defb1835
c3e0fd1a3754718eabc8e5021f3c597693b0cdea0724415e7b98b5d2ef0c2946
d4f10e2b4865829fbcd9f613304d6a87a4c1defb1835526f8ca9c6e3001d3a57
e5021f3c597693b0cdea0724415e7b98b5d2ef0c294663809dbad7f4112e4b68
f613304d6a87a4c1defb1835526f8ca9c6e3001d3a577491aecbe805223f5c79
0724415e7b98b5d2ef0c294663809dbad7f4112e4b6885a2bfdcf91633506d8a
1835526f8ca9c6e3001d3a577491aecbe805223f5c7996b3d0ed0a2744617e9b
294663809dbad7f4112e4b6885a2bfdcf91633506d8aa7c4e1fe1b3855728fac
3a577491aecbe805223f5c7996b3d0ed0a2744617e9bb8d5f20f2c496683a0bd
4b6885a2bfdcf91633506d8aa7c4e1fe1b3855728facc9e603203d5a7794b1ce
5c7996b3d0ed0a2744617e9bb8d5f20f2c496683a0bddaf714314e6b88a5c2df
6d8aa7c4e1fe1b3855728facc9e603203d5a7794b1ceeb0825425f7c99b6d3f0
7e9bb8d5f20f2c496683a0bddaf714314e6b88a5c2dffc193653708daac7e401
8facc9e603203d5a7794b1ceeb0825425f7c99b6d3f00d2a4764819ebbd8f512
a0bddaf714314e6b88a5c2dffc193653708daac7e4011e3b587592afcce90623
b1ceeb0825425f7c99b6d3f00d2a4764819ebbd8f5122f4c6986a3c0ddfa1734
c2dffc193653708daac7e4011e3b587592afcce90623405d7a97b4d1ee0b2845
d3f00d2a4764819ebbd8f5122f4c6986a3c0ddfa1734516e8ba8c5e2ff1c3956
e4011e3b587592afcce90623405d7a97b4d1ee0b2845627f9cb9d6f3102d4a67
f5122f4c6986a3c0ddfa1734516e8ba8c5e2ff1c39567390adcae704213e5b78
0623405d7a97b4d1ee0b2845627f9cb9d6f3102d4a6784a1bedbf815324f6c89
1734516e8ba8c5e2ff1c39567390adcae704213e5b7895b2cfec092643607d9a
2845627f9cb9d6f3102d4a6784a1bedbf815324f6c89a6c3e0fd1a3754718eab
39567390adcae704213e5b7895b2cfec092643607d9ab7d4f10e2b4865829fbc
4a6784a1bedbf815324f6c89a6c3e0fd1a3754718eabc8e5021f3c597693b0cd
5b7895b2cfec092643607d9ab7d4f10e2b4865829fbcd9f613304d6a87a4c1de
6c89a6c3e0fd1a3754718eabc8e5021f3c597693b0cdea0724415e7b98b5d2ef
7d9ab7d4f10e2b4865829fbcd9f613304d6a87a4c1defb1835526f8ca9c6e300
8eabc8e5021f3c597693b0cdea0724415e7b98b5d2ef0c294663809dbad7f411
9fbcd9f613304d6a87a4c1defb1835526f8ca9c6e3001d3a577491aecbe80522
b0cdea0724415e7b98b5d2ef0c294663809dbad7f4112e4b6885a2bfdcf91633
c1defb1835526f8ca9c6e3001d3a577491aecbe805223f5c7996b3d0ed0a2744
d2ef0c294663809dbad7f4112e4b6885a2bfdcf91633506d8aa7c4e1fe1b3855
e3001d3a577491aecbe805223f5c7996b3d0ed0a2744617e9bb8d5f20f2c4966
f4112e4b6885a2bfdcf91633506d8aa7c4e1fe1b3855728facc9e603203d5a77
05223f5c7996b3d0ed0a2744617e9bb8d5f20f2c496683a0bddaf714314e6b88
1633506d8aa7c4e1fe1b3855728facc9e603203d5a7794b1ceeb0825425f7c99
2744617e9bb8d5f20f2c496683a0bddaf714314e6b88a5c2dffc193653708daa
3855728facc9e603203d5a7794b1ceeb0825425f7c99b6d3f00d2a4764819ebb
496683a0bddaf714314e6b88a5c2dffc193653708daac7e4011e3b587592afcc
5a7794b1ceeb0825425f7c99b6d3f00d2a4764819ebbd8f5122f4c6986a3c0dd
6b88a5c2dffc193653708daac7e4011e3b587592afcce90623405d7a97b4d1ee
7c99b6d3f00d2a4764819ebbd8f5122f4c6986a3c0ddfa1734516e8ba8c5e2ff
8daac7e4011e3b587592afcce90623405d7a97b4d1ee0b2845627f9cb9d6f310
9ebbd8f5122f4c6986a3c0ddfa1734516e8ba8c5e2ff1c39567390adcae70421
afcce90623405d7a97b4d1ee0b2845627f9cb9d6f3102d4a6784a1bedbf81532
c0ddfa1734516e8ba8c5e2ff1c39567390adcae704213e5b7895b2cfec092643
d1ee0b2845627f9cb9d6f3102d4a6784a1bedbf815324f6c89a6c3e0fd1a3754
e2ff1c39567390adcae704213e5b7895b2cfec092643607d9ab7d4f10e2b4865
f3102d4a6784a1bedbf815324f6c89a6c3e0fd1a3754718eabc8e5021f3c5976
04213e5b7895b2cfec092643607d9ab7d4f10e2b4865829fbcd9f613304d6a87
15324f6c89a6c3e0fd1a3754718eabc8e5021f3c597693b0cdea0724415e7b98
2643607d9ab7d4f10e2b4865829fbcd9f613304d6a87a4c1defb1835526f8ca9
3754718eabc8e5021f3c597693b0cdea0724415e7b98b5d2ef0c294663809dba
4865829fbcd9f613304d6a87a4c1defb1835526f8ca9c6e3001d3a577491aecb
597693b0cdea0724415e7b98b5d2ef0c294663809dbad7f4112e4b6885a2bfdc
6a87a4c1defb1835526f8ca9c6e3001d3a577491aecbe805223f5c7996b3d0ed
7b98b5d2ef0c294663809dbad7f4112e4b6885a2bfdcf91633506d8aa7c4e1fe
8ca9c6e3001d3a577491aecbe805223f5c7996b3d0ed0a2744617e9bb8d5f20f
9dbad7f4112e4b6885a2bfdcf91633506d8aa7c4e1fe1b3855728facc9e60320
aecbe805223f5c7996b3d0ed0a2744617e9bb8d5f20f2c496683a0bddaf71431
bfdcf91633506d8aa7c4e1fe1b3855728facc9e603203d5a7794b1ceeb082542
d0ed0a2744617e9bb8d5f20f2c496683a0bddaf714314e6b88a5c2dffc193653
e1fe1b3855728facc9e603203d5a7794b1ceeb0825425f7c99b6d3f00d2a4764
f20f2c496683a0bddaf714314e6b88a5c2dffc193653708daac7e4011e3b5875
03203d5a7794b1ceeb0825425f7c99b6d3f00d2a4764819ebbd8f5122f4c6986
14314e6b88a5c2dffc193653708daac7e4011e3b587592afcce90623405d7a97
25425f7c99b6d3f00d2a4764819ebbd8f5122f4c6986a3c0ddfa1734516e8ba8
3653708daac7e4011e3b587592afcce90623405d7a97b4d1ee0b2845627f9cb9
4764819ebbd8f5122f4c6986a3c0ddfa1734516e8ba8c5e2ff1c39567390adca
587592afcce90623405d7a97b4d1ee0b2845627f9cb9d6f3102d4a6784a1bedb
6986a3c0ddfa1734516e8ba8c5e2ff1c39567390adcae704213e5b7895b2cfec
7a97b4d1ee0b2845627f9cb9d6f3102d4a6784a1bedbf815324f6c89a6c3e0fd
8ba8c5e2ff1c39567390adcae704213e5b7895b2cfec092643607d9ab7d4f10e
9cb9d6f3102d4a6784a1bedbf815324f6c89a6c3e0fd1a3754718eabc8e5021f
adcae704213e5b7895b2cfec092643607d9ab7d4f10e2b4865829fbcd9f61330
bedbf815324f6c89a6c3e0fd1a3754718eabc8e5021f3c597693b0cdea072441
cfec092643607d9ab7d4f10e2b4865829fbcd9f613304d6a87a4c1defb183552
e0fd1a3754718eabc8e5021f3c597693b0cdea0724415e7b98b5d2ef0c294663
f10e2b4865829fbcd9f613304d6a87a4c1defb1835526f8ca9c6e3001d3a5774
021f3c597693b0cdea0724415e7b98b5d2ef0c294663809dbad7f4112e4b6885
13304d6a87a4c1defb1835526f8ca9c6e3001d3a577491aecbe805223f5c7996
24415e7b98b5d2ef0c294663809dbad7f4112e4b6885a2bfdcf91633506d8aa7
35526f8ca9c6e3001d3a577491aecbe805223f5c7996b3d0ed0a2744617e9bb8
4663809dbad7f4112e4b6885a2bfdcf91633506d8aa7c4e1fe1b3855728facc9
577491aecbe805223f5c7996b3d0ed0a2744617e9bb8d5f20f2c496683a0bdda
6885a2bfdcf91633506d8aa7c4e1fe1b3855728facc9e603203d5a7794b1ceeb
7996b3d0ed0a2744617e9bb8d5f20f2c496683a0bddaf714314e6b88a5c2dffc
8aa7c4e1fe1b3855728facc9e603203d5a7794b1ceeb0825425f7c99b6d3f00d
9bb8d5f20f2c496683a0bddaf714314e6b88a5c2dffc193653708daac7e4011e
acc9e603203d5a7794b1ceeb0825425f7c99b6d3f00d2a4764819ebbd8f5122f
bddaf714314e6b88a5c2dffc193653708daac7e4011e3b587592afcce9062340
ceeb0825425f7c99b6d3f00d2a4764819ebbd8f5122f4c6986a3c0ddfa173451
dffc193653708daac7e4011e3b587592afcce90623405d7a97b4d1ee0b284562
f00d2a4764819ebbd8f5122f4c6986a3c0ddfa1734516e8ba8c5e2ff1c395673
011e3b587592afcce90623405d7a97b4d1ee0b2845627f9cb9d6f3102d4a6784
122f4c6986a3c0ddfa1734516e8ba8c5e2ff1c39567390adcae704213e5b7895
23405d7a97b4d1ee0b2845627f9cb9d6f3102d4a6784a1bedbf815324f6c89a6
34516e8ba8c5e2ff1c39567390adcae704213e5b7895b2cfec092643607d9ab7
45627f9cb9d6f3102d4a6784a1bedbf815324f6c89a6c3e0fd1a3754718eabc8
567390adcae704213e5b7895b2cfec092643607d9ab7d4f10e2b4865829fbcd9
6784a1bedbf815324f6c89a6c3e0fd1a3754718eabc8e5021f3c597693b0cdea
7895b2cfec092643607d9ab7d4f10e2b4865829fbcd9f613304d6a87a4c1defb
89a6c3e0fd1a3754718eabc8e5021f3c597693b0cdea0724415e7b98b5d2ef0c
9ab7d4f10e2b4865829fbcd9f613304d6a87a4c1defb1835526f8ca9c6e3001d
abc8e5021f3c597693b0cdea0724415e7b98b5d2ef0c294663809dbad7f4112e
bcd9f613304d6a87a4c1defb1835526f8ca9c6e3001d3a577491aecbe805223f
cdea0724415e7b98b5d2ef0c294663809dbad7f4112e4b6885a2bfdcf9163350
defb1835526f8ca9c6e3001d3a577491aecbe805223f5c7996b3d0ed0a274461
ef0c294663809dbad7f4112e4b6885a2bfdcf91633506d8aa7c4e1fe1b385572
001d3a577491aecbe805223f5c7996b3d0ed0a2744617e9bb8d5f20f2c496683
112e4b6885a2bfdcf91633506d8aa7c4e1fe1b3855728facc9e603203d5a7794
223f5c7996b3d0ed0a2744617e9bb8d5f20f2c496683a0bddaf714314e6b88a5
33506d8aa7c4e1fe1b3855728facc9e603203d5a7794b1ceeb0825425f7c99b6
44617e9bb8d5f20f2c496683a0bddaf714314e6b88a5c2dffc193653708daac7
55728facc9e603203d5a7794b1ceeb0825425f7c99b6d3f00d2a4764819ebbd8
6683a0bddaf714314e6b88a5c2dffc193653708daac7e4011e3b587592afcce9
7794b1ceeb0825425f7c99b6d3f00d2a4764819ebbd8f5122f4c6986a3c0ddfa
88a5c2dffc193653708daac7e4011e3b587592afcce90623405d7a97b4d1ee0b
99b6d3f00d2a4764819ebbd8f5122f4c6986a3c0ddfa1734516e8ba8c5e2ff1c
aac7e4011e3b587592afcce90623405d7a97b4d1ee0b2845627f9cb9d6f3102d
bbd8f5122f4c6986a3c0ddfa1734516e8ba8c5e2ff1c39567390adcae704213e
cce90623405d7a97b4d1ee0b2845627f9cb9d6f3102d4a6784a1bedbf815324f
ddfa1734516e8ba8c5e2ff1c39567390adcae704213e5b7895b2cfec09264360
ee0b2845627f9cb9d6f3102d4a6784a1bedbf815324f6c89a6c3e0fd1a375471
ff1c39567390adcae704213e5b7895b2cfec092643607d9ab7d4f10e2b486582
102d4a6784a1bedbf815324f6c89a6c3e0fd1a3754718eabc8e5021f3c597693
213e5b7895b2cfec092643607d9ab7d4f10e2b4865829fbcd9f613304d6a87a4
324f6c89a6c3e0fd1a3754718eabc8e5021f3c597693b0cdea0724415e7b98b5
43607d9ab7d4f10e2b4865829fbcd9f613304d6a87a4c1defb1835526f8ca9c6
54718eabc8e5021f3c597693b0cdea0724415e7b98b5d2ef0c294663809dbad7
65829fbcd9f613304d6a87a4c1defb1835526f8ca9c6e3001d3a577491aecbe8
7693b0cdea0724415e7b98b5d2ef0c294663809dbad7f4112e4b6885a2bfdcf9
87a4c1defb1835526f8ca9c6e3001d3a577491aecbe805223f5c7996b3d0ed0a
98b5d2ef0c294663809dbad7f4112e4b6885a2bfdcf91633506d8aa7c4e1fe1b
a9c6e3001d3a577491aecbe805223f5c7996b3d0ed0a2744617e9bb8d5f20f2c
bad7f4112e4b6885a2bfdcf91633506d8aa7c4e1fe1b3855728facc9e603203d
cbe805223f5c7996b3d0ed0a2744617e9bb8d5f20f2c496683a0bddaf714314e
dcf91633506d8aa7c4e1fe1b3855728facc9e603203d5a7794b1ceeb0825425f
ed0a2744617e9bb8d5f20f2c496683a0bddaf714314e6b88a5c2dffc19365370
fe1b3855728facc9e603203d5a7794b1ceeb0825425f7c99b6d3f00d2a476481
0f2c496683a0bddaf714314e6b88a5c2dffc193653708daac7e4011e3b587592
203d5a7794b1ceeb0825425f7c99b6d3f00d2a4764819ebbd8f5122f4c6986a3
314e6b88a5c2dffc193653708daac7e4011e3b587592afcce90623405d7a97b4
425f7c99b6d3f00d2a4764819ebbd8f5122f4c6986a3c0ddfa1734516e8ba8c5
53708daac7e4011e3b587592afcce90623405d7a97b4d1ee0b2845627f9cb9d6
64819ebbd8f5122f4c6986a3c0ddfa1734516e8ba8c5e2ff1c39567390adcae7
7592afcce90623405d7a97b4d1ee0b2845627f9cb9d6f3102d4a6784a1bedbf8
86a3c0ddfa1734516e8ba8c5e2ff1c39567390adcae704213e5b7895b2cfec09
97b4d1ee0b2845627f9cb9d6f3102d4a6784a1bedbf815324f6c89a6c3e0fd1a
a8c5e2ff1c39567390adcae704213e5b7895b2cfec092643607d9ab7d4f10e2b
b9d6f3102d4a6784a1bedbf815324f6c89a6c3e0fd1a3754718eabc8e5021f3c
cae704213e5b7895b2cfec092643607d9ab7d4f10e2b4865829fbcd9f613304d
dbf815324f6c89a6c3e0fd1a3754718eabc8e5021f3c597693b0cdea0724415e
ec092643607d9ab7d4f10e2b4865829fbcd9f613304d6a87a4c1defb1835526f
fd1a3754718eabc8e5021f3c597693b0cdea0724415e7b98b5d2ef0c29466380
0e2b4865829fbcd9f613304d6a87a4c1defb1835526f8ca9c6e3001d3a577491
1f3c597693b0cdea0724415e7b98b5d2ef0c294663809dbad7f4112e4b6885a2
304d6a87a4c1defb1835526f8ca9c6e3001d3a577491aecbe805223f5c7996b3
415e7b98b5d2ef0c294663809dbad7f4112e4b6885a2bfdcf91633506d8aa7c4
526f8ca9c6e3001d3a577491aecbe805223f5c7996b3d0ed0a2744617e9bb8d5
63809dbad7f4112e4b6885a2bfdcf91633506d8aa7c4e1fe1b3855728facc9e6
7491aecbe805223f5c7996b3d0ed0a2744617e9bb8d5f20f2c496683a0bddaf7
85a2bfdcf91633506d8aa7c4e1fe1b3855728facc9e603203d5a7794b1ceeb08
96b3d0ed0a2744617e9bb8d5f20f2c496683a0bddaf714314e6b88a5c2dffc19
a7c4e1fe1b3855728facc9e603203d5a7794b1ceeb0825425f7c99b6d3f00d2a
b8d5f20f2c496683a0bddaf714314e6b88a5c2dffc193653708daac7e4011e3b
c9e603203d5a7794b1ceeb0825425f7c99b6d3f00d2a4764819ebbd8f5122f4c
daf714314e6b88a5c2dffc193653708daac7e4011e3b587592afcce90623405d
eb0825425f7c99b6d3f00d2a4764819ebbd8f5122f4c6986a3c0ddfa1734516e
fc193653708daac7e4011e3b587592afcce90623405d7a97b4d1ee0b2845627f
0d2a4764819ebbd8f5122f4c6986a3c0ddfa1734516e8ba8c5e2ff1c39567390
1e3b587592afcce90623405d7a97b4d1ee0b2845627f9cb9d6f3102d4a6784a1
2f4c6986a3c0ddfa1734516e8ba8c5e2ff1c39567390adcae704213e5b7895b2
405d7a97b4d1ee0b2845627f9cb9d6f3102d4a6784a1bedbf815324f6c89a6c3
516e8ba8c5e2ff1c39567390adcae704213e5b7895b2cfec092643607d9ab7d4
627f9cb9d6f3102d4a6784a1bedbf815324f6c89a6c3e0fd1a3754718eabc8e5
7390adcae704213e5b7895b2cfec092643607d9ab7d4f10e2b4865829fbcd9f6
84a1bedbf815324f6c89a6c3e0fd1a3754718eabc8e5021f3c597693b0cdea07
95b2cfec092643607d9ab7d4f10e2b4865829fbcd9f613304d6a87a4c1defb18
a6c3e0fd1a3754718eabc8e5021f3c597693b0cdea0724415e7b98b5d2ef0c29
b7d4f10e2b4865829fbcd9f613304d6a87a4c1defb1835526f8ca9c6e3001d3a
c8e5021f3c597693b0cdea0724415e7b98b5d2ef0c294663809dbad7f4112e4b
d9f613304d6a87a4c1defb1835526f8ca9c6e3001d3a577491aecbe805223f5c
ea0724415e7b98b5d2ef0c294663809dbad7f4112e4b6885a2bfdcf91633506d
fb1835526f8ca9c6e3001d3a577491aecbe805223f5c7996b3d0ed0a2744617e
0c294663809dbad7f4112e4b6885a2bfdcf91633506d8aa7c4e1fe1b3855728f
1d3a577491aecbe805223f5c7996b3d0ed0a2744617e9bb8d5f20f2c496683a0
2e4b6885a2bfdcf91633506d8aa7c4e1fe1b3855728facc9e603203d5a7794b1
3f5c7996b3d0ed0a2744617e9bb8d5f20f2c496683a0bddaf714314e6b88a5c2
506d8aa7c4e1fe1b3855728facc9e603203d5a7794b1ceeb0825425f7c99b6d3
617e9bb8d5f20f2c496683a0bddaf714314e6b88a5c2dffc193653708daac7e4
728facc9e603203d5a7794b1ceeb0825425f7c99b6d3f00d2a4764819ebbd8f5
83a0bddaf714314e6b88a5c2dffc193653708daac7e4011e3b587592afcce906
94b1ceeb0825425f7c99b6d3f00d2a4764819ebbd8f5122f4c6986a3c0ddfa17
a5c2dffc193653708daac7e4011e3b587592afcce90623405d7a97b4d1ee0b28
b6d3f00d2a4764819ebbd8f5122f4c6986a3c0ddfa1734516e8ba8c5e2ff1c39
c7e4011e3b587592afcce90623405d7a97b4d1ee0b2845627f9cb9d6f3102d4a
d8f5122f4c6986a3c0ddfa1734516e8ba8c5e2ff1c39567390adcae704213e5b
e90623405d7a97b4d1ee0b2845627f9cb9d6f3102d4a6784a1bedbf815324f6c
fa1734516e8ba8c5e2ff1c39567390adcae704213e5b7895b2cfec092643607d
0b2845627f9cb9d6f3102d4a6784a1bedbf815324f6c89a6c3e0fd1a3754718e
1c39567390adcae704213e5b7895b2cfec092643607d9ab7d4f10e2b4865829f
2d4a6784a1bedbf815324f6c89a6c3e0fd1a3754718eabc8e5021f3c597693b0
3e5b7895b2cfec092643607d9ab7d4f10e2b4865829fbcd9f613304d6a87a4c1
4f6c89a6c3e0fd1a3754718eabc8e5021f3c597693b0cdea0724415e7b98b5d2
607d9ab7d4f10e2b4865829fbcd9f613304d6a87a4c1defb1835526f8ca9c6e3
718eabc8e5021f3c597693b0cdea0724415e7b98b5d2ef0c294663809dbad7f4
829fbcd9f613304d6a87a4c1defb1835526f8ca9c6e3001d3a577491aecbe805
93b0cdea0724415e7b98b5d2ef0c294663809dbad7f4112e4b6885a2bfdcf916
a4c1defb1835526f8ca9c6e3001d3a577491aecbe805223f5c7996b3d0ed0a27
b5d2ef0c294663809dbad7f4112e4b6885a2bfdcf91633506d8aa7c4e1fe1b38
c6e3001d3a577491aecbe805223f5c7996b3d0ed0a2744617e9bb8d5f20f2c49
d7f4112e4b6885a2bfdcf91633506d8aa7c4e1fe1b3855728facc9e603203d5a
e805223f5c7996b3d0ed0a2744617e9bb8d5f20f2c496683a0bddaf714314e6b
f91633506d8aa7c4e1fe1b3855728facc9e603203d5a7794b1ceeb0825425f7c
0a2744617e9bb8d5f20f2c496683a0bddaf714314e6b88a5c2dffc193653708d
1b3855728facc9e603203d5a7794b1ceeb0825425f7c99b6d3f00d2a4764819e
2c496683a0bddaf714314e6b88a5c2dffc193653708daac7e4011e3b587592af
3d5a7794b1ceeb0825425f7c99b6d3f00d2a4764819ebbd8f5122f4c6986a3c0
4e6b88a5c2dffc193653708daac7e4011e3b587592afcce90623405d7a97b4d1
5f7c99b6d3f00d2a4764819ebbd8f5122f4c6986a3c0ddfa1734516e8ba8c5e2
708daac7e4011e3b587592afcce90623405d7a97b4d1ee0b2845627f9cb9d6f3
819ebbd8f5122f4c6986a3c0ddfa1734516e8ba8c5e2ff1c39567390adcae704
92afcce90623405d7a97b4d1ee0b2845627f9cb9d6f3102d4a6784a1bedbf815
a3c0ddfa1734516e8ba8c5e2ff1c39567390adcae704213e5b7895b2cfec0926
b4d1ee0b2845627f9cb9d6f3102d4a6784a1bedbf815324f6c89a6c3e0fd1a37
c5e2ff1c39567390adcae704213e5b7895b2cfec092643607d9ab7d4f10e2b48
d6f3102d4a6784a1bedbf815324f6c89a6c3e0fd1a3754718eabc8e5021f3c59
e704213e5b7895b2cfec092643607d9ab7d4f10e2b4865829fbcd9f613304d6a
f815324f6c89a6c3e0fd1a3754718eabc8e5021f3c597693b0cdea0724415e7b
092643607d9ab7d4f10e2b4865829fbcd9f613304d6a87a4c1defb1835526f8c
1a3754718eabc8e5021f3c597693b0cdea0724415e7b98b5d2ef0c294663809d
2b4865829fbcd9f613304d6a87a4c1defb1835526f8ca9c6e3001d3a577491ae
3c597693b0cdea0724415e7b98b5d2ef0c294663809dbad7f4112e4b6885a2bf
4d6a87a4c1defb1835526f8ca9c6e3001d3a577491aecbe805223f5c7996b3d0
5e7b98b5d2ef0c294663809dbad7f4112e4b6885a2bfdcf91633506d8aa7c4e1
6f8ca9c6e3001d3a577491aecbe805223f5c7996b3d0ed0a2744617e9bb8d5f2
809dbad7f4112e4b6885a2bfdcf91633506d8aa7c4e1fe1b3855728facc9e603
91aecbe805223f5c7996b3d0ed0a2744617e9bb8d5f20f2c496683a0bddaf714
a2bfdcf91633506d8aa7c4e1fe1b3855728facc9e603203d5a7794b1ceeb0825
b3d0ed0a2744617e9bb8d5f20f2c496683a0bddaf714314e6b88a5c2dffc1936
c4e1fe1b3855728facc9e603203d5a7794b1ceeb0825425f7c99b6d3f00d2a47
d5f20f2c496683a0bddaf714314e6b88a5c2dffc193653708daac7e4011e3b58
e603203d5a7794b1ceeb0825425f7c99b6d3f00d2a4764819ebbd8f5122f4c69
f714314e6b88a5c2dffc193653708daac7e4011e3b587592afcce90623405d7a
0825425f7c99b6d3f00d2a4764819ebbd8f5122f4c6986a3c0ddfa1734516e8b
193653708daac7e4011e3b587592afcce90623405d7a97b4d1ee0b2845627f9c
2a4764819ebbd8f5122f4c6986a3c0ddfa1734516e8ba8c5e2ff1c39567390ad
3b587592afcce90623405d7a97b4d1ee0b2845627f9cb9d6f3102d4a6784a1be
4c6986a3c0ddfa1734516e8ba8c5e2ff1c39567390adcae704213e5b7895b2cf
5d7a97b4d1ee0b2845627f9cb9d6f3102d4a6784a1bedbf815324f6c89a6c3e0
6e8ba8c5e2ff1c39567390adcae704213e5b7895b2cfec092643607d9ab7d4f1
7f9cb9d6f3102d4a6784a1bedbf815324f6c89a6c3e0fd1a3754718eabc8e502
90adcae704213e5b7895b2cfec092643607d9ab7d4f10e2b4865829fbcd9f613
a1bedbf815324f6c89a6c3e0fd1a3754718eabc8e5021f3c597693b0cdea0724
b2cfec092643607d9ab7d4f10e2b4865829fbcd9f613304d6a87a4c1defb1835
c3e0fd1a3754718eabc8e5021f3c597693b0cdea0724415e7b98b5d2ef0c2946
d4f10e2b4865829fbcd9f613304d6a87a4c1defb1835526f8ca9c6e3001d3a57
e5021f3c597693b0cdea0724415e7b98b5d2ef0c294663809dbad7f4112e4b68
f613304d6a87a4c1defb1835526f8ca9c6e3001d3a577491aecbe805223f5c79
0724415e7b98b5d2ef0c294663809dbad7f4112e4b6885a2bfdcf91633506d8a
1835526f8ca9c6e3001d3a577491aecbe805223f5c7996b3d0ed0a2744617e9b
294663809dbad7f4112e4b6885a2bfdcf91633506d8aa7c4e1fe1b3855728fac
3a577491aecbe805223f5c7996b3d0ed0a2744617e9bb8d5f20f2c496683a0bd
4b6885a2bfdcf91633506d8aa7c4e1fe1b3855728facc9e603203d5a7794b1ce
5c7996b3d0ed0a2744617e9bb8d5f20f2c496683a0bddaf714314e6b88a5c2df
6d8aa7c4e1fe1b3855728facc9e603203d5a7794b1ceeb0825425f7c99b6d3f0
7e9bb8d5f20f2c496683a0bddaf714314e6b88a5c2dffc193653708daac7e401
8facc9e603203d5a7794b1ceeb0825425f7c99b6d3f00d2a4764819ebbd8f512
a0bddaf714314e6b88a5c2dffc193653708daac7e4011e3b587592afcce90623
b1ceeb0825425f7c99b6d3f00d2a4764819ebbd8f5122f4c6986a3c0ddfa1734
c2dffc193653708daac7e4011e3b587592afcce90623405d7a97b4d1ee0b2845
d3f00d2a4764819ebbd8f5122f4c6986a3c0ddfa1734516e8ba8c5e2ff1c3956
e4011e3b587592afcce90623405d7a97b4d1ee0b2845627f9cb9d6f3102d4a67
f5122f4c6986a3c0ddfa1734516e8ba8c5e2ff1c39567390adcae704213e5b78
0623405d7a97b4d1ee0b2845627f9cb9d6f3102d4a6784a1bedbf815324f6c89
1734516e8ba8c5e2ff1c39567390adcae704213e5b7895b2cfec092643607d9a
2845627f9cb9d6f3102d4a6784a1bedbf815324f6c89a6c3e0fd1a3754718eab
39567390adcae704213e5b7895b2cfec092643607d9ab7d4f10e2b4865829fbc
4a6784a1bedbf815324f6c89a6c3e0fd1a3754718eabc8e5021f3c597693b0cd
5b7895b2cfec092643607d9ab7d4f10e2b4865829fbcd9f613304d6a87a4c1de
6c89a6c3e0fd1a3754718eabc8e5021f3c597693b0cdea0724415e7b98b5d2ef
7d9ab7d4f10e2b4865829fbcd9f613304d6a87a4c1defb1835526f8ca9c6e300
8eabc8e5021f3c597693b0cdea0724415e7b98b5d2ef0c294663809dbad7f411
9fbcd9f613304d6a87a4c1defb1835526f8ca9c6e3001d3a577491aecbe80522
b0cdea0724415e7b98b5d2ef0c294663809dbad7f4112e4b6885a2bfdcf91633
c1defb1835526f8ca9c6e3001d3a577491aecbe805223f5c7996b3d0ed0a2744
d2ef0c294663809dbad7f4112e4b6885a2bfdcf91633506d8aa7c4e1fe1b3855
e3001d3a577491aecbe805223f5c7996b3d0ed0a2744617e9bb8d5f20f2c4966
f4112e4b6885a2bfdcf91633506d8aa7c4e1fe1b3855728facc9e603203d5a77
05223f5c7996b3d0ed0a2744617e9bb8d5f20f2c496683a0bddaf714314e6b88
1633506d8aa7c4e1fe1b3855728facc9e603203d5a7794b1ceeb0825425f7c99
2744617e9bb8d5f20f2c496683a0bddaf714314e6b88a5c2dffc193653708daa
3855728facc9e603203d5a7794b1ceeb0825425f7c99b6d3f00d2a4764819ebb
496683a0bddaf714314e6b88a5c2dffc193653708daac7e4011e3b587592afcc
5a7794b1ceeb0825425f7c99b6d3f00d2a4764819ebbd8f5122f4c6986a3c0dd
6b88a5c2dffc193653708daac7e4011e3b587592afcce90623405d7a97b4d1ee
7c99b6d3f00d2a4764819ebbd8f5122f4c6986a3c0ddfa1734516e8ba8c5e2ff
8daac7e4011e3b587592afcce90623405d7a97b4d1ee0b2845627f9cb9d6f310
9ebbd8f5122f4c6986a3c0ddfa1734516e8ba8c5e2ff1c39567390adcae70421
afcce90623405d7a97b4d1ee0b2845627f9cb9d6f3102d4a6784a1bedbf81532
c0ddfa1734516e8ba8c5e2ff1c39567390adcae704213e5b7895b2cfec092643
d1ee0b2845627f9cb9d6f3102d4a6784a1bedbf815324f6c89a6c3e0fd1a3754
e2ff1c39567390adcae704213e5b7895b2cfec092643607d9ab7d4f10e2b4865
f3102d4a6784a1bedbf815324f6c89a6c3e0fd1a3754718eabc8e5021f3c5976
04213e5b7895b2cfec092643607d9ab7d4f10e2b4865829fbcd9f613304d6a87
15324f6c89a6c3e0fd1a3754718eabc8e5021f3c597693b0cdea0724415e7b98
2643607d9ab7d4f10e2b4865829fbcd9f613304d6a87a4c1defb1835526f8ca9
3754718eabc8e5021f3c597693b0cdea0724415e7b98b5d2ef0c294663809dba
4865829fbcd9f613304d6a87a4c1defb1835526f8ca9c6e3001d3a577491aecb
597693b0cdea0724415e7b98b5d2ef0c294663809dbad7f4112e4b6885a2bfdc
6a87a4c1defb1835526f8ca9c6e3001d3a577491aecbe805223f5c7996b3d0ed
7b98b5d2ef0c294663809dbad7f4112e4b6885a2bfdcf91633506d8aa7c4e1fe
8ca9c6e3001d3a577491aecbe805223f5c7996b3d0ed0a2744617e9bb8d5f20f
9dbad7f4112e4b6885a2bfdcf91633506d8aa7c4e1fe1b3855728facc9e60320
aecbe805223f5c7996b3d0ed0a2744617e9bb8d5f20f2c496683a0bddaf71431
bfdcf91633506d8aa7c4e1fe1b3855728facc9e603203d5a7794b1ceeb082542
d0ed0a2744617e9bb8d5f20f2c496683a0bddaf714314e6b88a5c2dffc193653
e1fe1b3855728facc9e603203d5a7794b1ceeb0825425f7c99b6d3f00d2a4764
f20f2c496683a0bddaf714314e6b88a5c2dffc193653708daac7e4011e3b5875
03203d5a7794b1ceeb0825425f7c99b6d3f00d2a4764819ebbd8f5122f4c6986
14314e6b88a5c2dffc193653708daac7e4011e3b587592afcce90623405d7a97
25425f7c99b6d3f00d2a4764819ebbd8f5122f4c6986a3c0ddfa1734516e8ba8
3653708daac7e4011e3b587592afcce90623405d7a97b4d1ee0b2845627f9cb9
4764819ebbd8f5122f4c6986a3c0ddfa1734516e8ba8c5e2ff1c39567390adca
587592afcce90623405d7a97b4d1ee0b2845627f9cb9d6f3102d4a6784a1bedb
6986a3c0ddfa1734516e8ba8c5e2ff1c39567390adcae704213e5b7895b2cfec
7a97b4d1ee0b2845627f9cb9d6f3102d4a6784a1bedbf815324f6c89a6c3e0fd
8ba8c5e2ff1c39567390adcae704213e5b7895b2cfec092643607d9ab7d4f10e
9cb9d6f3102d4a6784a1bedbf815324f6c89a6c3e0fd1a3754718eabc8e5021f
adcae704213e5b7895b2cfec092643607d9ab7d4f10e2b4865829fbcd9f61330
bedbf815324f6c89a6c3e0fd1a3754718eabc8e5021f3c597693b0cdea072441
cfec092643607d9ab7d4f10e2b4865829fbcd9f613304d6a87a4c1defb183552
e0fd1a3754718eabc8e5021f3c597693b0cdea0724415e7b98b5d2ef0c294663
f10e2b4865829fbcd9f613304d6a87a4c1defb1835526f8ca9c6e3001d3a5774
021f3c597693b0cdea0724415e7b98b5d2ef0c294663809dbad7f4112e4b6885
13304d6a87a4c1defb1835526f8ca9c6e3001d3a577491aecbe805223f5c7996
24415e7b98b5d2ef0c294663809dbad7f4112e4b6885a2bfdcf91633506d8aa7
35526f8ca9c6e3001d3a577491aecbe805223f5c7996b3d0ed0a2744617e9bb8
4663809dbad7f4112e4b6885a2bfdcf91633506d8aa7c4e1fe1b3855728facc9
577491aecbe805223f5c7996b3d0ed0a2744617e9bb8d5f20f2c496683a0bdda
6885a2bfdcf91633506d8aa7c4e1fe1b3855728facc9e603203d5a7794b1ceeb
7996b3d0ed0a2744617e9bb8d5f20f2c496683a0bddaf714314e6b88a5c2dffc
8aa7c4e1fe1b3855728facc9e603203d5a7794b1ceeb0825425f7c99b6d3f00d
9bb8d5f20f2c496683a0bddaf714314e6b88a5c2dffc193653708daac7e4011e
acc9e603203d5a7794b1ceeb0825425f7c99b6d3f00d2a4764819ebbd8f5122f
bddaf714314e6b88a5c2dffc193653708daac7e4011e3b587592afcce9062340
ceeb0825425f7c99b6d3f00d2a4764819ebbd8f5122f4c6986a3c0ddfa173451
dffc193653708daac7e4011e3b587592afcce90623405d7a97b4d1ee0b284562
f00d2a4764819ebbd8f5122f4c6986a3c0ddfa1734516e8ba8c5e2ff1c395673
011e3b587592afcce90623405d7a97b4d1ee0b2845627f9cb9d6f3102d4a6784
122f4c6986a3c0ddfa1734516e8ba8c5e2ff1c39567390adcae704213e5b7895
23405d7a97b4d1ee0b2845627f9cb9d6f3102d4a6784a1bedbf815324f6c89a6
34516e8ba8c5e2ff1c39567390adcae704213e5b7895b2cfec092643607d9ab7
45627f9cb9d6f3102d4a6784a1bedbf815324f6c89a6c3e0fd1a3754718eabc8
567390adcae704213e5b7895b2cfec092643607d9ab7d4f10e2b4865829fbcd9
6784a1bedbf815324f6c89a6c3e0fd1a3754718eabc8e5021f3c597693b0cdea
7895b2cfec092643607d9ab7d4f10e2b4865829fbcd9f613304d6a87a4c1defb
89a6c3e0fd1a3754718eabc8e5021f3c597693b0cdea0724415e7b98b5d2ef0c
9ab7d4f10e2b4865829fbcd9f613304d6a87a4c1defb1835526f8ca9c6e3001d
abc8e5021f3c597693b0cdea0724415e7b98b5d2ef0c294663809dbad7f4112e
bcd9f613304d6a87a4c1defb1835526f8ca9c6e3001d3a577491aecbe805223f
cdea0724415e7b98b5d2ef0c294663809dbad7f4112e4b6885a2bfdcf9163350
defb1835526f8ca9c6e3001d3a577491aecbe805223f5c7996b3d0ed0a274461
ef0c294663809dbad7f4112e4b6885a2bfdcf91633506d8aa7c4e1fe1b385572
001d3a577491aecbe805223f5c7996b3d0ed0a2744617e9bb8d5f20f2c496683
112e4b6885a2bfdcf91633506d8aa7c4e1fe1b3855728facc9e603203d5a7794
223f5c7996b3d0ed0a2744617e9bb8d5f20f2c496683a0bddaf714314e6b88a5
33506d8aa7c4e1fe1b3855728facc9e603203d5a7794b1ceeb0825425f7c99b6
44617e9bb8d5f20f2c496683a0bddaf714314e6b88a5c2dffc193653708daac7
55728facc9e603203d5a7794b1ceeb0825425f7c99b6d3f00d2a4764819ebbd8
6683a0bddaf714314e6b88a5c2dffc193653708daac7e4011e3b587592afcce9
7794b1ceeb0825425f7c99b6d3f00d2a4764819ebbd8f5122f4c6986a3c0ddfa
88a5c2dffc193653708daac7e4011e3b587592afcce90623405d7a97b4d1ee0b
99b6d3f00d2a4764819ebbd8f5122f4c6986a3c0ddfa1734516e8ba8c5e2ff1c
aac7e4011e3b587592afcce90623405d7a97b4d1ee0b2845627f9cb9d6f3102d
bbd8f5122f4c6986a3c0ddfa1734516e8ba8c5e2ff1c39567390adcae704213e
cce90623405d7a97b4d1ee0b2845627f9cb9d6f3102d4a6784a1bedbf815324f
ddfa1734516e8ba8c5e2ff1c39567390adcae704213e5b7895b2cfec09264360
ee0b2845627f9cb9d6f3102d4a6784a1bedbf815324f6c89a6c3e0fd1a375471
ff1c39567390adcae704213e5b7895b2cfec092643607d9ab7d4f10e2b486582
102d4a6784a1bedbf815324f6c89a6c3e0fd1a3754718eabc8e5021f3c597693
213e5b7895b2cfec092643607d9ab7d4f10e2b4865829fbcd9f613304d6a87a4
324f6c89a6c3e0fd1a3754718eabc8e5021f3c597693b0cdea0724415e7b98b5
43607d9ab7d4f10e2b4865829fbcd9f613304d6a87a4c1defb1835526f8ca9c6
54718eabc8e5021f3c597693b0cdea0724415e7b98b5d2ef0c294663809dbad7
65829fbcd9f613304d6a87a4c1defb1835526f8ca9c6e3001d3a577491aecbe8
7693b0cdea0724415e7b98b5d2ef0c294663809dbad7f4112e4b6885a2bfdcf9
87a4c1defb1835526f8ca9c6e3001d3a577491aecbe805223f5c7996b3d0ed0a
98b5d2ef0c294663809dbad7f4112e4b6885a2bfdcf91633506d8aa7c4e1fe1b
a9c6e3001d3a577491aecbe805223f5c7996b3d0ed0a2744617e9bb8d5f20f2c
bad7f4112e4b6885a2bfdcf91633506d8aa7c4e1fe1b3855728facc9e603203d
cbe805223f5c7996b3d0ed0a2744617e9bb8d5f20f2c496683a0bddaf714314e
dcf91633506d8aa7c4e1fe1b3855728facc9e603203d5a7794b1ceeb0825425f
ed0a2744617e9bb8d5f20f2c496683a0bddaf714314e6b88a5c2dffc19365370
fe1b3855728facc9e603203d5a7794b1ceeb0825425f7c99b6d3f00d2a476481
0f2c496683a0bddaf714314e6b88a5c2dffc193653708daac7e4011e3b587592
203d5a7794b1ceeb0825425f7c99b6d3f00d2a4764819ebbd8f5122f4c6986a3
314e6b88a5c2dffc193653708daac7e4011e3b587592afcce90623405d7a97b4
425f7c99b6d3f00d2a4764819ebbd8f5122f4c6986a3c0ddfa1734516e8ba8c5
53708daac7e4011e3b587592afcce90623405d7a97b4d1ee0b2845627f9cb9d6
64819ebbd8f5122f4c6986a3c0ddfa1734516e8ba8c5e2ff1c39567390adcae7
7592afcce90623405d7a97b4d1ee0b2845627f9cb9d6f3102d4a6784a1bedbf8
86a3c0ddfa1734516e8ba8c5e2ff1c39567390adcae704213e5b7895b2cfec09
97b4d1ee0b2845627f9cb9d6f3102d4a6784a1bedbf815324f6c89a6c3e0fd1a
a8c5e2ff1c39567390adcae704213e5b7895b2cfec092643607d9ab7d4f10e2b
b9d6f3102d4a6784a1bedbf815324f6c89a6c3e0fd1a3754718eabc8e5021f3c
cae704213e5b7895b2cfec092643607d9ab7d4f10e2b4865829fbcd9f613304d
dbf815324f6c89a6c3e0fd1a3754718eabc8e5021f3c597693b0cdea0724415e
ec092643607d9ab7d4f10e2b4865829fbcd9f613304d6a87a4c1defb1835526f
fd1a3754718eabc8e5021f3c597693b0cdea0724415e7b98b5d2ef0c29466380
0e2b4865829fbcd9f613304d6a87a4c1defb1835526f8ca9c6e3001d3a577491
1f3c597693b0cdea0724415e7b98b5d2ef0c294663809dbad7f4112e4b6885a2
304d6a87a4c1defb1835526f8ca9c6e3001d3a577491aecbe805223f5c7996b3
415e7b98b5d2ef0c294663809dbad7f4112e4b6885a2bfdcf91633506d8aa7c4
526f8ca9c6e3001d3a577491aecbe805223f5c7996b3d0ed0a2744617e9bb8d5
63809dbad7f4112e4b6885a2bfdcf91633506d8aa7c4e1fe1b3855728facc9e6
7491aecbe805223f5c7996b3d0ed0a2744617e9bb8d5f20f2c496683a0bddaf7
85a2bfdcf91633506d8aa7c4e1fe1b3855728facc9e603203d5a7794b1ceeb08
96b3d0ed0a2744617e9bb8d5f20f2c496683a0bddaf714314e6b88a5c2dffc19
a7c4e1fe1b3855728facc9e603203d5a7794b1ceeb0825425f7c99b6d3f00d2a
b8d5f20f2c496683a0bddaf714314e6b88a5c2dffc193653708daac7e4011e3b
c9e603203d5a7794b1ceeb0825425f7c99b6d3f00d2a4764819ebbd8f5122f4c
daf714314e6b88a5c2dffc193653708daac7e4011e3b587592afcce90623405d
eb0825425f7c99b6d3f00d2a4764819ebbd8f5122f4c6986a3c0ddfa1734516e
fc193653708daac7e4011e3b587592afcce90623405d7a97b4d1ee0b2845627f
0d2a4764819ebbd8f5122f4c6986a3c0ddfa1734516e8ba8c5e2ff1c39567390
1e3b587592afcce90623405d7a97b4d1ee0b2845627f9cb9d6f3102d4a6784a1
2f4c6986a3c0ddfa1734516e8ba8c5e2ff1c39567390adcae704213e5b7895b2
405d7a97b4d1ee0b2845627f9cb9d6f3102d4a6784a1bedbf815324f6c89a6c3
516e8ba8c5e2ff1c39567390adcae704213e5b7895b2cfec092643607d9ab7d4
627f9cb9d6f3102d4a6784a1bedbf815324f6c89a6c3e0fd1a3754718eabc8e5
7390adcae704213e5b7895b2cfec092643607d9ab7d4f10e2b4865829fbcd9f6
84a1bedbf815324f6c89a6c3e0fd1a3754718eabc8e5021f3c597693b0cdea07
95b2cfec092643607d9ab7d4f10e2b4865829fbcd9f613304d6a87a4c1defb18
a6c3e0fd1a3754718eabc8e5021f3c597693b0cdea0724415e7b98b5d2ef0c29
b7d4f10e2b4865829fbcd9f613304d6a87a4c1defb1835526f8ca9c6e3001d3a
c8e5021f3c597693b0cdea0724415e7b98b5d2ef0c294663809dbad7f4112e4b
d9f613304d6a87a4c1defb1835526f8ca9c6e3001d3a577491aecbe805223f5c
ea0724415e7b98b5d2ef0c294663809dbad7f4112e4b6885a2bfdcf91633506d
fb1835526f8ca9c6e3001d3a577491aecbe805223f5c7996b3d0ed0a2744617e
0c294663809dbad7f4112e4b6885a2bfdcf91633506d8aa7c4e1fe1b3855728f
1d3a577491aecbe805223f5c7996b3d0ed0a2744617e9bb8d5f20f2c496683a0
2e4b6885a2bfdcf91633506d8aa7c4e1fe1b3855728facc9e603203d5a7794b1
3f5c7996b3d0ed0a2744617e9bb8d5f20f2c496683a0bddaf714314e6b88a5c2
506d8aa7c4e1fe1b3855728facc9e603203d5a7794b1ceeb0825425f7c99b6d3
617e9bb8d5f20f2c496683a0bddaf714314e6b88a5c2dffc193653708daac7e4
728facc9e603203d5a7794b1ceeb0825425f7c99b6d3f00d2a4764819ebbd8f5
83a0bddaf714314e6b88a5c2dffc193653708daac7e4011e3b587592afcce906
94b1ceeb0825425f7c99b6d3f00d2a4764819ebbd8f5122f4c6986a3c0ddfa17
a5c2dffc193653708daac7e4011e3b587592afcce90623405d7a97b4d1ee0b28
b6d3f00d2a4764819ebbd8f5122f4c6986a3c0ddfa1734516e8ba8c5e2ff1c39
c7e4011e3b587592afcce90623405d7a97b4d1ee0b2845627f9cb9d6f3102d4a
d8f5122f4c6986a3c0ddfa1734516e8ba8c5e2ff1c39567390adcae704213e5b
e90623405d7a97b4d1ee0b2845627f9cb9d6f3102d4a6784a1bedbf815324f6c
fa1734516e8ba8c5e2ff1c39567390adcae704213e5b7895b2cfec092643607d
0b2845627f9cb9d6f3102d4a6784a1bedbf815324f6c89a6c3e0fd1a3754718e
1c39567390adcae704213e5b7895b2cfec092643607d9ab7d4f10e2b4865829f
2d4a6784a1bedbf815324f6c89a6c3e0fd1a3754718eabc8e5021f3c597693b0
3e5b7895b2cfec092643607d9ab7d4f10e2b4865829fbcd9f613304d6a87a4c1
4f6c89a6c3e0fd1a3754718eabc8e5021f3c597693b0cdea0724415e7b98b5d2
607d9ab7d4f10e2b4865829fbcd9f613304d6a87a4c1defb1835526f8ca9c6e3
718eabc8e5021f3c597693b0cdea0724415e7b98b5d2ef0c294663809dbad7f4
829fbcd9f613304d6a87a4c1defb1835526f8ca9c6e3001d3a577491aecbe805
93b0cdea0724415e7b98b5d2ef0c294663809dbad7f4112e4b6885a2bfdcf916
a4c1defb1835526f8ca9c6e3001d3a577491aecbe805223f5c7996b3d0ed0a27
b5d2ef0c294663809dbad7f4112e4b6885a2bfdcf91633506d8aa7c4e1fe1b38
c6e3001d3a577491aecbe805223f5c7996b3d0ed0a2744617e9bb8d5f20f2c49
d7f4112e4b6885a2bfdcf91633506d8aa7c4e1fe1b3855728facc9e603203d5a
e805223f5c7996b3d0ed0a2744617e9bb8d5f20f2c496683a0bddaf714314e6b
f91633506d8aa7c4e1fe1b3855728facc9e603203d5a7794b1ceeb0825425f7c
0a2744617e9bb8d5f20f2c496683a0bddaf714314e6b88a5c2dffc193653708d
1b3855728facc9e603203d5a7794b1ceeb0825425f7c99b6d3f00d2a4764819e
2c496683a0bddaf714314e6b88a5c2dffc193653708daac7e4011e3b587592af
3d5a7794b1ceeb0825425f7c99b6d3f00d2a4764819ebbd8f5122f4c6986a3c0
4e6b88a5c2dffc193653708daac7e4011e3b587592afcce90623405d7a97b4d1
5f7c99b6d3f00d2a4764819ebbd8f5122f4c6986a3c0ddfa1734516e8ba8c5e2
708daac7e4011e3b587592afcce90623405d7a97b4d1ee0b2845627f9cb9d6f3
819ebbd8f5122f4c6986a3c0ddfa1734516e8ba8c5e2ff1c39567390adcae704
92afcce90623405d7a97b4d1ee0b2845627f9cb9d6f3102d4a6784a1bedbf815
a3c0ddfa1734516e8ba8c5e2ff1c39567390adcae704213e5b7895b2cfec0926
b4d1ee0b2845627f9cb9d6f3102d4a6784a1bedbf815324f6c89a6c3e0fd1a37
c5e2ff1c39567390adcae704213e5b7895b2cfec092643607d9ab7d4f10e2b48
d6f3102d4a6784a1bedbf815324f6c89a6c3e0fd1a3754718eabc8e5021f3c59
e704213e5b7895b2cfec092643607d9ab7d4f10e2b4865829fbcd9f613304d6a
f815324f6c89a6c3e0fd1a3754718eabc8e5021f3c597693b0cdea0724415e7b
092643607d9ab7d4f10e2b4865829fbcd9f613304d6a87a4c1defb1835526f8c
1a3754718eabc8e5021f3c597693b0cdea0724415e7b98b5d2ef0c294663809d
2b4865829fbcd9f613304d6a87a4c1defb1835526f8ca9c6e3001d3a577491ae
3c597693b0cdea0724415e7b98b5d2ef0c294663809dbad7f4112e4b6885a2bf
4d6a87a4c1defb1835526f8ca9c6e3001d3a577491aecbe805223f5c7996b3d0
5e7b98b5d2ef0c294663809dbad7f4112e4b6885a2bfdcf91633506d8aa7c4e1
6f8ca9c6e3001d3a577491aecbe805223f5c7996b3d0ed0a2744617e9bb8d5f2
809dbad7f4112e4b6885a2bfdcf91633506d8aa7c4e1fe1b3855728facc9e603
91aecbe805223f5c7996b3d0ed0a2744617e9bb8d5f20f2c496683a0bddaf714
a2bfdcf91633506d8aa7c4e1fe1b3855728facc9e603203d5a7794b1ceeb0825
b3d0ed0a2744617e9bb8d5f20f2c496683a0bddaf714314e6b88a5c2dffc1936
c4e1fe1b3855728facc9e603203d5a7794b1ceeb0825425f7c99b6d3f00d2a47
d5f20f2c496683a0bddaf714314e6b88a5c2dffc193653708daac7e4011e3b58
e603203d5a7794b1ceeb0825425f7c99b6d3f00d2a4764819ebbd8f5122f4c69
f714314e6b88a5c2dffc193653708daac7e4011e3b587592afcce90623405d7a
0825425f7c99b6d3f00d2a4764819ebbd8f5122f4c6986a3c0ddfa1734516e8b
193653708daac7e4011e3b587592afcce90623405d7a97b4d1ee0b2845627f9c
2a4764819ebbd8f5122f4c6986a3c0ddfa1734516e8ba8c5e2ff1c39567390ad
3b587592afcce90623405d7a97b4d1ee0b2845627f9cb9d6f3102d4a6784a1be
4c6986a3c0ddfa1734516e8ba8c5e2ff1c39567390adcae704213e5b7895b2cf
5d7a97b4d1ee0b2845627f9cb9d6f3102d4a6784a1bedbf815324f6c89a6c3e0
6e8ba8c5e2ff1c39567390adcae704213e5b7895b2cfec092643607d9ab7d4f1
7f9cb9d6f3102d4a6784a1bedbf815324f6c89a6c3e0fd1a3754718eabc8e502
90adcae704213e5b7895b2cfec092643607d9ab7d4f10e2b4865829fbcd9f613
a1bedbf815324f6c89a6c3e0fd1a3754718eabc8e5021f3c597693b0cdea0724
b2cfec092643607d9ab7d4f10e2b4865829fbcd9f613304d6a87a4c1defb1835
c3e0fd1a3754718eabc8e5021f3c597693b0cdea0724415e7b98b5d2ef0c2946
d4f10e2b4865829fbcd9f613304d6a87a4c1defb1835526f8ca9c6e3001d3a57
e5021f3c597693b0cdea0724415e7b98b5d2ef0c294663809dbad7f4112e4b68
f613304d6a87a4c1defb1835526f8ca9c6e3001d3a577491aecbe805223f5c79
0724415e7b98b5d2ef0c294663809dbad7f4112e4b6885a2bfdcf91633506d8a
1835526f8ca9c6e3001d3a577491aecbe805223f5c7996b3d0ed0a2744617e9b
294663809dbad7f4112e4b6885a2bfdcf91633506d8aa7c4e1fe1b3855728fac
3a577491aecbe805223f5c7996b3d0ed0a2744617e9bb8d5f20f2c496683a0bd
4b6885a2bfdcf91633506d8aa7c4e1fe1b3855728facc9e603203d5a7794b1ce
5c7996b3d0ed0a2744617e9bb8d5f20f2c496683a0bddaf714314e6b88a5c2df
6d8aa7c4e1fe1b3855728facc9e603203d5a7794b1ceeb0825425f7c99b6d3f0
7e9bb8d5f20f2c496683a0bddaf714314e6b88a5c2dffc193653708daac7e401
8facc9e603203d5a7794b1ceeb0825425f7c99b6d3f00d2a4764819ebbd8f512
a0bddaf714314e6b88a5c2dffc193653708daac7e4011e3b587592afcce90623
b1ceeb0825425f7c99b6d3f00d2a4764819ebbd8f5122f4c6986a3c0ddfa1734
c2dffc193653708daac7e4011e3b587592afcce90623405d7a97b4d1ee0b2845
d3f00d2a4764819ebbd8f5122f4c6986a3c0ddfa1734516e8ba8c5e2ff1c3956
e4011e3b587592afcce90623405d7a97b4d1ee0b2845627f9cb9d6f3102d4a67
f5122f4c6986a3c0ddfa1734516e8ba8c5e2ff1c39567390adcae704213e5b78
0623405d7a97b4d1ee0b2845627f9cb9d6f3102d4a6784a1bedbf815324f6c89
1734516e8ba8c5e2ff1c39567390adcae704213e5b7895b2cfec092643607d9a
2845627f9cb9d6f3102d4a6784a1bedbf815324f6c89a6c3e0fd1a3754718eab
39567390adcae704213e5b7895b2cfec092643607d9ab7d4f10e2b4865829fbc
4a6784a1bedbf815324f6c89a6c3e0fd1a3754718eabc8e5021f3c597693b0cd
5b7895b2cfec092643607d9ab7d4f10e2b4865829fbcd9f613304d6a87a4c1de
6c89a6c3e0fd1a3754718eabc8e5021f3c597693b0cdea0724415e7b98b5d2ef
7d9ab7d4f10e2b4865829fbcd9f613304d6a87a4c1defb1835526f8ca9c6e300
8eabc8e5021f3c597693b0cdea0724415e7b98b5d2ef0c294663809dbad7f411
9fbcd9f613304d6a87a4c1defb1835526f8ca9c6e3001d3a577491aecbe80522
b0cdea0724415e7b98b5d2ef0c294663809dbad7f4112e4b6885a2bfdcf91633
c1defb1835526f8ca9c6e3001d3a577491aecbe805223f5c7996b3d0ed0a2744
d2ef0c294663809dbad7f4112e4b6885a2bfdcf91633506d8aa7c4e1fe1b3855
e3001d3a577491aecbe805223f5c7996b3d0ed0a2744617e9bb8d5f20f2c4966
f4112e4b6885a2bfdcf91633506d8aa7c4e1fe1b3855728facc9e603203d5a77
05223f5c7996b3d0ed0a2744617e9bb8d5f20f2c496683a0bddaf714314e6b88
1633506d8aa7c4e1fe1b3855728facc9e603203d5a7794b1ceeb0825425f7c99
2744617e9bb8d5f20f2c496683a0bddaf714314e6b88a5c2dffc193653708daa
3855728facc9e603203d5a7794b1ceeb0825425f7c99b6d3f00d2a4764819ebb
496683a0bddaf714314e6b88a5c2dffc193653708daac7e4011e3b587592afcc
5a7794b1ceeb0825425f7c99b6d3f00d2a4764819ebbd8f5122f4c6986a3c0dd
6b88a5c2dffc193653708daac7e4011e3b587592afcce90623405d7a97b4d1ee
7c99b6d3f00d2a4764819ebbd8f5122f4c6986a3c0ddfa1734516e8ba8c5e2ff
8daac7e4011e3b587592afcce90623405d7a97b4d1ee0b2845627f9cb9d6f310
9ebbd8f5122f4c6986a3c0ddfa1734516e8ba8c5e2ff1c39567390adcae70421
afcce90623405d7a97b4d1ee0b2845627f9cb9d6f3102d4a6784a1bedbf81532
c0ddfa1734516e8ba8c5e2ff1c39567390adcae704213e5b7895b2cfec092643
d1ee0b2845627f9cb9d6f3102d4a6784a1bedbf815324f6c89a6c3e0fd1a3754
e2ff1c39567390adcae704213e5b7895b2cfec092643607d9ab7d4f10e2b4865
f3102d4a6784a1bedbf815324f6c89a6c3e0fd1a3754718eabc8e5021f3c5976
04213e5b7895b2cfec092643607d9ab7d4f10e2b4865829fbcd9f613304d6a87
15324f6c89a6c3e0fd1a3754718eabc8e5021f3c597693b0cdea0724415e7b98
2643607d9ab7d4f10e2b4865829fbcd9f613304d6a87a4c1defb1835526f8ca9
3754718eabc8e5021f3c597693b0cdea0724415e7b98b5d2ef0c294663809dba
4865829fbcd9f613304d6a87a4c1defb1835526f8ca9c6e3001d3a577491aecb
597693b0cdea0724415e7b98b5d2ef0c294663809dbad7f4112e4b6885a2bfdc
6a87a4c1defb1835526f8ca9c6e3001d3a577491aecbe805223f5c7996b3d0ed
7b98b5d2ef0c294663809dbad7f4112e4b6885a2bfdcf91633506d8aa7c4e1fe
8ca9c6e3001d3a577491aecbe805223f5c7996b3d0ed0a2744617e9bb8d5f20f
9dbad7f4112e4b6885a2bfdcf91633506d8aa7c4e1fe1b3855728facc9e60320
aecbe805223f5c7996b3d0ed0a2744617e9bb8d5f20f2c496683a0bddaf71431
bfdcf91633506d8aa7c4e1fe1b3855728facc9e603203d5a7794b1ceeb082542
d0ed0a2744617e9bb8d5f20f2c496683a0bddaf714314e6b88a5c2dffc193653
e1fe1b3855728facc9e603203d5a7794b1ceeb0825425f7c99b6d3f00d2a4764
f20f2c496683a0bddaf714314e6b88a5c2dffc193653708daac7e4011e3b5875
03203d5a7794b1ceeb0825425f7c99b6d3f00d2a4764819ebbd8f5122f4c6986
14314e6b88a5c2dffc193653708daac7e4011e3b587592afcce90623405d7a97
25425f7c99b6d3f00d2a4764819ebbd8f5122f4c6986a3c0ddfa1734516e8ba8
3653708daac7e4011e3b587592afcce90623405d7a97b4d1ee0b2845627f9cb9
4764819ebbd8f5122f4c6986a3c0ddfa1734516e8ba8c5e2ff1c39567390adca
587592afcce90623405d7a97b4d1ee0b2845627f9cb9d6f3102d4a6784a1bedb
6986a3c0ddfa1734516e8ba8c5e2ff1c39567390adcae704213e5b7895b2cfec
7a97b4d1ee0b2845627f9cb9d6f3102d4a6784a1bedbf815324f6c89a6c3e0fd
8ba8c5e2ff1c39567390adcae704213e5b7895b2cfec092643607d9ab7d4f10e
9cb9d6f3102d4a6784a1bedbf815324f6c89a6c3e0fd1a3754718eabc8e5021f
adcae704213e5b7895b2cfec092643607d9ab7d4f10e2b4865829fbcd9f61330
bedbf815324f6c89a6c3e0fd1a3754718eabc8e5021f3c597693b0cdea072441
cfec092643607d9ab7d4f10e2b4865829fbcd9f613304d6a87a4c1defb183552
e0fd1a3754718eabc8e5021f3c597693b0cdea0724415e7b98b5d2ef0c294663
f10e2b4865829fbcd9f613304d6a87a4c1defb1835526f8ca9c6e3001d3a5774
021f3c597693b0cdea0724415e7b98b5d2ef0c294663809dbad7f4112e4b6885
13304d6a87a4c1defb1835526f8ca9c6e3001d3a577491aecbe805223f5c7996
24415e7b98b5d2ef0c294663809dbad7f4112e4b6885a2bfdcf91633506d8aa7
35526f8ca9c6e3001d3a577491aecbe805223f5c7996b3d0ed0a2744617e9bb8
4663809dbad7f4112e4b6885a2bfdcf91633506d8aa7c4e1fe1b3855728facc9
577491aecbe805223f5c7996b3d0ed0a2744617e9bb8d5f20f2c496683a0bdda
6885a2bfdcf91633506d8aa7c4e1fe1b3855728facc9e603203d5a7794b1ceeb
7996b3d0ed0a2744617e9bb8d5f20f2c496683a0bddaf714314e6b88a5c2dffc
8aa7c4e1fe1b3855728facc9e603203d5a7794b1ceeb0825425f7c99b6d3f00d
9bb8d5f20f2c496683a0bddaf714314e6b88a5c2dffc193653708daac7e4011e
acc9e603203d5a7794b1ceeb0825425f7c99b6d3f00d2a4764819ebbd8f5122f
bddaf714314e6b88a5c2dffc193653708daac7e4011e3b587592afcce9062340
ceeb0825425f7c99b6d3f00d2a4764819ebbd8f5122f4c6986a3c0ddfa173451
dffc193653708daac7e4011e3b587592afcce90623405d7a97b4d1ee0b284562
f00d2a4764819ebbd8f5122f4c6986a3c0ddfa1734516e8ba8c5e2ff1c395673
011e3b587592afcce90623405d7a97b4d1ee0b2845627f9cb9d6f3102d4a6784
122f4c6986a3c0ddfa1734516e8ba8c5e2ff1c39567390adcae704213e5b7895
23405d7a97b4d1ee0b2845627f9cb9d6f3102d4a6784a1bedbf815324f6c89a6
34516e8ba8c5e2ff1c39567390adcae704213e5b7895b2cfec092643607d9ab7
45627f9cb9d6f3102d4a6784a1bedbf815324f6c89a6c3e0fd1a3754718eabc8
567390adcae704213e5b7895b2cfec092643607d9ab7d4f10e2b4865829fbcd9
6784a1bedbf815324f6c89a6c3e0fd1a3754718eabc8e5021f3c597693b0cdea
7895b2cfec092643607d9ab7d4f10e2b4865829fbcd9f613304d6a87a4c1defb
89a6c3e0fd1a3754718eabc8e5021f3c597693b0cdea0724415e7b98b5d2ef0c
9ab7d4f10e2b4865829fbcd9f613304d6a87a4c1defb1835526f8ca9c6e3001d
abc8e5021f3c597693b0cdea0724415e7b98b5d2ef0c294663809dbad7f4112e
bcd9f613304d6a87a4c1defb1835526f8ca9c6e3001d3a577491aecbe805223f
cdea0724415e7b98b5d2ef0c294663809dbad7f4112e4b6885a2bfdcf9163350
defb1835526f8ca9c6e3001d3a577491aecbe805223f5c7996b3d0ed0a274461
ef0c294663809dbad7f4112e4b6885a2bfdcf91633506d8aa7c4e1fe1b385572
001d3a577491aecbe805223f5c7996b3d0ed0a2744617e9bb8d5f20f2c496683
112e4b6885a2bfdcf91633506d8aa7c4e1fe1b3855728facc9e603203d5a7794
223f5c7996b3d0ed0a2744617e9bb8d5f20f2c496683a0bddaf714314e6b88a5
33506d8aa7c4e1fe1b3855728facc9e603203d5a7794b1ceeb0825425f7c99b6
44617e9bb8d5f20f2c496683a0bddaf714314e6b88a5c2dffc193653708daac7
55728facc9e603203d5a7794b1ceeb0825425f7c99b6d3f00d2a4764819ebbd8
6683a0bddaf714314e6b88a5c2dffc193653708daac7e4011e3b587592afcce9
7794b1ceeb0825425f7c99b6d3f00d2a4764819ebbd8f5122f4c6986a3c0ddfa
88a5c2dffc193653708daac7e4011e3b587592afcce90623405d7a97b4d1ee0b
99b6d3f00d2a4764819ebbd8f5122f4c6986a3c0ddfa1734516e8ba8c5e2ff1c
aac7e4011e3b587592afcce90623405d7a97b4d1ee0b2845627f9cb9d6f3102d
bbd8f5122f4c6986a3c0ddfa1734516e8ba8c5e2ff1c39567390adcae704213e
cce90623405d7a97b4d1ee0b2845627f9cb9d6f3102d4a6784a1bedbf815324f
ddfa1734516e8ba8c5e2ff1c39567390adcae704213e5b7895b2cfec09264360
ee0b2845627f9cb9d6f3102d4a6784a1bedbf815324f6c89a6c3e0fd1a375471
ff1c39567390adcae704213e5b7895b2cfec092643607d9ab7d4f10e2b486582
102d4a6784a1bedbf815324f6c89a6c3e0fd1a3754718eabc8e5021f3c597693
213e5b7895b2cfec092643607d9ab7d4f10e2b4865829fbcd9f613304d6a87a4
324f6c89a6c3e0fd1a3754718eabc8e5021f3c597693b0cdea0724415e7b98b5
43607d9ab7d4f10e2b4865829fbcd9f613304d6a87a4c1defb1835526f8ca9c6
54718eabc8e5021f3c597693b0cdea0724415e7b98b5d2ef0c294663809dbad7
65829fbcd9f613304d6a87a4c1defb1835526f8ca9c6e3001d3a577491aecbe8
7693b0cdea0724415e7b98b5d2ef0c294663809dbad7f4112e4b6885a2bfdcf9
87a4c1defb1835526f8ca9c6e3001d3a577491aecbe805223f5c7996b3d0ed0a
98b5d2ef0c294663809dbad7f4112e4b6885a2bfdcf91633506d8aa7c4e1fe1b
a9c6e3001d3a577491aecbe805223f5c7996b3d0ed0a2744617e9bb8d5f20f2c
bad7f4112e4b6885a2bfdcf91633506d8aa7c4e1fe1b3855728facc9e603203d
cbe805223f5c7996b3d0ed0a2744617e9bb8d5f20f2c496683a0bddaf714314e
dcf91633506d8aa7c4e1fe1b3855728facc9e603203d5a7794b1ceeb0825425f
ed0a2744617e9bb8d5f20f2c496683a0bddaf714314e6b88a5c2dffc19365370
fe1b3855728facc9e603203d5a7794b1ceeb0825425f7c99b6d3f00d2a476481
0f2c496683a0bddaf714314e6b88a5c2dffc193653708daac7e4011e3b587592
203d5a7794b1ceeb0825425f7c99b6d3f00d2a4764819ebbd8f5122f4c6986a3
314e6b88a5c2dffc193653708daac7e4011e3b587592afcce90623405d7a97b4
425f7c99b6d3f00d2a4764819ebbd8f5122f4c6986a3c0ddfa1734516e8ba8c5
53708daac7e4011e3b587592afcce90623405d7a97b4d1ee0b2845627f9cb9d6
64819ebbd8f5122f4c6986a3c0ddfa1734516e8ba8c5e2ff1c39567390adcae7
7592afcce90623405d7a97b4d1ee0b2845627f9cb9d6f3102d4a6784a1bedbf8
86a3c0ddfa1734516e8ba8c5e2ff1c39567390adcae704213e5b7895b2cfec09
97b4d1ee0b2845627f9cb9d6f3102d4a6784a1bedbf815324f6c89a6c3e0fd1a
a8c5e2ff1c39567390adcae704213e5b7895b2cfec092643607d9ab7d4f10e2b
b9d6f3102d4a6784a1bedbf815324f6c89a6c3e0fd1a3754718eabc8e5021f3c
cae704213e5b7895b2cfec092643607d9ab7d4f10e2b4865829fbcd9f613304d
dbf815324f6c89a6c3e0fd1a3754718eabc8e5021f3c597693b0cdea0724415e
ec092643607d9ab7d4f10e2b4865829fbcd9f613304d6a87a4c1defb1835526f
fd1a3754718eabc8e5021f3c597693b0cdea0724415e7b98b5d2ef0c29466380
0e2b4865829fbcd9f613304d6a87a4c1defb1835526f8ca9c6e3001d3a577491
1f3c597693b0cdea0724415e7b98b5d2ef0c294663809dbad7f4112e4b6885a2
304d6a87a4c1defb1835526f8ca9c6e3001d3a577491aecbe805223f5c7996b3
415e7b98b5d2ef0c294663809dbad7f4112e4b6885a2bfdcf91633506d8aa7c4
526f8ca9c6e3001d3a577491aecbe805223f5c7996b3d0ed0a2744617e9bb8d5
63809dbad7f4112e4b6885a2bfdcf91633506d8aa7c4e1fe1b3855728facc9e6
7491aecbe805223f5c7996b3d0ed0a2744617e9bb8d5f20f2c496683a0bddaf7
85a2bfdcf91633506d8aa7c4e1fe1b3855728facc9e603203d5a7794b1ceeb08
96b3d0ed0a2744617e9bb8d5f20f2c496683a0bddaf714314e6b88a5c2dffc19
a7c4e1fe1b3855728facc9e603203d5a7794b1ceeb0825425f7c99b6d3f00d2a
b8d5f20f2c496683a0bddaf714314e6b88a5c2dffc193653708daac7e4011e3b
c9e603203d5a7794b1ceeb0825425f7c99b6d3f00d2a4764819ebbd8f5122f4c
daf714314e6b88a5c2dffc193653708daac7e4011e3b587592afcce90623405d
eb0825425f7c99b6d3f00d2a4764819ebbd8f5122f4c6986a3c0ddfa1734516e
fc193653708daac7e4011e3b587592afcce90623405d7a97b4d1ee0b2845627f
0d2a4764819ebbd8f5122f4c6986a3c0ddfa1734516e8ba8c5e2ff1c39567390
1e3b587592afcce90623405d7a97b4d1ee0b2845627f9cb9d6f3102d4a6784a1
2f4c6986a3c0ddfa1734516e8ba8c5e2ff1c39567390adcae704213e5b7895b2
405d7a97b4d1ee0b2845627f9cb9d6f3102d4a6784a1bedbf815324f6c89a6c3
516e8ba8c5e2ff1c39567390adcae704213e5b7895b2cfec092643607d9ab7d4
627f9cb9d6f3102d4a6784a1bedbf815324f6c89a6c3e0fd1a3754718eabc8e5
7390adcae704213e5b7895b2cfec092643607d9ab7d4f10e2b4865829fbcd9f6
84a1bedbf815324f6c89a6c3e0fd1a3754718eabc8e5021f3c597693b0cdea07
95b2cfec092643607d9ab7d4f10e2b4865829fbcd9f613304d6a87a4c1defb18
a6c3e0fd1a3754718eabc8e5021f3c597693b0cdea0724415e7b98b5d2ef0c29
b7d4f10e2b4865829fbcd9f613304d6a87a4c1defb1835526f8ca9c6e3001d3a
c8e5021f3c597693b0cdea0724415e7b98b5d2ef0c294663809dbad7f4112e4b
d9f613304d6a87a4c1defb1835526f8ca9c6e3001d3a577491aecbe805223f5c
ea0724415e7b98b5d2ef0c294663809dbad7f4112e4b6885a2bfdcf91633506d
fb1835526f8ca9c6e3001d3a577491aecbe805223f5c7996b3d0ed0a2744617e
0c294663809dbad7f4112e4b6885a2bfdcf91633506d8aa7c4e1fe1b3855728f
1d3a577491aecbe805223f5c7996b3d0ed0a2744617e9bb8d5f20f2c496683a0
2e4b6885a2bfdcf91633506d8aa7c4e1fe1b3855728facc9e603203d5a7794b1
3f5c7996b3d0ed0a2744617e9bb8d5f20f2c496683a0bddaf714314e6b88a5c2
506d8aa7c4e1fe1b3855728facc9e603203d5a7794b1ceeb0825425f7c99b6d3
617e9bb8d5f20f2c496683a0bddaf714314e6b88a5c2dffc193653708daac7e4
728facc9e603203d5a7794b1ceeb0825425f7c99b6d3f00d2a4764819ebbd8f5
83a0bddaf714314e6b88a5c2dffc193653708daac7e4011e3b587592afcce906
94b1ceeb0825425f7c99b6d3f00d2a4764819ebbd8f5122f4c6986a3c0ddfa17
a5c2dffc193653708daac7e4011e3b587592afcce90623405d7a97b4d1ee0b28
b6d3f00d2a4764819ebbd8f5122f4c6986a3c0ddfa1734516e8ba8c5e2ff1c39
c7e4011e3b587592afcce90623405d7a97b4d1ee0b2845627f9cb9d6f3102d4a
d8f5122f4c6986a3c0ddfa1734516e8ba8c5e2ff1c39567390adcae704213e5b
e90623405d7a97b4d1ee0b2845627f9cb9d6f3102d4a6784a1bedbf815324f6c
fa1734516e8ba8c5e2ff1c39567390adcae704213e5b7895b2cfec092643607d
0b2845627f9cb9d6f3102d4a6784a1bedbf815324f6c89a6c3e0fd1a3754718e
1c39567390adcae704213e5b7895b2cfec092643607d9ab7d4f10e2b4865829f
2d4a6784a1bedbf815324f6c89a6c3e0fd1a3754718eabc8e5021f3c597693b0
3e5b7895b2cfec092643607d9ab7d4f10e2b4865829fbcd9f613304d6a87a4c1
4f6c89a6c3e0fd1a3754718eabc8e5021f3c597693b0cdea0724415e7b98b5d2
607d9ab7d4f10e2b4865829fbcd9f613304d6a87a4c1defb1835526f8ca9c6e3
718eabc8e5021f3c597693b0cdea0724415e7b98b5d2ef0c294663809dbad7f4
829fbcd9f613304d6a87a4c1defb1835526f8ca9c6e3001d3a577491aecbe805
93b0cdea0724415e7b98b5d2ef0c294663809dbad7f4112e4b6885a2bfdcf916
a4c1defb1835526f8ca9c6e3001d3a577491aecbe805223f5c7996b3d0ed0a27
b5d2ef0c294663809dbad7f4112e4b6885a2bfdcf91633506d8aa7c4e1fe1b38
c6e3001d3a577491aecbe805223f5c7996b3d0ed0a2744617e9bb8d5f20f2c49
d7f4112e4b6885a2bfdcf91633506d8aa7c4e1fe1b3855728facc9e603203d5a
e805223f5c7996b3d0ed0a2744617e9bb8d5f20f2c496683a0bddaf714314e6b
f91633506d8aa7c4e1fe1b3855728facc9e603203d5a7794b1ceeb0825425f7c
0a2744617e9bb8d5f20f2c496683a0bddaf714314e6b88a5c2dffc193653708d
1b3855728facc9e603203d5a7794b1ceeb0825425f7c99b6d3f00d2a4764819e
2c496683a0bddaf714314e6b88a5c2dffc193653708daac7e4011e3b587592af
3d5a7794b1ceeb0825425f7c99b6d3f00d2a4764819ebbd8f5122f4c6986a3c0
4e6b88a5c2dffc193653708daac7e4011e3b587592afcce90623405d7a97b4d1
5f7c99b6d3f00d2a4764819ebbd8f5122f4c6986a3c0ddfa1734516e8ba8c5e2
708daac7e4011e3b587592afcce90623405d7a97b4d1ee0b2845627f9cb9d6f3
819ebbd8f5122f4c6986a3c0ddfa1734516e8ba8c5e2ff1c39567390adcae704
92afcce90623405d7a97b4d1ee0b2845627f9cb9d6f3102d4a6784a1bedbf815
a3c0ddfa1734516e8ba8c5e2ff1c39567390adcae704213e5b7895b2cfec0926
b4d1ee0b2845627f9cb9d6f3102d4a6784a1bedbf815324f6c89a6c3e0fd1a37
c5e2ff1c39567390adcae704213e5b7895b2cfec092643607d9ab7d4f10e2b48
d6f3102d4a6784a1bedbf815324f6c89a6c3e0fd1a3754718eabc8e5021f3c59
e704213e5b7895b2cfec092643607d9ab7d4f10e2b4865829fbcd9f613304d6a
f815324f6c89a6c3e0fd1a3754718eabc8e5021f3c597693b0cdea0724415e7b
092643607d9ab7d4f10e2b4865829fbcd9f613304d6a87a4c1defb1835526f8c
1a3754718eabc8e5021f3c597693b0cdea0724415e7b98b5d2ef0c294663809d
2b4865829fbcd9f613304d6a87a4c1defb1835526f8ca9c6e3001d3a577491ae
3c597693b0cdea0724415e7b98b5d2ef0c294663809dbad7f4112e4b6885a2bf
4d6a87a4c1defb1835526f8ca9c6e3001d3a577491aecbe805223f5c7996b3d0
5e7b98b5d2ef0c294663809dbad7f4112e4b6885a2bfdcf91633506d8aa7c4e1
6f8ca9c6e3001d3a577491aecbe805223f5c7996b3d0ed0a2744617e9bb8d5f2
809dbad7f4112e4b6885a2bfdcf91633506d8aa7c4e1fe1b3855728facc9e603
91aecbe805223f5c7996b3d0ed0a2744617e9bb8d5f20f2c496683a0bddaf714
a2bfdcf91633506d8aa7c4e1fe1b3855728facc9e603203d5a7794b1ceeb0825
b3d0ed0a2744617e9bb8d5f20f2c496683a0bddaf714314e6b88a5c2dffc1936
c4e1fe1b3855728facc9e603203d5a7794b1ceeb0825425f7c99b6d3f00d2a47
d5f20f2c496683a0bddaf714314e6b88a5c2dffc193653708daac7e4011e3b58
e603203d5a7794b1ceeb0825425f7c99b6d3f00d2a4764819ebbd8f5122f4c69
f714314e6b88a5c2dffc193653708daac7e4011e3b587592afcce90623405d7a
0825425f7c99b6d3f00d2a4764819ebbd8f5122f4c6986a3c0ddfa1734516e8b
193653708daac7e4011e3b587592afcce90623405d7a97b4d1ee0b2845627f9c
2a4764819ebbd8f5122f4c6986a3c0ddfa1734516e8ba8c5e2ff1c39567390ad
3b587592afcce90623405d7a97b4d1ee0b2845627f9cb9d6f3102d4a6784a1be
4c6986a3c0ddfa1734516e8ba8c5e2ff1c39567390adcae704213e5b7895b2cf
5d7a97b4d1ee0b2845627f9cb9d6f3102d4a6784a1bedbf815324f6c89a6c3e0
6e8ba8c5e2ff1c39567390adcae704213e5b7895b2cfec092643607d9ab7d4f1
7f9cb9d6f3102d4a6784a1bedbf815324f6c89a6c3e0fd1a3754718eabc8e502
90adcae704213e5b7895b2cfec092643607d9ab7d4f10e2b4865829fbcd9f613
a1bedbf815324f6c89a6c3e0fd1a3754718eabc8e5021f3c597693b0cdea0724
b2cfec092643607d9ab7d4f10e2b4865829fbcd9f613304d6a87a4c1defb1835
c3e0fd1a3754718eabc8e5021f3c597693b0cdea0724415e7b98b5d2ef0c2946
d4f10e2b4865829fbcd9f613304d6a87a4c1defb1835526f8ca9c6e3001d3a57
e5021f3c597693b0cdea0724415e7b98b5d2ef0c294663809dbad7f4112e4b68
f613304d6a87a4c1defb1835526f8ca9c6e3001d3a577491aecbe805223f5c79
0724415e7b98b5d2ef0c294663809dbad7f4112e4b6885a2bfdcf91633506d8a
1835526f8ca9c6e3001d3a577491aecbe805223f5c7996b3d0ed0a2744617e9b
294663809dbad7f4112e4b6885a2bfdcf91633506d8aa7c4e1fe1b3855728fac
3a577491aecbe805223f5c7996b3d0ed0a2744617e9bb8d5f20f2c496683a0bd
4b6885a2bfdcf91633506d8aa7c4e1fe1b3855728facc9e603203d5a7794b1ce
5c7996b3d0ed0a2744617e9bb8d5f20f2c496683a0bddaf714314e6b88a5c2df
6d8aa7c4e1fe1b3855728facc9e603203d5a7794b1ceeb0825425f7c99b6d3f0
7e9bb8d5f20f2c496683a0bddaf714314e6b88a5c2dffc193653708daac7e401
8facc9e603203d5a7794b1ceeb0825425f7c99b6d3f00d2a4764819ebbd8f512
a0bddaf714314e6b88a5c2dffc193653708daac7e4011e3b587592afcce90623
b1ceeb0825425f7c99b6d3f00d2a4764819ebbd8f5122f4c6986a3c0ddfa1734
c2dffc193653708daac7e4011e3b587592afcce90623405d7a97b4d1ee0b2845
d3f00d2a4764819ebbd8f5122f4c6986a3c0ddfa1734516e8ba8c5e2ff1c3956
e4011e3b587592afcce90623405d7a97b4d1ee0b2845627f9cb9d6f3102d4a67
f5122f4c6986a3c0ddfa1734516e8ba8c5e2ff1c39567390adcae704213e5b78
0623405d7a97b4d1ee0b2845627f9cb9d6f3102d4a6784a1bedbf815324f6c89
1734516e8ba8c5e2ff1c39567390adcae704213e5b7895b2cfec092643607d9a
2845627f9cb9d6f3102d4a6784a1bedbf815324f6c89a6c3e0fd1a3754718eab
39567390adcae704213e5b7895b2cfec092643607d9ab7d4f10e2b4865829fbc
4a6784a1bedbf815324f6c89a6c3e0fd1a3754718eabc8e5021f3c597693b0cd
5b7895b2cfec092643607d9ab7d4f10e2b4865829fbcd9f613304d6a87a4c1de
6c89a6c3e0fd1a3754718eabc8e5021f3c597693b0cdea0724415e7b98b5d2ef
7d9ab7d4f10e2b4865829fbcd9f613304d6a87a4c1defb1835526f8ca9c6e300
8eabc8e5021f3c597693b0cdea0724415e7b98b5d2ef0c294663809dbad7f411
9fbcd9f613304d6a87a4c1defb1835526f8ca9c6e3001d3a577491aecbe80522
b0cdea0724415e7b98b5d2ef0c294663809dbad7f4112e4b6885a2bfdcf91633
c1defb1835526f8ca9c6e3001d3a577491aecbe805223f5c7996b3d0ed0a2744
d2ef0c294663809dbad7f4112e4b6885a2bfdcf91633506d8aa7c4e1fe1b3855
e3001d3a577491aecbe805223f5c7996b3d0ed0a2744617e9bb8d5f20f2c4966
f4112e4b6885a2bfdcf91633506d8aa7c4e1fe1b3855728facc9e603203d5a77
05223f5c7996b3d0ed0a2744617e9bb8d5f20f2c496683a0bddaf714314e6b88
1633506d8aa7c4e1fe1b3855728facc9e603203d5a7794b1ceeb0825425f7c99
2744617e9bb8d5f20f2c496683a0bddaf714314e6b88a5c2dffc193653708daa
3855728facc9e603203d5a7794b1ceeb0825425f7c99b6d3f00d2a4764819ebb
496683a0bddaf714314e6b88a5c2dffc193653708daac7e4011e3b587592afcc
5a7794b1ceeb0825425f7c99b6d3f00d2a4764819ebbd8f5122f4c6986a3c0dd
6b88a5c2dffc193653708daac7e4011e3b587592afcce90623405d7a97b4d1ee
7c99b6d3f00d2a4764819ebbd8f5122f4c6986a3c0ddfa1734516e8ba8c5e2ff
8daac7e4011e3b587592afcce90623405d7a97b4d1ee0b2845627f9cb9d6f310
9ebbd8f5122f4c6986a3c0ddfa1734516e8ba8c5e2ff1c39567390adcae70421
afcce90623405d7a97b4d1ee0b2845627f9cb9d6f3102d4a6784a1bedbf81532
c0ddfa1734516e8ba8c5e2ff1c39567390adcae704213e5b7895b2cfec092643
d1ee0b2845627f9cb9d6f3102d4a6784a1bedbf815324f6c89a6c3e0fd1a3754
e2ff1c39567390adcae704213e5b7895b2cfec092643607d9ab7d4f10e2b4865
f3102d4a6784a1bedbf815324f6c89a6c3e0fd1a3754718eabc8e5021f3c5976
04213e5b7895b2cfec092643607d9ab7d4f10e2b4865829fbcd9f613304d6a87
15324f6c89a6c3e0fd1a3754718eabc8e5021f3c597693b0cdea0724415e7b98
2643607d9ab7d4f10e2b4865829fbcd9f613304d6a87a4c1defb1835526f8ca9
3754718eabc8e5021f3c597693b0cdea0724415e7b98b5d2ef0c294663809dba
4865829fbcd9f613304d6a87a4c1defb1835526f8ca9c6e3001d3a577491aecb
597693b0cdea0724415e7b98b5d2ef0c294663809dbad7f4112e4b6885a2bfdc
6a87a4c1defb1835526f8ca9c6e3001d3a577491aecbe805223f5c7996b3d0ed
7b98b5d2ef0c294663809dbad7f4112e4b6885a2bfdcf91633506d8aa7c4e1fe
8ca9c6e3001d3a577491aecbe805223f5c7996b3d0ed0a2744617e9bb8d5f20f
9dbad7f4112e4b6885a2bfdcf91633506d8aa7c4e1fe1b3855728facc9e60320
aecbe805223f5c7996b3d0ed0a2744617e9bb8d5f20f2c496683a0bddaf71431
bfdcf91633506d8aa7c4e1fe1b3855728facc9e603203d5a7794b1ceeb082542
d0ed0a2744617e9bb8d5f20f2c496683a0bddaf714314e6b88a5c2dffc193653
e1fe1b3855728facc9e603203d5a7794b1ceeb0825425f7c99b6d3f00d2a4764
f20f2c496683a0bddaf714314e6b88a5c2dffc193653708daac7e4011e3b5875
03203d5a7794b1ceeb0825425f7c99b6d3f00d2a4764819ebbd8f5122f4c6986
14314e6b88a5c2dffc193653708daac7e4011e3b587592afcce90623405d7a97
25425f7c99b6d3f00d2a4764819ebbd8f5122f4c6986a3c0ddfa1734516e8ba8
3653708daac7e4011e3b587592afcce90623405d7a97b4d1ee0b2845627f9cb9
4764819ebbd8f5122f4c6986a3c0ddfa1734516e8ba8c5e2ff1c39567390adca
587592afcce90623405d7a97b4d1ee0b2845627f9cb9d6f3102d4a6784a1bedb
6986a3c0ddfa1734516e8ba8c5e2ff1c39567390adcae704213e5b7895b2cfec
7a97b4d1ee0b2845627f9cb9d6f3102d4a6784a1bedbf815324f6c89a6c3e0fd
8ba8c5e2ff1c39567390adcae704213e5b7895b2cfec092643607d9ab7d4f10e
9cb9d6f3102d4a6784a1bedbf815324f6c89a6c3e0fd1a3754718eabc8e5021f
adcae704213e5b7895b2cfec092643607d9ab7d4f10e2b4865829fbcd9f61330
bedbf815324f6c89a6c3e0fd1a3754718eabc8e5021f3c597693b0cdea072441
cfec092643607d9ab7d4f10e2b4865829fbcd9f613304d6a87a4c1defb183552
e0fd1a3754718eabc8e5021f3c597693b0cdea0724415e7b98b5d2ef0c294663
f10e2b4865829fbcd9f613304d6a87a4c1defb1835526f8ca9c6e3001d3a5774
021f3c597693b0cdea0724415e7b98b5d2ef0c294663809dbad7f4112e4b6885
13304d6a87a4c1defb1835526f8ca9c6e3001d3a577491aecbe805223f5c7996
24415e7b98b5d2ef0c294663809dbad7f4112e4b6885a2bfdcf91633506d8aa7
35526f8ca9c6e3001d3a577491aecbe805223f5c7996b3d0ed0a2744617e9bb8
4663809dbad7f4112e4b6885a2bfdcf91633506d8aa7c4e1fe1b3855728facc9
577491aecbe805223f5c7996b3d0ed0a2744617e9bb8d5f20f2c496683a0bdda
6885a2bfdcf91633506d8aa7c4e1fe1b3855728facc9e603203d5a7794b1ceeb
7996b3d0ed0a2744617e9bb8d5f20f2c496683a0bddaf714314e6b88a5c2dffc
8aa7c4e1fe1b3855728facc9e603203d5a7794b1ceeb0825425f7c99b6d3f00d
9bb8d5f20f2c496683a0bddaf714314e6b88a5c2dffc193653708daac7e4011e
acc9e603203d5a7794b1ceeb0825425f7c99b6d3f00d2a4764819ebbd8f5122f
bddaf714314e6b88a5c2dffc193653708daac7e4011e3b587592afcce9062340
ceeb0825425f7c99b6d3f00d2a4764819ebbd8f5122f4c6986a3c0ddfa173451
dffc193653708daac7e4011e3b587592afcce90623405d7a97b4d1ee0b284562
f00d2a4764819ebbd8f5122f4c6986a3c0ddfa1734516e8ba8c5e2ff1c395673
011e3b587592afcce90623405d7a97b4d1ee0b2845627f9cb9d6f3102d4a6784
122f4c6986a3c0ddfa1734516e8ba8c5e2ff1c39567390adcae704213e5b7895
23405d7a97b4d1ee0b2845627f9cb9d6f3102d4a6784a1bedbf815324f6c89a6
34516e8ba8c5e2ff1c39567390adcae704213e5b7895b2cfec092643607d9ab7
45627f9cb9d6f3102d4a6784a1bedbf815324f6c89a6c3e0fd1a3754718eabc8
567390adcae704213e5b7895b2cfec092643607d9ab7d4f10e2b4865829fbcd9
6784a1bedbf815324f6c89a6c3e0fd1a3754718eabc8e5021f3c597693b0cdea
7895b2cfec092643607d9ab7d4f10e2b4865829fbcd9f613304d6a87a4c1defb
89a6c3e0fd1a3754718eabc8e5021f3c597693b0cdea0724415e7b98b5d2ef0c
9ab7d4f10e2b4865829fbcd9f613304d6a87a4c1defb1835526f8ca9c6e3001d
abc8e5021f3c597693b0cdea0724415e7b98b5d2ef0c294663809dbad7f4112e
bcd9f613304d6a87a4c1defb1835526f8ca9c6e3001d3a577491aecbe805223f
cdea0724415e7b98b5d2ef0c294663809dbad7f4112e4b6885a2bfdcf9163350
defb1835526f8ca9c6e3001d3a577491aecbe805223f5c7996b3d0ed0a274461
ef0c294663809dbad7f4112e4b6885a2bfdcf91633506d8aa7c4e1fe1b385572
001d3a577491aecbe805223f5c7996b3d0ed0a2744617e9bb8d5f20f2c496683
112e4b6885a2bfdcf91633506d8aa7c4e1fe1b3855728facc9e603203d5a7794
223f5c7996b3d0ed0a2744617e9bb8d5f20f2c496683a0bddaf714314e6b88a5
33506d8aa7c4e1fe1b3855728facc9e603203d5a7794b1ceeb0825425f7c99b6
44617e9bb8d5f20f2c496683a0bddaf714314e6b88a5c2dffc193653708daac7
55728facc9e603203d5a7794b1ceeb0825425f7c99b6d3f00d2a4764819ebbd8
6683a0bddaf714314e6b88a5c2dffc193653708daac7e4011e3b587592afcce9
7794b1ceeb0825425f7c99b6d3f00d2a4764819ebbd8f5122f4c6986a3c0ddfa
88a5c2dffc193653708daac7e4011e3b587592afcce90623405d7a97b4d1ee0b
99b6d3f00d2a4764819ebbd8f5122f4c6986a3c0ddfa1734516e8ba8c5e2ff1c
aac7e4011e3b587592afcce90623405d7a97b4d1ee0b2845627f9cb9d6f3102d
bbd8f5122f4c6986a3c0ddfa1734516e8ba8c5e2ff1c39567390adcae704213e
cce90623405d7a97b4d1ee0b2845627f9cb9d6f3102d4a6784a1bedbf815324f
ddfa1734516e8ba8c5e2ff1c39567390adcae704213e5b7895b2cfec09264360
ee0b2845627f9cb9d6f3102d4a6784a1bedbf815324f6c89a6c3e0fd1a375471
ff1c39567390adcae704213e5b7895b2cfec092643607d9ab7d4f10e2b486582
102d4a6784a1bedbf815324f6c89a6c3e0fd1a3754718eabc8e5021f3c597693
213e5b7895b2cfec092643607d9ab7d4f10e2b4865829fbcd9f613304d6a87a4
324f6c89a6c3e0fd1a3754718eabc8e5021f3c597693b0cdea0724415e7b98b5
43607d9ab7d4f10e2b4865829fbcd9f613304d6a87a4c1defb1835526f8ca9c6
54718eabc8e5021f3c597693b0cdea0724415e7b98b5d2ef0c294663809dbad7
65829fbcd9f613304d6a87a4c1defb1835526f8ca9c6e3001d3a577491aecbe8
7693b0cdea0724415e7b98b5d2ef0c294663809dbad7f4112e4b6885a2bfdcf9
87a4c1defb1835526f8ca9c6e3001d3a577491aecbe805223f5c7996b3d0ed0a
98b5d2ef0c294663809dbad7f4112e4b6885a2bfdcf91633506d8aa7c4e1fe1b
a9c6e3001d3a577491aecbe805223f5c7996b3d0ed0a2744617e9bb8d5f20f2c
bad7f4112e4b6885a2bfdcf91633506d8aa7c4e1fe1b3855728facc9e603203d
cbe805223f5c7996b3d0ed0a2744617e9bb8d5f20f2c496683a0bddaf714314e
dcf91633506d8aa7c4e1fe1b3855728facc9e603203d5a7794b1ceeb0825425f
ed0a2744617e9bb8d5f20f2c496683a0bddaf714314e6b88a5c2dffc19365370
fe1b3855728facc9e603203d5a7794b1ceeb0825425f7c99b6d3f00d2a476481
0f2c496683a0bddaf714314e6b88a5c2dffc193653708daac7e4011e3b587592
203d5a7794b1ceeb0825425f7c99b6d3f00d2a4764819ebbd8f5122f4c6986a3
314e6b88a5c2dffc193653708daac7e4011e3b587592afcce90623405d7a97b4
425f7c99b6d3f00d2a4764819ebbd8f5122f4c6986a3c0ddfa1734516e8ba8c5
53708daac7e4011e3b587592afcce90623405d7a97b4d1ee0b2845627f9cb9d6
64819ebbd8f5122f4c6986a3c0ddfa1734516e8ba8c5e2ff1c39567390adcae7
7592afcce90623405d7a97b4d1ee0b2845627f9cb9d6f3102d4a6784a1bedbf8
86a3c0ddfa1734516e8ba8c5e2ff1c39567390adcae704213e5b7895b2cfec09
97b4d1ee0b2845627f9cb9d6f3102d4a6784a1bedbf815324f6c89a6c3e0fd1a
a8c5e2ff1c39567390adcae704213e5b7895b2cfec092643607d9ab7d4f10e2b
b9d6f3102d4a6784a1bedbf815324f6c89a6c3e0fd1a3754718eabc8e5021f3c
cae704213e5b7895b2cfec092643607d9ab7d4f10e2b4865829fbcd9f613304d
dbf815324f6c89a6c3e0fd1a3754718eabc8e5021f3c597693b0cdea0724415e
ec092643607d9ab7d4f10e2b4865829fbcd9f613304d6a87a4c1defb1835526f
fd1a3754718eabc8e5021f3c597693b0cdea0724415e7b98b5d2ef0c29466380
0e2b4865829fbcd9f613304d6a87a4c1defb1835526f8ca9c6e3001d3a577491
1f3c597693b0cdea0724415e7b98b5d2ef0c294663809dbad7f4112e4b6885a2
304d6a87a4c1defb1835526f8ca9c6e3001d3a577491aecbe805223f5c7996b3
415e7b98b5d2ef0c294663809dbad7f4112e4b6885a2bfdcf91633506d8aa7c4
526f8ca9c6e3001d3a577491aecbe805223f5c7996b3d0ed0a2744617e9bb8d5
63809dbad7f4112e4b6885a2bfdcf91633506d8aa7c4e1fe1b3855728facc9e6
7491aecbe805223f5c7996b3d0ed0a2744617e9bb8d5f20f2c496683a0bddaf7
85a2bfdcf91633506d8aa7c4e1fe1b3855728facc9e603203d5a7794b1ceeb08
96b3d0ed0a2744617e9bb8d5f20f2c496683a0bddaf714314e6b88a5c2dffc19
a7c4e1fe1b3855728facc9e603203d5a7794b1ceeb0825425f7c99b6d3f00d2a
b8d5f20f2c496683a0bddaf714314e6b88a5c2dffc193653708daac7e4011e3b
c9e603203d5a7794b1ceeb0825425f7c99b6d3f00d2a4764819ebbd8f5122f4c
daf714314e6b88a5c2dffc193653708daac7e4011e3b587592afcce90623405d
eb0825425f7c99b6d3f00d2a4764819ebbd8f5122f4c6986a3c0ddfa1734516e
fc193653708daac7e4011e3b587592afcce90623405d7a97b4d1ee0b2845627f
0d2a4764819ebbd8f5122f4c6986a3c0ddfa1734516e8ba8c5e2ff1c39567390
1e3b587592afcce90623405d7a97b4d1ee0b2845627f9cb9d6f3102d4a6784a1
2f4c6986a3c0ddfa1734516e8ba8c5e2ff1c39567390adcae704213e5b7895b2
405d7a97b4d1ee0b2845627f9cb9d6f3102d4a6784a1bedbf815324f6c89a6c3
516e8ba8c5e2ff1c39567390adcae704213e5b7895b2cfec092643607d9ab7d4
627f9cb9d6f3102d4a6784a1bedbf815324f6c89a6c3e0fd1a3754718eabc8e5
7390adcae704213e5b7895b2cfec092643607d9ab7d4f10e2b4865829fbcd9f6
84a1bedbf815324f6c89a6c3e0fd1a3754718eabc8e5021f3c597693b0cdea07
95b2cfec092643607d9ab7d4f10e2b4865829fbcd9f613304d6a87a4c1defb18
a6c3e0fd1a3754718eabc8e5021f3c597693b0cdea0724415e7b98b5d2ef0c29
b7d4f10e2b4865829fbcd9f613304d6a87a4c1defb1835526f8ca9c6e3001d3a
c8e5021f3c597693b0cdea0724415e7b98b5d2ef0c294663809dbad7f4112e4b
d9f613304d6a87a4c1defb1835526f8ca9c6e3001d3a577491aecbe805223f5c
ea0724415e7b98b5d2ef0c294663809dbad7f4112e4b6885a2bfdcf91633506d
fb1835526f8ca9c6e3001d3a577491aecbe805223f5c7996b3d0ed0a2744617e
0c294663809dbad7f4112e4b6885a2bfdcf91633506d8aa7c4e1fe1b3855728f
1d3a577491aecbe805223f5c7996b3d0ed0a2744617e9bb8d5f20f2c496683a0
2e4b6885a2bfdcf91633506d8aa7c4e1fe1b3855728facc9e603203d5a7794b1
3f5c7996b3d0ed0a2744617e9bb8d5f20f2c496683a0bddaf714314e6b88a5c2
506d8aa7c4e1fe1b3855728facc9e603203d5a7794b1ceeb0825425f7c99b6d3
617e9bb8d5f20f2c496683a0bddaf714314e6b88a5c2dffc193653708daac7e4
728facc9e603203d5a7794b1ceeb0825425f7c99b6d3f00d2a4764819ebbd8f5
83a0bddaf714314e6b88a5c2dffc193653708daac7e4011e3b587592afcce906
94b1ceeb0825425f7c99b6d3f00d2a4764819ebbd8f5122f4c6986a3c0ddfa17
a5c2dffc193653708daac7e4011e3b587592afcce90623405d7a97b4d1ee0b28
b6d3f00d2a4764819ebbd8f5122f4c6986a3c0ddfa1734516e8ba8c5e2ff1c39
c7e4011e3b587592afcce90623405d7a97b4d1ee0b2845627f9cb9d6f3102d4a
d8f5122f4c6986a3c0ddfa1734516e8ba8c5e2ff1c39567390adcae704213e5b
e90623405d7a97b4d1ee0b2845627f9cb9d6f3102d4a6784a1bedbf815324f6c
fa1734516e8ba8c5e2ff1c39567390adcae704213e5b7895b2cfec092643607d
0b2845627f9cb9d6f3102d4a6784a1bedbf815324f6c89a6c3e0fd1a3754718e
1c39567390adcae704213e5b7895b2cfec092643607d9ab7d4f10e2b4865829f
2d4a6784a1bedbf815324f6c89a6c3e0fd1a3754718eabc8e5021f3c597693b0
3e5b7895b2cfec092643607d9ab7d4f10e2b4865829fbcd9f613304d6a87a4c1
4f6c89a6c3e0fd1a3754718eabc8e5021f3c597693b0cdea0724415e7b98b5d2
607d9ab7d4f10e2b4865829fbcd9f613304d6a87a4c1defb1835526f8ca9c6e3
718eabc8e5021f3c597693b0cdea0724415e7b98b5d2ef0c294663809dbad7f4
829fbcd9f613304d6a87a4c1defb1835526f8ca9c6e3001d3a577491aecbe805
93b0cdea0724415e7b98b5d2ef0c294663809dbad7f4112e4b6885a2bfdcf916
a4c1defb1835526f8ca9c6e3001d3a577491aecbe805223f5c7996b3d0ed0a27
b5d2ef0c294663809dbad7f4112e4b6885a2bfdcf91633506d8aa7c4e1fe1b38
c6e3001d3a577491aecbe805223f5c7996b3d0ed0a2744617e9bb8d5f20f2c49
d7f4112e4b6885a2bfdcf91633506d8aa7c4e1fe1b3855728facc9e603203d5a
e805223f5c7996b3d0ed0a2744617e9bb8d5f20f2c496683a0bddaf714314e6b
f91633506d8aa7c4e1fe1b3855728facc9e603203d5a7794b1ceeb0825425f7c
0a2744617e9bb8d5f20f2c496683a0bddaf714314e6b88a5c2dffc193653708d
1b3855728facc9e603203d5a7794b1ceeb0825425f7c99b6d3f00d2a4764819e
2c496683a0bddaf714314e6b88a5c2dffc193653708daac7e4011e3b587592af
3d5a7794b1ceeb0825425f7c99b6d3f00d2a4764819ebbd8f5122f4c6986a3c0
4e6b88a5c2dffc193653708daac7e4011e3b587592afcce90623405d7a97b4d1
5f7c99b6d3f00d2a4764819ebbd8f5122f4c6986a3c0ddfa1734516e8ba8c5e2
708daac7e4011e3b587592afcce90623405d7a97b4d1ee0b2845627f9cb9d6f3
819ebbd8f5122f4c6986a3c0ddfa1734516e8ba8c5e2ff1c39567390adcae704
92afcce90623405d7a97b4d1ee0b2845627f9cb9d6f3102d4a6784a1bedbf815
a3c0ddfa1734516e8ba8c5e2ff1c39567390adcae704213e5b7895b2cfec0926
b4d1ee0b2845627f9cb9d6f3102d4a6784a1bedbf815324f6c89a6c3e0fd1a37
c5e2ff1c39567390adcae704213e5b7895b2cfec092643607d9ab7d4f10e2b48
d6f3102d4a6784a1bedbf815324f6c89a6c3e0fd1a3754718eabc8e5021f3c59
e704213e5b7895b2cfec092643607d9ab7d4f10e2b4865829fbcd9f613304d6a
f815324f6c89a6c3e0fd1a3754718eabc8e5021f3c597693b0cdea0724415e7b
092643607d9ab7d4f10e2b4865829fbcd9f613304d6a87a4c1defb1835526f8c
1a3754718eabc8e5021f3c597693b0cdea0724415e7b98b5d2ef0c294663809d
2b4865829fbcd9f613304d6a87a4c1defb1835526f8ca9c6e3001d3a577491ae
3c597693b0cdea0724415e7b98b5d2ef0c294663809dbad7f4112e4b6885a2bf
4d6a87a4c1defb1835526f8ca9c6e3001d3a577491aecbe805223f5c7996b3d0
5e7b98b5d2ef0c294663809dbad7f4112e4b6885a2bfdcf91633506d8aa7c4e1
6f8ca9c6e3001d3a577491aecbe805223f5c7996b3d0ed0a2744617e9bb8d5f2
809dbad7f4112e4b6885a2bfdcf91633506d8aa7c4e1fe1b3855728facc9e603
91aecbe805223f5c7996b3d0ed0a2744617e9bb8d5f20f2c496683a0bddaf714
a2bfdcf91633506d8aa7c4e1fe1b3855728facc9e603203d5a7794b1ceeb0825
b3d0ed0a2744617e9bb8d5f20f2c496683a0bddaf714314e6b88a5c2dffc1936
c4e1fe1b3855728facc9e603203d5a7794b1ceeb0825425f7c99b6d3f00d2a47
d5f20f2c496683a0bddaf714314e6b88a5c2dffc193653708daac7e4011e3b58
e603203d5a7794b1ceeb0825425f7c99b6d3f00d2a4764819ebbd8f5122f4c69
f714314e6b88a5c2dffc193653708daac7e4011e3b587592afcce90623405d7a
0825425f7c99b6d3f00d2a4764819ebbd8f5122f4c6986a3c0ddfa1734516e8b
193653708daac7e4011e3b587592afcce90623405d7a97b4d1ee0b2845627f9c
2a4764819ebbd8f5122f4c6986a3c0ddfa1734516e8ba8c5e2ff1c39567390ad
3b587592afcce90623405d7a97b4d1ee0b2845627f9cb9d6f3102d4a6784a1be
4c6986a3c0ddfa1734516e8ba8c5e2ff1c39567390adcae704213e5b7895b2cf
5d7a97b4d1ee0b2845627f9cb9d6f3102d4a6784a1bedbf815324f6c89a6c3e0
6e8ba8c5e2ff1c39567390adcae704213e5b7895b2cfec092643607d9ab7d4f1
7f9cb9d6f3102d4a6784a1bedbf815324f6c89a6c3e0fd1a3754718eabc8e502
90adcae704213e5b7895b2cfec092643607d9ab7d4f10e2b4865829fbcd9f613
a1bedbf815324f6c89a6c3e0fd1a3754718eabc8e5021f3c597693b0cdea0724
b2cfec092643607d9ab7d4f10e2b4865829fbcd9f613304d6a87a4c1defb1835
c3e0fd1a3754718eabc8e5021f3c597693b0cdea0724415e7b98b5d2ef0c2946
d4f10e2b4865829fbcd9f613304d6a87a4c1defb1835526f8ca9c6e3001d3a57
e5021f3c597693b0cdea0724415e7b98b5d2ef0c294663809dbad7f4112e4b68
f613304d6a87a4c1defb1835526f8ca9c6e3001d3a577491aecbe805223f5c79
0724415e7b98b5d2ef0c294663809dbad7f4112e4b6885a2bfdcf91633506d8a
1835526f8ca9c6e3001d3a577491aecbe805223f5c7996b3d0ed0a2744617e9b
294663809dbad7f4112e4b6885a2bfdcf91633506d8aa7c4e1fe1b3855728fac
3a577491aecbe805223f5c7996b3d0ed0a2744617e9bb8d5f20f2c496683a0bd
4b6885a2bfdcf91633506d8aa7c4e1fe1b3855728facc9e603203d5a7794b1ce
5c7996b3d0ed0a2744617e9bb8d5f20f2c496683a0bddaf714314e6b88a5c2df
6d8aa7c4e1fe1b3855728facc9e603203d5a7794b1ceeb0825425f7c99b6d3f0
7e9bb8d5f20f2c496683a0bddaf714314e6b88a5c2dffc193653708daac7e401
8facc9e603203d5a7794b1ceeb0825425f7c99b6d3f00d2a4764819ebbd8f512
a0bddaf714314e6b88a5c2dffc193653708daac7e4011e3b587592afcce90623
b1ceeb0825425f7c99b6d3f00d2a4764819ebbd8f5122f4c6986a3c0ddfa1734
c2dffc193653708daac7e4011e3b587592afcce90623405d7a97b4d1ee0b2845
d3f00d2a4764819ebbd8f5122f4c6986a3c0ddfa1734516e8ba8c5e2ff1c3956
e4011e3b587592afcce90623405d7a97b4d1ee0b2845627f9cb9d6f3102d4a67
f5122f4c6986a3c0ddfa1734516e8ba8c5e2ff1c39567390adcae704213e5b78
0623405d7a97b4d1ee0b2845627f9cb9d6f3102d4a6784a1bedbf815324f6c89
1734516e8ba8c5e2ff1c39567390adcae704213e5b7895b2cfec092643607d9a
2845627f9cb9d6f3102d4a6784a1bedbf815324f6c89a6c3e0fd1a3754718eab
39567390adcae704213e5b7895b2cfec092643607d9ab7d4f10e2b4865829fbc
4a6784a1bedbf815324f6c89a6c3e0fd1a3754718eabc8e5021f3c597693b0cd
5b7895b2cfec092643607d9ab7d4f10e2b4865829fbcd9f613304d6a87a4c1de
6c89a6c3e0fd1a3754718eabc8e5021f3c597693b0cdea0724415e7b98b5d2ef
7d9ab7d4f10e2b4865829fbcd9f613304d6a87a4c1defb1835526f8ca9c6e300
8eabc8e5021f3c597693b0cdea0724415e7b98b5d2ef0c294663809dbad7f411
9fbcd9f613304d6a87a4c1defb1835526f8ca9c6e3001d3a577491aecbe80522
b0cdea0724415e7b98b5d2ef0c294663809dbad7f4112e4b6885a2bfdcf91633
c1defb1835526f8ca9c6e3001d3a577491aecbe805223f5c7996b3d0ed0a2744
d2ef0c294663809dbad7f4112e4b6885a2bfdcf91633506d8aa7c4e1fe1b3855
e3001d3a577491aecbe805223f5c7996b3d0ed0a2744617e9bb8d5f20f2c4966
f4112e4b6885a2bfdcf91633506d8aa7c4e1fe1b3855728facc9e603203d5a77
05223f5c7996b3d0ed0a2744617e9bb8d5f20f2c496683a0bddaf714314e6b88
1633506d8aa7c4e1fe1b3855728facc9e603203d5a7794b1ceeb0825425f7c99
2744617e9bb8d5f20f2c496683a0bddaf714314e6b88a5c2dffc193653708daa
3855728facc9e603203d5a7794b1ceeb0825425f7c99b6d3f00d2a4764819ebb
496683a0bddaf714314e6b88a5c2dffc193653708daac7e4011e3b587592afcc
5a7794b1ceeb0825425f7c99b6d3f00d2a4764819ebbd8f5122f4c6986a3c0dd
6b88a5c2dffc193653708daac7e4011e3b587592afcce90623405d7a97b4d1ee
7c99b6d3f00d2a4764819ebbd8f5122f4c6986a3c0ddfa1734516e8ba8c5e2ff
8daac7e4011e3b587592afcce90623405d7a97b4d1ee0b2845627f9cb9d6f310
9ebbd8f5122f4c6986a3c0ddfa1734516e8ba8c5e2ff1c39567390adcae70421
afcce90623405d7a97b4d1ee0b2845627f9cb9d6f3102d4a6784a1bedbf81532
c0ddfa1734516e8ba8c5e2ff1c39567390adcae704213e5b7895b2cfec092643
d1ee0b2845627f9cb9d6f3102d4a6784a1bedbf815324f6c89a6c3e0fd1a3754
e2ff1c39567390adcae704213e5b7895b2cfec092643607d9ab7d4f10e2b4865
f3102d4a6784a1bedbf815324f6c89a6c3e0fd1a3754718eabc8e5021f3c5976
04213e5b7895b2cfec092643607d9ab7d4f10e2b4865829fbcd9f613304d6a87
15324f6c89a6c3e0fd1a3754718eabc8e5021f3c597693b0cdea0724415e7b98
2643607d9ab7d4f10e2b4865829fbcd9f613304d6a87a4c1defb1835526f8ca9
3754718eabc8e5021f3c597693b0cdea0724415e7b98b5d2ef0c294663809dba
4865829fbcd9f613304d6a87a4c1defb1835526f8ca9c6e3001d3a577491aecb
597693b0cdea0724415e7b98b5d2ef0c294663809dbad7f4112e4b6885a2bfdc
6a87a4c1defb1835526f8ca9c6e3001d3a577491aecbe805223f5c7996b3d0ed
7b98b5d2ef0c294663809dbad7f4112e4b6885a2bfdcf91633506d8aa7c4e1fe
8ca9c6e3001d3a577491aecbe805223f5c7996b3d0ed0a2744617e9bb8d5f20f
9dbad7f4112e4b6885a2bfdcf91633506d8aa7c4e1fe1b3855728facc9e60320
aecbe805223f5c7996b3d0ed0a2744617e9bb8d5f20f2c496683a0bddaf71431
bfdcf91633506d8aa7c4e1fe1b3855728facc9e603203d5a7794b1ceeb082542
d0ed0a2744617e9bb8d5f20f2c496683a0bddaf714314e6b88a5c2dffc193653
e1fe1b3855728facc9e603203d5a7794b1ceeb0825425f7c99b6d3f00d2a4764
f20f2c496683a0bddaf714314e6b88a5c2dffc193653708daac7e4011e3b5875
03203d5a7794b1ceeb0825425f7c99b6d3f00d2a4764819ebbd8f5122f4c6986
14314e6b88a5c2dffc193653708daac7e4011e3b587592afcce90623405d7a97
25425f7c99b6d3f00d2a4764819ebbd8f5122f4c6986a3c0ddfa1734516e8ba8
3653708daac7e4011e3b587592afcce90623405d7a97b4d1ee0b2845627f9cb9
4764819ebbd8f5122f4c6986a3c0ddfa1734516e8ba8c5e2ff1c39567390adca
587592afcce90623405d7a97b4d1ee0b2845627f9cb9d6f3102d4a6784a1bedb
6986a3c0ddfa1734516e8ba8c5e2ff1c39567390adcae704213e5b7895b2cfec
7a97b4d1ee0b2845627f9cb9d6f3102d4a6784a1bedbf815324f6c89a6c3e0fd
8ba8c5e2ff1c39567390adcae704213e5b7895b2cfec092643607d9ab7d4f10e
9cb9d6f3102d4a6784a1bedbf815324f6c89a6c3e0fd1a3754718eabc8e5021f
adcae704213e5b7895b2cfec092643607d9ab7d4f10e2b4865829fbcd9f61330
bedbf815324f6c89a6c3e0fd1a3754718eabc8e5021f3c597693b0cdea072441
cfec092643607d9ab7d4f10e2b4865829fbcd9f613304d6a87a4c1defb183552
e0fd1a3754718eabc8e5021f3c597693b0cdea0724415e7b98b5d2ef0c294663
f10e2b4865829fbcd9f613304d6a87a4c1defb1835526f8ca9c6e3001d3a5774
021f3c597693b0cdea0724415e7b98b5d2ef0c294663809dbad7f4112e4b6885
13304d6a87a4c1defb1835526f8ca9c6e3001d3a577491aecbe805223f5c7996
24415e7b98b5d2ef0c294663809dbad7f4112e4b6885a2bfdcf91633506d8aa7
35526f8ca9c6e3001d3a577491aecbe805223f5c7996b3d0ed0a2744617e9bb8
4663809dbad7f4112e4b6885a2bfdcf91633506d8aa7c4e1fe1b3855728facc9
577491aecbe805223f5c7996b3d0ed0a2744617e9bb8d5f20f2c496683a0bdda
6885a2bfdcf91633506d8aa7c4e1fe1b3855728facc9e603203d5a7794b1ceeb
7996b3d0ed0a2744617e9bb8d5f20f2c496683a0bddaf714314e6b88a5c2dffc
8aa7c4e1fe1b3855728facc9e603203d5a7794b1ceeb0825425f7c99b6d3f00d
9bb8d5f20f2c496683a0bddaf714314e6b88a5c2dffc193653708daac7e4011e
acc9e603203d5a7794b1ceeb0825425f7c99b6d3f00d2a4764819ebbd8f5122f
bddaf714314e6b88a5c2dffc193653708daac7e4011e3b587592afcce9062340
ceeb0825425f7c99b6d3f00d2a4764819ebbd8f5122f4c6986a3c0ddfa173451
dffc193653708daac7e4011e3b587592afcce90623405d7a97b4d1ee0b284562
f00d2a4764819ebbd8f5122f4c6986a3c0ddfa1734516e8ba8c5e2ff1c395673
011e3b587592afcce90623405d7a97b4d1ee0b2845627f9cb9d6f3102d4a6784
122f4c6986a3c0ddfa1734516e8ba8c5e2ff1c39567390adcae704213e5b7895
23405d7a97b4d1ee0b2845627f9cb9d6f3102d4a6784a1bedbf815324f6c89a6
34516e8ba8c5e2ff1c39567390adcae704213e5b7895b2cfec092643607d9ab7
45627f9cb9d6f3102d4a6784a1bedbf815324f6c89a6c3e0fd1a3754718eabc8
567390adcae704213e5b7895b2cfec092643607d9ab7d4f10e2b4865829fbcd9
6784a1bedbf815324f6c89a6c3e0fd1a3754718eabc8e5021f3c597693b0cdea
7895b2cfec092643607d9ab7d4f10e2b4865829fbcd9f613304d6a87a4c1defb
89a6c3e0fd1a3754718eabc8e5021f3c597693b0cdea0724415e7b98b5d2ef0c
9ab7d4f10e2b4865829fbcd9f613304d6a87a4c1defb1835526f8ca9c6e3001d
abc8e5021f3c597693b0cdea0724415e7b98b5d2ef0c294663809dbad7f4112e
bcd9f613304d6a87a4c1defb1835526f8ca9c6e3001d3a577491aecbe805223f
cdea0724415e7b98b5d2ef0c294663809dbad7f4112e4b6885a2bfdcf9163350
defb1835526f8ca9c6e3001d3a577491aecbe805223f5c7996b3d0ed0a274461
ef0c294663809dbad7f4112e4b6885a2bfdcf91633506d8aa7c4e1fe1b385572
001d3a577491aecbe805223f5c7996b3d0ed0a2744617e9bb8d5f20f2c496683
112e4b6885a2bfdcf91633506d8aa7c4e1fe1b3855728facc9e603203d5a7794
223f5c7996b3d0ed0a2744617e9bb8d5f20f2c496683a0bddaf714314e6b88a5
33506d8aa7c4e1fe1b3855728facc9e603203d5a7794b1ceeb0825425f7c99b6
44617e9bb8d5f20f2c496683a0bddaf714314e6b88a5c2dffc193653708daac7
55728facc9e603203d5a7794b1ceeb0825425f7c99b6d3f00d2a4764819ebbd8
6683a0bddaf714314e6b88a5c2dffc193653708daac7e4011e3b587592afcce9
7794b1ceeb0825425f7c99b6d3f00d2a4764819ebbd8f5122f4c6986a3c0ddfa
88a5c2dffc193653708daac7e4011e3b587592afcce90623405d7a97b4d1ee0b
99b6d3f00d2a4764819ebbd8f5122f4c6986a3c0ddfa1734516e8ba8c5e2ff1c
aac7e4011e3b587592afcce90623405d7a97b4d1ee0b2845627f9cb9d6f3102d
bbd8f5122f4c6986a3c0ddfa1734516e8ba8c5e2ff1c39567390adcae704213e
cce90623405d7a97b4d1ee0b2845627f9cb9d6f3102d4a6784a1bedbf815324f
ddfa1734516e8ba8c5e2ff1c39567390adcae704213e5b7895b2cfec09264360
ee0b2845627f9cb9d6f3102d4a6784a1bedbf815324f6c89a6c3e0fd1a375471
ff1c39567390adcae704213e5b7895b2cfec092643607d9ab7d4f10e2b486582
102d4a6784a1bedbf815324f6c89a6c3e0fd1a3754718eabc8e5021f3c597693
213e5b7895b2cfec092643607d9ab7d4f10e2b4865829fbcd9f613304d6a87a4
324f6c89a6c3e0fd1a3754718eabc8e5021f3c597693b0cdea0724415e7b98b5
43607d9ab7d4f10e2b4865829fbcd9f613304d6a87a4c1defb1835526f8ca9c6
54718eabc8e5021f3c597693b0cdea0724415e7b98b5d2ef0c294663809dbad7
65829fbcd9f613304d6a87a4c1defb1835526f8ca9c6e3001d3a577491aecbe8
7693b0cdea0724415e7b98b5d2ef0c294663809dbad7f4112e4b6885a2bfdcf9
87a4c1defb1835526f8ca9c6e3001d3a577491aecbe805223f5c7996b3d0ed0a
98b5d2ef0c294663809dbad7f4112e4b6885a2bfdcf91633506d8aa7c4e1fe1b
a9c6e3001d3a577491aecbe805223f5c7996b3d0ed0a2744617e9bb8d5f20f2c
bad7f4112e4b6885a2bfdcf91633506d8aa7c4e1fe1b3855728facc9e603203d
cbe805223f5c7996b3d0ed0a2744617e9bb8d5f20f2c496683a0bddaf714314e
dcf91633506d8aa7c4e1fe1b3855728facc9e603203d5a7794b1ceeb0825425f
ed0a2744617e9bb8d5f20f2c496683a0bddaf714314e6b88a5c2dffc19365370
fe1b3855728facc9e603203d5a7794b1ceeb0825425f7c99b6d3f00d2a476481
0f2c496683a0bddaf714314e6b88a5c2dffc193653708daac7e4011e3b587592
203d5a7794b1ceeb0825425f7c99b6d3f00d2a4764819ebbd8f5122f4c6986a3
314e6b88a5c2dffc193653708daac7e4011e3b587592afcce90623405d7a97b4
425f7c99b6d3f00d2a4764819ebbd8f5122f4c6986a3c0ddfa1734516e8ba8c5
53708daac7e4011e3b587592afcce90623405d7a97b4d1ee0b2845627f9cb9d6
64819ebbd8f5122f4c6986a3c0ddfa1734516e8ba8c5e2ff1c39567390adcae7
7592afcce90623405d7a97b4d1ee0b2845627f9cb9d6f3102d4a6784a1bedbf8
86a3c0ddfa1734516e8ba8c5e2ff1c39567390adcae704213e5b7895b2cfec09
97b4d1ee0b2845627f9cb9d6f3102d4a6784a1bedbf815324f6c89a6c3e0fd1a
a8c5e2ff1c39567390adcae704213e5b7895b2cfec092643607d9ab7d4f10e2b
b9d6f3102d4a6784a1bedbf815324f6c89a6c3e0fd1a3754718eabc8e5021f3c
cae704213e5b7895b2cfec092643607d9ab7d4f10e2b4865829fbcd9f613304d
dbf815324f6c89a6c3e0fd1a3754718eabc8e5021f3c597693b0cdea0724415e
ec092643607d9ab7d4f10e2b4865829fbcd9f613304d6a87a4c1defb1835526f
fd1a3754718eabc8e5021f3c597693b0cdea0724415e7b98b5d2ef0c29466380
0e2b4865829fbcd9f613304d6a87a4c1defb1835526f8ca9c6e3001d3a577491
1f3c597693b0cdea0724415e7b98b5d2ef0c294663809dbad7f4112e4b6885a2
304d6a87a4c1defb1835526f8ca9c6e3001d3a577491aecbe805223f5c7996b3
415e7b98b5d2ef0c294663809dbad7f4112e4b6885a2bfdcf91633506d8aa7c4
526f8ca9c6e3001d3a577491aecbe805223f5c7996b3d0ed0a2744617e9bb8d5
63809dbad7f4112e4b6885a2bfdcf91633506d8aa7c4e1fe1b3855728facc9e6
7491aecbe805223f5c7996b3d0ed0a2744617e9bb8d5f20f2c496683a0bddaf7
85a2bfdcf91633506d8aa7c4e1fe1b3855728facc9e603203d5a7794b1ceeb08
96b3d0ed0a2744617e9bb8d5f20f2c496683a0bddaf714314e6b88a5c2dffc19
a7c4e1fe1b3855728facc9e603203d5a7794b1ceeb0825425f7c99b6d3f00d2a
b8d5f20f2c496683a0bddaf714314e6b88a5c2dffc193653708daac7e4011e3b
c9e603203d5a7794b1ceeb0825425f7c99b6d3f00d2a4764819ebbd8f5122f4c
daf714314e6b88a5c2dffc193653708daac7e4011e3b587592afcce90623405d
eb0825425f7c99b6d3f00d2a4764819ebbd8f5122f4c6986a3c0ddfa1734516e
fc193653708daac7e4011e3b587592afcce90623405d7a97b4d1ee0b2845627f
0d2a4764819ebbd8f5122f4c6986a3c0ddfa1734516e8ba8c5e2ff1c39567390
1e3b587592afcce90623405d7a97b4d1ee0b2845627f9cb9d6f3102d4a6784a1
2f4c6986a3c0ddfa1734516e8ba8c5e2ff1c39567390adcae704213e5b7895b2
405d7a97b4d1ee0b2845627f9cb9d6f3102d4a6784a1bedbf815324f6c89a6c3
516e8ba8c5e2ff1c39567390adcae704213e5b7895b2cfec092643607d9ab7d4
627f9cb9d6f3102d4a6784a1bedbf815324f6c89a6c3e0fd1a3754718eabc8e5
7390adcae704213e5b7895b2cfec092643607d9ab7d4f10e2b4865829fbcd9f6
84a1bedbf815324f6c89a6c3e0fd1a3754718eabc8e5021f3c597693b0cdea07
95b2cfec092643607d9ab7d4f10e2b4865829fbcd9f613304d6a87a4c1defb18
a6c3e0fd1a3754718eabc8e5021f3c597693b0cdea0724415e7b98b5d2ef0c29
b7d4f10e2b4865829fbcd9f613304d6a87a4c1defb1835526f8ca9c6e3001d3a
c8e5021f3c597693b0cdea0724415e7b98b5d2ef0c294663809dbad7f4112e4b
d9f613304d6a87a4c1defb1835526f8ca9c6e3001d3a577491aecbe805223f5c
ea0724415e7b98b5d2ef0c294663809dbad7f4112e4b6885a2bfdcf91633506d
fb1835526f8ca9c6e3001d3a577491aecbe805223f5c7996b3d0ed0a2744617e
0c294663809dbad7f4112e4b6885a2bfdcf91633506d8aa7c4e1fe1b3855728f
1d3a577491aecbe805223f5c7996b3d0ed0a2744617e9bb8d5f20f2c496683a0
2e4b6885a2bfdcf91633506d8aa7c4e1fe1b3855728facc9e603203d5a7794b1
3f5c7996b3d0ed0a2744617e9bb8d5f20f2c496683a0bddaf714314e6b88a5c2
506d8aa7c4e1fe1b3855728facc9e603203d5a7794b1ceeb0825425f7c99b6d3
617e9bb8d5f20f2c496683a0bddaf714314e6b88a5c2dffc193653708daac7e4
728facc9e603203d5a7794b1ceeb0825425f7c99b6d3f00d2a4764819ebbd8f5
83a0bddaf714314e6b88a5c2dffc193653708daac7e4011e3b587592afcce906
94b1ceeb0825425f7c99b6d3f00d2a4764819ebbd8f5122f4c6986a3c0ddfa17
a5c2dffc193653708daac7e4011e3b587592afcce90623405d7a97b4d1ee0b28
b6d3f00d2a4764819ebbd8f5122f4c6986a3c0ddfa1734516e8ba8c5e2ff1c39
c7e4011e3b587592afcce90623405d7a97b4d1ee0b2845627f9cb9d6f3102d4a
d8f5122f4c6986a3c0ddfa1734516e8ba8c5e2ff1c39567390adcae704213e5b
e90623405d7a97b4d1ee0b2845627f9cb9d6f3102d4a6784a1bedbf815324f6c
fa1734516e8ba8c5e2ff1c39567390adcae704213e5b7895b2cfec092643607d
0b2845627f9cb9d6f3102d4a6784a1bedbf815324f6c89a6c3e0fd1a3754718e
1c39567390adcae704213e5b7895b2cfec092643607d9ab7d4f10e2b4865829f
2d4a6784a1bedbf815324f6c89a6c3e0fd1a3754718eabc8e5021f3c597693b0
3e5b7895b2cfec092643607d9ab7d4f10e2b4865829fbcd9f613304d6a87a4c1
4f6c89a6c3e0fd1a3754718eabc8e5021f3c597693b0cdea0724415e7b98b5d2
607d9ab7d4f10e2b4865829fbcd9f613304d6a87a4c1defb1835526f8ca9c6e3
718eabc8e5021f3c597693b0cdea0724415e7b98b5d2ef0c294663809dbad7f4
829fbcd9f613304d6a87a4c1defb1835526f8ca9c6e3001d3a577491aecbe805
93b0cdea0724415e7b98b5d2ef0c294663809dbad7f4112e4b6885a2bfdcf916
a4c1defb1835526f8ca9c6e3001d3a577491aecbe805223f5c7996b3d0ed0a27
b5d2ef0c294663809dbad7f4112e4b6885a2bfdcf91633506d8aa7c4e1fe1b38
c6e3001d3a577491aecbe805223f5c7996b3d0ed0a2744617e9bb8d5f20f2c49
d7f4112e4b6885a2bfdcf91633506d8aa7c4e1fe1b3855728facc9e603203d5a
e805223f5c7996b3d0ed0a2744617e9bb8d5f20f2c496683a0bddaf714314e6b
f91633506d8aa7c4e1fe1b3855728facc9e603203d5a7794b1ceeb0825425f7c
0a2744617e9bb8d5f20f2c496683a0bddaf714314e6b88a5c2dffc193653708d
1b3855728facc9e603203d5a7794b1ceeb0825425f7c99b6d3f00d2a4764819e
2c496683a0bddaf714314e6b88a5c2dffc193653708daac7e4011e3b587592af
3d5a7794b1ceeb0825425f7c99b6d3f00d2a4764819ebbd8f5122f4c6986a3c0
4e6b88a5c2dffc193653708daac7e4011e3b587592afcce90623405d7a97b4d1
5f7c99b6d3f00d2a4764819ebbd8f5122f4c6986a3c0ddfa1734516e8ba8c5e2
708daac7e4011e3b587592afcce90623405d7a97b4d1ee0b2845627f9cb9d6f3
819ebbd8f5122f4c6986a3c0ddfa1734516e8ba8c5e2ff1c39567390adcae704
92afcce90623405d7a97b4d1ee0b2845627f9cb9d6f3102d4a6784a1bedbf815
a3c0ddfa1734516e8ba8c5e2ff1c39567390adcae704213e5b7895b2cfec0926
b4d1ee0b2845627f9cb9d6f3102d4a6784a1bedbf815324f6c89a6c3e0fd1a37
c5e2ff1c39567390adcae704213e5b7895b2cfec092643607d9ab7d4f10e2b48
d6f3102d4a6784a1bedbf815324f6c89a6c3e0fd1a3754718eabc8e5021f3c59
e704213e5b7895b2cfec092643607d9ab7d4f10e2b4865829fbcd9f613304d6a
f815324f6c89a6c3e0fd1a3754718eabc8e5021f3c597693b0cdea0724415e7b
092643607d9ab7d4f10e2b4865829fbcd9f613304d6a87a4c1defb1835526f8c
1a3754718eabc8e5021f3c597693b0cdea0724415e7b98b5d2ef0c294663809d
2b4865829fbcd9f613304d6a87a4c1defb1835526f8ca9c6e3001d3a577491ae
3c597693b0cdea0724415e7b98b5d2ef0c294663809dbad7f4112e4b6885a2bf
4d6a87a4c1defb1835526f8ca9c6e3001d3a577491aecbe805223f5c7996b3d0
5e7b98b5d2ef0c294663809dbad7f4112e4b6885a2bfdcf91633506d8aa7c4e1
6f8ca9c6e3001d3a577491aecbe805223f5c7996b3d0ed0a2744617e9bb8d5f2
809dbad7f4112e4b6885a2bfdcf91633506d8aa7c4e1fe1b3855728facc9e603
91aecbe805223f5c7996b3d0ed0a2744617e9bb8d5f20f2c496683a0bddaf714
a2bfdcf91633506d8aa7c4e1fe1b3855728facc9e603203d5a7794b1ceeb0825
b3d0ed0a2744617e9bb8d5f20f2c496683a0bddaf714314e6b88a5c2dffc1936
c4e1fe1b3855728facc9e603203d5a7794b1ceeb0825425f7c99b6d3f00d2a47
d5f20f2c496683a0bddaf714314e6b88a5c2dffc193653708daac7e4011e3b58
e603203d5a7794b1ceeb0825425f7c99b6d3f00d2a4764819ebbd8f5122f4c69
f714314e6b88a5c2dffc193653708daac7e4011e3b587592afcce90623405d7a
0825425f7c99b6d3f00d2a4764819ebbd8f5122f4c6986a3c0ddfa1734516e8b
193653708daac7e4011e3b587592afcce90623405d7a97b4d1ee0b2845627f9c
2a4764819ebbd8f5122f4c6986a3c0ddfa1734516e8ba8c5e2ff1c39567390ad
3b587592afcce90623405d7a97b4d1ee0b2845627f9cb9d6f3102d4a6784a1be
4c6986a3c0ddfa1734516e8ba8c5e2ff1c39567390adcae704213e5b7895b2cf
5d7a97b4d1ee0b2845627f9cb9d6f3102d4a6784a1bedbf815324f6c89a6c3e0
6e8ba8c5e2ff1c39567390adcae704213e5b7895b2cfec092643607d9ab7d4f1
7f9cb9d6f3102d4a6784a1bedbf815324f6c89a6c3e0fd1a3754718eabc8e502
90adcae704213e5b7895b2cfec092643607d9ab7d4f10e2b4865829fbcd9f613
a1bedbf815324f6c89a6c3e0fd1a3754718eabc8e5021f3c597693b0cdea0724
b2cfec092643607d9ab7d4f10e2b4865829fbcd9f613304d6a87a4c1defb1835
c3e0fd1a3754718eabc8e5021f3c597693b0cdea0724415e7b98b5d2ef0c2946
d4f10e2b4865829fbcd9f613304d6a87a4c1defb1835526f8ca9c6e3001d3a57
e5021f3c597693b0cdea0724415e7b98b5d2ef0c294663809dbad7f4112e4b68
f613304d6a87a4c1defb1835526f8ca9c6e3001d3a577491aecbe805223f5c79
0724415e7b98b5d2ef0c294663809dbad7f4112e4b6885a2bfdcf91633506d8a
1835526f8ca9c6e3001d3a577491aecbe805223f5c7996b3d0ed0a2744617e9b
294663809dbad7f4112e4b6885a2bfdcf91633506d8aa7c4e1fe1b3855728fac
3a577491aecbe805223f5c7996b3d0ed0a2744617e9bb8d5f20f2c496683a0bd
4b6885a2bfdcf91633506d8aa7c4e1fe1b3855728facc9e603203d5a7794b1ce
5c7996b3d0ed0a2744617e9bb8d5f20f2c496683a0bddaf714314e6b88a5c2df
6d8aa7c4e1fe1b3855728facc9e603203d5a7794b1ceeb0825425f7c99b6d3f0
7e9bb8d5f20f2c496683a0bddaf714314e6b88a5c2dffc193653708daac7e401
8facc9e603203d5a7794b1ceeb0825425f7c99b6d3f00d2a4764819ebbd8f512
a0bddaf714314e6b88a5c2dffc193653708daac7e4011e3b587592afcce90623
b1ceeb0825425f7c99b6d3f00d2a4764819ebbd8f5122f4c6986a3c0ddfa1734
c2dffc193653708daac7e4011e3b587592afcce90623405d7a97b4d1ee0b2845
d3f00d2a4764819ebbd8f5122f4c6986a3c0ddfa1734516e8ba8c5e2ff1c3956
e4011e3b587592afcce90623405d7a97b4d1ee0b2845627f9cb9d6f3102d4a67
f5122f4c6986a3c0ddfa1734516e8ba8c5e2ff1c39567390adcae704213e5b78
0623405d7a97b4d1ee0b2845627f9cb9d6f3102d4a6784a1bedbf815324f6c89
1734516e8ba8c5e2ff1c39567390adcae704213e5b7895b2cfec092643607d9a
2845627f9cb9d6f3102d4a6784a1bedbf815324f6c89a6c3e0fd1a3754718eab
39567390adcae704213e5b7895b2cfec092643607d9ab7d4f10e2b4865829fbc
4a6784a1bedbf815324f6c89a6c3e0fd1a3754718eabc8e5021f3c597693b0cd
5b7895b2cfec092643607d9ab7d4f10e2b4865829fbcd9f613304d6a87a4c1de
6c89a6c3e0fd1a3754718eabc8e5021f3c597693b0cdea0724415e7b98b5d2ef
7d9ab7d4f10e2b4865829fbcd9f613304d6a87a4c1defb1835526f8ca9c6e300
8eabc8e5021f3c597693b0cdea0724415e7b98b5d2ef0c294663809dbad7f411
9fbcd9f613304d6a87a4c1defb1835526f8ca9c6e3001d3a577491aecbe80522
b0cdea0724415e7b98b5d2ef0c294663809dbad7f4112e4b6885a2bfdcf91633
c1defb1835526f8ca9c6e3001d3a577491aecbe805223f5c7996b3d0ed0a2744
d2ef0c294663809dbad7f4112e4b6885a2bfdcf91633506d8aa7c4e1fe1b3855
e3001d3a577491aecbe805223f5c7996b3d0ed0a2744617e9bb8d5f20f2c4966
f4112e4b6885a2bfdcf91633506d8aa7c4e1fe1b3855728facc9e603203d5a77
05223f5c7996b3d0ed0a2744617e9bb8d5f20f2c496683a0bddaf714314e6b88
1633506d8aa7c4e1fe1b3855728facc9e603203d5a7794b1ceeb0825425f7c99
2744617e9bb8d5f20f2c496683a0bddaf714314e6b88a5c2dffc193653708daa
3855728facc9e603203d5a7794b1ceeb0825425f7c99b6d3f00d2a4764819ebb
496683a0bddaf714314e6b88a5c2dffc193653708daac7e4011e3b587592afcc
5a7794b1ceeb0825425f7c99b6d3f00d2a4764819ebbd8f5122f4c6986a3c0dd
6b88a5c2dffc193653708daac7e4011e3b587592afcce90623405d7a97b4d1ee
7c99b6d3f00d2a4764819ebbd8f5122f4c6986a3c0ddfa1734516e8ba8c5e2ff
8daac7e4011e3b587592afcce90623405d7a97b4d1ee0b2845627f9cb9d6f310
9ebbd8f5122f4c6986a3c0ddfa1734516e8ba8c5e2ff1c39567390adcae70421
afcce90623405d7a97b4d1ee0b2845627f9cb9d6f3102d4a6784a1bedbf81532
c0ddfa1734516e8ba8c5e2ff1c39567390adcae704213e5b7895b2cfec092643
d1ee0b2845627f9cb9d6f3102d4a6784a1bedbf815324f6c89a6c3e0fd1a3754
e2ff1c39567390adcae704213e5b7895b2cfec092643607d9ab7d4f10e2b4865
f3102d4a6784a1bedbf815324f6c89a6c3e0fd1a3754718eabc8e5021f3c5976
04213e5b7895b2cfec092643607d9ab7d4f10e2b4865829fbcd9f613304d6a87
15324f6c89a6c3e0fd1a3754718eabc8e5021f3c597693b0cdea0724415e7b98
2643607d9ab7d4f10e2b4865829fbcd9f613304d6a87a4c1defb1835526f8ca9
3754718eabc8e5021f3c597693b0cdea0724415e7b98b5d2ef0c294663809dba
4865829fbcd9f613304d6a87a4c1defb1835526f8ca9c6e3001d3a577491aecb
597693b0cdea0724415e7b98b5d2ef0c294663809dbad7f4112e4b6885a2bfdc
6a87a4c1defb1835526f8ca9c6e3001d3a577491aecbe805223f5c7996b3d0ed
7b98b5d2ef0c294663809dbad7f4112e4b6885a2bfdcf91633506d8aa7c4e1fe
8ca9c6e3001d3a577491aecbe805223f5c7996b3d0ed0a2744617e9bb8d5f20f
9dbad7f4112e4b6885a2bfdcf91633506d8aa7c4e1fe1b3855728facc9e60320
aecbe805223f5c7996b3d0ed0a2744617e9bb8d5f20f2c496683a0bddaf71431
bfdcf91633506d8aa7c4e1fe1b3855728facc9e603203d5a7794b1ceeb082542
d0ed0a2744617e9bb8d5f20f2c496683a0bddaf714314e6b88a5c2dffc193653
e1fe1b3855728facc9e603203d5a7794b1ceeb0825425f7c99b6d3f00d2a4764
f20f2c496683a0bddaf714314e6b88a5c2dffc193653708daac7e4011e3b5875
03203d5a7794b1ceeb0825425f7c99b6d3f00d2a4764819ebbd8f5122f4c6986
14314e6b88a5c2dffc193653708daac7e4011e3b587592afcce90623405d7a97
25425f7c99b6d3f00d2a4764819ebbd8f5122f4c6986a3c0ddfa1734516e8ba8
3653708daac7e4011e3b587592afcce90623405d7a97b4d1ee0b2845627f9cb9
4764819ebbd8f5122f4c6986a3c0ddfa1734516e8ba8c5e2ff1c39567390adca
587592afcce90623405d7a97b4d1ee0b2845627f9cb9d6f3102d4a6784a1bedb
6986a3c0ddfa1734516e8ba8c5e2ff1c39567390adcae704213e5b7895b2cfec
7a97b4d1ee0b2845627f9cb9d6f3102d4a6784a1bedbf815324f6c89a6c3e0fd
8ba8c5e2ff1c39567390adcae704213e5b7895b2cfec092643607d9ab7d4f10e
9cb9d6f3102d4a6784a1bedbf815324f6c89a6c3e0fd1a3754718eabc8e5021f
adcae704213e5b7895b2cfec092643607d9ab7d4f10e2b4865829fbcd9f61330
bedbf815324f6c89a6c3e0fd1a3754718eabc8e5021f3c597693b0cdea072441
cfec092643607d9ab7d4f10e2b4865829fbcd9f613304d6a87a4c1defb183552
e0fd1a3754718eabc8e5021f3c597693b0cdea0724415e7b98b5d2ef0c294663
f10e2b4865829fbcd9f613304d6a87a4c1defb1835526f8ca9c6e3001d3a5774
021f3c597693b0cdea0724415e7b98b5d2ef0c294663809dbad7f4112e4b6885
13304d6a87a4c1defb1835526f8ca9c6e3001d3a577491aecbe805223f5c7996
24415e7b98b5d2ef0c294663809dbad7f4112e4b6885a2bfdcf91633506d8aa7
35526f8ca9c6e3001d3a577491aecbe805223f5c7996b3d0ed0a2744617e9bb8
4663809dbad7f4112e4b6885a2bfdcf91633506d8aa7c4e1fe1b3855728facc9
577491aecbe805223f5c7996b3d0ed0a2744617e9bb8d5f20f2c496683a0bdda
6885a2bfdcf91633506d8aa7c4e1fe1b3855728facc9e603203d5a7794b1ceeb
7996b3d0ed0a2744617e9bb8d5f20f2c496683a0bddaf714314e6b88a5c2dffc
8aa7c4e1fe1b3855728facc9e603203d5a7794b1ceeb0825425f7c99b6d3f00d
9bb8d5f20f2c496683a0bddaf714314e6b88a5c2dffc193653708daac7e4011e
acc9e603203d5a7794b1ceeb0825425f7c99b6d3f00d2a4764819ebbd8f5122f
bddaf714314e6b88a5c2dffc193653708daac7e4011e3b587592afcce9062340
ceeb0825425f7c99b6d3f00d2a4764819ebbd8f5122f4c6986a3c0ddfa173451
dffc193653708daac7e4011e3b587592afcce90623405d7a97b4d1ee0b284562
f00d2a4764819ebbd8f5122f4c6986a3c0ddfa1734516e8ba8c5e2ff1c395673
011e3b587592afcce90623405d7a97b4d1ee0b2845627f9cb9d6f3102d4a6784
122f4c6986a3c0ddfa1734516e8ba8c5e2ff1c39567390adcae704213e5b7895
23405d7a97b4d1ee0b2845627f9cb9d6f3102d4a6784a1bedbf815324f6c89a6
34516e8ba8c5e2ff1c39567390adcae704213e5b7895b2cfec092643607d9ab7
45627f9cb9d6f3102d4a6784a1bedbf815324f6c89a6c3e0fd1a3754718eabc8
567390adcae704213e5b7895b2cfec092643607d9ab7d4f10e2b4865829fbcd9
6784a1bedbf815324f6c89a6c3e0fd1a3754718eabc8e5021f3c597693b0cdea
7895b2cfec092643607d9ab7d4f10e2b4865829fbcd9f613304d6a87a4c1defb
89a6c3e0fd1a3754718eabc8e5021f3c597693b0cdea0724415e7b98b5d2ef0c
9ab7d4f10e2b4865829fbcd9f613304d6a87a4c1defb1835526f8ca9c6e3001d
abc8e5021f3c597693b0cdea0724415e7b98b5d2ef0c294663809dbad7f4112e
bcd9f613304d6a87a4c1defb1835526f8ca9c6e3001d3a577491aecbe805223f
cdea0724415e7b98b5d2ef0c294663809dbad7f4112e4b6885a2bfdcf9163350
defb1835526f8ca9c6e3001d3a577491aecbe805223f5c7996b3d0ed0a274461
ef0c294663809dbad7f4112e4b6885a2bfdcf91633506d8aa7c4e1fe1b385572
001d3a577491aecbe805223f5c7996b3d0ed0a2744617e9bb8d5f20f2c496683
112e4b6885a2bfdcf91633506d8aa7c4e1fe1b3855728facc9e603203d5a7794
223f5c7996b3d0ed0a2744617e9bb8d5f20f2c496683a0bddaf714314e6b88a5
33506d8aa7c4e1fe1b3855728facc9e603203d5a7794b1ceeb0825425f7c99b6
44617e9bb8d5f20f2c496683a0bddaf714314e6b88a5c2dffc193653708daac7
55728facc9e603203d5a7794b1ceeb0825425f7c99b6d3f00d2a4764819ebbd8
6683a0bddaf714314e6b88a5c2dffc193653708daac7e4011e3b587592afcce9
7794b1ceeb0825425f7c99b6d3f00d2a4764819ebbd8f5122f4c6986a3c0ddfa
88a5c2dffc193653708daac7e4011e3b587592afcce90623405d7a97b4d1ee0b
99b6d3f00d2a4764819ebbd8f5122f4c6986a3c0ddfa1734516e8ba8c5e2ff1c
aac7e4011e3b587592afcce90623405d7a97b4d1ee0b2845627f9cb9d6f3102d
bbd8f5122f4c6986a3c0ddfa1734516e8ba8c5e2ff1c39567390adcae704213e
cce90623405d7a97b4d1ee0b2845627f9cb9d6f3102d4a6784a1bedbf815324f
ddfa1734516e8ba8c5e2ff1c39567390adcae704213e5b7895b2cfec09264360
ee0b2845627f9cb9d6f3102d4a6784a1bedbf815324f6c89a6c3e0fd1a375471
ff1c39567390adcae704213e5b7895b2cfec092643607d9ab7d4f10e2b486582
102d4a6784a1bedbf815324f6c89a6c3e0fd1a3754718eabc8e5021f3c597693
213e5b7895b2cfec092643607d9ab7d4f10e2b4865829fbcd9f613304d6a87a4
324f6c89a6c3e0fd1a3754718eabc8e5021f3c597693b0cdea0724415e7b98b5
43607d9ab7d4f10e2b4865829fbcd9f613304d6a87a4c1defb1835526f8ca9c6
54718eabc8e5021f3c597693b0cdea0724415e7b98b5d2ef0c294663809dbad7
65829fbcd9f613304d6a87a4c1defb1835526f8ca9c6e3001d3a577491aecbe8
7693b0cdea0724415e7b98b5d2ef0c294663809dbad7f4112e4b6885a2bfdcf9
87a4c1defb1835526f8ca9c6e3001d3a577491aecbe805223f5c7996b3d0ed0a
98b5d2ef0c294663809dbad7f4112e4b6885a2bfdcf91633506d8aa7c4e1fe1b
a9c6e3001d3a577491aecbe805223f5c7996b3d0ed0a2744617e9bb8d5f20f2c
bad7f4112e4b6885a2bfdcf91633506d8aa7c4e1fe1b3855728facc9e603203d
cbe805223f5c7996b3d0ed0a2744617e9bb8d5f20f2c496683a0bddaf714314e
dcf91633506d8aa7c4e1fe1b3855728facc9e603203d5a7794b1ceeb0825425f
ed0a2744617e9bb8d5f20f2c496683a0bddaf714314e6b88a5c2dffc19365370
fe1b3855728facc9e603203d5a7794b1ceeb0825425f7c99b6d3f00d2a476481
0f2c496683a0bddaf714314e6b88a5c2dffc193653708daac7e4011e3b587592
203d5a7794b1ceeb0825425f7c99b6d3f00d2a4764819ebbd8f5122f4c6986a3
314e6b88a5c2dffc193653708daac7e4011e3b587592afcce90623405d7a97b4
425f7c99b6d3f00d2a4764819ebbd8f5122f4c6986a3c0ddfa1734516e8ba8c5
53708daac7e4011e3b587592afcce90623405d7a97b4d1ee0b2845627f9cb9d6
64819ebbd8f5122f4c6986a3c0ddfa1734516e8ba8c5e2ff1c39567390adcae7
7592afcce90623405d7a97b4d1ee0b2845627f9cb9d6f3102d4a6784a1bedbf8
86a3c0ddfa1734516e8ba8c5e2ff1c39567390adcae704213e5b7895b2cfec09
97b4d1ee0b2845627f9cb9d6f3102d4a6784a1bedbf815324f6c89a6c3e0fd1a
a8c5e2ff1c39567390adcae704213e5b7895b2cfec092643607d9ab7d4f10e2b
b9d6f3102d4a6784a1bedbf815324f6c89a6c3e0fd1a3754718eabc8e5021f3c
cae704213e5b7895b2cfec092643607d9ab7d4f10e2b4865829fbcd9f613304d
dbf815324f6c89a6c3e0fd1a3754718eabc8e5021f3c597693b0cdea0724415e
ec092643607d9ab7d4f10e2b4865829fbcd9f613304d6a87a4c1defb1835526f
fd1a3754718eabc8e5021f3c597693b0cdea0724415e7b98b5d2ef0c29466380
0e2b4865829fbcd9f613304d6a87a4c1defb1835526f8ca9c6e3001d3a577491
1f3c597693b0cdea0724415e7b98b5d2ef0c294663809dbad7f4112e4b6885a2
304d6a87a4c1defb1835526f8ca9c6e3001d3a577491aecbe805223f5c7996b3
415e7b98b5d2ef0c294663809dbad7f4112e4b6885a2bfdcf91633506d8aa7c4
526f8ca9c6e3001d3a577491aecbe805223f5c7996b3d0ed0a2744617e9bb8d5
63809dbad7f4112e4b6885a2bfdcf91633506d8aa7c4e1fe1b3855728facc9e6
7491aecbe805223f5c7996b3d0ed0a2744617e9bb8d5f20f2c496683a0bddaf7
85a2bfdcf91633506d8aa7c4e1fe1b3855728facc9e603203d5a7794b1ceeb08
96b3d0ed0a2744617e9bb8d5f20f2c496683a0bddaf714314e6b88a5c2dffc19
a7c4e1fe1b3855728facc9e603203d5a7794b1ceeb0825425f7c99b6d3f00d2a
b8d5f20f2c496683a0bddaf714314e6b88a5c2dffc193653708daac7e4011e3b
c9e603203d5a7794b1ceeb0825425f7c99b6d3f00d2a4764819ebbd8f5122f4c
daf714314e6b88a5c2dffc193653708daac7e4011e3b587592afcce90623405d
eb0825425f7c99b6d3f00d2a4764819ebbd8f5122f4c6986a3c0ddfa1734516e
fc193653708daac7e4011e3b587592afcce90623405d7a97b4d1ee0b2845627f
0d2a4764819ebbd8f5122f4c6986a3c0ddfa1734516e8ba8c5e2ff1c39567390
1e3b587592afcce90623405d7a97b4d1ee0b2845627f9cb9d6f3102d4a6784a1
2f4c6986a3c0ddfa1734516e8ba8c5e2ff1c39567390adcae704213e5b7895b2
405d7a97b4d1ee0b2845627f9cb9d6f3102d4a6784a1bedbf815324f6c89a6c3
516e8ba8c5e2ff1c39567390adcae704213e5b7895b2cfec092643607d9ab7d4
627f9cb9d6f3102d4a6784a1bedbf815324f6c89a6c3e0fd1a3754718eabc8e5
7390adcae704213e5b7895b2cfec092643607d9ab7d4f10e2b4865829fbcd9f6
84a1bedbf815324f6c89a6c3e0fd1a3754718eabc8e5021f3c597693b0cdea07
95b2cfec092643607d9ab7d4f10e2b4865829fbcd9f613304d6a87a4c1defb18
a6c3e0fd1a3754718eabc8e5021f3c597693b0cdea0724415e7b98b5d2ef0c29
b7d4f10e2b4865829fbcd9f613304d6a87a4c1defb1835526f8ca9c6e3001d3a
c8e5021f3c597693b0cdea0724415e7b98b5d2ef0c294663809dbad7f4112e4b
d9f613304d6a87a4c1defb1835526f8ca9c6e3001d3a577491aecbe805223f5c
ea0724415e7b98b5d2ef0c294663809dbad7f4112e4b6885a2bfdcf91633506d
fb1835526f8ca9c6e3001d3a577491aecbe805223f5c7996b3d0ed0a2744617e
0c294663809dbad7f4112e4b6885a2bfdcf91633506d8aa7c4e1fe1b3855728f
1d3a577491aecbe805223f5c7996b3d0ed0a2744617e9bb8d5f20f2c496683a0
2e4b6885a2bfdcf91633506d8aa7c4e1fe1b3855728facc9e603203d5a7794b1
3f5c7996b3d0ed0a2744617e9bb8d5f20f2c496683a0bddaf714314e6b88a5c2
506d8aa7c4e1fe1b3855728facc9e603203d5a7794b1ceeb0825425f7c99b6d3
617e9bb8d5f20f2c496683a0bddaf714314e6b88a5c2dffc193653708daac7e4
728facc9e603203d5a7794b1ceeb0825425f7c99b6d3f00d2a4764819ebbd8f5
83a0bddaf714314e6b88a5c2dffc193653708daac7e4011e3b587592afcce906
94b1ceeb0825425f7c99b6d3f00d2a4764819ebbd8f5122f4c6986a3c0ddfa17
a5c2dffc193653708daac7e4011e3b587592afcce90623405d7a97b4d1ee0b28
b6d3f00d2a4764819ebbd8f5122f4c6986a3c0ddfa1734516e8ba8c5e2ff1c39
c7e4011e3b587592afcce90623405d7a97b4d1ee0b2845627f9cb9d6f3102d4a
d8f5122f4c6986a3c0ddfa1734516e8ba8c5e2ff1c39567390adcae704213e5b
e90623405d7a97b4d1ee0b2845627f9cb9d6f3102d4a6784a1bedbf815324f6c
fa1734516e8ba8c5e2ff1c39567390adcae704213e5b7895b2cfec092643607d
0b2845627f9cb9d6f3102d4a6784a1bedbf815324f6c89a6c3e0fd1a3754718e
1c39567390adcae704213e5b7895b2cfec092643607d9ab7d4f10e2b4865829f
2d4a6784a1bedbf815324f6c89a6c3e0fd1a3754718eabc8e5021f3c597693b0
3e5b7895b2cfec092643607d9ab7d4f10e2b4865829fbcd9f613304d6a87a4c1
4f6c89a6c3e0fd1a3754718eabc8e5021f3c597693b0cdea0724415e7b98b5d2
607d9ab7d4f10e2b4865829fbcd9f613304d6a87a4c1defb1835526f8ca9c6e3
718eabc8e5021f3c597693b0cdea0724415e7b98b5d2ef0c294663809dbad7f4
829fbcd9f613304d6a87a4c1defb1835526f8ca9c6e3001d3a577491aecbe805
93b0cdea0724415e7b98b5d2ef0c294663809dbad7f4112e4b6885a2bfdcf916
a4c1defb1835526f8ca9c6e3001d3a577491aecbe805223f5c7996b3d0ed0a27
b5d2ef0c294663809dbad7f4112e4b6885a2bfdcf91633506d8aa7c4e1fe1b38
c6e3001d3a577491aecbe805223f5c7996b3d0ed0a2744617e9bb8d5f20f2c49
d7f4112e4b6885a2bfdcf91633506d8aa7c4e1fe1b3855728facc9e603203d5a
e805223f5c7996b3d0ed0a2744617e9bb8d5f20f2c496683a0bddaf714314e6b
f91633506d8aa7c4e1fe1b3855728facc9e603203d5a7794b1ceeb0825425f7c
0a2744617e9bb8d5f20f2c496683a0bddaf714314e6b88a5c2dffc193653708d
1b3855728facc9e603203d5a7794b1ceeb0825425f7c99b6d3f00d2a4764819e
2c496683a0bddaf714314e6b88a5c2dffc193653708daac7e4011e3b587592af
3d5a7794b1ceeb0825425f7c99b6d3f00d2a4764819ebbd8f5122f4c6986a3c0
4e6b88a5c2dffc193653708daac7e4011e3b587592afcce90623405d7a97b4d1
5f7c99b6d3f00d2a4764819ebbd8f5122f4c6986a3c0ddfa1734516e8ba8c5e2
708daac7e4011e3b587592afcce90623405d7a97b4d1ee0b2845627f9cb9d6f3
819ebbd8f5122f4c6986a3c0ddfa1734516e8ba8c5e2ff1c39567390adcae704
92afcce90623405d7a97b4d1ee0b2845627f9cb9d6f3102d4a6784a1bedbf815
a3c0ddfa1734516e8ba8c5e2ff1c39567390adcae704213e5b7895b2cfec0926
b4d1ee0b2845627f9cb9d6f3102d4a6784a1bedbf815324f6c89a6c3e0fd1a37
c5e2ff1c39567390adcae704213e5b7895b2cfec092643607d9ab7d4f10e2b48
d6f3102d4a6784a1bedbf815324f6c89a6c3e0fd1a3754718eabc8e5021f3c59
e704213e5b7895b2cfec092643607d9ab7d4f10e2b4865829fbcd9f613304d6a
f815324f6c89a6c3e0fd1a3754718eabc8e5021f3c597693b0cdea0724415e7b
092643607d9ab7d4f10e2b4865829fbcd9f613304d6a87a4c1defb1835526f8c
1a3754718eabc8e5021f3c597693b0cdea0724415e7b98b5d2ef0c294663809d
2b4865829fbcd9f613304d6a87a4c1defb1835526f8ca9c6e3001d3a577491ae
3c597693b0cdea0724415e7b98b5d2ef0c294663809dbad7f4112e4b6885a2bf
4d6a87a4c1defb1835526f8ca9c6e3001d3a577491aecbe805223f5c7996b3d0
5e7b98b5d2ef0c294663809dbad7f4112e4b6885a2bfdcf91633506d8aa7c4e1
6f8ca9c6e3001d3a577491aecbe805223f5c7996b3d0ed0a2744617e9bb8d5f2
809dbad7f4112e4b6885a2bfdcf91633506d8aa7c4e1fe1b3855728facc9e603
91aecbe805223f5c7996b3d0ed0a2744617e9bb8d5f20f2c496683a0bddaf714
a2bfdcf91633506d8aa7c4e1fe1b3855728facc9e603203d5a7794b1ceeb0825
b3d0ed0a2744617e9bb8d5f20f2c496683a0bddaf714314e6b88a5c2dffc1936
c4e1fe1b3855728facc9e603203d5a7794b1ceeb0825425f7c99b6d3f00d2a47
d5f20f2c496683a0bddaf714314e6b88a5c2dffc193653708daac7e4011e3b58
e603203d5a7794b1ceeb0825425f7c99b6d3f00d2a4764819ebbd8f5122f4c69
f714314e6b88a5c2dffc193653708daac7e4011e3b587592afcce90623405d7a
0825425f7c99b6d3f00d2a4764819ebbd8f5122f4c6986a3c0ddfa1734516e8b
193653708daac7e4011e3b587592afcce90623405d7a97b4d1ee0b2845627f9c
2a4764819ebbd8f5122f4c6986a3c0ddfa1734516e8ba8c5e2ff1c39567390ad
3b587592afcce90623405d7a97b4d1ee0b2845627f9cb9d6f3102d4a6784a1be
4c6986a3c0ddfa1734516e8ba8c5e2ff1c39567390adcae704213e5b7895b2cf
5d7a97b4d1ee0b2845627f9cb9d6f3102d4a6784a1bedbf815324f6c89a6c3e0
6e8ba8c5e2ff1c39567390adcae704213e5b7895b2cfec092643607d9ab7d4f1
7f9cb9d6f3102d4a6784a1bedbf815324f6c89a6c3e0fd1a3754718eabc8e502
90adcae704213e5b7895b2cfec092643607d9ab7d4f10e2b4865829fbcd9f613
a1bedbf815324f6c89a6c3e0fd1a3754718eabc8e5021f3c597693b0cdea0724
b2cfec092643607d9ab7d4f10e2b4865829fbcd9f613304d6a87a4c1defb1835
c3e0fd1a3754718eabc8e5021f3c597693b0cdea0724415e7b98b5d2ef0c2946
d4f10e2b4865829fbcd9f613304d6a87a4c1defb1835526f8ca9c6e3001d3a57
e5021f3c597693b0cdea0724415e7b98b5d2ef0c294663809dbad7f4112e4b68
f613304d6a87a4c1defb1835526f8ca9c6e3001d3a577491aecbe805223f5c79
0724415e7b98b5d2ef0c294663809dbad7f4112e4b6885a2bfdcf91633506d8a
1835526f8ca9c6e3001d3a577491aecbe805223f5c7996b3d0ed0a2744617e9b
294663809dbad7f4112e4b6885a2bfdcf91633506d8aa7c4e1fe1b3855728fac
3a577491aecbe805223f5c7996b3d0ed0a2744617e9bb8d5f20f2c496683a0bd
4b6885a2bfdcf91633506d8aa7c4e1fe1b3855728facc9e603203d5a7794b1ce
5c7996b3d0ed0a2744617e9bb8d5f20f2c496683a0bddaf714314e6b88a5c2df
6d8aa7c4e1fe1b3855728facc9e603203d5a7794b1ceeb0825425f7c99b6d3f0
7e9bb8d5f20f2c496683a0bddaf714314e6b88a5c2dffc193653708daac7e401
8facc9e603203d5a7794b1ceeb0825425f7c99b6d3f00d2a4764819ebbd8f512
a0bddaf714314e6b88a5c2dffc193653708daac7e4011e3b587592afcce90623
b1ceeb0825425f7c99b6d3f00d2a4764819ebbd8f5122f4c6986a3c0ddfa1734
c2dffc193653708daac7e4011e3b587592afcce90623405d7a97b4d1ee0b2845
d3f00d2a4764819ebbd8f5122f4c6986a3c0ddfa1734516e8ba8c5e2ff1c3956
e4011e3b587592afcce90623405d7a97b4d1ee0b2845627f9cb9d6f3102d4a67
f5122f4c6986a3c0ddfa1734516e8ba8c5e2ff1c39567390adcae704213e5b78
0623405d7a97b4d1ee0b2845627f9cb9d6f3102d4a6784a1bedbf815324f6c89
1734516e8ba8c5e2ff1c39567390adcae704213e5b7895b2cfec092643607d9a
2845627f9cb9d6f3102d4a6784a1bedbf815324f6c89a6c3e0fd1a3754718eab
39567390adcae704213e5b7895b2cfec092643607d9ab7d4f10e2b4865829fbc
4a6784a1bedbf815324f6c89a6c3e0fd1a3754718eabc8e5021f3c597693b0cd
5b7895b2cfec092643607d9ab7d4f10e2b4865829fbcd9f613304d6a87a4c1de
6c89a6c3e0fd1a3754718eabc8e5021f3c597693b0cdea0724415e7b98b5d2ef
7d9ab7d4f10e2b4865829fbcd9f613304d6a87a4c1defb1835526f8ca9c6e300
8eabc8e5021f3c597693b0cdea0724415e7b98b5d2ef0c294663809dbad7f411
9fbcd9f613304d6a87a4c1defb1835526f8ca9c6e3001d3a577491aecbe80522
b0cdea0724415e7b98b5d2ef0c294663809dbad7f4112e4b6885a2bfdcf91633
c1defb1835526f8ca9c6e3001d3a577491aecbe805223f5c7996b3d0ed0a2744
d2ef0c294663809dbad7f4112e4b6885a2bfdcf91633506d8aa7c4e1fe1b3855
e3001d3a577491aecbe805223f5c7996b3d0ed0a2744617e9bb8d5f20f2c4966
f4112e4b6885a2bfdcf91633506d8aa7c4e1fe1b3855728facc9e603203d5a77
05223f5c7996b3d0ed0a2744617e9bb8d5f20f2c496683a0bddaf714314e6b88
1633506d8aa7c4e1fe1b3855728facc9e603203d5a7794b1ceeb0825425f7c99
2744617e9bb8d5f20f2c496683a0bddaf714314e6b88a5c2dffc193653708daa
3855728facc9e603203d5a7794b1ceeb0825425f7c99b6d3f00d2a4764819ebb
496683a0bddaf714314e6b88a5c2dffc193653708daac7e4011e3b587592afcc
5a7794b1ceeb0825425f7c99b6d3f00d2a4764819ebbd8f5122f4c6986a3c0dd
6b88a5c2dffc193653708daac7e4011e3b587592afcce90623405d7a97b4d1ee
7c99b6d3f00d2a4764819ebbd8f5122f4c6986a3c0ddfa1734516e8ba8c5e2ff
8daac7e4011e3b587592afcce90623405d7a97b4d1ee0b2845627f9cb9d6f310
9ebbd8f5122f4c6986a3c0ddfa1734516e8ba8c5e2ff1c39567390adcae70421
afcce90623405d7a97b4d1ee0b2845627f9cb9d6f3102d4a6784a1bedbf81532
c0ddfa1734516e8ba8c5e2ff1c39567390adcae704213e5b7895b2cfec092643
d1ee0b2845627f9cb9d6f3102d4a6784a1bedbf815324f6c89a6c3e0fd1a3754
e2ff1c39567390adcae704213e5b7895b2cfec092643607d9ab7d4f10e2b4865
f3102d4a6784a1bedbf815324f6c89a6c3e0fd1a3754718eabc8e5021f3c5976
04213e5b7895b2cfec092643607d9ab7d4f10e2b4865829fbcd9f613304d6a87
15324f6c89a6c3e0fd1a3754718eabc8e5021f3c597693b0cdea0724415e7b98
2643607d9ab7d4f10e2b4865829fbcd9f613304d6a87a4c1defb1835526f8ca9
3754718eabc8e5021f3c597693b0cdea0724415e7b98b5d2ef0c294663809dba
4865829fbcd9f613304d6a87a4c1defb1835526f8ca9c6e3001d3a577491aecb
597693b0cdea0724415e7b98b5d2ef0c294663809dbad7f4112e4b6885a2bfdc
6a87a4c1defb1835526f8ca9c6e3001d3a577491aecbe805223f5c7996b3d0ed
7b98b5d2ef0c294663809dbad7f4112e4b6885a2bfdcf91633506d8aa7c4e1fe
8ca9c6e3001d3a577491aecbe805223f5c7996b3d0ed0a2744617e9bb8d5f20f
9dbad7f4112e4b6885a2bfdcf91633506d8aa7c4e1fe1b3855728facc9e60320
aecbe805223f5c7996b3d0ed0a2744617e9bb8d5f20f2c496683a0bddaf71431
bfdcf91633506d8aa7c4e1fe1b3855728facc9e603203d5a7794b1ceeb082542
d0ed0a2744617e9bb8d5f20f2c496683a0bddaf714314e6b88a5c2dffc193653
e1fe1b3855728facc9e603203d5a7794b1ceeb0825425f7c99b6d3f00d2a4764
f20f2c496683a0bddaf714314e6b88a5c2dffc193653708daac7e4011e3b5875
03203d5a7794b1ceeb0825425f7c99b6d3f00d2a4764819ebbd8f5122f4c6986
14314e6b88a5c2dffc193653708daac7e4011e3b587592afcce90623405d7a97
25425f7c99b6d3f00d2a4764819ebbd8f5122f4c6986a3c0ddfa1734516e8ba8
3653708daac7e4011e3b587592afcce90623405d7a97b4d1ee0b2845627f9cb9
4764819ebbd8f5122f4c6986a3c0ddfa1734516e8ba8c5e2ff1c39567390adca
587592afcce90623405d7a97b4d1ee0b2845627f9cb9d6f3102d4a6784a1bedb
6986a3c0ddfa1734516e8ba8c5e2ff1c39567390adcae704213e5b7895b2cfec
7a97b4d1ee0b2845627f9cb9d6f3102d4a6784a1bedbf815324f6c89a6c3e0fd
8ba8c5e2ff1c39567390adcae704213e5b7895b2cfec092643607d9ab7d4f10e
9cb9d6f3102d4a6784a1bedbf815324f6c89a6c3e0fd1a3754718eabc8e5021f
adcae704213e5b7895b2cfec092643607d9ab7d4f10e2b4865829fbcd9f61330
bedbf815324f6c89a6c3e0fd1a3754718eabc8e5021f3c597693b0cdea072441
cfec092643607d9ab7d4f10e2b4865829fbcd9f613304d6a87a4c1defb183552
e0fd1a3754718eabc8e5021f3c597693b0cdea0724415e7b98b5d2ef0c294663
f10e2b4865829fbcd9f613304d6a87a4c1defb1835526f8ca9c6e3001d3a5774
021f3c597693b0cdea0724415e7b98b5d2ef0c294663809dbad7f4112e4b6885
13304d6a87a4c1defb1835526f8ca9c6e3001d3a577491aecbe805223f5c7996
24415e7b98b5d2ef0c294663809dbad7f4112e4b6885a2bfdcf91633506d8aa7
35526f8ca9c6e3001d3a577491aecbe805223f5c7996b3d0ed0a2744617e9bb8
4663809dbad7f4112e4b6885a2bfdcf91633506d8aa7c4e1fe1b3855728facc9
577491aecbe805223f5c7996b3d0ed0a2744617e9bb8d5f20f2c496683a0bdda
6885a2bfdcf91633506d8aa7c4e1fe1b3855728facc9e603203d5a7794b1ceeb
7996b3d0ed0a2744617e9bb8d5f20f2c496683a0bddaf714314e6b88a5c2dffc
8aa7c4e1fe1b3855728facc9e603203d5a7794b1ceeb0825425f7c99b6d3f00d
9bb8d5f20f2c496683a0bddaf714314e6b88a5c2dffc193653708daac7e4011e
acc9e603203d5a7794b1ceeb0825425f7c99b6d3f00d2a4764819ebbd8f5122f
bddaf714314e6b88a5c2dffc193653708daac7e4011e3b587592afcce9062340
ceeb0825425f7c99b6d3f00d2a4764819ebbd8f5122f4c6986a3c0ddfa173451
dffc193653708daac7e4011e3b587592afcce90623405d7a97b4d1ee0b284562
f00d2a4764819ebbd8f5122f4c6986a3c0ddfa1734516e8ba8c5e2ff1c395673
011e3b587592afcce90623405d7a97b4d1ee0b2845627f9cb9d6f3102d4a6784
122f4c6986a3c0ddfa1734516e8ba8c5e2ff1c39567390adcae704213e5b7895
23405d7a97b4d1ee0b2845627f9cb9d6f3102d4a6784a1bedbf815324f6c89a6
34516e8ba8c5e2ff1c39567390adcae704213e5b7895b2cfec092643607d9ab7
45627f9cb9d6f3102d4a6784a1bedbf815324f6c89a6c3e0fd1a3754718eabc8
567390adcae704213e5b7895b2cfec092643607d9ab7d4f10e2b4865829fbcd9
6784a1bedbf815324f6c89a6c3e0fd1a3754718eabc8e5021f3c597693b0cdea
7895b2cfec092643607d9ab7d4f10e2b4865829fbcd9f613304d6a87a4c1defb
89a6c3e0fd1a3754718eabc8e5021f3c597693b0cdea0724415e7b98b5d2ef0c
9ab7d4f10e2b4865829fbcd9f613304d6a87a4c1defb1835526f8ca9c6e3001d
abc8e5021f3c597693b0cdea0724415e7b98b5d2ef0c294663809dbad7f4112e
bcd9f613304d6a87a4c1defb1835526f8ca9c6e3001d3a577491aecbe805223f
cdea0724415e7b98b5d2ef0c294663809dbad7f4112e4b6885a2bfdcf9163350
defb1835526f8ca9c6e3001d3a577491aecbe805223f5c7996b3d0ed0a274461
ef0c294663809dbad7f4112e4b6885a2bfdcf91633506d8aa7c4e1fe1b385572
001d3a577491aecbe805223f5c7996b3d0ed0a2744617e9bb8d5f20f2c496683
112e4b6885a2bfdcf91633506d8aa7c4e1fe1b3855728facc9e603203d5a7794
223f5c7996b3d0ed0a2744617e9bb8d5f20f2c496683a0bddaf714314e6b88a5
33506d8aa7c4e1fe1b3855728facc9e603203d5a7794b1ceeb0825425f7c99b6
44617e9bb8d5f20f2c496683a0bddaf714314e6b88a5c2dffc193653708daac7
55728facc9e603203d5a7794b1ceeb0825425f7c99b6d3f00d2a4764819ebbd8
6683a0bddaf714314e6b88a5c2dffc193653708daac7e4011e3b587592afcce9
7794b1ceeb0825425f7c99b6d3f00d2a4764819ebbd8f5122f4c6986a3c0ddfa
88a5c2dffc193653708daac7e4011e3b587592afcce90623405d7a97b4d1ee0b
99b6d3f00d2a4764819ebbd8f5122f4c6986a3c0ddfa1734516e8ba8c5e2ff1c
aac7e4011e3b587592afcce90623405d7a97b4d1ee0b2845627f9cb9d6f3102d
bbd8f5122f4c6986a3c0ddfa1734516e8ba8c5e2ff1c39567390adcae704213e
cce90623405d7a97b4d1ee0b2845627f9cb9d6f3102d4a6784a1bedbf815324f
ddfa1734516e8ba8c5e2ff1c39567390adcae704213e5b7895b2cfec09264360
ee0b2845627f9cb9d6f3102d4a6784a1bedbf815324f6c89a6c3e0fd1a375471
ff1c39567390adcae704213e5b7895b2cfec092643607d9ab7d4f10e2b486582
102d4a6784a1bedbf815324f6c89a6c3e0fd1a3754718eabc8e5021f3c597693
213e5b7895b2cfec092643607d9ab7d4f10e2b4865829fbcd9f613304d6a87a4
324f6c89a6c3e0fd1a3754718eabc8e5021f3c597693b0cdea0724415e7b98b5
43607d9ab7d4f10e2b4865829fbcd9f613304d6a87a4c1defb1835526f8ca9c6
54718eabc8e5021f3c597693b0cdea0724415e7b98b5d2ef0c294663809dbad7
65829fbcd9f613304d6a87a4c1defb1835526f8ca9c6e3001d3a577491aecbe8
7693b0cdea0724415e7b98b5d2ef0c294663809dbad7f4112e4b6885a2bfdcf9
87a4c1defb1835526f8ca9c6e3001d3a577491aecbe805223f5c7996b3d0ed0a
98b5d2ef0c294663809dbad7f4112e4b6885a2bfdcf91633506d8aa7c4e1fe1b
a9c6e3001d3a577491aecbe805223f5c7996b3d0ed0a2744617e9bb8d5f20f2c
bad7f4112e4b6885a2bfdcf91633506d8aa7c4e1fe1b3855728facc9e603203d
cbe805223f5c7996b3d0ed0a2744617e9bb8d5f20f2c496683a0bddaf714314e
dcf91633506d8aa7c4e1fe1b3855728facc9e603203d5a7794b1ceeb0825425f
ed0a2744617e9bb8d5f20f2c496683a0bddaf714314e6b88a5c2dffc19365370
fe1b3855728facc9e603203d5a7794b1ceeb0825425f7c99b6d3f00d2a476481
0f2c496683a0bddaf714314e6b88a5c2dffc193653708daac7e4011e3b587592
203d5a7794b1ceeb0825425f7c99b6d3f00d2a4764819ebbd8f5122f4c6986a3
314e6b88a5c2dffc193653708daac7e4011e3b587592afcce90623405d7a97b4
425f7c99b6d3f00d2a4764819ebbd8f5122f4c6986a3c0ddfa1734516e8ba8c5
53708daac7e4011e3b587592afcce90623405d7a97b4d1ee0b2845627f9cb9d6
64819ebbd8f5122f4c6986a3c0ddfa1734516e8ba8c5e2ff1c39567390adcae7
7592afcce90623405d7a97b4d1ee0b2845627f9cb9d6f3102d4a6784a1bedbf8
86a3c0ddfa1734516e8ba8c5e2ff1c39567390adcae704213e5b7895b2cfec09
97b4d1ee0b2845627f9cb9d6f3102d4a6784a1bedbf815324f6c89a6c3e0fd1a
a8c5e2ff1c39567390adcae704213e5b7895b2cfec092643607d9ab7d4f10e2b
b9d6f3102d4a6784a1bedbf815324f6c89a6c3e0fd1a3754718eabc8e5021f3c
cae704213e5b7895b2cfec092643607d9ab7d4f10e2b4865829fbcd9f613304d
dbf815324f6c89a6c3e0fd1a3754718eabc8e5021f3c597693b0cdea0724415e
ec092643607d9ab7d4f10e2b4865829fbcd9f613304d6a87a4c1defb1835526f
fd1a3754718eabc8e5021f3c597693b0cdea0724415e7b98b5d2ef0c29466380
0e2b4865829fbcd9f613304d6a87a4c1defb1835526f8ca9c6e3001d3a577491
1f3c597693b0cdea0724415e7b98b5d2ef0c294663809dbad7f4112e4b6885a2
304d6a87a4c1defb1835526f8ca9c6e3001d3a577491aecbe805223f5c7996b3
415e7b98b5d2ef0c294663809dbad7f4112e4b6885a2bfdcf91633506d8aa7c4
526f8ca9c6e3001d3a577491aecbe805223f5c7996b3d0ed0a2744617e9bb8d5
63809dbad7f4112e4b6885a2bfdcf91633506d8aa7c4e1fe1b3855728facc9e6
7491aecbe805223f5c7996b3d0ed0a2744617e9bb8d5f20f2c496683a0bddaf7
85a2bfdcf91633506d8aa7c4e1fe1b3855728facc9e603203d5a7794b1ceeb08
96b3d0ed0a2744617e9bb8d5f20f2c496683a0bddaf714314e6b88a5c2dffc19
a7c4e1fe1b3855728facc9e603203d5a7794b1ceeb0825425f7c99b6d3f00d2a
b8d5f20f2c496683a0bddaf714314e6b88a5c2dffc193653708daac7e4011e3b
c9e603203d5a7794b1ceeb0825425f7c99b6d3f00d2a4764819ebbd8f5122f4c
daf714314e6b88a5c2dffc193653708daac7e4011e3b587592afcce90623405d
eb0825425f7c99b6d3f00d2a4764819ebbd8f5122f4c6986a3c0ddfa1734516e
fc193653708daac7e4011e3b587592afcce90623405d7a97b4d1ee0b2845627f
0d2a4764819ebbd8f5122f4c6986a3c0ddfa1734516e8ba8c5e2ff1c39567390
1e3b587592afcce90623405d7a97b4d1ee0b2845627f9cb9d6f3102d4a6784a1
2f4c6986a3c0ddfa1734516e8ba8c5e2ff1c39567390adcae704213e5b7895b2
405d7a97b4d1ee0b2845627f9cb9d6f3102d4a6784a1bedbf815324f6c89a6c3
516e8ba8c5e2ff1c39567390adcae704213e5b7895b2cfec092643607d9ab7d4
627f9cb9d6f3102d4a6784a1bedbf815324f6c89a6c3e0fd1a3754718eabc8e5
7390adcae704213e5b7895b2cfec092643607d9ab7d4f10e2b4865829fbcd9f6
84a1bedbf815324f6c89a6c3e0fd1a3754718eabc8e5021f3c597693b0cdea07
95b2cfec092643607d9ab7d4f10e2b4865829fbcd9f613304d6a87a4c1defb18
a6c3e0fd1a3754718eabc8e5021f3c597693b0cdea0724415e7b98b5d2ef0c29
b7d4f10e2b4865829fbcd9f613304d6a87a4c1defb1835526f8ca9c6e3001d3a
c8e5021f3c597693b0cdea0724415e7b98b5d2ef0c294663809dbad7f4112e4b
d9f613304d6a87a4c1defb1835526f8ca9c6e3001d3a577491aecbe805223f5c
ea0724415e7b98b5d2ef0c294663809dbad7f4112e4b6885a2bfdcf91633506d
fb1835526f8ca9c6e3001d3a577491aecbe805223f5c7996b3d0ed0a2744617e
0c294663809dbad7f4112e4b6885a2bfdcf91633506d8aa7c4e1fe1b3855728f
1d3a577491aecbe805223f5c7996b3d0ed0a2744617e9bb8d5f20f2c496683a0
2e4b6885a2bfdcf91633506d8aa7c4e1fe1b3855728facc9e603203d5a7794b1
3f5c7996b3d0ed0a2744617e9bb8d5f20f2c496683a0bddaf714314e6b88a5c2
506d8aa7c4e1fe1b3855728facc9e603203d5a7794b1ceeb0825425f7c99b6d3
617e9bb8d5f20f2c496683a0bddaf714314e6b88a5c2dffc193653708daac7e4
728facc9e603203d5a7794b1ceeb0825425f7c99b6d3f00d2a4764819ebbd8f5
83a0bddaf714314e6b88a5c2dffc193653708daac7e4011e3b587592afcce906
94b1ceeb0825425f7c99b6d3f00d2a4764819ebbd8f5122f4c6986a3c0ddfa17
a5c2dffc193653708daac7e4011e3b587592afcce90623405d7a97b4d1ee0b28
b6d3f00d2a4764819ebbd8f5122f4c6986a3c0ddfa1734516e8ba8c5e2ff1c39
c7e4011e3b587592afcce90623405d7a97b4d1ee0b2845627f9cb9d6f3102d4a
d8f5122f4c6986a3c0ddfa1734516e8ba8c5e2ff1c39567390adcae704213e5b
e90623405d7a97b4d1ee0b2845627f9cb9d6f3102d4a6784a1bedbf815324f6c
fa1734516e8ba8c5e2ff1c39567390adcae704213e5b7895b2cfec092643607d
0b2845627f9cb9d6f3102d4a6784a1bedbf815324f6c89a6c3e0fd1a3754718e
1c39567390adcae704213e5b7895b2cfec092643607d9ab7d4f10e2b4865829f
2d4a6784a1bedbf815324f6c89a6c3e0fd1a3754718eabc8e5021f3c597693b0
3e5b7895b2cfec092643607d9ab7d4f10e2b4865829fbcd9f613304d6a87a4c1
4f6c89a6c3e0fd1a3754718eabc8e5021f3c597693b0cdea0724415e7b98b5d2
607d9ab7d4f10e2b4865829fbcd9f613304d6a87a4c1defb1835526f8ca9c6e3
718eabc8e5021f3c597693b0cdea0724415e7b98b5d2ef0c294663809dbad7f4
829fbcd9f613304d6a87a4c1defb1835526f8ca9c6e3001d3a577491aecbe805
93b0cdea0724415e7b98b5d2ef0c294663809dbad7f4112e4b6885a2bfdcf916
a4c1defb1835526f8ca9c6e3001d3a577491aecbe805223f5c7996b3d0ed0a27
b5d2ef0c294663809dbad7f4112e4b6885a2bfdcf91633506d8aa7c4e1fe1b38
c6e3001d3a577491aecbe805223f5c7996b3d0ed0a2744617e9bb8d5f20f2c49
d7f4112e4b6885a2bfdcf91633506d8aa7c4e1fe1b3855728facc9e603203d5a
e805223f5c7996b3d0ed0a2744617e9bb8d5f20f2c496683a0bddaf714314e6b
f91633506d8aa7c4e1fe1b3855728facc9e603203d5a7794b1ceeb0825425f7c
0a2744617e9bb8d5f20f2c496683a0bddaf714314e6b88a5c2dffc193653708d
1b3855728facc9e603203d5a7794b1ceeb0825425f7c99b6d3f00d2a4764819e
2c496683a0bddaf714314e6b88a5c2dffc193653708daac7e4011e3b587592af
3d5a7794b1ceeb0825425f7c99b6d3f00d2a4764819ebbd8f5122f4c6986a3c0
4e6b88a5c2dffc193653708daac7e4011e3b587592afcce90623405d7a97b4d1
5f7c99b6d3f00d2a4764819ebbd8f5122f4c6986a3c0ddfa1734516e8ba8c5e2
708daac7e4011e3b587592afcce90623405d7a97b4d1ee0b2845627f9cb9d6f3
819ebbd8f5122f4c6986a3c0ddfa1734516e8ba8c5e2ff1c39567390adcae704
92afcce90623405d7a97b4d1ee0b2845627f9cb9d6f3102d4a6784a1bedbf815
a3c0ddfa1734516e8ba8c5e2ff1c39567390adcae704213e5b7895b2cfec0926
b4d1ee0b2845627f9cb9d6f3102d4a6784a1bedbf815324f6c89a6c3e0fd1a37
c5e2ff1c39567390adcae704213e5b7895b2cfec092643607d9ab7d4f10e2b48
d6f3102d4a6784a1bedbf815324f6c89a6c3e0fd1a3754718eabc8e5021f3c59
e704213e5b7895b2cfec092643607d9ab7d4f10e2b4865829fbcd9f613304d6a
f815324f6c89a6c3e0fd1a3754718eabc8e5021f3c597693b0cdea0724415e7b
092643607d9ab7d4f10e2b4865829fbcd9f613304d6a87a4c1defb1835526f8c
1a3754718eabc8e5021f3c597693b0cdea0724415e7b98b5d2ef0c294663809d
2b4865829fbcd9f613304d6a87a4c1defb1835526f8ca9c6e3001d3a577491ae
3c597693b0cdea0724415e7b98b5d2ef0c294663809dbad7f4112e4b6885a2bf
4d6a87a4c1defb1835526f8ca9c6e3001d3a577491aecbe805223f5c7996b3d0
5e7b98b5d2ef0c294663809dbad7f4112e4b6885a2bfdcf91633506d8aa7c4e1
6f8ca9c6e3001d3a577491aecbe805223f5c7996b3d0ed0a2744617e9bb8d5f2
809dbad7f4112e4b6885a2bfdcf91633506d8aa7c4e1fe1b3855728facc9e603
91aecbe805223f5c7996b3d0ed0a2744617e9bb8d5f20f2c496683a0bddaf714
a2bfdcf91633506d8aa7c4e1fe1b3855728facc9e603203d5a7794b1ceeb0825
b3d0ed0a2744617e9bb8d5f20f2c496683a0bddaf714314e6b88a5c2dffc1936
c4e1fe1b3855728facc9e603203d5a7794b1ceeb0825425f7c99b6d3f00d2a47
d5f20f2c496683a0bddaf714314e6b88a5c2dffc193653708daac7e4011e3b58
e603203d5a7794b1ceeb0825425f7c99b6d3f00d2a4764819ebbd8f5122f4c69
f714314e6b88a5c2dffc193653708daac7e4011e3b587592afcce90623405d7a
0825425f7c99b6d3f00d2a4764819ebbd8f5122f4c6986a3c0ddfa1734516e8b
193653708daac7e4011e3b587592afcce90623405d7a97b4d1ee0b2845627f9c
2a4764819ebbd8f5122f4c6986a3c0ddfa1734516e8ba8c5e2ff1c39567390ad
3b587592afcce90623405d7a97b4d1ee0b2845627f9cb9d6f3102d4a6784a1be
4c6986a3c0ddfa1734516e8ba8c5e2ff1c39567390adcae704213e5b7895b2cf
5d7a97b4d1ee0b2845627f9cb9d6f3102d4a6784a1bedbf815324f6c89a6c3e0
6e8ba8c5e2ff1c39567390adcae704213e5b7895b2cfec092643607d9ab7d4f1
7f9cb9d6f3102d4a6784a1bedbf815324f6c89a6c3e0fd1a3754718eabc8e502
90adcae704213e5b7895b2cfec092643607d9ab7d4f10e2b4865829fbcd9f613
a1bedbf815324f6c89a6c3e0fd1a3754718eabc8e5021f3c597693b0cdea0724
b2cfec092643607d9ab7d4f10e2b4865829fbcd9f613304d6a87a4c1defb1835
c3e0fd1a3754718eabc8e5021f3c597693b0cdea0724415e7b98b5d2ef0c2946
d4f10e2b4865829fbcd9f613304d6a87a4c1defb1835526f8ca9c6e3001d3a57
e5021f3c597693b0cdea0724415e7b98b5d2ef0c294663809dbad7f4112e4b68
f613304d6a87a4c1defb1835526f8ca9c6e3001d3a577491aecbe805223f5c79
0724415e7b98b5d2ef0c294663809dbad7f4112e4b6885a2bfdcf91633506d8a
1835526f8ca9c6e3001d3a577491aecbe805223f5c7996b3d0ed0a2744617e9b
294663809dbad7f4112e4b6885a2bfdcf91633506d8aa7c4e1fe1b3855728fac
3a577491aecbe805223f5c7996b3d0ed0a2744617e9bb8d5f20f2c496683a0bd
4b6885a2bfdcf91633506d8aa7c4e1fe1b3855728facc9e603203d5a7794b1ce
5c7996b3d0ed0a2744617e9bb8d5f20f2c496683a0bddaf714314e6b88a5c2df
6d8aa7c4e1fe1b3855728facc9e603203d5a7794b1ceeb0825425f7c99b6d3f0
7e9bb8d5f20f2c496683a0bddaf714314e6b88a5c2dffc193653708daac7e401
8facc9e603203d5a7794b1ceeb0825425f7c99b6d3f00d2a4764819ebbd8f512
a0bddaf714314e6b88a5c2dffc193653708daac7e4011e3b587592afcce90623
b1ceeb0825425f7c99b6d3f00d2a4764819ebbd8f5122f4c6986a3c0ddfa1734
c2dffc193653708daac7e4011e3b587592afcce90623405d7a97b4d1ee0b2845
d3f00d2a4764819ebbd8f5122f4c6986a3c0ddfa1734516e8ba8c5e2ff1c3956
e4011e3b587592afcce90623405d7a97b4d1ee0b2845627f9cb9d6f3102d4a67
f5122f4c6986a3c0ddfa1734516e8ba8c5e2ff1c39567390adcae704213e5b78
0623405d7a97b4d1ee0b2845627f9cb9d6f3102d4a6784a1bedbf815324f6c89
1734516e8ba8c5e2ff1c39567390adcae704213e5b7895b2cfec092643607d9a
2845627f9cb9d6f3102d4a6784a1bedbf815324f6c89a6c3e0fd1a3754718eab
39567390adcae704213e5b7895b2cfec092643607d9ab7d4f10e2b4865829fbc
4a6784a1bedbf815324f6c89a6c3e0fd1a3754718eabc8e5021f3c597693b0cd
5b7895b2cfec092643607d9ab7d4f10e2b4865829fbcd9f613304d6a87a4c1de
6c89a6c3e0fd1a3754718eabc8e5021f3c597693b0cdea0724415e7b98b5d2ef
7d9ab7d4f10e2b4865829fbcd9f613304d6a87a4c1defb1835526f8ca9c6e300
8eabc8e5021f3c597693b0cdea0724415e7b98b5d2ef0c294663809dbad7f411
9fbcd9f613304d6a87a4c1defb1835526f8ca9c6e3001d3a577491aecbe80522
b0cdea0724415e7b98b5d2ef0c294663809dbad7f4112e4b6885a2bfdcf91633
c1defb1835526f8ca9c6e3001d3a577491aecbe805223f5c7996b3d0ed0a2744
d2ef0c294663809dbad7f4112e4b6885a2bfdcf91633506d8aa7c4e1fe1b3855
e3001d3a577491aecbe805223f5c7996b3d0ed0a2744617e9bb8d5f20f2c4966
f4112e4b6885a2bfdcf91633506d8aa7c4e1fe1b3855728facc9e603203d5a77
05223f5c7996b3d0ed0a2744617e9bb8d5f20f2c496683a0bddaf714314e6b88
1633506d8aa7c4e1fe1b3855728facc9e603203d5a7794b1ceeb0825425f7c99
2744617e9bb8d5f20f2c496683a0bddaf714314e6b88a5c2dffc193653708daa
3855728facc9e603203d5a7794b1ceeb0825425f7c99b6d3f00d2a4764819ebb
496683a0bddaf714314e6b88a5c2dffc193653708daac7e4011e3b587592afcc
5a7794b1ceeb0825425f7c99b6d3f00d2a4764819ebbd8f5122f4c6986a3c0dd
6b88a5c2dffc193653708daac7e4011e3b587592afcce90623405d7a97b4d1ee
7c99b6d3f00d2a4764819ebbd8f5122f4c6986a3c0ddfa1734516e8ba8c5e2ff
8daac7e4011e3b587592afcce90623405d7a97b4d1ee0b2845627f9cb9d6f310
9ebbd8f5122f4c6986a3c0ddfa1734516e8ba8c5e2ff1c39567390adcae70421
afcce90623405d7a97b4d1ee0b2845627f9cb9d6f3102d4a6784a1bedbf81532
c0ddfa1734516e8ba8c5e2ff1c39567390adcae704213e5b7895b2cfec092643
d1ee0b2845627f9cb9d6f3102d4a6784a1bedbf815324f6c89a6c3e0fd1a3754
e2ff1c39567390adcae704213e5b7895b2cfec092643607d9ab7d4f10e2b4865
f3102d4a6784a1bedbf815324f6c89a6c3e0fd1a3754718eabc8e5021f3c5976
04213e5b7895b2cfec092643607d9ab7d4f10e2b4865829fbcd9f613304d6a87
15324f6c89a6c3e0fd1a3754718eabc8e5021f3c597693b0cdea0724415e7b98
2643607d9ab7d4f10e2b4865829fbcd9f613304d6a87a4c1defb1835526f8ca9
3754718eabc8e5021f3c597693b0cdea0724415e7b98b5d2ef0c294663809dba
4865829fbcd9f613304d6a87a4c1defb1835526f8ca9c6e3001d3a577491aecb
597693b0cdea0724415e7b98b5d2ef0c294663809dbad7f4112e4b6885a2bfdc
6a87a4c1defb1835526f8ca9c6e3001d3a577491aecbe805223f5c7996b3d0ed
7b98b5d2ef0c294663809dbad7f4112e4b6885a2bfdcf91633506d8aa7c4e1fe
8ca9c6e3001d3a577491aecbe805223f5c7996b3d0ed0a2744617e9bb8d5f20f
9dbad7f4112e4b6885a2bfdcf91633506d8aa7c4e1fe1b3855728facc9e60320
aecbe805223f5c7996b3d0ed0a2744617e9bb8d5f20f2c496683a0bddaf71431
bfdcf91633506d8aa7c4e1fe1b3855728facc9e603203d5a7794b1ceeb082542
d0ed0a2744617e9bb8d5f20f2c496683a0bddaf714314e6b88a5c2dffc193653
e1fe1b3855728facc9e603203d5a7794b1ceeb0825425f7c99b6d3f00d2a4764
f20f2c496683a0bddaf714314e6b88a5c2dffc193653708daac7e4011e3b5875
03203d5a7794b1ceeb0825425f7c99b6d3f00d2a4764819ebbd8f5122f4c6986
14314e6b88a5c2dffc193653708daac7e4011e3b587592afcce90623405d7a97
25425f7c99b6d3f00d2a4764819ebbd8f5122f4c6986a3c0ddfa1734516e8ba8
3653708daac7e4011e3b587592afcce90623405d7a97b4d1ee0b2845627f9cb9
4764819ebbd8f5122f4c6986a3c0ddfa1734516e8ba8c5e2ff1c39567390adca
587592afcce90623405d7a97b4d1ee0b2845627f9cb9d6f3102d4a6784a1bedb
6986a3c0ddfa1734516e8ba8c5e2ff1c39567390adcae704213e5b7895b2cfec
7a97b4d1ee0b2845627f9cb9d6f3102d4a6784a1bedbf815324f6c89a6c3e0fd
8ba8c5e2ff1c39567390adcae704213e5b7895b2cfec092643607d9ab7d4f10e
9cb9d6f3102d4a6784a1bedbf815324f6c89a6c3e0fd1a3754718eabc8e5021f
adcae704213e5b7895b2cfec092643607d9ab7d4f10e2b4865829fbcd9f61330
bedbf815324f6c89a6c3e0fd1a3754718eabc8e5021f3c597693b0cdea072441
cfec092643607d9ab7d4f10e2b4865829fbcd9f613304d6a87a4c1defb183552
e0fd1a3754718eabc8e5021f3c597693b0cdea0724415e7b98b5d2ef0c294663
f10e2b4865829fbcd9f613304d6a87a4c1defb1835526f8ca9c6e3001d3a5774
021f3c597693b0cdea0724415e7b98b5d2ef0c294663809dbad7f4112e4b6885
13304d6a87a4c1defb1835526f8ca9c6e3001d3a577491aecbe805223f5c7996
24415e7b98b5d2ef0c294663809dbad7f4112e4b6885a2bfdcf91633506d8aa7
35526f8ca9c6e3001d3a577491aecbe805223f5c7996b3d0ed0a2744617e9bb8
4663809dbad7f4112e4b6885a2bfdcf91633506d8aa7c4e1fe1b3855728facc9
577491aecbe805223f5c7996b3d0ed0a2744617e9bb8d5f20f2c496683a0bdda
6885a2bfdcf91633506d8aa7c4e1fe1b3855728facc9e603203d5a7794b1ceeb
7996b3d0ed0a2744617e9bb8d5f20f2c496683a0bddaf714314e6b88a5c2dffc
8aa7c4e1fe1b3855728facc9e603203d5a7794b1ceeb0825425f7c99b6d3f00d
9bb8d5f20f2c496683a0bddaf714314e6b88a5c2dffc193653708daac7e4011e
acc9e603203d5a7794b1ceeb0825425f7c99b6d3f00d2a4764819ebbd8f5122f
bddaf714314e6b88a5c2dffc193653708daac7e4011e3b587592afcce9062340
ceeb0825425f7c99b6d3f00d2a4764819ebbd8f5122f4c6986a3c0ddfa173451
dffc193653708daac7e4011e3b587592afcce90623405d7a97b4d1ee0b284562
f00d2a4764819ebbd8f5122f4c6986a3c0ddfa1734516e8ba8c5e2ff1c395673
011e3b587592afcce90623405d7a97b4d1ee0b2845627f9cb9d6f3102d4a6784
122f4c6986a3c0ddfa1734516e8ba8c5e2ff1c39567390adcae704213e5b7895
23405d7a97b4d1ee0b2845627f9cb9d6f3102d4a6784a1bedbf815324f6c89a6
34516e8ba8c5e2ff1c39567390adcae704213e5b7895b2cfec092643607d9ab7
45627f9cb9d6f3102d4a6784a1bedbf815324f6c89a6c3e0fd1a3754718eabc8
567390adcae704213e5b7895b2cfec092643607d9ab7d4f10e2b4865829fbcd9
6784a1bedbf815324f6c89a6c3e0fd1a3754718eabc8e5021f3c597693b0cdea
7895b2cfec092643607d9ab7d4f10e2b4865829fbcd9f613304d6a87a4c1defb
89a6c3e0fd1a3754718eabc8e5021f3c597693b0cdea0724415e7b98b5d2ef0c
9ab7d4f10e2b4865829fbcd9f613304d6a87a4c1defb1835526f8ca9c6e3001d
abc8e5021f3c597693b0cdea0724415e7b98b5d2ef0c294663809dbad7f4112e
bcd9f613304d6a87a4c1defb1835526f8ca9c6e3001d3a577491aecbe805223f
cdea0724415e7b98b5d2ef0c294663809dbad7f4112e4b6885a2bfdcf9163350
defb1835526f8ca9c6e3001d3a577491aecbe805223f5c7996b3d0ed0a274461
ef0c294663809dbad7f4112e4b6885a2bfdcf91633506d8aa7c4e1fe1b385572
001d3a577491aecbe805223f5c7996b3d0ed0a2744617e9bb8d5f20f2c496683
112e4b6885a2bfdcf91633506d8aa7c4e1fe1b3855728facc9e603203d5a7794
223f5c7996b3d0ed0a2744617e9bb8d5f20f2c496683a0bddaf714314e6b88a5
33506d8aa7c4e1fe1b3855728facc9e603203d5a7794b1ceeb0825425f7c99b6
44617e9bb8d5f20f2c496683a0bddaf714314e6b88a5c2dffc193653708daac7
55728facc9e603203d5a7794b1ceeb0825425f7c99b6d3f00d2a4764819ebbd8
6683a0bddaf714314e6b88a5c2dffc193653708daac7e4011e3b587592afcce9
7794b1ceeb0825425f7c99b6d3f00d2a4764819ebbd8f5122f4c6986a3c0ddfa
88a5c2dffc193653708daac7e4011e3b587592afcce90623405d7a97b4d1ee0b
99b6d3f00d2a4764819ebbd8f5122f4c6986a3c0ddfa1734516e8ba8c5e2ff1c
aac7e4011e3b587592afcce90623405d7a97b4d1ee0b2845627f9cb9d6f3102d
bbd8f5122f4c6986a3c0ddfa1734516e8ba8c5e2ff1c39567390adcae704213e
cce90623405d7a97b4d1ee0b2845627f9cb9d6f3102d4a6784a1bedbf815324f
ddfa1734516e8ba8c5e2ff1c39567390adcae704213e5b7895b2cfec09264360
ee0b2845627f9cb9d6f3102d4a6784a1bedbf815324f6c89a6c3e0fd1a375471
ff1c39567390adcae704213e5b7895b2cfec092643607d9ab7d4f10e2b486582
102d4a6784a1bedbf815324f6c89a6c3e0fd1a3754718eabc8e5021f3c597693
213e5b7895b2cfec092643607d9ab7d4f10e2b4865829fbcd9f613304d6a87a4
324f6c89a6c3e0fd1a3754718eabc8e5021f3c597693b0cdea0724415e7b98b5
43607d9ab7d4f10e2b4865829fbcd9f613304d6a87a4c1defb1835526f8ca9c6
54718eabc8e5021f3c597693b0cdea0724415e7b98b5d2ef0c294663809dbad7
65829fbcd9f613304d6a87a4c1defb1835526f8ca9c6e3001d3a577491aecbe8
7693b0cdea0724415e7b98b5d2ef0c294663809dbad7f4112e4b6885a2bfdcf9
87a4c1defb1835526f8ca9c6e3001d3a577491aecbe805223f5c7996b3d0ed0a
98b5d2ef0c294663809dbad7f4112e4b6885a2bfdcf91633506d8aa7c4e1fe1b
a9c6e3001d3a577491aecbe805223f5c7996b3d0ed0a2744617e9bb8d5f20f2c
bad7f4112e4b6885a2bfdcf91633506d8aa7c4e1fe1b3855728facc9e603203d
cbe805223f5c7996b3d0ed0a2744617e9bb8d5f20f2c496683a0bddaf714314e
dcf91633506d8aa7c4e1fe1b3855728facc9e603203d5a7794b1ceeb0825425f
ed0a2744617e9bb8d5f20f2c496683a0bddaf714314e6b88a5c2dffc19365370
fe1b3855728facc9e603203d5a7794b1ceeb0825425f7c99b6d3f00d2a476481
0f2c496683a0bddaf714314e6b88a5c2dffc193653708daac7e4011e3b587592
203d5a7794b1ceeb0825425f7c99b6d3f00d2a4764819ebbd8f5122f4c6986a3
314e6b88a5c2dffc193653708daac7e4011e3b587592afcce90623405d7a97b4
425f7c99b6d3f00d2a4764819ebbd8f5122f4c6986a3c0ddfa1734516e8ba8c5
53708daac7e4011e3b587592afcce90623405d7a97b4d1ee0b2845627f9cb9d6
64819ebbd8f5122f4c6986a3c0ddfa1734516e8ba8c5e2ff1c39567390adcae7
7592afcce90623405d7a97b4d1ee0b2845627f9cb9d6f3102d4a6784a1bedbf8
86a3c0ddfa1734516e8ba8c5e2ff1c39567390adcae704213e5b7895b2cfec09
97b4d1ee0b2845627f9cb9d6f3102d4a6784a1bedbf815324f6c89a6c3e0fd1a
a8c5e2ff1c39567390adcae704213e5b7895b2cfec092643607d9ab7d4f10e2b
b9d6f3102d4a6784a1bedbf815324f6c89a6c3e0fd1a3754718eabc8e5021f3c
cae704213e5b7895b2cfec092643607d9ab7d4f10e2b4865829fbcd9f613304d
dbf815324f6c89a6c3e0fd1a3754718eabc8e5021f3c597693b0cdea0724415e
ec092643607d9ab7d4f10e2b4865829fbcd9f613304d6a87a4c1defb1835526f
fd1a3754718eabc8e5021f3c597693b0cdea0724415e7b98b5d2ef0c29466380
0e2b4865829fbcd9f613304d6a87a4c1defb1835526f8ca9c6e3001d3a577491
1f3c597693b0cdea0724415e7b98b5d2ef0c294663809dbad7f4112e4b6885a2
304d6a87a4c1defb1835526f8ca9c6e3001d3a577491aecbe805223f5c7996b3
415e7b98b5d2ef0c294663809dbad7f4112e4b6885a2bfdcf91633506d8aa7c4
526f8ca9c6e3001d3a577491aecbe805223f5c7996b3d0ed0a2744617e9bb8d5
63809dbad7f4112e4b6885a2bfdcf91633506d8aa7c4e1fe1b3855728facc9e6
7491aecbe805223f5c7996b3d0ed0a2744617e9bb8d5f20f2c496683a0bddaf7
85a2bfdcf91633506d8aa7c4e1fe1b3855728facc9e603203d5a7794b1ceeb08
96b3d0ed0a2744617e9bb8d5f20f2c496683a0bddaf714314e6b88a5c2dffc19
a7c4e1fe1b3855728facc9e603203d5a7794b1ceeb0825425f7c99b6d3f00d2a
b8d5f20f2c496683a0bddaf714314e6b88a5c2dffc193653708daac7e4011e3b
c9e603203d5a7794b1ceeb0825425f7c99b6d3f00d2a4764819ebbd8f5122f4c
daf714314e6b88a5c2dffc193653708daac7e4011e3b587592afcce90623405d
eb0825425f7c99b6d3f00d2a4764819ebbd8f5122f4c6986a3c0ddfa1734516e
fc193653708daac7e4011e3b587592afcce90623405d7a97b4d1ee0b2845627f
0d2a4764819ebbd8f5122f4c6986a3c0ddfa1734516e8ba8c5e2ff1c39567390
1e3b587592afcce90623405d7a97b4d1ee0b2845627f9cb9d6f3102d4a6784a1
2f4c6986a3c0ddfa1734516e8ba8c5e2ff1c39567390adcae704213e5b7895b2
405d7a97b4d1ee0b2845627f9cb9d6f3102d4a6784a1bedbf815324f6c89a6c3
516e8ba8c5e2ff1c39567390adcae704213e5b7895b2cfec092643607d9ab7d4
627f9cb9d6f3102d4a6784a1bedbf815324f6c89a6c3e0fd1a3754718eabc8e5
7390adcae704213e5b7895b2cfec092643607d9ab7d4f10e2b4865829fbcd9f6
84a1bedbf815324f6c89a6c3e0fd1a3754718eabc8e5021f3c597693b0cdea07
95b2cfec092643607d9ab7d4f10e2b4865829fbcd9f613304d6a87a4c1defb18
a6c3e0fd1a3754718eabc8e5021f3c597693b0cdea0724415e7b98b5d2ef0c29
b7d4f10e2b4865829fbcd9f613304d6a87a4c1defb1835526f8ca9c6e3001d3a
c8e5021f3c597693b0cdea0724415e7b98b5d2ef0c294663809dbad7f4112e4b
d9f613304d6a87a4c1defb1835526f8ca9c6e3001d3a577491aecbe805223f5c
ea0724415e7b98b5d2ef0c294663809dbad7f4112e4b6885a2bfdcf91633506d
fb1835526f8ca9c6e3001d3a577491aecbe805223f5c7996b3d0ed0a2744617e
0c294663809dbad7f4112e4b6885a2bfdcf91633506d8aa7c4e1fe1b3855728f
1d3a577491aecbe805223f5c7996b3d0ed0a2744617e9bb8d5f20f2c496683a0
2e4b6885a2bfdcf91633506d8aa7c4e1fe1b3855728facc9e603203d5a7794b1
3f5c7996b3d0ed0a2744617e9bb8d5f20f2c496683a0bddaf714314e6b88a5c2
506d8aa7c4e1fe1b3855728facc9e603203d5a7794b1ceeb0825425f7c99b6d3
617e9bb8d5f20f2c496683a0bddaf714314e6b88a5c2dffc193653708daac7e4
728facc9e603203d5a7794b1ceeb0825425f7c99b6d3f00d2a4764819ebbd8f5
83a0bddaf714314e6b88a5c2dffc193653708daac7e4011e3b587592afcce906
94b1ceeb0825425f7c99b6d3f00d2a4764819ebbd8f5122f4c6986a3c0ddfa17
a5c2dffc193653708daac7e4011e3b587592afcce90623405d7a97b4d1ee0b28
b6d3f00d2a4764819ebbd8f5122f4c6986a3c0ddfa1734516e8ba8c5e2ff1c39
c7e4011e3b587592afcce90623405d7a97b4d1ee0b2845627f9cb9d6f3102d4a
d8f5122f4c6986a3c0ddfa1734516e8ba8c5e2ff1c39567390adcae704213e5b
e90623405d7a97b4d1ee0b2845627f9cb9d6f3102d4a6784a1bedbf815324f6c
fa1734516e8ba8c5e2ff1c39567390adcae704213e5b7895b2cfec092643607d
0b2845627f9cb9d6f3102d4a6784a1bedbf815324f6c89a6c3e0fd1a3754718e
1c39567390adcae704213e5b7895b2cfec092643607d9ab7d4f10e2b4865829f
2d4a6784a1bedbf815324f6c89a6c3e0fd1a3754718eabc8e5021f3c597693b0
3e5b7895b2cfec092643607d9ab7d4f10e2b4865829fbcd9f613304d6a87a4c1
4f6c89a6c3e0fd1a3754718eabc8e5021f3c597693b0cdea0724415e7b98b5d2
607d9ab7d4f10e2b4865829fbcd9f613304d6a87a4c1defb1835526f8ca9c6e3
718eabc8e5021f3c597693b0cdea0724415e7b98b5d2ef0c294663809dbad7f4
829fbcd9f613304d6a87a4c1defb1835526f8ca9c6e3001d3a577491aecbe805
93b0cdea0724415e7b98b5d2ef0c294663809dbad7f4112e4b6885a2bfdcf916
a4c1defb1835526f8ca9c6e3001d3a577491aecbe805223f5c7996b3d0ed0a27
b5d2ef0c294663809dbad7f4112e4b6885a2bfdcf91633506d8aa7c4e1fe1b38
c6e3001d3a577491aecbe805223f5c7996b3d0ed0a2744617e9bb8d5f20f2c49
d7f4112e4b6885a2bfdcf91633506d8aa7c4e1fe1b3855728facc9e603203d5a
e805223f5c7996b3d0ed0a2744617e9bb8d5f20f2c496683a0bddaf714314e6b
f91633506d8aa7c4e1fe1b3855728facc9e603203d5a7794b1ceeb0825425f7c
0a2744617e9bb8d5f20f2c496683a0bddaf714314e6b88a5c2dffc193653708d
1b3855728facc9e603203d5a7794b1ceeb0825425f7c99b6d3f00d2a4764819e
2c496683a0bddaf714314e6b88a5c2dffc193653708daac7e4011e3b587592af
3d5a7794b1ceeb0825425f7c99b6d3f00d2a4764819ebbd8f5122f4c6986a3c0
4e6b88a5c2dffc193653708daac7e4011e3b587592afcce90623405d7a97b4d1
5f7c99b6d3f00d2a4764819ebbd8f5122f4c6986a3c0ddfa1734516e8ba8c5e2
708daac7e4011e3b587592afcce90623405d7a97b4d1ee0b2845627f9cb9d6f3
819ebbd8f5122f4c6986a3c0ddfa1734516e8ba8c5e2ff1c39567390adcae704
92afcce90623405d7a97b4d1ee0b2845627f9cb9d6f3102d4a6784a1bedbf815
a3c0ddfa1734516e8ba8c5e2ff1c39567390adcae704213e5b7895b2cfec0926
b4d1ee0b2845627f9cb9d6f3102d4a6784a1bedbf815324f6c89a6c3e0fd1a37
c5e2ff1c39567390adcae704213e5b7895b2cfec092643607d9ab7d4f10e2b48
d6f3102d4a6784a1bedbf815324f6c89a6c3e0fd1a3754718eabc8e5021f3c59
e704213e5b7895b2cfec092643607d9ab7d4f10e2b4865829fbcd9f613304d6a
f815324f6c89a6c3e0fd1a3754718eabc8e5021f3c597693b0cdea0724415e7b
092643607d9ab7d4f10e2b4865829fbcd9f613304d6a87a4c1defb1835526f8c
1a3754718eabc8e5021f3c597693b0cdea0724415e7b98b5d2ef0c294663809d
2b4865829fbcd9f613304d6a87a4c1defb1835526f8ca9c6e3001d3a577491ae
3c597693b0cdea0724415e7b98b5d2ef0c294663809dbad7f4112e4b6885a2bf
4d6a87a4c1defb1835526f8ca9c6e3001d3a577491aecbe805223f5c7996b3d0
5e7b98b5d2ef0c294663809dbad7f4112e4b6885a2bfdcf91633506d8aa7c4e1
6f8ca9c6e3001d3a577491aecbe805223f5c7996b3d0ed0a2744617e9bb8d5f2
809dbad7f4112e4b6885a2bfdcf91633506d8aa7c4e1fe1b3855728facc9e603
91aecbe805223f5c7996b3d0ed0a2744617e9bb8d5f20f2c496683a0bddaf714
a2bfdcf91633506d8aa7c4e1fe1b3855728facc9e603203d5a7794b1ceeb0825
b3d0ed0a2744617e9bb8d5f20f2c496683a0bddaf714314e6b88a5c2dffc1936
c4e1fe1b3855728facc9e603203d5a7794b1ceeb0825425f7c99b6d3f00d2a47
d5f20f2c496683a0bddaf714314e6b88a5c2dffc193653708daac7e4011e3b58
e603203d5a7794b1ceeb0825425f7c99b6d3f00d2a4764819ebbd8f5122f4c69
f714314e6b88a5c2dffc193653708daac7e4011e3b587592afcce90623405d7a
0825425f7c99b6d3f00d2a4764819ebbd8f5122f4c6986a3c0ddfa1734516e8b
193653708daac7e4011e3b587592afcce90623405d7a97b4d1ee0b2845627f9c
2a4764819ebbd8f5122f4c6986a3c0ddfa1734516e8ba8c5e2ff1c39567390ad
3b587592afcce90623405d7a97b4d1ee0b2845627f9cb9d6f3102d4a6784a1be
4c6986a3c0ddfa1734516e8ba8c5e2ff1c39567390adcae704213e5b7895b2cf
5d7a97b4d1ee0b2845627f9cb9d6f3102d4a6784a1bedbf815324f6c89a6c3e0
6e8ba8c5e2ff1c39567390adcae704213e5b7895b2cfec092643607d9ab7d4f1
7f9cb9d6f3102d4a6784a1bedbf815324f6c89a6c3e0fd1a3754718eabc8e502
90adcae704213e5b7895b2cfec092643607d9ab7d4f10e2b4865829fbcd9f613
a1bedbf815324f6c89a6c3e0fd1a3754718eabc8e5021f3c597693b0cdea0724
b2cfec092643607d9ab7d4f10e2b4865829fbcd9f613304d6a87a4c1defb1835
c3e0fd1a3754718eabc8e5021f3c597693b0cdea0724415e7b98b5d2ef0c2946
d4f10e2b4865829fbcd9f613304d6a87a4c1defb1835526f8ca9c6e3001d3a57
e5021f3c597693b0cdea0724415e7b98b5d2ef0c294663809dbad7f4112e4b68
f613304d6a87a4c1defb1835526f8ca9c6e3001d3a577491aecbe805223f5c79
0724415e7b98b5d2ef0c294663809dbad7f4112e4b6885a2bfdcf91633506d8a
1835526f8ca9c6e3001d3a577491aecbe805223f5c7996b3d0ed0a2744617e9b
294663809dbad7f4112e4b6885a2bfdcf91633506d8aa7c4e1fe1b3855728fac
3a577491aecbe805223f5c7996b3d0ed0a2744617e9bb8d5f20f2c496683a0bd
4b6885a2bfdcf91633506d8aa7c4e1fe1b3855728facc9e603203d5a7794b1ce
5c7996b3d0ed0a2744617e9bb8d5f20f2c496683a0bddaf714314e6b88a5c2df
6d8aa7c4e1fe1b3855728facc9e603203d5a7794b1ceeb0825425f7c99b6d3f0
7e9bb8d5f20f2c496683a0bddaf714314e6b88a5c2dffc193653708daac7e401
8facc9e603203d5a7794b1ceeb0825425f7c99b6d3f00d2a4764819ebbd8f512
a0bddaf714314e6b88a5c2dffc193653708daac7e4011e3b587592afcce90623
b1ceeb0825425f7c99b6d3f00d2a4764819ebbd8f5122f4c6986a3c0ddfa1734
c2dffc193653708daac7e4011e3b587592afcce90623405d7a97b4d1ee0b2845
d3f00d2a4764819ebbd8f5122f4c6986a3c0ddfa1734516e8ba8c5e2ff1c3956
e4011e3b587592afcce90623405d7a97b4d1ee0b2845627f9cb9d6f3102d4a67
f5122f4c6986a3c0ddfa1734516e8ba8c5e2ff1c39567390adcae704213e5b78
0623405d7a97b4d1ee0b2845627f9cb9d6f3102d4a6784a1bedbf815324f6c89
1734516e8ba8c5e2ff1c39567390adcae704213e5b7895b2cfec092643607d9a
2845627f9cb9d6f3102d4a6784a1bedbf815324f6c89a6c3e0fd1a3754718eab
39567390adcae704213e5b7895b2cfec092643607d9ab7d4f10e2b4865829fbc
4a6784a1bedbf815324f6c89a6c3e0fd1a3754718eabc8e5021f3c597693b0cd
5b7895b2cfec092643607d9ab7d4f10e2b4865829fbcd9f613304d6a87a4c1de
6c89a6c3e0fd1a3754718eabc8e5021f3c597693b0cdea0724415e7b98b5d2ef
7d9ab7d4f10e2b4865829fbcd9f613304d6a87a4c1defb1835526f8ca9c6e300
8eabc8e5021f3c597693b0cdea0724415e7b98b5d2ef0c294663809dbad7f411
9fbcd9f613304d6a87a4c1defb1835526f8ca9c6e3001d3a577491aecbe80522
b0cdea0724415e7b98b5d2ef0c294663809dbad7f4112e4b6885a2bfdcf91633
c1defb1835526f8ca9c6e3001d3a577491aecbe805223f5c7996b3d0ed0a2744
d2ef0c294663809dbad7f4112e4b6885a2bfdcf91633506d8aa7c4e1fe1b3855
e3001d3a577491aecbe805223f5c7996b3d0ed0a2744617e9bb8d5f20f2c4966
f4112e4b6885a2bfdcf91633506d8aa7c4e1fe1b3855728facc9e603203d5a77
05223f5c7996b3d0ed0a2744617e9bb8d5f20f2c496683a0bddaf714314e6b88
1633506d8aa7c4e1fe1b3855728facc9e603203d5a7794b1ceeb0825425f7c99
2744617e9bb8d5f20f2c496683a0bddaf714314e6b88a5c2dffc193653708daa
3855728facc9e603203d5a7794b1ceeb0825425f7c99b6d3f00d2a4764819ebb
496683a0bddaf714314e6b88a5c2dffc193653708daac7e4011e3b587592afcc
5a7794b1ceeb0825425f7c99b6d3f00d2a4764819ebbd8f5122f4c6986a3c0dd
6b88a5c2dffc193653708daac7e4011e3b587592afcce90623405d7a97b4d1ee
7c99b6d3f00d2a4764819ebbd8f5122f4c6986a3c0ddfa1734516e8ba8c5e2ff
8daac7e4011e3b587592afcce90623405d7a97b4d1ee0b2845627f9cb9d6f310
9ebbd8f5122f4c6986a3c0ddfa1734516e8ba8c5e2ff1c39567390adcae70421
afcce90623405d7a97b4d1ee0b2845627f9cb9d6f3102d4a6784a1bedbf81532
c0ddfa1734516e8ba8c5e2ff1c39567390adcae704213e5b7895b2cfec092643
d1ee0b2845627f9cb9d6f3102d4a6784a1bedbf815324f6c89a6c3e0fd1a3754
e2ff1c39567390adcae704213e5b7895b2cfec092643607d9ab7d4f10e2b4865
f3102d4a6784a1bedbf815324f6c89a6c3e0fd1a3754718eabc8e5021f3c5976
04213e5b7895b2cfec092643607d9ab7d4f10e2b4865829fbcd9f613304d6a87
15324f6c89a6c3e0fd1a3754718eabc8e5021f3c597693b0cdea0724415e7b98
2643607d9ab7d4f10e2b4865829fbcd9f613304d6a87a4c1defb1835526f8ca9
3754718eabc8e5021f3c597693b0cdea0724415e7b98b5d2ef0c294663809dba
4865829fbcd9f613304d6a87a4c1defb1835526f8ca9c6e3001d3a577491aecb
597693b0cdea0724415e7b98b5d2ef0c294663809dbad7f4112e4b6885a2bfdc
6a87a4c1defb1835526f8ca9c6e3001d3a577491aecbe805223f5c7996b3d0ed
7b98b5d2ef0c294663809dbad7f4112e4b6885a2bfdcf91633506d8aa7c4e1fe
8ca9c6e3001d3a577491aecbe805223f5c7996b3d0ed0a2744617e9bb8d5f20f
9dbad7f4112e4b6885a2bfdcf91633506d8aa7c4e1fe1b3855728facc9e60320
aecbe805223f5c7996b3d0ed0a2744617e9bb8d5f20f2c496683a0bddaf71431
bfdcf91633506d8aa7c4e1fe1b3855728facc9e603203d5a7794b1ceeb082542
d0ed0a2744617e9bb8d5f20f2c496683a0bddaf714314e6b88a5c2dffc193653
e1fe1b3855728facc9e603203d5a7794b1ceeb0825425f7c99b6d3f00d2a4764
f20f2c496683a0bddaf714314e6b88a5c2dffc193653708daac7e4011e3b5875
03203d5a7794b1ceeb0825425f7c99b6d3f00d2a4764819ebbd8f5122f4c6986
14314e6b88a5c2dffc193653708daac7e4011e3b587592afcce90623405d7a97
25425f7c99b6d3f00d2a4764819ebbd8f5122f4c6986a3c0ddfa1734516e8ba8
3653708daac7e4011e3b587592afcce90623405d7a97b4d1ee0b2845627f9cb9
4764819ebbd8f5122f4c6986a3c0ddfa1734516e8ba8c5e2ff1c39567390adca
587592afcce90623405d7a97b4d1ee0b2845627f9cb9d6f3102d4a6784a1bedb
6986a3c0ddfa1734516e8ba8c5e2ff1c39567390adcae704213e5b7895b2cfec
7a97b4d1ee0b2845627f9cb9d6f3102d4a6784a1bedbf815324f6c89a6c3e0fd
8ba8c5e2ff1c39567390adcae704213e5b7895b2cfec092643607d9ab7d4f10e
9cb9d6f3102d4a6784a1bedbf815324f6c89a6c3e0fd1a3754718eabc8e5021f
adcae704213e5b7895b2cfec092643607d9ab7d4f10e2b4865829fbcd9f61330
bedbf815324f6c89a6c3e0fd1a3754718eabc8e5021f3c597693b0cdea072441
cfec092643607d9ab7d4f10e2b4865829fbcd9f613304d6a87a4c1defb183552
e0fd1a3754718eabc8e5021f3c597693b0cdea0724415e7b98b5d2ef0c294663
f10e2b4865829fbcd9f613304d6a87a4c1defb1835526f8ca9c6e3001d3a5774
021f3c597693b0cdea0724415e7b98b5d2ef0c294663809dbad7f4112e4b6885
13304d6a87a4c1defb1835526f8ca9c6e3001d3a577491aecbe805223f5c7996
24415e7b98b5d2ef0c294663809dbad7f4112e4b6885a2bfdcf91633506d8aa7
35526f8ca9c6e3001d3a577491aecbe805223f5c7996b3d0ed0a2744617e9bb8
4663809dbad7f4112e4b6885a2bfdcf91633506d8aa7c4e1fe1b3855728facc9
577491aecbe805223f5c7996b3d0ed0a2744617e9bb8d5f20f2c496683a0bdda
6885a2bfdcf91633506d8aa7c4e1fe1b3855728facc9e603203d5a7794b1ceeb
7996b3d0ed0a2744617e9bb8d5f20f2c496683a0bddaf714314e6b88a5c2dffc
8aa7c4e1fe1b3855728facc9e603203d5a7794b1ceeb0825425f7c99b6d3f00d
9bb8d5f20f2c496683a0bddaf714314e6b88a5c2dffc193653708daac7e4011e
acc9e603203d5a7794b1ceeb0825425f7c99b6d3f00d2a4764819ebbd8f5122f
bddaf714314e6b88a5c2dffc193653708daac7e4011e3b587592afcce9062340
ceeb0825425f7c99b6d3f00d2a4764819ebbd8f5122f4c6986a3c0ddfa173451
dffc193653708daac7e4011e3b587592afcce90623405d7a97b4d1ee0b284562
f00d2a4764819ebbd8f5122f4c6986a3c0ddfa1734516e8ba8c5e2ff1c395673
011e3b587592afcce90623405d7a97b4d1ee0b2845627f9cb9d6f3102d4a6784
122f4c6986a3c0ddfa1734516e8ba8c5e2ff1c39567390adcae704213e5b7895
23405d7a97b4d1ee0b2845627f9cb9d6f3102d4a6784a1bedbf815324f6c89a6
34516e8ba8c5e2ff1c39567390adcae704213e5b7895b2cfec092643607d9ab7
45627f9cb9d6f3102d4a6784a1bedbf815324f6c89a6c3e0fd1a3754718eabc8
567390adcae704213e5b7895b2cfec092643607d9ab7d4f10e2b4865829fbcd9
6784a1bedbf815324f6c89a6c3e0fd1a3754718eabc8e5021f3c597693b0cdea
7895b2cfec092643607d9ab7d4f10e2b4865829fbcd9f613304d6a87a4c1defb
89a6c3e0fd1a3754718eabc8e5021f3c597693b0cdea0724415e7b98b5d2ef0c
9ab7d4f10e2b4865829fbcd9f613304d6a87a4c1defb1835526f8ca9c6e3001d
abc8e5021f3c597693b0cdea0724415e7b98b5d2ef0c294663809dbad7f4112e
bcd9f613304d6a87a4c1defb1835526f8ca9c6e3001d3a577491aecbe805223f
cdea0724415e7b98b5d2ef0c294663809dbad7f4112e4b6885a2bfdcf9163350
defb1835526f8ca9c6e3001d3a577491aecbe805223f5c7996b3d0ed0a274461
ef0c294663809dbad7f4112e4b6885a2bfdcf91633506d8aa7c4e1fe1b385572
001d3a577491aecbe805223f5c7996b3d0ed0a2744617e9bb8d5f20f2c496683
112e4b6885a2bfdcf91633506d8aa7c4e1fe1b3855728facc9e603203d5a7794
223f5c7996b3d0ed0a2744617e9bb8d5f20f2c496683a0bddaf714314e6b88a5
33506d8aa7c4e1fe1b3855728facc9e603203d5a7794b1ceeb0825425f7c99b6
44617e9bb8d5f20f2c496683a0bddaf714314e6b88a5c2dffc193653708daac7
55728facc9e603203d5a7794b1ceeb0825425f7c99b6d3f00d2a4764819ebbd8
6683a0bddaf714314e6b88a5c2dffc193653708daac7e4011e3b587592afcce9
7794b1ceeb0825425f7c99b6d3f00d2a4764819ebbd8f5122f4c6986a3c0ddfa
88a5c2dffc193653708daac7e4011e3b587592afcce90623405d7a97b4d1ee0b
99b6d3f00d2a4764819ebbd8f5122f4c6986a3c0ddfa1734516e8ba8c5e2ff1c
aac7e4011e3b587592afcce90623405d7a97b4d1ee0b2845627f9cb9d6f3102d
bbd8f5122f4c6986a3c0ddfa1734516e8ba8c5e2ff1c39567390adcae704213e
cce90623405d7a97b4d1ee0b2845627f9cb9d6f3102d4a6784a1bedbf815324f
ddfa1734516e8ba8c5e2ff1c39567390adcae704213e5b7895b2cfec09264360
ee0b2845627f9cb9d6f3102d4a6784a1bedbf815324f6c89a6c3e0fd1a375471
ff1c39567390adcae704213e5b7895b2cfec092643607d9ab7d4f10e2b486582
102d4a6784a1bedbf815324f6c89a6c3e0fd1a3754718eabc8e5021f3c597693
213e5b7895b2cfec092643607d9ab7d4f10e2b4865829fbcd9f613304d6a87a4
324f6c89a6c3e0fd1a3754718eabc8e5021f3c597693b0cdea0724415e7b98b5
43607d9ab7d4f10e2b4865829fbcd9f613304d6a87a4c1defb1835526f8ca9c6
54718eabc8e5021f3c597693b0cdea0724415e7b98b5d2ef0c294663809dbad7
65829fbcd9f613304d6a87a4c1defb1835526f8ca9c6e3001d3a577491aecbe8
7693b0cdea0724415e7b98b5d2ef0c294663809dbad7f4112e4b6885a2bfdcf9
87a4c1defb1835526f8ca9c6e3001d3a577491aecbe805223f5c7996b3d0ed0a
98b5d2ef0c294663809dbad7f4112e4b6885a2bfdcf91633506d8aa7c4e1fe1b
a9c6e3001d3a577491aecbe805223f5c7996b3d0ed0a2744617e9bb8d5f20f2c
bad7f4112e4b6885a2bfdcf91633506d8aa7c4e1fe1b3855728facc9e603203d
cbe805223f5c7996b3d0ed0a2744617e9bb8d5f20f2c496683a0bddaf714314e
dcf91633506d8aa7c4e1fe1b3855728facc9e603203d5a7794b1ceeb0825425f
ed0a2744617e9bb8d5f20f2c496683a0bddaf714314e6b88a5c2dffc19365370
fe1b3855728facc9e603203d5a7794b1ceeb0825425f7c99b6d3f00d2a476481
0f2c496683a0bddaf714314e6b88a5c2dffc193653708daac7e4011e3b587592
203d5a7794b1ceeb0825425f7c99b6d3f00d2a4764819ebbd8f5122f4c6986a3
314e6b88a5c2dffc193653708daac7e4011e3b587592afcce90623405d7a97b4
425f7c99b6d3f00d2a4764819ebbd8f5122f4c6986a3c0ddfa1734516e8ba8c5
53708daac7e4011e3b587592afcce90623405d7a97b4d1ee0b2845627f9cb9d6
64819ebbd8f5122f4c6986a3c0ddfa1734516e8ba8c5e2ff1c39567390adcae7
7592afcce90623405d7a97b4d1ee0b2845627f9cb9d6f3102d4a6784a1bedbf8
86a3c0ddfa1734516e8ba8c5e2ff1c39567390adcae704213e5b7895b2cfec09
97b4d1ee0b2845627f9cb9d6f3102d4a6784a1bedbf815324f6c89a6c3e0fd1a
a8c5e2ff1c39567390adcae704213e5b7895b2cfec092643607d9ab7d4f10e2b
b9d6f3102d4a6784a1bedbf815324f6c89a6c3e0fd1a3754718eabc8e5021f3c
cae704213e5b7895b2cfec092643607d9ab7d4f10e2b4865829fbcd9f613304d
dbf815324f6c89a6c3e0fd1a3754718eabc8e5021f3c597693b0cdea0724415e
ec092643607d9ab7d4f10e2b4865829fbcd9f613304d6a87a4c1defb1835526f
fd1a3754718eabc8e5021f3c597693b0cdea0724415e7b98b5d2ef0c29466380
0e2b4865829fbcd9f613304d6a87a4c1defb1835526f8ca9c6e3001d3a577491
1f3c597693b0cdea0724415e7b98b5d2ef0c294663809dbad7f4112e4b6885a2
304d6a87a4c1defb1835526f8ca9c6e3001d3a577491aecbe805223f5c7996b3
415e7b98b5d2ef0c294663809dbad7f4112e4b6885a2bfdcf91633506d8aa7c4
526f8ca9c6e3001d3a577491aecbe805223f5c7996b3d0ed0a2744617e9bb8d5
63809dbad7f4112e4b6885a2bfdcf91633506d8aa7c4e1fe1b3855728facc9e6
7491aecbe805223f5c7996b3d0ed0a2744617e9bb8d5f20f2c496683a0bddaf7
85a2bfdcf91633506d8aa7c4e1fe1b3855728facc9e603203d5a7794b1ceeb08
96b3d0ed0a2744617e9bb8d5f20f2c496683a0bddaf714314e6b88a5c2dffc19
a7c4e1fe1b3855728facc9e603203d5a7794b1ceeb0825425f7c99b6d3f00d2a
b8d5f20f2c496683a0bddaf714314e6b88a5c2dffc193653708daac7e4011e3b
c9e603203d5a7794b1ceeb0825425f7c99b6d3f00d2a4764819ebbd8f5122f4c
daf714314e6b88a5c2dffc193653708daac7e4011e3b587592afcce90623405d
eb0825425f7c99b6d3f00d2a4764819ebbd8f5122f4c6986a3c0ddfa1734516e
fc193653708daac7e4011e3b587592afcce90623405d7a97b4d1ee0b2845627f
0d2a4764819ebbd8f5122f4c6986a3c0ddfa1734516e8ba8c5e2ff1c39567390
1e3b587592afcce90623405d7a97b4d1ee0b2845627f9cb9d6f3102d4a6784a1
2f4c6986a3c0ddfa1734516e8ba8c5e2ff1c39567390adcae704213e5b7895b2
405d7a97b4d1ee0b2845627f9cb9d6f3102d4a6784a1bedbf815324f6c89a6c3
516e8ba8c5e2ff1c39567390adcae704213e5b7895b2cfec092643607d9ab7d4
627f9cb9d6f3102d4a6784a1bedbf815324f6c89a6c3e0fd1a3754718eabc8e5
7390adcae704213e5b7895b2cfec092643607d9ab7d4f10e2b4865829fbcd9f6
84a1bedbf815324f6c89a6c3e0fd1a3754718eabc8e5021f3c597693b0cdea07
95b2cfec092643607d9ab7d4f10e2b4865829fbcd9f613304d6a87a4c1defb18
a6c3e0fd1a3754718eabc8e5021f3c597693b0cdea0724415e7b98b5d2ef0c29
b7d4f10e2b4865829fbcd9f613304d6a87a4c1defb1835526f8ca9c6e3001d3a
c8e5021f3c597693b0cdea0724415e7b98b5d2ef0c294663809dbad7f4112e4b
d9f613304d6a87a4c1defb1835526f8ca9c6e3001d3a577491aecbe805223f5c
ea0724415e7b98b5d2ef0c294663809dbad7f4112e4b6885a2bfdcf91633506d
fb1835526f8ca9c6e3001d3a577491aecbe805223f5c7996b3d0ed0a2744617e
0c294663809dbad7f4112e4b6885a2bfdcf91633506d8aa7c4e1fe1b3855728f
1d3a577491aecbe805223f5c7996b3d0ed0a2744617e9bb8d5f20f2c496683a0
2e4b6885a2bfdcf91633506d8aa7c4e1fe1b3855728facc9e603203d5a7794b1
3f5c7996b3d0ed0a2744617e9bb8d5f20f2c496683a0bddaf714314e6b88a5c2
506d8aa7c4e1fe1b3855728facc9e603203d5a7794b1ceeb0825425f7c99b6d3
617e9bb8d5f20f2c496683a0bddaf714314e6b88a5c2dffc193653708daac7e4
728facc9e603203d5a7794b1ceeb0825425f7c99b6d3f00d2a4764819ebbd8f5
83a0bddaf714314e6b88a5c2dffc193653708daac7e4011e3b587592afcce906
94b1ceeb0825425f7c99b6d3f00d2a4764819ebbd8f5122f4c6986a3c0ddfa17
a5c2dffc193653708daac7e4011e3b587592afcce90623405d7a97b4d1ee0b28
b6d3f00d2a4764819ebbd8f5122f4c6986a3c0ddfa1734516e8ba8c5e2ff1c39
c7e4011e3b587592afcce90623405d7a97b4d1ee0b2845627f9cb9d6f3102d4a
d8f5122f4c6986a3c0ddfa1734516e8ba8c5e2ff1c39567390adcae704213e5b
e90623405d7a97b4d1ee0b2845627f9cb9d6f3102d4a6784a1bedbf815324f6c
fa1734516e8ba8c5e2ff1c39567390adcae704213e5b7895b2cfec092643607d
0b2845627f9cb9d6f3102d4a6784a1bedbf815324f6c89a6c3e0fd1a3754718e
1c39567390adcae704213e5b7895b2cfec092643607d9ab7d4f10e2b4865829f
2d4a6784a1bedbf815324f6c89a6c3e0fd1a3754718eabc8e5021f3c597693b0
3e5b7895b2cfec092643607d9ab7d4f10e2b4865829fbcd9f613304d6a87a4c1
4f6c89a6c3e0fd1a3754718eabc8e5021f3c597693b0cdea0724415e7b98b5d2
607d9ab7d4f10e2b4865829fbcd9f613304d6a87a4c1defb1835526f8ca9c6e3
718eabc8e5021f3c597693b0cdea0724415e7b98b5d2ef0c294663809dbad7f4
829fbcd9f613304d6a87a4c1defb1835526f8ca9c6e3001d3a577491aecbe805
93b0cdea0724415e7b98b5d2ef0c294663809dbad7f4112e4b6885a2bfdcf916
a4c1defb1835526f8ca9c6e3001d3a577491aecbe805223f5c7996b3d0ed0a27
b5d2ef0c294663809dbad7f4112e4b6885a2bfdcf91633506d8aa7c4e1fe1b38
c6e3001d3a577491aecbe805223f5c7996b3d0ed0a2744617e9bb8d5f20f2c49
d7f4112e4b6885a2bfdcf91633506d8aa7c4e1fe1b3855728facc9e603203d5a
e805223f5c7996b3d0ed0a2744617e9bb8d5f20f2c496683a0bddaf714314e6b
f91633506d8aa7c4e1fe1b3855728facc9e603203d5a7794b1ceeb0825425f7c
0a2744617e9bb8d5f20f2c496683a0bddaf714314e6b88a5c2dffc193653708d
1b3855728facc9e603203d5a7794b1ceeb0825425f7c99b6d3f00d2a4764819e
2c496683a0bddaf714314e6b88a5c2dffc193653708daac7e4011e3b587592af
3d5a7794b1ceeb0825425f7c99b6d3f00d2a4764819ebbd8f5122f4c6986a3c0
4e6b88a5c2dffc193653708daac7e4011e3b587592afcce90623405d7a97b4d1
5f7c99b6d3f00d2a4764819ebbd8f5122f4c6986a3c0ddfa1734516e8ba8c5e2
708daac7e4011e3b587592afcce90623405d7a97b4d1ee0b2845627f9cb9d6f3
819ebbd8f5122f4c6986a3c0ddfa1734516e8ba8c5e2ff1c39567390adcae704
92afcce90623405d7a97b4d1ee0b2845627f9cb9d6f3102d4a6784a1bedbf815
a3c0ddfa1734516e8ba8c5e2ff1c39567390adcae704213e5b7895b2cfec0926
b4d1ee0b2845627f9cb9d6f3102d4a6784a1bedbf815324f6c89a6c3e0fd1a37
c5e2ff1c39567390adcae704213e5b7895b2cfec092643607d9ab7d4f10e2b48
d6f3102d4a6784a1bedbf815324f6c89a6c3e0fd1a3754718eabc8e5021f3c59
e704213e5b7895b2cfec092643607d9ab7d4f10e2b4865829fbcd9f613304d6a
f815324f6c89a6c3e0fd1a3754718eabc8e5021f3c597693b0cdea0724415e7b
092643607d9ab7d4f10e2b4865829fbcd9f613304d6a87a4c1defb1835526f8c
1a3754718eabc8e5021f3c597693b0cdea0724415e7b98b5d2ef0c294663809d
2b4865829fbcd9f613304d6a87a4c1defb1835526f8ca9c6e3001d3a577491ae
3c597693b0cdea0724415e7b98b5d2ef0c294663809dbad7f4112e4b6885a2bf
4d6a87a4c1defb1835526f8ca9c6e3001d3a577491aecbe805223f5c7996b3d0
5e7b98b5d2ef0c294663809dbad7f4112e4b6885a2bfdcf91633506d8aa7c4e1
6f8ca9c6e3001d3a577491aecbe805223f5c7996b3d0ed0a2744617e9bb8d5f2
809dbad7f4112e4b6885a2bfdcf91633506d8aa7c4e1fe1b3855728facc9e603
91aecbe805223f5c7996b3d0ed0a2744617e9bb8d5f20f2c496683a0bddaf714
a2bfdcf91633506d8aa7c4e1fe1b3855728facc9e603203d5a7794b1ceeb0825
b3d0ed0a2744617e9bb8d5f20f2c496683a0bddaf714314e6b88a5c2dffc1936
c4e1fe1b3855728facc9e603203d5a7794b1ceeb0825425f7c99b6d3f00d2a47
d5f20f2c496683a0bddaf714314e6b88a5c2dffc193653708daac7e4011e3b58
e603203d5a7794b1ceeb0825425f7c99b6d3f00d2a4764819ebbd8f5122f4c69
f714314e6b88a5c2dffc193653708daac7e4011e3b587592afcce90623405d7a
0825425f7c99b6d3f00d2a4764819ebbd8f5122f4c6986a3c0ddfa1734516e8b
193653708daac7e4011e3b587592afcce90623405d7a97b4d1ee0b2845627f9c
2a4764819ebbd8f5122f4c6986a3c0ddfa1734516e8ba8c5e2ff1c39567390ad
3b587592afcce90623405d7a97b4d1ee0b2845627f9cb9d6f3102d4a6784a1be
4c6986a3c0ddfa1734516e8ba8c5e2ff1c39567390adcae704213e5b7895b2cf
5d7a97b4d1ee0b2845627f9cb9d6f3102d4a6784a1bedbf815324f6c89a6c3e0
6e8ba8c5e2ff1c39567390adcae704213e5b7895b2cfec092643607d9ab7d4f1
7f9cb9d6f3102d4a6784a1bedbf815324f6c89a6c3e0fd1a3754718eabc8e502
90adcae704213e5b7895b2cfec092643607d9ab7d4f10e2b4865829fbcd9f613
a1bedbf815324f6c89a6c3e0fd1a3754718eabc8e5021f3c597693b0cdea0724
b2cfec092643607d9ab7d4f10e2b4865829fbcd9f613304d6a87a4c1defb1835
c3e0fd1a3754718eabc8e5021f3c597693b0cdea0724415e7b98b5d2ef0c2946
d4f10e2b4865829fbcd9f613304d6a87a4c1defb1835526f8ca9c6e3001d3a57
e5021f3c597693b0cdea0724415e7b98b5d2ef0c294663809dbad7f4112e4b68
f613304d6a87a4c1defb1835526f8ca9c6e3001d3a577491aecbe805223f5c79
0724415e7b98b5d2ef0c294663809dbad7f4112e4b6885a2bfdcf91633506d8a
1835526f8ca9c6e3001d3a577491aecbe805223f5c7996b3d0ed0a2744617e9b
294663809dbad7f4112e4b6885a2bfdcf91633506d8aa7c4e1fe1b3855728fac
3a577491aecbe805223f5c7996b3d0ed0a2744617e9bb8d5f20f2c496683a0bd
4b6885a2bfdcf91633506d8aa7c4e1fe1b3855728facc9e603203d5a7794b1ce
5c7996b3d0ed0a2744617e9bb8d5f20f2c496683a0bddaf714314e6b88a5c2df
6d8aa7c4e1fe1b3855728facc9e603203d5a7794b1ceeb0825425f7c99b6d3f0
7e9bb8d5f20f2c496683a0bddaf714314e6b88a5c2dffc193653708daac7e401
8facc9e603203d5a7794b1ceeb0825425f7c99b6d3f00d2a4764819ebbd8f512
a0bddaf714314e6b88a5c2dffc193653708daac7e4011e3b587592afcce90623
b1ceeb0825425f7c99b6d3f00d2a4764819ebbd8f5122f4c6986a3c0ddfa1734
c2dffc193653708daac7e4011e3b587592afcce90623405d7a97b4d1ee0b2845
d3f00d2a4764819ebbd8f5122f4c6986a3c0ddfa1734516e8ba8c5e2ff1c3956
e4011e3b587592afcce90623405d7a97b4d1ee0b2845627f9cb9d6f3102d4a67
f5122f4c6986a3c0ddfa1734516e8ba8c5e2ff1c39567390adcae704213e5b78
0623405d7a97b4d1ee0b2845627f9cb9d6f3102d4a6784a1bedbf815324f6c89
1734516e8ba8c5e2ff1c39567390adcae704213e5b7895b2cfec092643607d9a
2845627f9cb9d6f3102d4a6784a1bedbf815324f6c89a6c3e0fd1a3754718eab
39567390adcae704213e5b7895b2cfec092643607d9ab7d4f10e2b4865829fbc
4a6784a1bedbf815324f6c89a6c3e0fd1a3754718eabc8e5021f3c597693b0cd
5b7895b2cfec092643607d9ab7d4f10e2b4865829fbcd9f613304d6a87a4c1de
6c89a6c3e0fd1a3754718eabc8e5021f3c597693b0cdea0724415e7b98b5d2ef
7d9ab7d4f10e2b4865829fbcd9f613304d6a87a4c1defb1835526f8ca9c6e300
8eabc8e5021f3c597693b0cdea0724415e7b98b5d2ef0c294663809dbad7f411
9fbcd9f613304d6a87a4c1defb1835526f8ca9c6e3001d3a577491aecbe80522
b0cdea0724415e7b98b5d2ef0c294663809dbad7f4112e4b6885a2bfdcf91633
c1defb1835526f8ca9c6e3001d3a577491aecbe805223f5c7996b3d0ed0a2744
d2ef0c294663809dbad7f4112e4b6885a2bfdcf91633506d8aa7c4e1fe1b3855
e3001d3a577491aecbe805223f5c7996b3d0ed0a2744617e9bb8d5f20f2c4966
f4112e4b6885a2bfdcf91633506d8aa7c4e1fe1b3855728facc9e603203d5a77
05223f5c7996b3d0ed0a2744617e9bb8d5f20f2c496683a0bddaf714314e6b88
1633506d8aa7c4e1fe1b3855728facc9e603203d5a7794b1ceeb0825425f7c99
2744617e9bb8d5f20f2c496683a0bddaf714314e6b88a5c2dffc193653708daa
3855728facc9e603203d5a7794b1ceeb0825425f7c99b6d3f00d2a4764819ebb
496683a0bddaf714314e6b88a5c2dffc193653708daac7e4011e3b587592afcc
5a7794b1ceeb0825425f7c99b6d3f00d2a4764819ebbd8f5122f4c6986a3c0dd
6b88a5c2dffc193653708daac7e4011e3b587592afcce90623405d7a97b4d1ee
7c99b6d3f00d2a4764819ebbd8f5122f4c6986a3c0ddfa1734516e8ba8c5e2ff
8daac7e4011e3b587592afcce90623405d7a97b4d1ee0b2845627f9cb9d6f310
9ebbd8f5122f4c6986a3c0ddfa1734516e8ba8c5e2ff1c39567390adcae70421
afcce90623405d7a97b4d1ee0b2845627f9cb9d6f3102d4a6784a1bedbf81532
c0ddfa1734516e8ba8c5e2ff1c39567390adcae704213e5b7895b2cfec092643
d1ee0b2845627f9cb9d6f3102d4a6784a1bedbf815324f6c89a6c3e0fd1a3754
e2ff1c39567390adcae704213e5b7895b2cfec092643607d9ab7d4f10e2b4865
f3102d4a6784a1bedbf815324f6c89a6c3e0fd1a3754718eabc8e5021f3c5976
04213e5b7895b2cfec092643607d9ab7d4f10e2b4865829fbcd9f613304d6a87
15324f6c89a6c3e0fd1a3754718eabc8e5021f3c597693b0cdea0724415e7b98
2643607d9ab7d4f10e2b4865829fbcd9f613304d6a87a4c1defb1835526f8ca9
3754718eabc8e5021f3c597693b0cdea0724415e7b98b5d2ef0c294663809dba
4865829fbcd9f613304d6a87a4c1defb1835526f8ca9c6e3001d3a577491aecb
597693b0cdea0724415e7b98b5d2ef0c294663809dbad7f4112e4b6885a2bfdc
6a87a4c1defb1835526f8ca9c6e3001d3a577491aecbe805223f5c7996b3d0ed
7b98b5d2ef0c294663809dbad7f4112e4b6885a2bfdcf91633506d8aa7c4e1fe
8ca9c6e3001d3a577491aecbe805223f5c7996b3d0ed0a2744617e9bb8d5f20f
9dbad7f4112e4b6885a2bfdcf91633506d8aa7c4e1fe1b3855728facc9e60320
aecbe805223f5c7996b3d0ed0a2744617e9bb8d5f20f2c496683a0bddaf71431
bfdcf91633506d8aa7c4e1fe1b3855728facc9e603203d5a7794b1ceeb082542
d0ed0a2744617e9bb8d5f20f2c496683a0bddaf714314e6b88a5c2dffc193653
e1fe1b3855728facc9e603203d5a7794b1ceeb0825425f7c99b6d3f00d2a4764
f20f2c496683a0bddaf714314e6b88a5c2dffc193653708daac7e4011e3b5875
03203d5a7794b1ceeb0825425f7c99b6d3f00d2a4764819ebbd8f5122f4c6986
14314e6b88a5c2dffc193653708daac7e4011e3b587592afcce90623405d7a97
25425f7c99b6d3f00d2a4764819ebbd8f5122f4c6986a3c0ddfa1734516e8ba8
3653708daac7e4011e3b587592afcce90623405d7a97b4d1ee0b2845627f9cb9
4764819ebbd8f5122f4c6986a3c0ddfa1734516e8ba8c5e2ff1c39567390adca
587592afcce90623405d7a97b4d1ee0b2845627f9cb9d6f3102d4a6784a1bedb
6986a3c0ddfa1734516e8ba8c5e2ff1c39567390adcae704213e5b7895b2cfec
7a97b4d1ee0b2845627f9cb9d6f3102d4a6784a1bedbf815324f6c89a6c3e0fd
8ba8c5e2ff1c39567390adcae704213e5b7895b2cfec092643607d9ab7d4f10e
9cb9d6f3102d4a6784a1bedbf815324f6c89a6c3e0fd1a3754718eabc8e5021f
adcae704213e5b7895b2cfec092643607d9ab7d4f10e2b4865829fbcd9f61330
bedbf815324f6c89a6c3e0fd1a3754718eabc8e5021f3c597693b0cdea072441
cfec092643607d9ab7d4f10e2b4865829fbcd9f613304d6a87a4c1defb183552
e0fd1a3754718eabc8e5021f3c597693b0cdea0724415e7b98b5d2ef0c294663
f10e2b4865829fbcd9f613304d6a87a4c1defb1835526f8ca9c6e3001d3a5774
021f3c597693b0cdea0724415e7b98b5d2ef0c294663809dbad7f4112e4b6885
13304d6a87a4c1defb1835526f8ca9c6e3001d3a577491aecbe805223f5c7996
24415e7b98b5d2ef0c294663809dbad7f4112e4b6885a2bfdcf91633506d8aa7
35526f8ca9c6e3001d3a577491aecbe805223f5c7996b3d0ed0a2744617e9bb8
4663809dbad7f4112e4b6885a2bfdcf91633506d8aa7c4e1fe1b3855728facc9
577491aecbe805223f5c7996b3d0ed0a2744617e9bb8d5f20f2c496683a0bdda
6885a2bfdcf91633506d8aa7c4e1fe1b3855728facc9e603203d5a7794b1ceeb
7996b3d0ed0a2744617e9bb8d5f20f2c496683a0bddaf714314e6b88a5c2dffc
8aa7c4e1fe1b3855728facc9e603203d5a7794b1ceeb0825425f7c99b6d3f00d
9bb8d5f20f2c496683a0bddaf714314e6b88a5c2dffc193653708daac7e4011e
acc9e603203d5a7794b1ceeb0825425f7c99b6d3f00d2a4764819ebbd8f5122f
bddaf714314e6b88a5c2dffc193653708daac7e4011e3b587592afcce9062340
ceeb0825425f7c99b6d3f00d2a4764819ebbd8f5122f4c6986a3c0ddfa173451
dffc193653708daac7e4011e3b587592afcce90623405d7a97b4d1ee0b284562
f00d2a4764819ebbd8f5122f4c6986a3c0ddfa1734516e8ba8c5e2ff1c395673
011e3b587592afcce90623405d7a97b4d1ee0b2845627f9cb9d6f3102d4a6784
122f4c6986a3c0ddfa1734516e8ba8c5e2ff1c39567390adcae704213e5b7895
23405d7a97b4d1ee0b2845627f9cb9d6f3102d4a6784a1bedbf815324f6c89a6
34516e8ba8c5e2ff1c39567390adcae704213e5b7895b2cfec092643607d9ab7
45627f9cb9d6f3102d4a6784a1bedbf815324f6c89a6c3e0fd1a3754718eabc8
567390adcae704213e5b7895b2cfec092643607d9ab7d4f10e2b4865829fbcd9
6784a1bedbf815324f6c89a6c3e0fd1a3754718eabc8e5021f3c597693b0cdea
7895b2cfec092643607d9ab7d4f10e2b4865829fbcd9f613304d6a87a4c1defb
89a6c3e0fd1a3754718eabc8e5021f3c597693b0cdea0724415e7b98b5d2ef0c
9ab7d4f10e2b4865829fbcd9f613304d6a87a4c1defb1835526f8ca9c6e3001d
abc8e5021f3c597693b0cdea0724415e7b98b5d2ef0c294663809dbad7f4112e
bcd9f613304d6a87a4c1defb1835526f8ca9c6e3001d3a577491aecbe805223f
cdea0724415e7b98b5d2ef0c294663809dbad7f4112e4b6885a2bfdcf9163350
defb1835526f8ca9c6e3001d3a577491aecbe805223f5c7996b3d0ed0a274461
ef0c294663809dbad7f4112e4b6885a2bfdcf91633506d8aa7c4e1fe1b385572
001d3a577491aecbe805223f5c7996b3d0ed0a2744617e9bb8d5f20f2c496683
112e4b6885a2bfdcf91633506d8aa7c4e1fe1b3855728facc9e603203d5a7794
223f5c7996b3d0ed0a2744617e9bb8d5f20f2c496683a0bddaf714314e6b88a5
33506d8aa7c4e1fe1b3855728facc9e603203d5a7794b1ceeb0825425f7c99b6
44617e9bb8d5f20f2c496683a0bddaf714314e6b88a5c2dffc193653708daac7
55728facc9e603203d5a7794b1ceeb0825425f7c99b6d3f00d2a4764819ebbd8
6683a0bddaf714314e6b88a5c2dffc193653708daac7e4011e3b587592afcce9
7794b1ceeb0825425f7c99b6d3f00d2a4764819ebbd8f5122f4c6986a3c0ddfa
88a5c2dffc193653708daac7e4011e3b587592afcce90623405d7a97b4d1ee0b
99b6d3f00d2a4764819ebbd8f5122f4c6986a3c0ddfa1734516e8ba8c5e2ff1c
aac7e4011e3b587592afcce90623405d7a97b4d1ee0b2845627f9cb9d6f3102d
bbd8f5122f4c6986a3c0ddfa1734516e8ba8c5e2ff1c39567390adcae704213e
cce90623405d7a97b4d1ee0b2845627f9cb9d6f3102d4a6784a1bedbf815324f
ddfa1734516e8ba8c5e2ff1c39567390adcae704213e5b7895b2cfec09264360
ee0b2845627f9cb9d6f3102d4a6784a1bedbf815324f6c89a6c3e0fd1a375471
ff1c39567390adcae704213e5b7895b2cfec092643607d9ab7d4f10e2b486582
102d4a6784a1bedbf815324f6c89a6c3e0fd1a3754718eabc8e5021f3c597693
213e5b7895b2cfec092643607d9ab7d4f10e2b4865829fbcd9f613304d6a87a4
324f6c89a6c3e0fd1a3754718eabc8e5021f3c597693b0cdea0724415e7b98b5
43607d9ab7d4f10e2b4865829fbcd9f613304d6a87a4c1defb1835526f8ca9c6
54718eabc8e5021f3c597693b0cdea0724415e7b98b5d2ef0c294663809dbad7
65829fbcd9f613304d6a87a4c1defb1835526f8ca9c6e3001d3a577491aecbe8
7693b0cdea0724415e7b98b5d2ef0c294663809dbad7f4112e4b6885a2bfdcf9
87a4c1defb1835526f8ca9c6e3001d3a577491aecbe805223f5c7996b3d0ed0a
98b5d2ef0c294663809dbad7f4112e4b6885a2bfdcf91633506d8aa7c4e1fe1b
a9c6e3001d3a577491aecbe805223f5c7996b3d0ed0a2744617e9bb8d5f20f2c
bad7f4112e4b6885a2bfdcf91633506d8aa7c4e1fe1b3855728facc9e603203d
cbe805223f5c7996b3d0ed0a2744617e9bb8d5f20f2c496683a0bddaf714314e
dcf91633506d8aa7c4e1fe1b3855728facc9e603203d5a7794b1ceeb0825425f
ed0a2744617e9bb8d5f20f2c496683a0bddaf714314e6b88a5c2dffc19365370
fe1b3855728facc9e603203d5a7794b1ceeb0825425f7c99b6d3f00d2a476481
0f2c496683a0bddaf714314e6b88a5c2dffc193653708daac7e4011e3b587592
203d5a7794b1ceeb0825425f7c99b6d3f00d2a4764819ebbd8f5122f4c6986a3
314e6b88a5c2dffc193653708daac7e4011e3b587592afcce90623405d7a97b4
425f7c99b6d3f00d2a4764819ebbd8f5122f4c6986a3c0ddfa1734516e8ba8c5
53708daac7e4011e3b587592afcce90623405d7a97b4d1ee0b2845627f9cb9d6
64819ebbd8f5122f4c6986a3c0ddfa1734516e8ba8c5e2ff1c39567390adcae7
7592afcce90623405d7a97b4d1ee0b2845627f9cb9d6f3102d4a6784a1bedbf8
86a3c0ddfa1734516e8ba8c5e2ff1c39567390adcae704213e5b7895b2cfec09
97b4d1ee0b2845627f9cb9d6f3102d4a6784a1bedbf815324f6c89a6c3e0fd1a
a8c5e2ff1c39567390adcae704213e5b7895b2cfec092643607d9ab7d4f10e2b
b9d6f3102d4a6784a1bedbf815324f6c89a6c3e0fd1a3754718eabc8e5021f3c
cae704213e5b7895b2cfec092643607d9ab7d4f10e2b4865829fbcd9f613304d
dbf815324f6c89a6c3e0fd1a3754718eabc8e5021f3c597693b0cdea0724415e
ec092643607d9ab7d4f10e2b4865829fbcd9f613304d6a87a4c1defb1835526f
fd1a3754718eabc8e5021f3c597693b0cdea0724415e7b98b5d2ef0c29466380
0e2b4865829fbcd9f613304d6a87a4c1defb1835526f8ca9c6e3001d3a577491
1f3c597693b0cdea0724415e7b98b5d2ef0c294663809dbad7f4112e4b6885a2
304d6a87a4c1defb1835526f8ca9c6e3001d3a577491aecbe805223f5c7996b3
415e7b98b5d2ef0c294663809dbad7f4112e4b6885a2bfdcf91633506d8aa7c4
526f8ca9c6e3001d3a577491aecbe805223f5c7996b3d0ed0a2744617e9bb8d5
63809dbad7f4112e4b6885a2bfdcf91633506d8aa7c4e1fe1b3855728facc9e6
7491aecbe805223f5c7996b3d0ed0a2744617e9bb8d5f20f2c496683a0bddaf7
85a2bfdcf91633506d8aa7c4e1fe1b3855728facc9e603203d5a7794b1ceeb08
96b3d0ed0a2744617e9bb8d5f20f2c496683a0bddaf714314e6b88a5c2dffc19
a7c4e1fe1b3855728facc9e603203d5a7794b1ceeb0825425f7c99b6d3f00d2a
b8d5f20f2c496683a0bddaf714314e6b88a5c2dffc193653708daac7e4011e3b
c9e603203d5a7794b1ceeb0825425f7c99b6d3f00d2a4764819ebbd8f5122f4c
daf714314e6b88a5c2dffc193653708daac7e4011e3b587592afcce90623405d
eb0825425f7c99b6d3f00d2a4764819ebbd8f5122f4c6986a3c0ddfa1734516e
fc193653708daac7e4011e3b587592afcce90623405d7a97b4d1ee0b2845627f
0d2a4764819ebbd8f5122f4c6986a3c0ddfa1734516e8ba8c5e2ff1c39567390
1e3b587592afcce90623405d7a97b4d1ee0b2845627f9cb9d6f3102d4a6784a1
2f4c6986a3c0ddfa1734516e8ba8c5e2ff1c39567390adcae704213e5b7895b2
405d7a97b4d1ee0b2845627f9cb9d6f3102d4a6784a1bedbf815324f6c89a6c3
516e8ba8c5e2ff1c39567390adcae704213e5b7895b2cfec092643607d9ab7d4
627f9cb9d6f3102d4a6784a1bedbf815324f6c89a6c3e0fd1a3754718eabc8e5
7390adcae704213e5b7895b2cfec092643607d9ab7d4f10e2b4865829fbcd9f6
84a1bedbf815324f6c89a6c3e0fd1a3754718eabc8e5021f3c597693b0cdea07
95b2cfec092643607d9ab7d4f10e2b4865829fbcd9f613304d6a87a4c1defb18
a6c3e0fd1a3754718eabc8e5021f3c597693b0cdea0724415e7b98b5d2ef0c29
b7d4f10e2b4865829fbcd9f613304d6a87a4c1defb1835526f8ca9c6e3001d3a
c8e5021f3c597693b0cdea0724415e7b98b5d2ef0c294663809dbad7f4112e4b
d9f613304d6a87a4c1defb1835526f8ca9c6e3001d3a577491aecbe805223f5c
ea0724415e7b98b5d2ef0c294663809dbad7f4112e4b6885a2bfdcf91633506d
fb1835526f8ca9c6e3001d3a577491aecbe805223f5c7996b3d0ed0a2744617e
0c294663809dbad7f4112e4b6885a2bfdcf91633506d8aa7c4e1fe1b3855728f
1d3a577491aecbe805223f5c7996b3d0ed0a2744617e9bb8d5f20f2c496683a0
2e4b6885a2bfdcf91633506d8aa7c4e1fe1b3855728facc9e603203d5a7794b1
3f5c7996b3d0ed0a2744617e9bb8d5f20f2c496683a0bddaf714314e6b88a5c2
506d8aa7c4e1fe1b3855728facc9e603203d5a7794b1ceeb0825425f7c99b6d3
617e9bb8d5f20f2c496683a0bddaf714314e6b88a5c2dffc193653708daac7e4
728facc9e603203d5a7794b1ceeb0825425f7c99b6d3f00d2a4764819ebbd8f5
83a0bddaf714314e6b88a5c2dffc193653708daac7e4011e3b587592afcce906
94b1ceeb0825425f7c99b6d3f00d2a4764819ebbd8f5122f4c6986a3c0ddfa17
a5c2dffc193653708daac7e4011e3b587592afcce90623405d7a97b4d1ee0b28
b6d3f00d2a4764819ebbd8f5122f4c6986a3c0ddfa1734516e8ba8c5e2ff1c39
c7e4011e3b587592afcce90623405d7a97b4d1ee0b2845627f9cb9d6f3102d4a
d8f5122f4c6986a3c0ddfa1734516e8ba8c5e2ff1c39567390adcae704213e5b
e90623405d7a97b4d1ee0b2845627f9cb9d6f3102d4a6784a1bedbf815324f6c
fa1734516e8ba8c5e2ff1c39567390adcae704213e5b7895b2cfec092643607d
0b2845627f9cb9d6f3102d4a6784a1bedbf815324f6c89a6c3e0fd1a3754718e
1c39567390adcae704213e5b7895b2cfec092643607d9ab7d4f10e2b4865829f
2d4a6784a1bedbf815324f6c89a6c3e0fd1a3754718eabc8e5021f3c597693b0
3e5b7895b2cfec092643607d9ab7d4f10e2b4865829fbcd9f613304d6a87a4c1
4f6c89a6c3e0fd1a3754718eabc8e5021f3c597693b0cdea0724415e7b98b5d2
607d9ab7d4f10e2b4865829fbcd9f613304d6a87a4c1defb1835526f8ca9c6e3
718eabc8e5021f3c597693b0cdea0724415e7b98b5d2ef0c294663809dbad7f4
829fbcd9f613304d6a87a4c1defb1835526f8ca9c6e3001d3a577491aecbe805
93b0cdea0724415e7b98b5d2ef0c294663809dbad7f4112e4b6885a2bfdcf916
a4c1defb1835526f8ca9c6e3001d3a577491aecbe805223f5c7996b3d0ed0a27
b5d2ef0c294663809dbad7f4112e4b6885a2bfdcf91633506d8aa7c4e1fe1b38
c6e3001d3a577491aecbe805223f5c7996b3d0ed0a2744617e9bb8d5f20f2c49
d7f4112e4b6885a2bfdcf91633506d8aa7c4e1fe1b3855728facc9e603203d5a
e805223f5c7996b3d0ed0a2744617e9bb8d5f20f2c496683a0bddaf714314e6b
f91633506d8aa7c4e1fe1b3855728facc9e603203d5a7794b1ceeb0825425f7c
0a2744617e9bb8d5f20f2c496683a0bddaf714314e6b88a5c2dffc193653708d
1b3855728facc9e603203d5a7794b1ceeb0825425f7c99b6d3f00d2a4764819e
2c496683a0bddaf714314e6b88a5c2dffc193653708daac7e4011e3b587592af
3d5a7794b1ceeb0825425f7c99b6d3f00d2a4764819ebbd8f5122f4c6986a3c0
4e6b88a5c2dffc193653708daac7e4011e3b587592afcce90623405d7a97b4d1
5f7c99b6d3f00d2a4764819ebbd8f5122f4c6986a3c0ddfa1734516e8ba8c5e2
708daac7e4011e3b587592afcce90623405d7a97b4d1ee0b2845627f9cb9d6f3
819ebbd8f5122f4c6986a3c0ddfa1734516e8ba8c5e2ff1c39567390adcae704
92afcce90623405d7a97b4d1ee0b2845627f9cb9d6f3102d4a6784a1bedbf815
a3c0ddfa1734516e8ba8c5e2ff1c39567390adcae704213e5b7895b2cfec0926
b4d1ee0b2845627f9cb9d6f3102d4a6784a1bedbf815324f6c89a6c3e0fd1a37
c5e2ff1c39567390adcae704213e5b7895b2cfec092643607d9ab7d4f10e2b48
d6f3102d4a6784a1bedbf815324f6c89a6c3e0fd1a3754718eabc8e5021f3c59
e704213e5b7895b2cfec092643607d9ab7d4f10e2b4865829fbcd9f613304d6a
f815324f6c89a6c3e0fd1a3754718eabc8e5021f3c597693b0cdea0724415e7b
092643607d9ab7d4f10e2b4865829fbcd9f613304d6a87a4c1defb1835526f8c
1a3754718eabc8e5021f3c597693b0cdea0724415e7b98b5d2ef0c294663809d
2b4865829fbcd9f613304d6a87a4c1defb1835526f8ca9c6e3001d3a577491ae
3c597693b0cdea0724415e7b98b5d2ef0c294663809dbad7f4112e4b6885a2bf
4d6a87a4c1defb1835526f8ca9c6e3001d3a577491aecbe805223f5c7996b3d0
5e7b98b5d2ef0c294663809dbad7f4112e4b6885a2bfdcf91633506d8aa7c4e1
6f8ca9c6e3001d3a577491aecbe805223f5c7996b3d0ed0a2744617e9bb8d5f2
809dbad7f4112e4b6885a2bfdcf91633506d8aa7c4e1fe1b3855728facc9e603
91aecbe805223f5c7996b3d0ed0a2744617e9bb8d5f20f2c496683a0bddaf714
a2bfdcf91633506d8aa7c4e1fe1b3855728facc9e603203d5a7794b1ceeb0825
b3d0ed0a2744617e9bb8d5f20f2c496683a0bddaf714314e6b88a5c2dffc1936
c4e1fe1b3855728facc9e603203d5a7794b1ceeb0825425f7c99b6d3f00d2a47
d5f20f2c496683a0bddaf714314e6b88a5c2dffc193653708daac7e4011e3b58
e603203d5a7794b1ceeb0825425f7c99b6d3f00d2a4764819ebbd8f5122f4c69
f714314e6b88a5c2dffc193653708daac7e4011e3b587592afcce90623405d7a
0825425f7c99b6d3f00d2a4764819ebbd8f5122f4c6986a3c0ddfa1734516e8b
193653708daac7e4011e3b587592afcce90623405d7a97b4d1ee0b2845627f9c
2a4764819ebbd8f5122f4c6986a3c0ddfa1734516e8ba8c5e2ff1c39567390ad
3b587592afcce90623405d7a97b4d1ee0b2845627f9cb9d6f3102d4a6784a1be
4c6986a3c0ddfa1734516e8ba8c5e2ff1c39567390adcae704213e5b7895b2cf
5d7a97b4d1ee0b2845627f9cb9d6f3102d4a6784a1bedbf815324f6c89a6c3e0
6e8ba8c5e2ff1c39567390adcae704213e5b7895b2cfec092643607d9ab7d4f1
7f9cb9d6f3102d4a6784a1bedbf815324f6c89a6c3e0fd1a3754718eabc8e502
90adcae704213e5b7895b2cfec092643607d9ab7d4f10e2b4865829fbcd9f613
a1bedbf815324f6c89a6c3e0fd1a3754718eabc8e5021f3c597693b0cdea0724
b2cfec092643607d9ab7d4f10e2b4865829fbcd9f613304d6a87a4c1defb1835
c3e0fd1a3754718eabc8e5021f3c597693b0cdea0724415e7b98b5d2ef0c2946
d4f10e2b4865829fbcd9f613304d6a87a4c1defb1835526f8ca9c6e3001d3a57
e5021f3c597693b0cdea0724415e7b98b5d2ef0c294663809dbad7f4112e4b68
f613304d6a87a4c1defb1835526f8ca9c6e3001d3a577491aecbe805223f5c79
0724415e7b98b5d2ef0c294663809dbad7f4112e4b6885a2bfdcf91633506d8a
1835526f8ca9c6e3001d3a577491aecbe805223f5c7996b3d0ed0a2744617e9b
294663809dbad7f4112e4b6885a2bfdcf91633506d8aa7c4e1fe1b3855728fac
3a577491aecbe805223f5c7996b3d0ed0a2744617e9bb8d5f20f2c496683a0bd
4b6885a2bfdcf91633506d8aa7c4e1fe1b3855728facc9e603203d5a7794b1ce
5c7996b3d0ed0a2744617e9bb8d5f20f2c496683a0bddaf714314e6b88a5c2df
6d8aa7c4e1fe1b3855728facc9e603203d5a7794b1ceeb0825425f7c99b6d3f0
7e9bb8d5f20f2c496683a0bddaf714314e6b88a5c2dffc193653708daac7e401
8facc9e603203d5a7794b1ceeb0825425f7c99b6d3f00d2a4764819ebbd8f512
a0bddaf714314e6b88a5c2dffc193653708daac7e4011e3b587592afcce90623
b1ceeb0825425f7c99b6d3f00d2a4764819ebbd8f5122f4c6986a3c0ddfa1734
c2dffc193653708daac7e4011e3b587592afcce90623405d7a97b4d1ee0b2845
d3f00d2a4764819ebbd8f5122f4c6986a3c0ddfa1734516e8ba8c5e2ff1c3956
e4011e3b587592afcce90623405d7a97b4d1ee0b2845627f9cb9d6f3102d4a67
f5122f4c6986a3c0ddfa1734516e8ba8c5e2ff1c39567390adcae704213e5b78
0623405d7a97b4d1ee0b2845627f9cb9d6f3102d4a6784a1bedbf815324f6c89
1734516e8ba8c5e2ff1c39567390adcae704213e5b7895b2cfec092643607d9a
2845627f9cb9d6f3102d4a6784a1bedbf815324f6c89a6c3e0fd1a3754718eab
39567390adcae704213e5b7895b2cfec092643607d9ab7d4f10e2b4865829fbc
4a6784a1bedbf815324f6c89a6c3e0fd1a3754718eabc8e5021f3c597693b0cd
5b7895b2cfec092643607d9ab7d4f10e2b4865829fbcd9f613304d6a87a4c1de
6c89a6c3e0fd1a3754718eabc8e5021f3c597693b0cdea0724415e7b98b5d2ef
7d9ab7d4f10e2b4865829fbcd9f613304d6a87a4c1defb1835526f8ca9c6e300
8eabc8e5021f3c597693b0cdea0724415e7b98b5d2ef0c294663809dbad7f411
9fbcd9f613304d6a87a4c1defb1835526f8ca9c6e3001d3a577491aecbe80522
b0cdea0724415e7b98b5d2ef0c294663809dbad7f4112e4b6885a2bfdcf91633
c1defb1835526f8ca9c6e3001d3a577491aecbe805223f5c7996b3d0ed0a2744
d2ef0c294663809dbad7f4112e4b6885a2bfdcf91633506d8aa7c4e1fe1b3855
e3001d3a577491aecbe805223f5c7996b3d0ed0a2744617e9bb8d5f20f2c4966
f4112e4b6885a2bfdcf91633506d8aa7c4e1fe1b3855728facc9e603203d5a77
05223f5c7996b3d0ed0a2744617e9bb8d5f20f2c496683a0bddaf714314e6b88
1633506d8aa7c4e1fe1b3855728facc9e603203d5a7794b1ceeb0825425f7c99
2744617e9bb8d5f20f2c496683a0bddaf714314e6b88a5c2dffc193653708daa
3855728facc9e603203d5a7794b1ceeb0825425f7c99b6d3f00d2a4764819ebb
496683a0bddaf714314e6b88a5c2dffc193653708daac7e4011e3b587592afcc
5a7794b1ceeb0825425f7c99b6d3f00d2a4764819ebbd8f5122f4c6986a3c0dd
6b88a5c2dffc193653708daac7e4011e3b587592afcce90623405d7a97b4d1ee
7c99b6d3f00d2a4764819ebbd8f5122f4c6986a3c0ddfa1734516e8ba8c5e2ff
8daac7e4011e3b587592afcce90623405d7a97b4d1ee0b2845627f9cb9d6f310
9ebbd8f5122f4c6986a3c0ddfa1734516e8ba8c5e2ff1c39567390adcae70421
afcce90623405d7a97b4d1ee0b2845627f9cb9d6f3102d4a6784a1bedbf81532
c0ddfa1734516e8ba8c5e2ff1c39567390adcae704213e5b7895b2cfec092643
d1ee0b2845627f9cb9d6f3102d4a6784a1bedbf815324f6c89a6c3e0fd1a3754
e2ff1c39567390adcae704213e5b7895b2cfec092643607d9ab7d4f10e2b4865
f3102d4a6784a1bedbf815324f6c89a6c3e0fd1a3754718eabc8e5021f3c5976
04213e5b7895b2cfec092643607d9ab7d4f10e2b4865829fbcd9f613304d6a87
15324f6c89a6c3e0fd1a3754718eabc8e5021f3c597693b0cdea0724415e7b98
2643607d9ab7d4f10e2b4865829fbcd9f613304d6a87a4c1defb1835526f8ca9
3754718eabc8e5021f3c597693b0cdea0724415e7b98b5d2ef0c294663809dba
4865829fbcd9f613304d6a87a4c1defb1835526f8ca9c6e3001d3a577491aecb
597693b0cdea0724415e7b98b5d2ef0c294663809dbad7f4112e4b6885a2bfdc
6a87a4c1defb1835526f8ca9c6e3001d3a577491aecbe805223f5c7996b3d0ed
7b98b5d2ef0c294663809dbad7f4112e4b6885a2bfdcf91633506d8aa7c4e1fe
8ca9c6e3001d3a577491aecbe805223f5c7996b3d0ed0a2744617e9bb8d5f20f
9dbad7f4112e4b6885a2bfdcf91633506d8aa7c4e1fe1b3855728facc9e60320
aecbe805223f5c7996b3d0ed0a2744617e9bb8d5f20f2c496683a0bddaf71431
bfdcf91633506d8aa7c4e1fe1b3855728facc9e603203d5a7794b1ceeb082542
d0ed0a2744617e9bb8d5f20f2c496683a0bddaf714314e6b88a5c2dffc193653
e1fe1b3855728facc9e603203d5a7794b1ceeb0825425f7c99b6d3f00d2a4764
f20f2c496683a0bddaf714314e6b88a5c2dffc193653708daac7e4011e3b5875
03203d5a7794b1ceeb0825425f7c99b6d3f00d2a4764819ebbd8f5122f4c6986
14314e6b88a5c2dffc193653708daac7e4011e3b587592afcce90623405d7a97
25425f7c99b6d3f00d2a4764819ebbd8f5122f4c6986a3c0ddfa1734516e8ba8
3653708daac7e4011e3b587592afcce90623405d7a97b4d1ee0b2845627f9cb9
4764819ebbd8f5122f4c6986a3c0ddfa1734516e8ba8c5e2ff1c39567390adca
587592afcce90623405d7a97b4d1ee0b2845627f9cb9d6f3102d4a6784a1bedb
6986a3c0ddfa1734516e8ba8c5e2ff1c39567390adcae704213e5b7895b2cfec
7a97b4d1ee0b2845627f9cb9d6f3102d4a6784a1bedbf815324f6c89a6c3e0fd
8ba8c5e2ff1c39567390adcae704213e5b7895b2cfec092643607d9ab7d4f10e
9cb9d6f3102d4a6784a1bedbf815324f6c89a6c3e0fd1a3754718eabc8e5021f
adcae704213e5b7895b2cfec092643607d9ab7d4f10e2b4865829fbcd9f61330
bedbf815324f6c89a6c3e0fd1a3754718eabc8e5021f3c597693b0cdea072441
cfec092643607d9ab7d4f10e2b4865829fbcd9f613304d6a87a4c1defb183552
e0fd1a3754718eabc8e5021f3c597693b0cdea0724415e7b98b5d2ef0c294663
f10e2b4865829fbcd9f613304d6a87a4c1defb1835526f8ca9c6e3001d3a5774
021f3c597693b0cdea0724415e7b98b5d2ef0c294663809dbad7f4112e4b6885
13304d6a87a4c1defb1835526f8ca9c6e3001d3a577491aecbe805223f5c7996
24415e7b98b5d2ef0c294663809dbad7f4112e4b6885a2bfdcf91633506d8aa7
35526f8ca9c6e3001d3a577491aecbe805223f5c7996b3d0ed0a2744617e9bb8
4663809dbad7f4112e4b6885a2bfdcf91633506d8aa7c4e1fe1b3855728facc9
577491aecbe805223f5c7996b3d0ed0a2744617e9bb8d5f20f2c496683a0bdda
6885a2bfdcf91633506d8aa7c4e1fe1b3855728facc9e603203d5a7794b1ceeb
7996b3d0ed0a2744617e9bb8d5f20f2c496683a0bddaf714314e6b88a5c2dffc
8aa7c4e1fe1b3855728facc9e603203d5a7794b1ceeb0825425f7c99b6d3f00d
9bb8d5f20f2c496683a0bddaf714314e6b88a5c2dffc193653708daac7e4011e
acc9e603203d5a7794b1ceeb0825425f7c99b6d3f00d2a4764819ebbd8f5122f
bddaf714314e6b88a5c2dffc193653708daac7e4011e3b587592afcce9062340
ceeb0825425f7c99b6d3f00d2a4764819ebbd8f5122f4c6986a3c0ddfa173451
dffc193653708daac7e4011e3b587592afcce90623405d7a97b4d1ee0b284562
f00d2a4764819ebbd8f5122f4c6986a3c0ddfa1734516e8ba8c5e2ff1c395673
011e3b587592afcce90623405d7a97b4d1ee0b2845627f9cb9d6f3102d4a6784
122f4c6986a3c0ddfa1734516e8ba8c5e2ff1c39567390adcae704213e5b7895
23405d7a97b4d1ee0b2845627f9cb9d6f3102d4a6784a1bedbf815324f6c89a6
34516e8ba8c5e2ff1c39567390adcae704213e5b7895b2cfec092643607d9ab7
45627f9cb9d6f3102d4a6784a1bedbf815324f6c89a6c3e0fd1a3754718eabc8
567390adcae704213e5b7895b2cfec092643607d9ab7d4f10e2b4865829fbcd9
6784a1bedbf815324f6c89a6c3e0fd1a3754718eabc8e5021f3c597693b0cdea
7895b2cfec092643607d9ab7d4f10e2b4865829fbcd9f613304d6a87a4c1defb
89a6c3e0fd1a3754718eabc8e5021f3c597693b0cdea0724415e7b98b5d2ef0c
9ab7d4f10e2b4865829fbcd9f613304d6a87a4c1defb1835526f8ca9c6e3001d
abc8e5021f3c597693b0cdea0724415e7b98b5d2ef0c294663809dbad7f4112e
bcd9f613304d6a87a4c1defb1835526f8ca9c6e3001d3a577491aecbe805223f
cdea0724415e7b98b5d2ef0c294663809dbad7f4112e4b6885a2bfdcf9163350
defb1835526f8ca9c6e3001d3a577491aecbe805223f5c7996b3d0ed0a274461
ef0c294663809dbad7f4112e4b6885a2bfdcf91633506d8aa7c4e1fe1b385572
001d3a577491aecbe805223f5c7996b3d0ed0a2744617e9bb8d5f20f2c496683
112e4b6885a2bfdcf91633506d8aa7c4e1fe1b3855728facc9e603203d5a7794
223f5c7996b3d0ed0a2744617e9bb8d5f20f2c496683a0bddaf714314e6b88a5
33506d8aa7c4e1fe1b3855728facc9e603203d5a7794b1ceeb0825425f7c99b6
44617e9bb8d5f20f2c496683a0bddaf714314e6b88a5c2dffc193653708daac7
55728facc9e603203d5a7794b1ceeb0825425f7c99b6d3f00d2a4764819ebbd8
6683a0bddaf714314e6b88a5c2dffc193653708daac7e4011e3b587592afcce9
7794b1ceeb0825425f7c99b6d3f00d2a4764819ebbd8f5122f4c6986a3c0ddfa
88a5c2dffc193653708daac7e4011e3b587592afcce90623405d7a97b4d1ee0b
99b6d3f00d2a4764819ebbd8f5122f4c6986a3c0ddfa1734516e8ba8c5e2ff1c
aac7e4011e3b587592afcce90623405d7a97b4d1ee0b2845627f9cb9d6f3102d
bbd8f5122f4c6986a3c0ddfa1734516e8ba8c5e2ff1c39567390adcae704213e
cce90623405d7a97b4d1ee0b2845627f9cb9d6f3102d4a6784a1bedbf815324f
ddfa1734516e8ba8c5e2ff1c39567390adcae704213e5b7895b2cfec09264360
ee0b2845627f9cb9d6f3102d4a6784a1bedbf815324f6c89a6c3e0fd1a375471
ff1c39567390adcae704213e5b7895b2cfec092643607d9ab7d4f10e2b486582
102d4a6784a1bedbf815324f6c89a6c3e0fd1a3754718eabc8e5021f3c597693
213e5b7895b2cfec092643607d9ab7d4f10e2b4865829fbcd9f613304d6a87a4
324f6c89a6c3e0fd1a3754718eabc8e5021f3c597693b0cdea0724415e7b98b5
43607d9ab7d4f10e2b4865829fbcd9f613304d6a87a4c1defb1835526f8ca9c6
54718eabc8e5021f3c597693b0cdea0724415e7b98b5d2ef0c294663809dbad7
65829fbcd9f613304d6a87a4c1defb1835526f8ca9c6e3001d3a577491aecbe8
7693b0cdea0724415e7b98b5d2ef0c294663809dbad7f4112e4b6885a2bfdcf9
87a4c1defb1835526f8ca9c6e3001d3a577491aecbe805223f5c7996b3d0ed0a
98b5d2ef0c294663809dbad7f4112e4b6885a2bfdcf91633506d8aa7c4e1fe1b
a9c6e3001d3a577491aecbe805223f5c7996b3d0ed0a2744617e9bb8d5f20f2c
bad7f4112e4b6885a2bfdcf91633506d8aa7c4e1fe1b3855728facc9e603203d
cbe805223f5c7996b3d0ed0a2744617e9bb8d5f20f2c496683a0bddaf714314e
dcf91633506d8aa7c4e1fe1b3855728facc9e603203d5a7794b1ceeb0825425f
ed0a2744617e9bb8d5f20f2c496683a0bddaf714314e6b88a5c2dffc19365370
fe1b3855728facc9e603203d5a7794b1ceeb0825425f7c99b6d3f00d2a476481
0f2c496683a0bddaf714314e6b88a5c2dffc193653708daac7e4011e3b587592
203d5a7794b1ceeb0825425f7c99b6d3f00d2a4764819ebbd8f5122f4c6986a3
314e6b88a5c2dffc193653708daac7e4011e3b587592afcce90623405d7a97b4
425f7c99b6d3f00d2a4764819ebbd8f5122f4c6986a3c0ddfa1734516e8ba8c5
53708daac7e4011e3b587592afcce90623405d7a97b4d1ee0b2845627f9cb9d6
64819ebbd8f5122f4c6986a3c0ddfa1734516e8ba8c5e2ff1c39567390adcae7
7592afcce90623405d7a97b4d1ee0b2845627f9cb9d6f3102d4a6784a1bedbf8
86a3c0ddfa1734516e8ba8c5e2ff1c39567390adcae704213e5b7895b2cfec09
97b4d1ee0b2845627f9cb9d6f3102d4a6784a1bedbf815324f6c89a6c3e0fd1a
a8c5e2ff1c39567390adcae704213e5b7895b2cfec092643607d9ab7d4f10e2b
b9d6f3102d4a6784a1bedbf815324f6c89a6c3e0fd1a3754718eabc8e5021f3c
cae704213e5b7895b2cfec092643607d9ab7d4f10e2b4865829fbcd9f613304d
dbf815324f6c89a6c3e0fd1a3754718eabc8e5021f3c597693b0cdea0724415e
ec092643607d9ab7d4f10e2b4865829fbcd9f613304d6a87a4c1defb1835526f
fd1a3754718eabc8e5021f3c597693b0cdea0724415e7b98b5d2ef0c29466380
0e2b4865829fbcd9f613304d6a87a4c1defb1835526f8ca9c6e3001d3a577491
1f3c597693b0cdea0724415e7b98b5d2ef0c294663809dbad7f4112e4b6885a2
304d6a87a4c1defb1835526f8ca9c6e3001d3a577491aecbe805223f5c7996b3
415e7b98b5d2ef0c294663809dbad7f4112e4b6885a2bfdcf91633506d8aa7c4
526f8ca9c6e3001d3a577491aecbe805223f5c7996b3d0ed0a2744617e9bb8d5
63809dbad7f4112e4b6885a2bfdcf91633506d8aa7c4e1fe1b3855728facc9e6
7491aecbe805223f5c7996b3d0ed0a2744617e9bb8d5f20f2c496683a0bddaf7
85a2bfdcf91633506d8aa7c4e1fe1b3855728facc9e603203d5a7794b1ceeb08
96b3d0ed0a2744617e9bb8d5f20f2c496683a0bddaf714314e6b88a5c2dffc19
a7c4e1fe1b3855728facc9e603203d5a7794b1ceeb0825425f7c99b6d3f00d2a
b8d5f20f2c496683a0bddaf714314e6b88a5c2dffc193653708daac7e4011e3b
c9e603203d5a7794b1ceeb0825425f7c99b6d3f00d2a4764819ebbd8f5122f4c
daf714314e6b88a5c2dffc193653708daac7e4011e3b587592afcce90623405d
eb0825425f7c99b6d3f00d2a4764819ebbd8f5122f4c6986a3c0ddfa1734516e
fc193653708daac7e4011e3b587592afcce90623405d7a97b4d1ee0b2845627f
0d2a4764819ebbd8f5122f4c6986a3c0ddfa1734516e8ba8c5e2ff1c39567390
1e3b587592afcce90623405d7a97b4d1ee0b2845627f9cb9d6f3102d4a6784a1
2f4c6986a3c0ddfa1734516e8ba8c5e2ff1c39567390adcae704213e5b7895b2
405d7a97b4d1ee0b2845627f9cb9d6f3102d4a6784a1bedbf815324f6c89a6c3
516e8ba8c5e2ff1c39567390adcae704213e5b7895b2cfec092643607d9ab7d4
627f9cb9d6f3102d4a6784a1bedbf815324f6c89a6c3e0fd1a3754718eabc8e5
7390adcae704213e5b7895b2cfec092643607d9ab7d4f10e2b4865829fbcd9f6
84a1bedbf815324f6c89a6c3e0fd1a3754718eabc8e5021f3c597693b0cdea07
95b2cfec092643607d9ab7d4f10e2b4865829fbcd9f613304d6a87a4c1defb18
a6c3e0fd1a3754718eabc8e5021f3c597693b0cdea0724415e7b98b5d2ef0c29
b7d4f10e2b4865829fbcd9f613304d6a87a4c1defb1835526f8ca9c6e3001d3a
c8e5021f3c597693b0cdea0724415e7b98b5d2ef0c294663809dbad7f4112e4b
d9f613304d6a87a4c1defb1835526f8ca9c6e3001d3a577491aecbe805223f5c
ea0724415e7b98b5d2ef0c294663809dbad7f4112e4b6885a2bfdcf91633506d
fb1835526f8ca9c6e3001d3a577491aecbe805223f5c7996b3d0ed0a2744617e
0c294663809dbad7f4112e4b6885a2bfdcf91633506d8aa7c4e1fe1b3855728f
1d3a577491aecbe805223f5c7996b3d0ed0a2744617e9bb8d5f20f2c496683a0
2e4b6885a2bfdcf91633506d8aa7c4e1fe1b3855728facc9e603203d5a7794b1
3f5c7996b3d0ed0a2744617e9bb8d5f20f2c496683a0bddaf714314e6b88a5c2
506d8aa7c4e1fe1b3855728facc9e603203d5a7794b1ceeb0825425f7c99b6d3
617e9bb8d5f20f2c496683a0bddaf714314e6b88a5c2dffc193653708daac7e4
728facc9e603203d5a7794b1ceeb0825425f7c99b6d3f00d2a4764819ebbd8f5
83a0bddaf714314e6b88a5c2dffc193653708daac7e4011e3b587592afcce906
94b1ceeb0825425f7c99b6d3f00d2a4764819ebbd8f5122f4c6986a3c0ddfa17
a5c2dffc193653708daac7e4011e3b587592afcce90623405d7a97b4d1ee0b28
b6d3f00d2a4764819ebbd8f5122f4c6986a3c0ddfa1734516e8ba8c5e2ff1c39
c7e4011e3b587592afcce90623405d7a97b4d1ee0b2845627f9cb9d6f3102d4a
d8f5122f4c6986a3c0ddfa1734516e8ba8c5e2ff1c39567390adcae704213e5b
e90623405d7a97b4d1ee0b2845627f9cb9d6f3102d4a6784a1bedbf815324f6c
fa1734516e8ba8c5e2ff1c39567390adcae704213e5b7895b2cfec092643607d
0b2845627f9cb9d6f3102d4a6784a1bedbf815324f6c89a6c3e0fd1a3754718e
1c39567390adcae704213e5b7895b2cfec092643607d9ab7d4f10e2b4865829f
2d4a6784a1bedbf815324f6c89a6c3e0fd1a3754718eabc8e5021f3c597693b0
3e5b7895b2cfec092643607d9ab7d4f10e2b4865829fbcd9f613304d6a87a4c1
4f6c89a6c3e0fd1a3754718eabc8e5021f3c597693b0cdea0724415e7b98b5d2
607d9ab7d4f10e2b4865829fbcd9f613304d6a87a4c1defb1835526f8ca9c6e3
718eabc8e5021f3c597693b0cdea0724415e7b98b5d2ef0c294663809dbad7f4
829fbcd9f613304d6a87a4c1defb1835526f8ca9c6e3001d3a577491aecbe805
93b0cdea0724415e7b98b5d2ef0c294663809dbad7f4112e4b6885a2bfdcf916
a4c1defb1835526f8ca9c6e3001d3a577491aecbe805223f5c7996b3d0ed0a27
b5d2ef0c294663809dbad7f4112e4b6885a2bfdcf91633506d8aa7c4e1fe1b38
c6e3001d3a577491aecbe805223f5c7996b3d0ed0a2744617e9bb8d5f20f2c49
d7f4112e4b6885a2bfdcf91633506d8aa7c4e1fe1b3855728facc9e603203d5a
e805223f5c7996b3d0ed0a2744617e9bb8d5f20f2c496683a0bddaf714314e6b
f91633506d8aa7c4e1fe1b3855728facc9e603203d5a7794b1ceeb0825425f7c
0a2744617e9bb8d5f20f2c496683a0bddaf714314e6b88a5c2dffc193653708d
1b3855728facc9e603203d5a7794b1ceeb0825425f7c99b6d3f00d2a4764819e
2c496683a0bddaf714314e6b88a5c2dffc193653708daac7e4011e3b587592af
3d5a7794b1ceeb0825425f7c99b6d3f00d2a4764819ebbd8f5122f4c6986a3c0
4e6b88a5c2dffc193653708daac7e4011e3b587592afcce90623405d7a97b4d1
5f7c99b6d3f00d2a4764819ebbd8f5122f4c6986a3c0ddfa1734516e8ba8c5e2
708daac7e4011e3b587592afcce90623405d7a97b4d1ee0b2845627f9cb9d6f3
819ebbd8f5122f4c6986a3c0ddfa1734516e8ba8c5e2ff1c39567390adcae704
92afcce90623405d7a97b4d1ee0b2845627f9cb9d6f3102d4a6784a1bedbf815
a3c0ddfa1734516e8ba8c5e2ff1c39567390adcae704213e5b7895b2cfec0926
b4d1ee0b2845627f9cb9d6f3102d4a6784a1bedbf815324f6c89a6c3e0fd1a37
c5e2ff1c39567390adcae704213e5b7895b2cfec092643607d9ab7d4f10e2b48
d6f3102d4a6784a1bedbf815324f6c89a6c3e0fd1a3754718eabc8e5021f3c59
e704213e5b7895b2cfec092643607d9ab7d4f10e2b4865829fbcd9f613304d6a
f815324f6c89a6c3e0fd1a3754718eabc8e5021f3c597693b0cdea0724415e7b
092643607d9ab7d4f10e2b4865829fbcd9f613304d6a87a4c1defb1835526f8c
1a3754718eabc8e5021f3c597693b0cdea0724415e7b98b5d2ef0c294663809d
2b4865829fbcd9f613304d6a87a4c1defb1835526f8ca9c6e3001d3a577491ae
3c597693b0cdea0724415e7b98b5d2ef0c294663809dbad7f4112e4b6885a2bf
4d6a87a4c1defb1835526f8ca9c6e3001d3a577491aecbe805223f5c7996b3d0
5e7b98b5d2ef0c294663809dbad7f4112e4b6885a2bfdcf91633506d8aa7c4e1
6f8ca9c6e3001d3a577491aecbe805223f5c7996b3d0ed0a2744617e9bb8d5f2
809dbad7f4112e4b6885a2bfdcf91633506d8aa7c4e1fe1b3855728facc9e603
91aecbe805223f5c7996b3d0ed0a2744617e9bb8d5f20f2c496683a0bddaf714
a2bfdcf91633506d8aa7c4e1fe1b3855728facc9e603203d5a7794b1ceeb0825
b3d0ed0a2744617e9bb8d5f20f2c496683a0bddaf714314e6b88a5c2dffc1936
c4e1fe1b3855728facc9e603203d5a7794b1ceeb0825425f7c99b6d3f00d2a47
d5f20f2c496683a0bddaf714314e6b88a5c2dffc193653708daac7e4011e3b58
e603203d5a7794b1ceeb0825425f7c99b6d3f00d2a4764819ebbd8f5122f4c69
f714314e6b88a5c2dffc193653708daac7e4011e3b587592afcce90623405d7a
0825425f7c99b6d3f00d2a4764819ebbd8f5122f4c6986a3c0ddfa1734516e8b
193653708daac7e4011e3b587592afcce90623405d7a97b4d1ee0b2845627f9c
2a4764819ebbd8f5122f4c6986a3c0ddfa1734516e8ba8c5e2ff1c39567390ad
3b587592afcce90623405d7a97b4d1ee0b2845627f9cb9d6f3102d4a6784a1be
4c6986a3c0ddfa1734516e8ba8c5e2ff1c39567390adcae704213e5b7895b2cf
5d7a97b4d1ee0b2845627f9cb9d6f3102d4a6784a1bedbf815324f6c89a6c3e0
6e8ba8c5e2ff1c39567390adcae704213e5b7895b2cfec092643607d9ab7d4f1
7f9cb9d6f3102d4a6784a1bedbf815324f6c89a6c3e0fd1a3754718eabc8e502
90adcae704213e5b7895b2cfec092643607d9ab7d4f10e2b4865829fbcd9f613
a1bedbf815324f6c89a6c3e0fd1a3754718eabc8e5021f3c597693b0cdea0724
b2cfec092643607d9ab7d4f10e2b4865829fbcd9f613304d6a87a4c1defb1835
c3e0fd1a3754718eabc8e5021f3c597693b0cdea0724415e7b98b5d2ef0c2946
d4f10e2b4865829fbcd9f613304d6a87a4c1defb1835526f8ca9c6e3001d3a57
e5021f3c597693b0cdea0724415e7b98b5d2ef0c294663809dbad7f4112e4b68
f613304d6a87a4c1defb1835526f8ca9c6e3001d3a577491aecbe805223f5c79
0724415e7b98b5d2ef0c294663809dbad7f4112e4b6885a2bfdcf91633506d8a
1835526f8ca9c6e3001d3a577491aecbe805223f5c7996b3d0ed0a2744617e9b
294663809dbad7f4112e4b6885a2bfdcf91633506d8aa7c4e1fe1b3855728fac
3a577491aecbe805223f5c7996b3d0ed0a2744617e9bb8d5f20f2c496683a0bd
4b6885a2bfdcf91633506d8aa7c4e1fe1b3855728facc9e603203d5a7794b1ce
5c7996b3d0ed0a2744617e9bb8d5f20f2c496683a0bddaf714314e6b88a5c2df
6d8aa7c4e1fe1b3855728facc9e603203d5a7794b1ceeb0825425f7c99b6d3f0
7e9bb8d5f20f2c496683a0bddaf714314e6b88a5c2dffc193653708daac7e401
8facc9e603203d5a7794b1ceeb0825425f7c99b6d3f00d2a4764819ebbd8f512
a0bddaf714314e6b88a5c2dffc193653708daac7e4011e3b587592afcce90623
b1ceeb0825425f7c99b6d3f00d2a4764819ebbd8f5122f4c6986a3c0ddfa1734
c2dffc193653708daac7e4011e3b587592afcce90623405d7a97b4d1ee0b2845
d3f00d2a4764819ebbd8f5122f4c6986a3c0ddfa1734516e8ba8c5e2ff1c3956
e4011e3b587592afcce90623405d7a97b4d1ee0b2845627f9cb9d6f3102d4a67
f5122f4c6986a3c0ddfa1734516e8ba8c5e2ff1c39567390adcae704213e5b78
0623405d7a97b4d1ee0b2845627f9cb9d6f3102d4a6784a1bedbf815324f6c89
1734516e8ba8c5e2ff1c39567390adcae704213e5b7895b2cfec092643607d9a
2845627f9cb9d6f3102d4a6784a1bedbf815324f6c89a6c3e0fd1a3754718eab
39567390adcae704213e5b7895b2cfec092643607d9ab7d4f10e2b4865829fbc
4a6784a1bedbf815324f6c89a6c3e0fd1a3754718eabc8e5021f3c597693b0cd
5b7895b2cfec092643607d9ab7d4f10e2b4865829fbcd9f613304d6a87a4c1de
6c89a6c3e0fd1a3754718eabc8e5021f3c597693b0cdea0724415e7b98b5d2ef
7d9ab7d4f10e2b4865829fbcd9f613304d6a87a4c1defb1835526f8ca9c6e300
8eabc8e5021f3c597693b0cdea0724415e7b98b5d2ef0c294663809dbad7f411
9fbcd9f613304d6a87a4c1defb1835526f8ca9c6e3001d3a577491aecbe80522
b0cdea0724415e7b98b5d2ef0c294663809dbad7f4112e4b6885a2bfdcf91633
c1defb1835526f8ca9c6e3001d3a577491aecbe805223f5c7996b3d0ed0a2744
d2ef0c294663809dbad7f4112e4b6885a2bfdcf91633506d8aa7c4e1fe1b3855
e3001d3a577491aecbe805223f5c7996b3d0ed0a2744617e9bb8d5f20f2c4966
f4112e4b6885a2bfdcf91633506d8aa7c4e1fe1b3855728facc9e603203d5a77
05223f5c7996b3d0ed0a2744617e9bb8d5f20f2c496683a0bddaf714314e6b88
1633506d8aa7c4e1fe1b3855728facc9e603203d5a7794b1ceeb0825425f7c99
2744617e9bb8d5f20f2c496683a0bddaf714314e6b88a5c2dffc193653708daa
3855728facc9e603203d5a7794b1ceeb0825425f7c99b6d3f00d2a4764819ebb
496683a0bddaf714314e6b88a5c2dffc193653708daac7e4011e3b587592afcc
5a7794b1ceeb0825425f7c99b6d3f00d2a4764819ebbd8f5122f4c6986a3c0dd
6b88a5c2dffc193653708daac7e4011e3b587592afcce90623405d7a97b4d1ee
7c99b6d3f00d2a4764819ebbd8f5122f4c6986a3c0ddfa1734516e8ba8c5e2ff
8daac7e4011e3b587592afcce90623405d7a97b4d1ee0b2845627f9cb9d6f310
9ebbd8f5122f4c6986a3c0ddfa1734516e8ba8c5e2ff1c39567390adcae70421
afcce90623405d7a97b4d1ee0b2845627f9cb9d6f3102d4a6784a1bedbf81532
c0ddfa1734516e8ba8c5e2ff1c39567390adcae704213e5b7895b2cfec092643
d1ee0b2845627f9cb9d6f3102d4a6784a1bedbf815324f6c89a6c3e0fd1a3754
e2ff1c39567390adcae704213e5b7895b2cfec092643607d9ab7d4f10e2b4865
f3102d4a6784a1bedbf815324f6c89a6c3e0fd1a3754718eabc8e5021f3c5976
04213e5b7895b2cfec092643607d9ab7d4f10e2b4865829fbcd9f613304d6a87
15324f6c89a6c3e0fd1a3754718eabc8e5021f3c597693b0cdea0724415e7b98
2643607d9ab7d4f10e2b4865829fbcd9f613304d6a87a4c1defb1835526f8ca9
3754718eabc8e5021f3c597693b0cdea0724415e7b98b5d2ef0c294663809dba
4865829fbcd9f613304d6a87a4c1defb1835526f8ca9c6e3001d3a577491aecb
597693b0cdea0724415e7b98b5d2ef0c294663809dbad7f4112e4b6885a2bfdc
6a87a4c1defb1835526f8ca9c6e3001d3a577491aecbe805223f5c7996b3d0ed
7b98b5d2ef0c294663809dbad7f4112e4b6885a2bfdcf91633506d8aa7c4e1fe
8ca9c6e3001d3a577491aecbe805223f5c7996b3d0ed0a2744617e9bb8d5f20f
9dbad7f4112e4b6885a2bfdcf91633506d8aa7c4e1fe1b3855728facc9e60320
aecbe805223f5c7996b3d0ed0a2744617e9bb8d5f20f2c496683a0bddaf71431
bfdcf91633506d8aa7c4e1fe1b3855728facc9e603203d5a7794b1ceeb082542
d0ed0a2744617e9bb8d5f20f2c496683a0bddaf714314e6b88a5c2dffc193653
e1fe1b3855728facc9e603203d5a7794b1ceeb0825425f7c99b6d3f00d2a4764
f20f2c496683a0bddaf714314e6b88a5c2dffc193653708daac7e4011e3b5875
03203d5a7794b1ceeb0825425f7c99b6d3f00d2a4764819ebbd8f5122f4c6986
14314e6b88a5c2dffc193653708daac7e4011e3b587592afcce90623405d7a97
25425f7c99b6d3f00d2a4764819ebbd8f5122f4c6986a3c0ddfa1734516e8ba8
3653708daac7e4011e3b587592afcce90623405d7a97b4d1ee0b2845627f9cb9
4764819ebbd8f5122f4c6986a3c0ddfa1734516e8ba8c5e2ff1c39567390adca
587592afcce90623405d7a97b4d1ee0b2845627f9cb9d6f3102d4a6784a1bedb
6986a3c0ddfa1734516e8ba8c5e2ff1c39567390adcae704213e5b7895b2cfec
7a97b4d1ee0b2845627f9cb9d6f3102d4a6784a1bedbf815324f6c89a6c3e0fd
8ba8c5e2ff1c39567390adcae704213e5b7895b2cfec092643607d9ab7d4f10e
9cb9d6f3102d4a6784a1bedbf815324f6c89a6c3e0fd1a3754718eabc8e5021f
adcae704213e5b7895b2cfec092643607d9ab7d4f10e2b4865829fbcd9f61330
bedbf815324f6c89a6c3e0fd1a3754718eabc8e5021f3c597693b0cdea072441
cfec092643607d9ab7d4f10e2b4865829fbcd9f613304d6a87a4c1defb183552
e0fd1a3754718eabc8e5021f3c597693b0cdea0724415e7b98b5d2ef0c294663
f10e2b4865829fbcd9f613304d6a87a4c1defb1835526f8ca9c6e3001d3a5774
021f3c597693b0cdea0724415e7b98b5d2ef0c294663809dbad7f4112e4b6885
13304d6a87a4c1defb1835526f8ca9c6e3001d3a577491aecbe805223f5c7996
24415e7b98b5d2ef0c294663809dbad7f4112e4b6885a2bfdcf91633506d8aa7
35526f8ca9c6e3001d3a577491aecbe805223f5c7996b3d0ed0a2744617e9bb8
4663809dbad7f4112e4b6885a2bfdcf91633506d8aa7c4e1fe1b3855728facc9
577491aecbe805223f5c7996b3d0ed0a2744617e9bb8d5f20f2c496683a0bdda
6885a2bfdcf91633506d8aa7c4e1fe1b3855728facc9e603203d5a7794b1ceeb
7996b3d0ed0a2744617e9bb8d5f20f2c496683a0bddaf714314e6b88a5c2dffc
8aa7c4e1fe1b3855728facc9e603203d5a7794b1ceeb0825425f7c99b6d3f00d
9bb8d5f20f2c496683a0bddaf714314e6b88a5c2dffc193653708daac7e4011e
acc9e603203d5a7794b1ceeb0825425f7c99b6d3f00d2a4764819ebbd8f5122f
bddaf714314e6b88a5c2dffc193653708daac7e4011e3b587592afcce9062340
ceeb0825425f7c99b6d3f00d2a4764819ebbd8f5122f4c6986a3c0ddfa173451
dffc193653708daac7e4011e3b587592afcce90623405d7a97b4d1ee0b284562
f00d2a4764819ebbd8f5122f4c6986a3c0ddfa1734516e8ba8c5e2ff1c395673
011e3b587592afcce90623405d7a97b4d1ee0b2845627f9cb9d6f3102d4a6784
122f4c6986a3c0ddfa1734516e8ba8c5e2ff1c39567390adcae704213e5b7895
23405d7a97b4d1ee0b2845627f9cb9d6f3102d4a6784a1bedbf815324f6c89a6
34516e8ba8c5e2ff1c39567390adcae704213e5b7895b2cfec092643607d9ab7
45627f9cb9d6f3102d4a6784a1bedbf815324f6c89a6c3e0fd1a3754718eabc8
567390adcae704213e5b7895b2cfec092643607d9ab7d4f10e2b4865829fbcd9
6784a1bedbf815324f6c89a6c3e0fd1a3754718eabc8e5021f3c597693b0cdea
7895b2cfec092643607d9ab7d4f10e2b4865829fbcd9f613304d6a87a4c1defb
89a6c3e0fd1a3754718eabc8e5021f3c597693b0cdea0724415e7b98b5d2ef0c
9ab7d4f10e2b4865829fbcd9f613304d6a87a4c1defb1835526f8ca9c6e3001d
abc8e5021f3c597693b0cdea0724415e7b98b5d2ef0c294663809dbad7f4112e
bcd9f613304d6a87a4c1defb1835526f8ca9c6e3001d3a577491aecbe805223f
cdea0724415e7b98b5d2ef0c294663809dbad7f4112e4b6885a2bfdcf9163350
defb1835526f8ca9c6e3001d3a577491aecbe805223f5c7996b3d0ed0a274461
ef0c294663809dbad7f4112e4b6885a2bfdcf91633506d8aa7c4e1fe1b385572
001d3a577491aecbe805223f5c7996b3d0ed0a2744617e9bb8d5f20f2c496683
112e4b6885a2bfdcf91633506d8aa7c4e1fe1b3855728facc9e603203d5a7794
223f5c7996b3d0ed0a2744617e9bb8d5f20f2c496683a0bddaf714314e6b88a5
33506d8aa7c4e1fe1b3855728facc9e603203d5a7794b1ceeb0825425f7c99b6
44617e9bb8d5f20f2c496683a0bddaf714314e6b88a5c2dffc193653708daac7
55728facc9e603203d5a7794b1ceeb0825425f7c99b6d3f00d2a4764819ebbd8
6683a0bddaf714314e6b88a5c2dffc193653708daac7e4011e3b587592afcce9
7794b1ceeb0825425f7c99b6d3f00d2a4764819ebbd8f5122f4c6986a3c0ddfa
88a5c2dffc193653708daac7e4011e3b587592afcce90623405d7a97b4d1ee0b
99b6d3f00d2a4764819ebbd8f5122f4c6986a3c0ddfa1734516e8ba8c5e2ff1c
aac7e4011e3b587592afcce90623405d7a97b4d1ee0b2845627f9cb9d6f3102d
bbd8f5122f4c6986a3c0ddfa1734516e8ba8c5e2ff1c39567390adcae704213e
cce90623405d7a97b4d1ee0b2845627f9cb9d6f3102d4a6784a1bedbf815324f
ddfa1734516e8ba8c5e2ff1c39567390adcae704213e5b7895b2cfec09264360
ee0b2845627f9cb9d6f3102d4a6784a1bedbf815324f6c89a6c3e0fd1a375471
ff1c39567390adcae704213e5b7895b2cfec092643607d9ab7d4f10e2b486582
102d4a6784a1bedbf815324f6c89a6c3e0fd1a3754718eabc8e5021f3c597693
213e5b7895b2cfec092643607d9ab7d4f10e2b4865829fbcd9f613304d6a87a4
324f6c89a6c3e0fd1a3754718eabc8e5021f3c597693b0cdea0724415e7b98b5
43607d9ab7d4f10e2b4865829fbcd9f613304d6a87a4c1defb1835526f8ca9c6
54718eabc8e5021f3c597693b0cdea0724415e7b98b5d2ef0c294663809dbad7
65829fbcd9f613304d6a87a4c1defb1835526f8ca9c6e3001d3a577491aecbe8
7693b0cdea0724415e7b98b5d2ef0c294663809dbad7f4112e4b6885a2bfdcf9
87a4c1defb1835526f8ca9c6e3001d3a577491aecbe805223f5c7996b3d0ed0a
98b5d2ef0c294663809dbad7f4112e4b6885a2bfdcf91633506d8aa7c4e1fe1b
a9c6e3001d3a577491aecbe805223f5c7996b3d0ed0a2744617e9bb8d5f20f2c
bad7f4112e4b6885a2bfdcf91633506d8aa7c4e1fe1b3855728facc9e603203d
cbe805223f5c7996b3d0ed0a2744617e9bb8d5f20f2c496683a0bddaf714314e
dcf91633506d8aa7c4e1fe1b3855728facc9e603203d5a7794b1ceeb0825425f
ed0a2744617e9bb8d5f20f2c496683a0bddaf714314e6b88a5c2dffc19365370
fe1b3855728facc9e603203d5a7794b1ceeb0825425f7c99b6d3f00d2a476481
0f2c496683a0bddaf714314e6b88a5c2dffc193653708daac7e4011e3b587592
203d5a7794b1ceeb0825425f7c99b6d3f00d2a4764819ebbd8f5122f4c6986a3
314e6b88a5c2dffc193653708daac7e4011e3b587592afcce90623405d7a97b4
425f7c99b6d3f00d2a4764819ebbd8f5122f4c6986a3c0ddfa1734516e8ba8c5
53708daac7e4011e3b587592afcce90623405d7a97b4d1ee0b2845627f9cb9d6
64819ebbd8f5122f4c6986a3c0ddfa1734516e8ba8c5e2ff1c39567390adcae7
7592afcce90623405d7a97b4d1ee0b2845627f9cb9d6f3102d4a6784a1bedbf8
86a3c0ddfa1734516e8ba8c5e2ff1c39567390adcae704213e5b7895b2cfec09
97b4d1ee0b2845627f9cb9d6f3102d4a6784a1bedbf815324f6c89a6c3e0fd1a
a8c5e2ff1c39567390adcae704213e5b7895b2cfec092643607d9ab7d4f10e2b
b9d6f3102d4a6784a1bedbf815324f6c89a6c3e0fd1a3754718eabc8e5021f3c
cae704213e5b7895b2cfec092643607d9ab7d4f10e2b4865829fbcd9f613304d
dbf815324f6c89a6c3e0fd1a3754718eabc8e5021f3c597693b0cdea0724415e
ec092643607d9ab7d4f10e2b4865829fbcd9f613304d6a87a4c1defb1835526f
fd1a3754718eabc8e5021f3c597693b0cdea0724415e7b98b5d2ef0c29466380
0e2b4865829fbcd9f613304d6a87a4c1defb1835526f8ca9c6e3001d3a577491
1f3c597693b0cdea0724415e7b98b5d2ef0c294663809dbad7f4112e4b6885a2
304d6a87a4c1defb1835526f8ca9c6e3001d3a577491aecbe805223f5c7996b3
415e7b98b5d2ef0c294663809dbad7f4112e4b6885a2bfdcf91633506d8aa7c4
526f8ca9c6e3001d3a577491aecbe805223f5c7996b3d0ed0a2744617e9bb8d5
63809dbad7f4112e4b6885a2bfdcf91633506d8aa7c4e1fe1b3855728facc9e6
7491aecbe805223f5c7996b3d0ed0a2744617e9bb8d5f20f2c496683a0bddaf7
85a2bfdcf91633506d8aa7c4e1fe1b3855728facc9e603203d5a7794b1ceeb08
96b3d0ed0a2744617e9bb8d5f20f2c496683a0bddaf714314e6b88a5c2dffc19
a7c4e1fe1b3855728facc9e603203d5a7794b1ceeb0825425f7c99b6d3f00d2a
b8d5f20f2c496683a0bddaf714314e6b88a5c2dffc193653708daac7e4011e3b
c9e603203d5a7794b1ceeb0825425f7c99b6d3f00d2a4764819ebbd8f5122f4c
daf714314e6b88a5c2dffc193653708daac7e4011e3b587592afcce90623405d
eb0825425f7c99b6d3f00d2a4764819ebbd8f5122f4c6986a3c0ddfa1734516e
fc193653708daac7e4011e3b587592afcce90623405d7a97b4d1ee0b2845627f
0d2a4764819ebbd8f5122f4c6986a3c0ddfa1734516e8ba8c5e2ff1c39567390
1e3b587592afcce90623405d7a97b4d1ee0b2845627f9cb9d6f3102d4a6784a1
2f4c6986a3c0ddfa1734516e8ba8c5e2ff1c39567390adcae704213e5b7895b2
405d7a97b4d1ee0b2845627f9cb9d6f3102d4a6784a1bedbf815324f6c89a6c3
516e8ba8c5e2ff1c39567390adcae704213e5b7895b2cfec092643607d9ab7d4
627f9cb9d6f3102d4a6784a1bedbf815324f6c89a6c3e0fd1a3754718eabc8e5
7390adcae704213e5b7895b2cfec092643607d9ab7d4f10e2b4865829fbcd9f6
84a1bedbf815324f6c89a6c3e0fd1a3754718eabc8e5021f3c597693b0cdea07
95b2cfec092643607d9ab7d4f10e2b4865829fbcd9f613304d6a87a4c1defb18
a6c3e0fd1a3754718eabc8e5021f3c597693b0cdea0724415e7b98b5d2ef0c29
b7d4f10e2b4865829fbcd9f613304d6a87a4c1defb1835526f8ca9c6e3001d3a
c8e5021f3c597693b0cdea0724415e7b98b5d2ef0c294663809dbad7f4112e4b
d9f613304d6a87a4c1defb1835526f8ca9c6e3001d3a577491aecbe805223f5c
ea0724415e7b98b5d2ef0c294663809dbad7f4112e4b6885a2bfdcf91633506d
fb1835526f8ca9c6e3001d3a577491aecbe805223f5c7996b3d0ed0a2744617e
0c294663809dbad7f4112e4b6885a2bfdcf91633506d8aa7c4e1fe1b3855728f
1d3a577491aecbe805223f5c7996b3d0ed0a2744617e9bb8d5f20f2c496683a0
2e4b6885a2bfdcf91633506d8aa7c4e1fe1b3855728facc9e603203d5a7794b1
3f5c7996b3d0ed0a2744617e9bb8d5f20f2c496683a0bddaf714314e6b88a5c2
506d8aa7c4e1fe1b3855728facc9e603203d5a7794b1ceeb0825425f7c99b6d3
617e9bb8d5f20f2c496683a0bddaf714314e6b88a5c2dffc193653708daac7e4
728facc9e603203d5a7794b1ceeb0825425f7c99b6d3f00d2a4764819ebbd8f5
83a0bddaf714314e6b88a5c2dffc193653708daac7e4011e3b587592afcce906
94b1ceeb0825425f7c99b6d3f00d2a4764819ebbd8f5122f4c6986a3c0ddfa17
a5c2dffc193653708daac7e4011e3b587592afcce90623405d7a97b4d1ee0b28
b6d3f00d2a4764819ebbd8f5122f4c6986a3c0ddfa1734516e8ba8c5e2ff1c39
c7e4011e3b587592afcce90623405d7a97b4d1ee0b2845627f9cb9d6f3102d4a
d8f5122f4c6986a3c0ddfa1734516e8ba8c5e2ff1c39567390adcae704213e5b
e90623405d7a97b4d1ee0b2845627f9cb9d6f3102d4a6784a1bedbf815324f6c
fa1734516e8ba8c5e2ff1c39567390adcae704213e5b7895b2cfec092643607d
0b2845627f9cb9d6f3102d4a6784a1bedbf815324f6c89a6c3e0fd1a3754718e
1c39567390adcae704213e5b7895b2cfec092643607d9ab7d4f10e2b4865829f
2d4a6784a1bedbf815324f6c89a6c3e0fd1a3754718eabc8e5021f3c597693b0
3e5b7895b2cfec092643607d9ab7d4f10e2b4865829fbcd9f613304d6a87a4c1
4f6c89a6c3e0fd1a3754718eabc8e5021f3c597693b0cdea0724415e7b98b5d2
607d9ab7d4f10e2b4865829fbcd9f613304d6a87a4c1defb1835526f8ca9c6e3
718eabc8e5021f3c597693b0cdea0724415e7b98b5d2ef0c294663809dbad7f4
829fbcd9f613304d6a87a4c1defb1835526f8ca9c6e3001d3a577491aecbe805
93b0cdea0724415e7b98b5d2ef0c294663809dbad7f4112e4b6885a2bfdcf916
a4c1defb1835526f8ca9c6e3001d3a577491aecbe805223f5c7996b3d0ed0a27
b5d2ef0c294663809dbad7f4112e4b6885a2bfdcf91633506d8aa7c4e1fe1b38
c6e3001d3a577491aecbe805223f5c7996b3d0ed0a2744617e9bb8d5f20f2c49
d7f4112e4b6885a2bfdcf91633506d8aa7c4e1fe1b3855728facc9e603203d5a
e805223f5c7996b3d0ed0a2744617e9bb8d5f20f2c496683a0bddaf714314e6b
f91633506d8aa7c4e1fe1b3855728facc9e603203d5a7794b1ceeb0825425f7c
0a2744617e9bb8d5f20f2c496683a0bddaf714314e6b88a5c2dffc193653708d
1b3855728facc9e603203d5a7794b1ceeb0825425f7c99b6d3f00d2a4764819e
2c496683a0bddaf714314e6b88a5c2dffc193653708daac7e4011e3b587592af
3d5a7794b1ceeb0825425f7c99b6d3f00d2a4764819ebbd8f5122f4c6986a3c0
4e6b88a5c2dffc193653708daac7e4011e3b587592afcce90623405d7a97b4d1
5f7c99b6d3f00d2a4764819ebbd8f5122f4c6986a3c0ddfa1734516e8ba8c5e2
708daac7e4011e3b587592afcce90623405d7a97b4d1ee0b2845627f9cb9d6f3
819ebbd8f5122f4c6986a3c0ddfa1734516e8ba8c5e2ff1c39567390adcae704
92afcce90623405d7a97b4d1ee0b2845627f9cb9d6f3102d4a6784a1bedbf815
a3c0ddfa1734516e8ba8c5e2ff1c39567390adcae704213e5b7895b2cfec0926
b4d1ee0b2845627f9cb9d6f3102d4a6784a1bedbf815324f6c89a6c3e0fd1a37
c5e2ff1c39567390adcae704213e5b7895b2cfec092643607d9ab7d4f10e2b48
d6f3102d4a6784a1bedbf815324f6c89a6c3e0fd1a3754718eabc8e5021f3c59
e704213e5b7895b2cfec092643607d9ab7d4f10e2b4865829fbcd9f613304d6a
f815324f6c89a6c3e0fd1a3754718eabc8e5021f3c597693b0cdea0724415e7b
092643607d9ab7d4f10e2b4865829fbcd9f613304d6a87a4c1defb1835526f8c
1a3754718eabc8e5021f3c597693b0cdea0724415e7b98b5d2ef0c294663809d
2b4865829fbcd9f613304d6a87a4c1defb1835526f8ca9c6e3001d3a577491ae
3c597693b0cdea0724415e7b98b5d2ef0c294663809dbad7f4112e4b6885a2bf
4d6a87a4c1defb1835526f8ca9c6e3001d3a577491aecbe805223f5c7996b3d0
5e7b98b5d2ef0c294663809dbad7f4112e4b6885a2bfdcf91633506d8aa7c4e1
6f8ca9c6e3001d3a577491aecbe805223f5c7996b3d0ed0a2744617e9bb8d5f2
809dbad7f4112e4b6885a2bfdcf91633506d8aa7c4e1fe1b3855728facc9e603
91aecbe805223f5c7996b3d0ed0a2744617e9bb8d5f20f2c496683a0bddaf714
a2bfdcf91633506d8aa7c4e1fe1b3855728facc9e603203d5a7794b1ceeb0825
b3d0ed0a2744617e9bb8d5f20f2c496683a0bddaf714314e6b88a5c2dffc1936
c4e1fe1b3855728facc9e603203d5a7794b1ceeb0825425f7c99b6d3f00d2a47
d5f20f2c496683a0bddaf714314e6b88a5c2dffc193653708daac7e4011e3b58
e603203d5a7794b1ceeb0825425f7c99b6d3f00d2a4764819ebbd8f5122f4c69
f714314e6b88a5c2dffc193653708daac7e4011e3b587592afcce90623405d7a
0825425f7c99b6d3f00d2a4764819ebbd8f5122f4c6986a3c0ddfa1734516e8b
193653708daac7e4011e3b587592afcce90623405d7a97b4d1ee0b2845627f9c
2a4764819ebbd8f5122f4c6986a3c0ddfa1734516e8ba8c5e2ff1c39567390ad
3b587592afcce90623405d7a97b4d1ee0b2845627f9cb9d6f3102d4a6784a1be
4c6986a3c0ddfa1734516e8ba8c5e2ff1c39567390adcae704213e5b7895b2cf
5d7a97b4d1ee0b2845627f9cb9d6f3102d4a6784a1bedbf815324f6c89a6c3e0
6e8ba8c5e2ff1c39567390adcae704213e5b7895b2cfec092643607d9ab7d4f1
7f9cb9d6f3102d4a6784a1bedbf815324f6c89a6c3e0fd1a3754718eabc8e502
90adcae704213e5b7895b2cfec092643607d9ab7d4f10e2b4865829fbcd9f613
a1bedbf815324f6c89a6c3e0fd1a3754718eabc8e5021f3c597693b0cdea0724
b2cfec092643607d9ab7d4f10e2b4865829fbcd9f613304d6a87a4c1defb1835
c3e0fd1a3754718eabc8e5021f3c597693b0cdea0724415e7b98b5d2ef0c2946
d4f10e2b4865829fbcd9f613304d6a87a4c1defb1835526f8ca9c6e3001d3a57
e5021f3c597693b0cdea0724415e7b98b5d2ef0c294663809dbad7f4112e4b68
f613304d6a87a4c1defb1835526f8ca9c6e3001d3a577491aecbe805223f5c79
0724415e7b98b5d2ef0c294663809dbad7f4112e4b6885a2bfdcf91633506d8a
1835526f8ca9c6e3001d3a577491aecbe805223f5c7996b3d0ed0a2744617e9b
294663809dbad7f4112e4b6885a2bfdcf91633506d8aa7c4e1fe1b3855728fac
3a577491aecbe805223f5c7996b3d0ed0a2744617e9bb8d5f20f2c496683a0bd
4b6885a2bfdcf91633506d8aa7c4e1fe1b3855728facc9e603203d5a7794b1ce
5c7996b3d0ed0a2744617e9bb8d5f20f2c496683a0bddaf714314e6b88a5c2df
6d8aa7c4e1fe1b3855728facc9e603203d5a7794b1ceeb0825425f7c99b6d3f0
7e9bb8d5f20f2c496683a0bddaf714314e6b88a5c2dffc193653708daac7e401
8facc9e603203d5a7794b1ceeb0825425f7c99b6d3f00d2a4764819ebbd8f512
a0bddaf714314e6b88a5c2dffc193653708daac7e4011e3b587592afcce90623
b1ceeb0825425f7c99b6d3f00d2a4764819ebbd8f5122f4c6986a3c0ddfa1734
c2dffc193653708daac7e4011e3b587592afcce90623405d7a97b4d1ee0b2845
d3f00d2a4764819ebbd8f5122f4c6986a3c0ddfa1734516e8ba8c5e2ff1c3956
e4011e3b587592afcce90623405d7a97b4d1ee0b2845627f9cb9d6f3102d4a67
f5122f4c6986a3c0ddfa1734516e8ba8c5e2ff1c39567390adcae704213e5b78
0623405d7a97b4d1ee0b2845627f9cb9d6f3102d4a6784a1bedbf815324f6c89
1734516e8ba8c5e2ff1c39567390adcae704213e5b7895b2cfec092643607d9a
2845627f9cb9d6f3102d4a6784a1bedbf815324f6c89a6c3e0fd1a3754718eab
39567390adcae704213e5b7895b2cfec092643607d9ab7d4f10e2b4865829fbc
4a6784a1bedbf815324f6c89a6c3e0fd1a3754718eabc8e5021f3c597693b0cd
5b7895b2cfec092643607d9ab7d4f10e2b4865829fbcd9f613304d6a87a4c1de
6c89a6c3e0fd1a3754718eabc8e5021f3c597693b0cdea0724415e7b98b5d2ef
7d9ab7d4f10e2b4865829fbcd9f613304d6a87a4c1defb1835526f8ca9c6e300
8eabc8e5021f3c597693b0cdea0724415e7b98b5d2ef0c294663809dbad7f411
9fbcd9f613304d6a87a4c1defb1835526f8ca9c6e3001d3a577491aecbe80522
b0cdea0724415e7b98b5d2ef0c294663809dbad7f4112e4b6885a2bfdcf91633
c1defb1835526f8ca9c6e3001d3a577491aecbe805223f5c7996b3d0ed0a2744
d2ef0c294663809dbad7f4112e4b6885a2bfdcf91633506d8aa7c4e1fe1b3855
e3001d3a577491aecbe805223f5c7996b3d0ed0a2744617e9bb8d5f20f2c4966
f4112e4b6885a2bfdcf91633506d8aa7c4e1fe1b3855728facc9e603203d5a77
05223f5c7996b3d0ed0a2744617e9bb8d5f20f2c496683a0bddaf714314e6b88
1633506d8aa7c4e1fe1b3855728facc9e603203d5a7794b1ceeb0825425f7c99
2744617e9bb8d5f20f2c496683a0bddaf714314e6b88a5c2dffc193653708daa
3855728facc9e603203d5a7794b1ceeb0825425f7c99b6d3f00d2a4764819ebb
496683a0bddaf714314e6b88a5c2dffc193653708daac7e4011e3b587592afcc
5a7794b1ceeb0825425f7c99b6d3f00d2a4764819ebbd8f5122f4c6986a3c0dd
6b88a5c2dffc193653708daac7e4011e3b587592afcce90623405d7a97b4d1ee
7c99b6d3f00d2a4764819ebbd8f5122f4c6986a3c0ddfa1734516e8ba8c5e2ff
8daac7e4011e3b587592afcce90623405d7a97b4d1ee0b2845627f9cb9d6f310
9ebbd8f5122f4c6986a3c0ddfa1734516e8ba8c5e2ff1c39567390adcae70421
afcce90623405d7a97b4d1ee0b2845627f9cb9d6f3102d4a6784a1bedbf81532
c0ddfa1734516e8ba8c5e2ff1c39567390adcae704213e5b7895b2cfec092643
d1ee0b2845627f9cb9d6f3102d4a6784a1bedbf815324f6c89a6c3e0fd1a3754
e2ff1c39567390adcae704213e5b7895b2cfec092643607d9ab7d4f10e2b4865
f3102d4a6784a1bedbf815324f6c89a6c3e0fd1a3754718eabc8e5021f3c5976
04213e5b7895b2cfec092643607d9ab7d4f10e2b4865829fbcd9f613304d6a87
15324f6c89a6c3e0fd1a3754718eabc8e5021f3c597693b0cdea0724415e7b98
2643607d9ab7d4f10e2b4865829fbcd9f613304d6a87a4c1defb1835526f8ca9
3754718eabc8e5021f3c597693b0cdea0724415e7b98b5d2ef0c294663809dba
4865829fbcd9f613304d6a87a4c1defb1835526f8ca9c6e3001d3a577491aecb
597693b0cdea0724415e7b98b5d2ef0c294663809dbad7f4112e4b6885a2bfdc
6a87a4c1defb1835526f8ca9c6e3001d3a577491aecbe805223f5c7996b3d0ed
7b98b5d2ef0c294663809dbad7f4112e4b6885a2bfdcf91633506d8aa7c4e1fe
8ca9c6e3001d3a577491aecbe805223f5c7996b3d0ed0a2744617e9bb8d5f20f
9dbad7f4112e4b6885a2bfdcf91633506d8aa7c4e1fe1b3855728facc9e60320
aecbe805223f5c7996b3d0ed0a2744617e9bb8d5f20f2c496683a0bddaf71431
bfdcf91633506d8aa7c4e1fe1b3855728facc9e603203d5a7794b1ceeb082542
d0ed0a2744617e9bb8d5f20f2c496683a0bddaf714314e6b88a5c2dffc193653
e1fe1b3855728facc9e603203d5a7794b1ceeb0825425f7c99b6d3f00d2a4764
f20f2c496683a0bddaf714314e6b88a5c2dffc193653708daac7e4011e3b5875
03203d5a7794b1ceeb0825425f7c99b6d3f00d2a4764819ebbd8f5122f4c6986
14314e6b88a5c2dffc193653708daac7e4011e3b587592afcce90623405d7a97
25425f7c99b6d3f00d2a4764819ebbd8f5122f4c6986a3c0ddfa1734516e8ba8
3653708daac7e4011e3b587592afcce90623405d7a97b4d1ee0b2845627f9cb9
4764819ebbd8f5122f4c6986a3c0ddfa1734516e8ba8c5e2ff1c39567390adca
587592afcce90623405d7a97b4d1ee0b2845627f9cb9d6f3102d4a6784a1bedb
6986a3c0ddfa1734516e8ba8c5e2ff1c39567390adcae704213e5b7895b2cfec
7a97b4d1ee0b2845627f9cb9d6f3102d4a6784a1bedbf815324f6c89a6c3e0fd
8ba8c5e2ff1c39567390adcae704213e5b7895b2cfec092643607d9ab7d4f10e
9cb9d6f3102d4a6784a1bedbf815324f6c89a6c3e0fd1a3754718eabc8e5021f
adcae704213e5b7895b2cfec092643607d9ab7d4f10e2b4865829fbcd9f61330
bedbf815324f6c89a6c3e0fd1a3754718eabc8e5021f3c597693b0cdea072441
cfec092643607d9ab7d4f10e2b4865829fbcd9f613304d6a87a4c1defb183552
e0fd1a3754718eabc8e5021f3c597693b0cdea0724415e7b98b5d2ef0c294663
f10e2b4865829fbcd9f613304d6a87a4c1defb1835526f8ca9c6e3001d3a5774
021f3c597693b0cdea0724415e7b98b5d2ef0c294663809dbad7f4112e4b6885
13304d6a87a4c1defb1835526f8ca9c6e3001d3a577491aecbe805223f5c7996
24415e7b98b5d2ef0c294663809dbad7f4112e4b6885a2bfdcf91633506d8aa7
35526f8ca9c6e3001d3a577491aecbe805223f5c7996b3d0ed0a2744617e9bb8
4663809dbad7f4112e4b6885a2bfdcf91633506d8aa7c4e1fe1b3855728facc9
577491aecbe805223f5c7996b3d0ed0a2744617e9bb8d5f20f2c496683a0bdda
6885a2bfdcf91633506d8aa7c4e1fe1b3855728facc9e603203d5a7794b1ceeb
7996b3d0ed0a2744617e9bb8d5f20f2c496683a0bddaf714314e6b88a5c2dffc
8aa7c4e1fe1b3855728facc9e603203d5a7794b1ceeb0825425f7c99b6d3f00d
9bb8d5f20f2c496683a0bddaf714314e6b88a5c2dffc193653708daac7e4011e
acc9e603203d5a7794b1ceeb0825425f7c99b6d3f00d2a4764819ebbd8f5122f
bddaf714314e6b88a5c2dffc193653708daac7e4011e3b587592afcce9062340
ceeb0825425f7c99b6d3f00d2a4764819ebbd8f5122f4c6986a3c0ddfa173451
dffc193653708daac7e4011e3b587592afcce90623405d7a97b4d1ee0b284562
f00d2a4764819ebbd8f5122f4c6986a3c0ddfa1734516e8ba8c5e2ff1c395673
011e3b587592afcce90623405d7a97b4d1ee0b2845627f9cb9d6f3102d4a6784
122f4c6986a3c0ddfa1734516e8ba8c5e2ff1c39567390adcae704213e5b7895
23405d7a97b4d1ee0b2845627f9cb9d6f3102d4a6784a1bedbf815324f6c89a6
34516e8ba8c5e2ff1c39567390adcae704213e5b7895b2cfec092643607d9ab7
45627f9cb9d6f3102d4a6784a1bedbf815324f6c89a6c3e0fd1a3754718eabc8
567390adcae704213e5b7895b2cfec092643607d9ab7d4f10e2b4865829fbcd9
6784a1bedbf815324f6c89a6c3e0fd1a3754718eabc8e5021f3c597693b0cdea
7895b2cfec092643607d9ab7d4f10e2b4865829fbcd9f613304d6a87a4c1defb
89a6c3e0fd1a3754718eabc8e5021f3c597693b0cdea0724415e7b98b5d2ef0c
9ab7d4f10e2b4865829fbcd9f613304d6a87a4c1defb1835526f8ca9c6e3001d
abc8e5021f3c597693b0cdea0724415e7b98b5d2ef0c294663809dbad7f4112e
bcd9f613304d6a87a4c1defb1835526f8ca9c6e3001d3a577491aecbe805223f
cdea0724415e7b98b5d2ef0c294663809dbad7f4112e4b6885a2bfdcf9163350
defb1835526f8ca9c6e3001d3a577491aecbe805223f5c7996b3d0ed0a274461
ef0c294663809dbad7f4112e4b6885a2bfdcf91633506d8aa7c4e1fe1b385572
001d3a577491aecbe805223f5c7996b3d0ed0a2744617e9bb8d5f20f2c496683
112e4b6885a2bfdcf91633506d8aa7c4e1fe1b3855728facc9e603203d5a7794
223f5c7996b3d0ed0a2744617e9bb8d5f20f2c496683a0bddaf714314e6b88a5
33506d8aa7c4e1fe1b3855728facc9e603203d5a7794b1ceeb0825425f7c99b6
44617e9bb8d5f20f2c496683a0bddaf714314e6b88a5c2dffc193653708daac7
55728facc9e603203d5a7794b1ceeb0825425f7c99b6d3f00d2a4764819ebbd8
6683a0bddaf714314e6b88a5c2dffc193653708daac7e4011e3b587592afcce9
7794b1ceeb0825425f7c99b6d3f00d2a4764819ebbd8f5122f4c6986a3c0ddfa
88a5c2dffc193653708daac7e4011e3b587592afcce90623405d7a97b4d1ee0b
99b6d3f00d2a4764819ebbd8f5122f4c6986a3c0ddfa1734516e8ba8c5e2ff1c
aac7e4011e3b587592afcce90623405d7a97b4d1ee0b2845627f9cb9d6f3102d
bbd8f5122f4c6986a3c0ddfa1734516e8ba8c5e2ff1c39567390adcae704213e
cce90623405d7a97b4d1ee0b2845627f9cb9d6f3102d4a6784a1bedbf815324f
ddfa1734516e8ba8c5e2ff1c39567390adcae704213e5b7895b2cfec09264360
ee0b2845627f9cb9d6f3102d4a6784a1bedbf815324f6c89a6c3e0fd1a375471
ff1c39567390adcae704213e5b7895b2cfec092643607d9ab7d4f10e2b486582
102d4a6784a1bedbf815324f6c89a6c3e0fd1a3754718eabc8e5021f3c597693
213e5b7895b2cfec092643607d9ab7d4f10e2b4865829fbcd9f613304d6a87a4
324f6c89a6c3e0fd1a3754718eabc8e5021f3c597693b0cdea0724415e7b98b5
43607d9ab7d4f10e2b4865829fbcd9f613304d6a87a4c1defb1835526f8ca9c6
54718eabc8e5021f3c597693b0cdea0724415e7b98b5d2ef0c294663809dbad7
65829fbcd9f613304d6a87a4c1defb1835526f8ca9c6e3001d3a577491aecbe8
7693b0cdea0724415e7b98b5d2ef0c294663809dbad7f4112e4b6885a2bfdcf9
87a4c1defb1835526f8ca9c6e3001d3a577491aecbe805223f5c7996b3d0ed0a
98b5d2ef0c294663809dbad7f4112e4b6885a2bfdcf91633506d8aa7c4e1fe1b
a9c6e3001d3a577491aecbe805223f5c7996b3d0ed0a2744617e9bb8d5f20f2c
bad7f4112e4b6885a2bfdcf91633506d8aa7c4e1fe1b3855728facc9e603203d
cbe805223f5c7996b3d0ed0a2744617e9bb8d5f20f2c496683a0bddaf714314e
dcf91633506d8aa7c4e1fe1b3855728facc9e603203d5a7794b1ceeb0825425f
ed0a2744617e9bb8d5f20f2c496683a0bddaf714314e6b88a5c2dffc19365370
fe1b3855728facc9e603203d5a7794b1ceeb0825425f7c99b6d3f00d2a476481
0f2c496683a0bddaf714314e6b88a5c2dffc193653708daac7e4011e3b587592
203d5a7794b1ceeb0825425f7c99b6d3f00d2a4764819ebbd8f5122f4c6986a3
314e6b88a5c2dffc193653708daac7e4011e3b587592afcce90623405d7a97b4
425f7c99b6d3f00d2a4764819ebbd8f5122f4c6986a3c0ddfa1734516e8ba8c5
53708daac7e4011e3b587592afcce90623405d7a97b4d1ee0b2845627f9cb9d6
64819ebbd8f5122f4c6986a3c0ddfa1734516e8ba8c5e2ff1c39567390adcae7
7592afcce90623405d7a97b4d1ee0b2845627f9cb9d6f3102d4a6784a1bedbf8
86a3c0ddfa1734516e8ba8c5e2ff1c39567390adcae704213e5b7895b2cfec09
97b4d1ee0b2845627f9cb9d6f3102d4a6784a1bedbf815324f6c89a6c3e0fd1a
a8c5e2ff1c39567390adcae704213e5b7895b2cfec092643607d9ab7d4f10e2b
b9d6f3102d4a6784a1bedbf815324f6c89a6c3e0fd1a3754718eabc8e5021f3c
cae704213e5b7895b2cfec092643607d9ab7d4f10e2b4865829fbcd9f613304d
dbf815324f6c89a6c3e0fd1a3754718eabc8e5021f3c597693b0cdea0724415e
ec092643607d9ab7d4f10e2b4865829fbcd9f613304d6a87a4c1defb1835526f
fd1a3754718eabc8e5021f3c597693b0cdea0724415e7b98b5d2ef0c29466380
0e2b4865829fbcd9f613304d6a87a4c1defb1835526f8ca9c6e3001d3a577491
1f3c597693b0cdea0724415e7b98b5d2ef0c294663809dbad7f4112e4b6885a2
304d6a87a4c1defb1835526f8ca9c6e3001d3a577491aecbe805223f5c7996b3
415e7b98b5d2ef0c294663809dbad7f4112e4b6885a2bfdcf91633506d8aa7c4
526f8ca9c6e3001d3a577491aecbe805223f5c7996b3d0ed0a2744617e9bb8d5
63809dbad7f4112e4b6885a2bfdcf91633506d8aa7c4e1fe1b3855728facc9e6
7491aecbe805223f5c7996b3d0ed0a2744617e9bb8d5f20f2c496683a0bddaf7
85a2bfdcf91633506d8aa7c4e1fe1b3855728facc9e603203d5a7794b1ceeb08
96b3d0ed0a2744617e9bb8d5f20f2c496683a0bddaf714314e6b88a5c2dffc19
a7c4e1fe1b3855728facc9e603203d5a7794b1ceeb0825425f7c99b6d3f00d2a
b8d5f20f2c496683a0bddaf714314e6b88a5c2dffc193653708daac7e4011e3b
c9e603203d5a7794b1ceeb0825425f7c99b6d3f00d2a4764819ebbd8f5122f4c
daf714314e6b88a5c2dffc193653708daac7e4011e3b587592afcce90623405d
eb0825425f7c99b6d3f00d2a4764819ebbd8f5122f4c6986a3c0ddfa1734516e
fc193653708daac7e4011e3b587592afcce90623405d7a97b4d1ee0b2845627f
0d2a4764819ebbd8f5122f4c6986a3c0ddfa1734516e8ba8c5e2ff1c39567390
1e3b587592afcce90623405d7a97b4d1ee0b2845627f9cb9d6f3102d4a6784a1
2f4c6986a3c0ddfa1734516e8ba8c5e2ff1c39567390adcae704213e5b7895b2
405d7a97b4d1ee0b2845627f9cb9d6f3102d4a6784a1bedbf815324f6c89a6c3
516e8ba8c5e2ff1c39567390adcae704213e5b7895b2cfec092643607d9ab7d4
627f9cb9d6f3102d4a6784a1bedbf815324f6c89a6c3e0fd1a3754718eabc8e5
7390adcae704213e5b7895b2cfec092643607d9ab7d4f10e2b4865829fbcd9f6
84a1bedbf815324f6c89a6c3e0fd1a3754718eabc8e5021f3c597693b0cdea07
95b2cfec092643607d9ab7d4f10e2b4865829fbcd9f613304d6a87a4c1defb18
a6c3e0fd1a3754718eabc8e5021f3c597693b0cdea0724415e7b98b5d2ef0c29
b7d4f10e2b4865829fbcd9f613304d6a87a4c1defb1835526f8ca9c6e3001d3a
c8e5021f3c597693b0cdea0724415e7b98b5d2ef0c294663809dbad7f4112e4b
d9f613304d6a87a4c1defb1835526f8ca9c6e3001d3a577491aecbe805223f5c
ea0724415e7b98b5d2ef0c294663809dbad7f4112e4b6885a2bfdcf91633506d
fb1835526f8ca9c6e3001d3a577491aecbe805223f5c7996b3d0ed0a2744617e
0c294663809dbad7f4112e4b6885a2bfdcf91633506d8aa7c4e1fe1b3855728f
1d3a577491aecbe805223f5c7996b3d0ed0a2744617e9bb8d5f20f2c496683a0
2e4b6885a2bfdcf91633506d8aa7c4e1fe1b3855728facc9e603203d5a7794b1
3f5c7996b3d0ed0a2744617e9bb8d5f20f2c496683a0bddaf714314e6b88a5c2
506d8aa7c4e1fe1b3855728facc9e603203d5a7794b1ceeb0825425f7c99b6d3
617e9bb8d5f20f2c496683a0bddaf714314e6b88a5c2dffc193653708daac7e4
728facc9e603203d5a7794b1ceeb0825425f7c99b6d3f00d2a4764819ebbd8f5
83a0bddaf714314e6b88a5c2dffc193653708daac7e4011e3b587592afcce906
94b1ceeb0825425f7c99b6d3f00d2a4764819ebbd8f5122f4c6986a3c0ddfa17
a5c2dffc193653708daac7e4011e3b587592afcce90623405d7a97b4d1ee0b28
b6d3f00d2a4764819ebbd8f5122f4c6986a3c0ddfa1734516e8ba8c5e2ff1c39
c7e4011e3b587592afcce90623405d7a97b4d1ee0b2845627f9cb9d6f3102d4a
d8f5122f4c6986a3c0ddfa1734516e8ba8c5e2ff1c39567390adcae704213e5b
e90623405d7a97b4d1ee0b2845627f9cb9d6f3102d4a6784a1bedbf815324f6c
fa1734516e8ba8c5e2ff1c39567390adcae704213e5b7895b2cfec092643607d
0b2845627f9cb9d6f3102d4a6784a1bedbf815324f6c89a6c3e0fd1a3754718e
1c39567390adcae704213e5b7895b2cfec092643607d9ab7d4f10e2b4865829f
2d4a6784a1bedbf815324f6c89a6c3e0fd1a3754718eabc8e5021f3c597693b0
3e5b7895b2cfec092643607d9ab7d4f10e2b4865829fbcd9f613304d6a87a4c1
4f6c89a6c3e0fd1a3754718eabc8e5021f3c597693b0cdea0724415e7b98b5d2
607d9ab7d4f10e2b4865829fbcd9f613304d6a87a4c1defb1835526f8ca9c6e3
718eabc8e5021f3c597693b0cdea0724415e7b98b5d2ef0c294663809dbad7f4
829fbcd9f613304d6a87a4c1defb1835526f8ca9c6e3001d3a577491aecbe805
93b0cdea0724415e7b98b5d2ef0c294663809dbad7f4112e4b6885a2bfdcf916
a4c1defb1835526f8ca9c6e3001d3a577491aecbe805223f5c7996b3d0ed0a27
b5d2ef0c294663809dbad7f4112e4b6885a2bfdcf91633506d8aa7c4e1fe1b38
c6e3001d3a577491aecbe805223f5c7996b3d0ed0a2744617e9bb8d5f20f2c49
d7f4112e4b6885a2bfdcf91633506d8aa7c4e1fe1b3855728facc9e603203d5a
e805223f5c7996b3d0ed0a2744617e9bb8d5f20f2c496683a0bddaf714314e6b
f91633506d8aa7c4e1fe1b3855728facc9e603203d5a7794b1ceeb0825425f7c
0a2744617e9bb8d5f20f2c496683a0bddaf714314e6b88a5c2dffc193653708d
1b3855728facc9e603203d5a7794b1ceeb0825425f7c99b6d3f00d2a4764819e
2c496683a0bddaf714314e6b88a5c2dffc193653708daac7e4011e3b587592af
3d5a7794b1ceeb0825425f7c99b6d3f00d2a4764819ebbd8f5122f4c6986a3c0
4e6b88a5c2dffc193653708daac7e4011e3b587592afcce90623405d7a97b4d1
5f7c99b6d3f00d2a4764819ebbd8f5122f4c6986a3c0ddfa1734516e8ba8c5e2
708daac7e4011e3b587592afcce90623405d7a97b4d1ee0b2845627f9cb9d6f3
819ebbd8f5122f4c6986a3c0ddfa1734516e8ba8c5e2ff1c39567390adcae704
92afcce90623405d7a97b4d1ee0b2845627f9cb9d6f3102d4a6784a1bedbf815
a3c0ddfa1734516e8ba8c5e2ff1c39567390adcae704213e5b7895b2cfec0926
b4d1ee0b2845627f9cb9d6f3102d4a6784a1bedbf815324f6c89a6c3e0fd1a37
c5e2ff1c39567390adcae704213e5b7895b2cfec092643607d9ab7d4f10e2b48
d6f3102d4a6784a1bedbf815324f6c89a6c3e0fd1a3754718eabc8e5021f3c59
e704213e5b7895b2cfec092643607d9ab7d4f10e2b4865829fbcd9f613304d6a
f815324f6c89a6c3e0fd1a3754718eabc8e5021f3c597693b0cdea0724415e7b
092643607d9ab7d4f10e2b4865829fbcd9f613304d6a87a4c1defb1835526f8c
1a3754718eabc8e5021f3c597693b0cdea0724415e7b98b5d2ef0c294663809d
2b4865829fbcd9f613304d6a87a4c1defb1835526f8ca9c6e3001d3a577491ae
3c597693b0cdea0724415e7b98b5d2ef0c294663809dbad7f4112e4b6885a2bf
4d6a87a4c1defb1835526f8ca9c6e3001d3a577491aecbe805223f5c7996b3d0
5e7b98b5d2ef0c294663809dbad7f4112e4b6885a2bfdcf91633506d8aa7c4e1
6f8ca9c6e3001d3a577491aecbe805223f5c7996b3d0ed0a2744617e9bb8d5f2
809dbad7f4112e4b6885a2bfdcf91633506d8aa7c4e1fe1b3855728facc9e603
91aecbe805223f5c7996b3d0ed0a2744617e9bb8d5f20f2c496683a0bddaf714
a2bfdcf91633506d8aa7c4e1fe1b3855728facc9e603203d5a7794b1ceeb0825
b3d0ed0a2744617e9bb8d5f20f2c496683a0bddaf714314e6b88a5c2dffc1936
c4e1fe1b3855728facc9e603203d5a7794b1ceeb0825425f7c99b6d3f00d2a47
d5f20f2c496683a0bddaf714314e6b88a5c2dffc193653708daac7e4011e3b58
e603203d5a7794b1ceeb0825425f7c99b6d3f00d2a4764819ebbd8f5122f4c69
f714314e6b88a5c2dffc193653708daac7e4011e3b587592afcce90623405d7a
0825425f7c99b6d3f00d2a4764819ebbd8f5122f4c6986a3c0ddfa1734516e8b
193653708daac7e4011e3b587592afcce90623405d7a97b4d1ee0b2845627f9c
2a4764819ebbd8f5122f4c6986a3c0ddfa1734516e8ba8c5e2ff1c39567390ad
3b587592afcce90623405d7a97b4d1ee0b2845627f9cb9d6f3102d4a6784a1be
4c6986a3c0ddfa1734516e8ba8c5e2ff1c39567390adcae704213e5b7895b2cf
5d7a97b4d1ee0b2845627f9cb9d6f3102d4a6784a1bedbf815324f6c89a6c3e0
6e8ba8c5e2ff1c39567390adcae704213e5b7895b2cfec092643607d9ab7d4f1
7f9cb9d6f3102d4a6784a1bedbf815324f6c89a6c3e0fd1a3754718eabc8e502
90adcae704213e5b7895b2cfec092643607d9ab7d4f10e2b4865829fbcd9f613
a1bedbf815324f6c89a6c3e0fd1a3754718eabc8e5021f3c597693b0cdea0724
b2cfec092643607d9ab7d4f10e2b4865829fbcd9f613304d6a87a4c1defb1835
c3e0fd1a3754718eabc8e5021f3c597693b0cdea0724415e7b98b5d2ef0c2946
d4f10e2b4865829fbcd9f613304d6a87a4c1defb1835526f8ca9c6e3001d3a57
e5021f3c597693b0cdea0724415e7b98b5d2ef0c294663809dbad7f4112e4b68
f613304d6a87a4c1defb1835526f8ca9c6e3001d3a577491aecbe805223f5c79
0724415e7b98b5d2ef0c294663809dbad7f4112e4b6885a2bfdcf91633506d8a
1835526f8ca9c6e3001d3a577491aecbe805223f5c7996b3d0ed0a2744617e9b
294663809dbad7f4112e4b6885a2bfdcf91633506d8aa7c4e1fe1b3855728fac
3a577491aecbe805223f5c7996b3d0ed0a2744617e9bb8d5f20f2c496683a0bd
4b6885a2bfdcf91633506d8aa7c4e1fe1b3855728facc9e603203d5a7794b1ce
5c7996b3d0ed0a2744617e9bb8d5f20f2c496683a0bddaf714314e6b88a5c2df
6d8aa7c4e1fe1b3855728facc9e603203d5a7794b1ceeb0825425f7c99b6d3f0
7e9bb8d5f20f2c496683a0bddaf714314e6b88a5c2dffc193653708daac7e401
8facc9e603203d5a7794b1ceeb0825425f7c99b6d3f00d2a4764819ebbd8f512
a0bddaf714314e6b88a5c2dffc193653708daac7e4011e3b587592afcce90623
b1ceeb0825425f7c99b6d3f00d2a4764819ebbd8f5122f4c6986a3c0ddfa1734
c2dffc193653708daac7e4011e3b587592afcce90623405d7a97b4d1ee0b2845
d3f00d2a4764819ebbd8f5122f4c6986a3c0ddfa1734516e8ba8c5e2ff1c3956
e4011e3b587592afcce90623405d7a97b4d1ee0b2845627f9cb9d6f3102d4a67
f5122f4c6986a3c0ddfa1734516e8ba8c5e2ff1c39567390adcae704213e5b78
0623405d7a97b4d1ee0b2845627f9cb9d6f3102d4a6784a1bedbf815324f6c89
1734516e8ba8c5e2ff1c39567390adcae704213e5b7895b2cfec092643607d9a
2845627f9cb9d6f3102d4a6784a1bedbf815324f6c89a6c3e0fd1a3754718eab
39567390adcae704213e5b7895b2cfec092643607d9ab7d4f10e2b4865829fbc
4a6784a1bedbf815324f6c89a6c3e0fd1a3754718eabc8e5021f3c597693b0cd
5b7895b2cfec092643607d9ab7d4f10e2b4865829fbcd9f613304d6a87a4c1de
6c89a6c3e0fd1a3754718eabc8e5021f3c597693b0cdea0724415e7b98b5d2ef
7d9ab7d4f10e2b4865829fbcd9f613304d6a87a4c1defb1835526f8ca9c6e300
8eabc8e5021f3c597693b0cdea0724415e7b98b5d2ef0c294663809dbad7f411
9fbcd9f613304d6a87a4c1defb1835526f8ca9c6e3001d3a577491aecbe80522
b0cdea0724415e7b98b5d2ef0c294663809dbad7f4112e4b6885a2bfdcf91633
c1defb1835526f8ca9c6e3001d3a577491aecbe805223f5c7996b3d0ed0a2744
d2ef0c294663809dbad7f4112e4b6885a2bfdcf91633506d8aa7c4e1fe1b3855
e3001d3a577491aecbe805223f5c7996b3d0ed0a2744617e9bb8d5f20f2c4966
f4112e4b6885a2bfdcf91633506d8aa7c4e1fe1b3855728facc9e603203d5a77
05223f5c7996b3d0ed0a2744617e9bb8d5f20f2c496683a0bddaf714314e6b88
1633506d8aa7c4e1fe1b3855728facc9e603203d5a7794b1ceeb0825425f7c99
2744617e9bb8d5f20f2c496683a0bddaf714314e6b88a5c2dffc193653708daa
3855728facc9e603203d5a7794b1ceeb0825425f7c99b6d3f00d2a4764819ebb
496683a0bddaf714314e6b88a5c2dffc193653708daac7e4011e3b587592afcc
5a7794b1ceeb0825425f7c99b6d3f00d2a4764819ebbd8f5122f4c6986a3c0dd
6b88a5c2dffc193653708daac7e4011e3b587592afcce90623405d7a97b4d1ee
7c99b6d3f00d2a4764819ebbd8f5122f4c6986a3c0ddfa1734516e8ba8c5e2ff
8daac7e4011e3b587592afcce90623405d7a97b4d1ee0b2845627f9cb9d6f310
9ebbd8f5122f4c6986a3c0ddfa1734516e8ba8c5e2ff1c39567390adcae70421
afcce90623405d7a97b4d1ee0b2845627f9cb9d6f3102d4a6784a1bedbf81532
c0ddfa1734516e8ba8c5e2ff1c39567390adcae704213e5b7895b2cfec092643
d1ee0b2845627f9cb9d6f3102d4a6784a1bedbf815324f6c89a6c3e0fd1a3754
e2ff1c39567390adcae704213e5b7895b2cfec092643607d9ab7d4f10e2b4865
f3102d4a6784a1bedbf815324f6c89a6c3e0fd1a3754718eabc8e5021f3c5976
04213e5b7895b2cfec092643607d9ab7d4f10e2b4865829fbcd9f613304d6a87
15324f6c89a6c3e0fd1a3754718eabc8e5021f3c597693b0cdea0724415e7b98
2643607d9ab7d4f10e2b4865829fbcd9f613304d6a87a4c1defb1835526f8ca9
3754718eabc8e5021f3c597693b0cdea0724415e7b98b5d2ef0c294663809dba
4865829fbcd9f613304d6a87a4c1defb1835526f8ca9c6e3001d3a577491aecb
597693b0cdea0724415e7b98b5d2ef0c294663809dbad7f4112e4b6885a2bfdc
6a87a4c1defb1835526f8ca9c6e3001d3a577491aecbe805223f5c7996b3d0ed
7b98b5d2ef0c294663809dbad7f4112e4b6885a2bfdcf91633506d8aa7c4e1fe
8ca9c6e3001d3a577491aecbe805223f5c7996b3d0ed0a2744617e9bb8d5f20f
9dbad7f4112e4b6885a2bfdcf91633506d8aa7c4e1fe1b3855728facc9e60320
aecbe805223f5c7996b3d0ed0a2744617e9bb8d5f20f2c496683a0bddaf71431
bfdcf91633506d8aa7c4e1fe1b3855728facc9e603203d5a7794b1ceeb082542
d0ed0a2744617e9bb8d5f20f2c496683a0bddaf714314e6b88a5c2dffc193653
e1fe1b3855728facc9e603203d5a7794b1ceeb0825425f7c99b6d3f00d2a4764
f20f2c496683a0bddaf714314e6b88a5c2dffc193653708daac7e4011e3b5875
03203d5a7794b1ceeb0825425f7c99b6d3f00d2a4764819ebbd8f5122f4c6986
14314e6b88a5c2dffc193653708daac7e4011e3b587592afcce90623405d7a97
25425f7c99b6d3f00d2a4764819ebbd8f5122f4c6986a3c0ddfa1734516e8ba8
3653708daac7e4011e3b587592afcce90623405d7a97b4d1ee0b2845627f9cb9
4764819ebbd8f5122f4c6986a3c0ddfa1734516e8ba8c5e2ff1c39567390adca
587592afcce90623405d7a97b4d1ee0b2845627f9cb9d6f3102d4a6784a1bedb
6986a3c0ddfa1734516e8ba8c5e2ff1c39567390adcae704213e5b7895b2cfec
7a97b4d1ee0b2845627f9cb9d6f3102d4a6784a1bedbf815324f6c89a6c3e0fd
8ba8c5e2ff1c39567390adcae704213e5b7895b2cfec092643607d9ab7d4f10e
9cb9d6f3102d4a6784a1bedbf815324f6c89a6c3e0fd1a3754718eabc8e5021f
adcae704213e5b7895b2cfec092643607d9ab7d4f10e2b4865829fbcd9f61330
bedbf815324f6c89a6c3e0fd1a3754718eabc8e5021f3c597693b0cdea072441
cfec092643607d9ab7d4f10e2b4865829fbcd9f613304d6a87a4c1defb183552
e0fd1a3754718eabc8e5021f3c597693b0cdea0724415e7b98b5d2ef0c294663
f10e2b4865829fbcd9f613304d6a87a4c1defb1835526f8ca9c6e3001d3a5774
021f3c597693b0cdea0724415e7b98b5d2ef0c294663809dbad7f4112e4b6885
13304d6a87a4c1defb1835526f8ca9c6e3001d3a577491aecbe805223f5c7996
24415e7b98b5d2ef0c294663809dbad7f4112e4b6885a2bfdcf91633506d8aa7
35526f8ca9c6e3001d3a577491aecbe805223f5c7996b3d0ed0a2744617e9bb8
4663809dbad7f4112e4b6885a2bfdcf91633506d8aa7c4e1fe1b3855728facc9
577491aecbe805223f5c7996b3d0ed0a2744617e9bb8d5f20f2c496683a0bdda
6885a2bfdcf91633506d8aa7c4e1fe1b3855728facc9e603203d5a7794b1ceeb
7996b3d0ed0a2744617e9bb8d5f20f2c496683a0bddaf714314e6b88a5c2dffc
8aa7c4e1fe1b3855728facc9e603203d5a7794b1ceeb0825425f7c99b6d3f00d
9bb8d5f20f2c496683a0bddaf714314e6b88a5c2dffc193653708daac7e4011e
acc9e603203d5a7794b1ceeb0825425f7c99b6d3f00d2a4764819ebbd8f5122f
bddaf714314e6b88a5c2dffc193653708daac7e4011e3b587592afcce9062340
ceeb0825425f7c99b6d3f00d2a4764819ebbd8f5122f4c6986a3c0ddfa173451
dffc193653708daac7e4011e3b587592afcce90623405d7a97b4d1ee0b284562
f00d2a4764819ebbd8f5122f4c6986a3c0ddfa1734516e8ba8c5e2ff1c395673
011e3b587592afcce90623405d7a97b4d1ee0b2845627f9cb9d6f3102d4a6784
122f4c6986a3c0ddfa1734516e8ba8c5e2ff1c39567390adcae704213e5b7895
23405d7a97b4d1ee0b2845627f9cb9d6f3102d4a6784a1bedbf815324f6c89a6
34516e8ba8c5e2ff1c39567390adcae704213e5b7895b2cfec092643607d9ab7
45627f9cb9d6f3102d4a6784a1bedbf815324f6c89a6c3e0fd1a3754718eabc8
567390adcae704213e5b7895b2cfec092643607d9ab7d4f10e2b4865829fbcd9
6784a1bedbf815324f6c89a6c3e0fd1a3754718eabc8e5021f3c597693b0cdea
7895b2cfec092643607d9ab7d4f10e2b4865829fbcd9f613304d6a87a4c1defb
89a6c3e0fd1a3754718eabc8e5021f3c597693b0cdea0724415e7b98b5d2ef0c
9ab7d4f10e2b4865829fbcd9f613304d6a87a4c1defb1835526f8ca9c6e3001d
abc8e5021f3c597693b0cdea0724415e7b98b5d2ef0c294663809dbad7f4112e
bcd9f613304d6a87a4c1defb1835526f8ca9c6e3001d3a577491aecbe805223f
cdea0724415e7b98b5d2ef0c294663809dbad7f4112e4b6885a2bfdcf9163350
defb1835526f8ca9c6e3001d3a577491aecbe805223f5c7996b3d0ed0a274461
ef0c294663809dbad7f4112e4b6885a2bfdcf91633506d8aa7c4e1fe1b385572
001d3a577491aecbe805223f5c7996b3d0ed0a2744617e9bb8d5f20f2c496683
112e4b6885a2bfdcf91633506d8aa7c4e1fe1b3855728facc9e603203d5a7794
223f5c7996b3d0ed0a2744617e9bb8d5f20f2c496683a0bddaf714314e6b88a5
33506d8aa7c4e1fe1b3855728facc9e603203d5a7794b1ceeb0825425f7c99b6
44617e9bb8d5f20f2c496683a0bddaf714314e6b88a5c2dffc193653708daac7
55728facc9e603203d5a7794b1ceeb0825425f7c99b6d3f00d2a4764819ebbd8
6683a0bddaf714314e6b88a5c2dffc193653708daac7e4011e3b587592afcce9
7794b1ceeb0825425f7c99b6d3f00d2a4764819ebbd8f5122f4c6986a3c0ddfa
88a5c2dffc193653708daac7e4011e3b587592afcce90623405d7a97b4d1ee0b
99b6d3f00d2a4764819ebbd8f5122f4c6986a3c0ddfa1734516e8ba8c5e2ff1c
aac7e4011e3b587592afcce90623405d7a97b4d1ee0b2845627f9cb9d6f3102d
bbd8f5122f4c6986a3c0ddfa1734516e8ba8c5e2ff1c39567390adcae704213e
cce90623405d7a97b4d1ee0b2845627f9cb9d6f3102d4a6784a1bedbf815324f
ddfa1734516e8ba8c5e2ff1c39567390adcae704213e5b7895b2cfec09264360
ee0b2845627f9cb9d6f3102d4a6784a1bedbf815324f6c89a6c3e0fd1a375471
ff1c39567390adcae704213e5b7895b2cfec092643607d9ab7d4f10e2b486582
102d4a6784a1bedbf815324f6c89a6c3e0fd1a3754718eabc8e5021f3c597693
213e5b7895b2cfec092643607d9ab7d4f10e2b4865829fbcd9f613304d6a87a4
324f6c89a6c3e0fd1a3754718eabc8e5021f3c597693b0cdea0724415e7b98b5
43607d9ab7d4f10e2b4865829fbcd9f613304d6a87a4c1defb1835526f8ca9c6
54718eabc8e5021f3c597693b0cdea0724415e7b98b5d2ef0c294663809dbad7
65829fbcd9f613304d6a87a4c1defb1835526f8ca9c6e3001d3a577491aecbe8
7693b0cdea0724415e7b98b5d2ef0c294663809dbad7f4112e4b6885a2bfdcf9
87a4c1defb1835526f8ca9c6e3001d3a577491aecbe805223f5c7996b3d0ed0a
98b5d2ef0c294663809dbad7f4112e4b6885a2bfdcf91633506d8aa7c4e1fe1b
a9c6e3001d3a577491aecbe805223f5c7996b3d0ed0a2744617e9bb8d5f20f2c
bad7f4112e4b6885a2bfdcf91633506d8aa7c4e1fe1b3855728facc9e603203d
cbe805223f5c7996b3d0ed0a2744617e9bb8d5f20f2c496683a0bddaf714314e
dcf91633506d8aa7c4e1fe1b3855728facc9e603203d5a7794b1ceeb0825425f
ed0a2744617e9bb8d5f20f2c496683a0bddaf714314e6b88a5c2dffc19365370
fe1b3855728facc9e603203d5a7794b1ceeb0825425f7c99b6d3f00d2a476481
0f2c496683a0bddaf714314e6b88a5c2dffc193653708daac7e4011e3b587592
203d5a7794b1ceeb0825425f7c99b6d3f00d2a4764819ebbd8f5122f4c6986a3
314e6b88a5c2dffc193653708daac7e4011e3b587592afcce90623405d7a97b4
425f7c99b6d3f00d2a4764819ebbd8f5122f4c6986a3c0ddfa1734516e8ba8c5
53708daac7e4011e3b587592afcce90623405d7a97b4d1ee0b2845627f9cb9d6
64819ebbd8f5122f4c6986a3c0ddfa1734516e8ba8c5e2ff1c39567390adcae7
7592afcce90623405d7a97b4d1ee0b2845627f9cb9d6f3102d4a6784a1bedbf8
86a3c0ddfa1734516e8ba8c5e2ff1c39567390adcae704213e5b7895b2cfec09
97b4d1ee0b2845627f9cb9d6f3102d4a6784a1bedbf815324f6c89a6c3e0fd1a
a8c5e2ff1c39567390adcae704213e5b7895b2cfec092643607d9ab7d4f10e2b
b9d6f3102d4a6784a1bedbf815324f6c89a6c3e0fd1a3754718eabc8e5021f3c
cae704213e5b7895b2cfec092643607d9ab7d4f10e2b4865829fbcd9f613304d
dbf815324f6c89a6c3e0fd1a3754718eabc8e5021f3c597693b0cdea0724415e
ec092643607d9ab7d4f10e2b4865829fbcd9f613304d6a87a4c1defb1835526f
fd1a3754718eabc8e5021f3c597693b0cdea0724415e7b98b5d2ef0c29466380
0e2b4865829fbcd9f613304d6a87a4c1defb1835526f8ca9c6e3001d3a577491
1f3c597693b0cdea0724415e7b98b5d2ef0c294663809dbad7f4112e4b6885a2
304d6a87a4c1defb1835526f8ca9c6e3001d3a577491aecbe805223f5c7996b3
415e7b98b5d2ef0c294663809dbad7f4112e4b6885a2bfdcf91633506d8aa7c4
526f8ca9c6e3001d3a577491aecbe805223f5c7996b3d0ed0a2744617e9bb8d5
63809dbad7f4112e4b6885a2bfdcf91633506d8aa7c4e1fe1b3855728facc9e6
7491aecbe805223f5c7996b3d0ed0a2744617e9bb8d5f20f2c496683a0bddaf7
85a2bfdcf91633506d8aa7c4e1fe1b3855728facc9e603203d5a7794b1ceeb08
96b3d0ed0a2744617e9bb8d5f20f2c496683a0bddaf714314e6b88a5c2dffc19
a7c4e1fe1b3855728facc9e603203d5a7794b1ceeb0825425f7c99b6d3f00d2a
b8d5f20f2c496683a0bddaf714314e6b88a5c2dffc193653708daac7e4011e3b
c9e603203d5a7794b1ceeb0825425f7c99b6d3f00d2a4764819ebbd8f5122f4c
daf714314e6b88a5c2dffc193653708daac7e4011e3b587592afcce90623405d
eb0825425f7c99b6d3f00d2a4764819ebbd8f5122f4c6986a3c0ddfa1734516e
fc193653708daac7e4011e3b587592afcce90623405d7a97b4d1ee0b2845627f
0d2a4764819ebbd8f5122f4c6986a3c0ddfa1734516e8ba8c5e2ff1c39567390
1e3b587592afcce90623405d7a97b4d1ee0b2845627f9cb9d6f3102d4a6784a1
2f4c6986a3c0ddfa1734516e8ba8c5e2ff1c39567390adcae704213e5b7895b2
405d7a97b4d1ee0b2845627f9cb9d6f3102d4a6784a1bedbf815324f6c89a6c3
516e8ba8c5e2ff1c39567390adcae704213e5b7895b2cfec092643607d9ab7d4
627f9cb9d6f3102d4a6784a1bedbf815324f6c89a6c3e0fd1a3754718eabc8e5
7390adcae704213e5b7895b2cfec092643607d9ab7d4f10e2b4865829fbcd9f6
84a1bedbf815324f6c89a6c3e0fd1a3754718eabc8e5021f3c597693b0cdea07
95b2cfec092643607d9ab7d4f10e2b4865829fbcd9f613304d6a87a4c1defb18
a6c3e0fd1a3754718eabc8e5021f3c597693b0cdea0724415e7b98b5d2ef0c29
b7d4f10e2b4865829fbcd9f613304d6a87a4c1defb1835526f8ca9c6e3001d3a
c8e5021f3c597693b0cdea0724415e7b98b5d2ef0c294663809dbad7f4112e4b
d9f613304d6a87a4c1defb1835526f8ca9c6e3001d3a577491aecbe805223f5c
ea0724415e7b98b5d2ef0c294663809dbad7f4112e4b6885a2bfdcf91633506d
fb1835526f8ca9c6e3001d3a577491aecbe805223f5c7996b3d0ed0a2744617e
0c294663809dbad7f4112e4b6885a2bfdcf91633506d8aa7c4e1fe1b3855728f
1d3a577491aecbe805223f5c7996b3d0ed0a2744617e9bb8d5f20f2c496683a0
2e4b6885a2bfdcf91633506d8aa7c4e1fe1b3855728facc9e603203d5a7794b1
3f5c7996b3d0ed0a2744617e9bb8d5f20f2c496683a0bddaf714314e6b88a5c2
506d8aa7c4e1fe1b3855728facc9e603203d5a7794b1ceeb0825425f7c99b6d3
617e9bb8d5f20f2c496683a0bddaf714314e6b88a5c2dffc193653708daac7e4
728facc9e603203d5a7794b1ceeb0825425f7c99b6d3f00d2a4764819ebbd8f5
83a0bddaf714314e6b88a5c2dffc193653708daac7e4011e3b587592afcce906
94b1ceeb0825425f7c99b6d3f00d2a4764819ebbd8f5122f4c6986a3c0ddfa17
a5c2dffc193653708daac7e4011e3b587592afcce90623405d7a97b4d1ee0b28
b6d3f00d2a4764819ebbd8f5122f4c6986a3c0ddfa1734516e8ba8c5e2ff1c39
c7e4011e3b587592afcce90623405d7a97b4d1ee0b2845627f9cb9d6f3102d4a
d8f5122f4c6986a3c0ddfa1734516e8ba8c5e2ff1c39567390adcae704213e5b
e90623405d7a97b4d1ee0b2845627f9cb9d6f3102d4a6784a1bedbf815324f6c
fa1734516e8ba8c5e2ff1c39567390adcae704213e5b7895b2cfec092643607d
0b2845627f9cb9d6f3102d4a6784a1bedbf815324f6c89a6c3e0fd1a3754718e
1c39567390adcae704213e5b7895b2cfec092643607d9ab7d4f10e2b4865829f
2d4a6784a1bedbf815324f6c89a6c3e0fd1a3754718eabc8e5021f3c597693b0
3e5b7895b2cfec092643607d9ab7d4f10e2b4865829fbcd9f613304d6a87a4c1
4f6c89a6c3e0fd1a3754718eabc8e5021f3c597693b0cdea0724415e7b98b5d2
607d9ab7d4f10e2b4865829fbcd9f613304d6a87a4c1defb1835526f8ca9c6e3
718eabc8e5021f3c597693b0cdea0724415e7b98b5d2ef0c294663809dbad7f4
829fbcd9f613304d6a87a4c1defb1835526f8ca9c6e3001d3a577491aecbe805
93b0cdea0724415e7b98b5d2ef0c294663809dbad7f4112e4b6885a2bfdcf916
a4c1defb1835526f8ca9c6e3001d3a577491aecbe805223f5c7996b3d0ed0a27
b5d2ef0c294663809dbad7f4112e4b6885a2bfdcf91633506d8aa7c4e1fe1b38
c6e3001d3a577491aecbe805223f5c7996b3d0ed0a2744617e9bb8d5f20f2c49
d7f4112e4b6885a2bfdcf91633506d8aa7c4e1fe1b3855728facc9e603203d5a
e805223f5c7996b3d0ed0a2744617e9bb8d5f20f2c496683a0bddaf714314e6b
f91633506d8aa7c4e1fe1b3855728facc9e603203d5a7794b1ceeb0825425f7c
0a2744617e9bb8d5f20f2c496683a0bddaf714314e6b88a5c2dffc193653708d
1b3855728facc9e603203d5a7794b1ceeb0825425f7c99b6d3f00d2a4764819e
2c496683a0bddaf714314e6b88a5c2dffc193653708daac7e4011e3b587592af
3d5a7794b1ceeb0825425f7c99b6d3f00d2a4764819ebbd8f5122f4c6986a3c0
4e6b88a5c2dffc193653708daac7e4011e3b587592afcce90623405d7a97b4d1
5f7c99b6d3f00d2a4764819ebbd8f5122f4c6986a3c0ddfa1734516e8ba8c5e2
708daac7e4011e3b587592afcce90623405d7a97b4d1ee0b2845627f9cb9d6f3
819ebbd8f5122f4c6986a3c0ddfa1734516e8ba8c5e2ff1c39567390adcae704
92afcce90623405d7a97b4d1ee0b2845627f9cb9d6f3102d4a6784a1bedbf815
a3c0ddfa1734516e8ba8c5e2ff1c39567390adcae704213e5b7895b2cfec0926
b4d1ee0b2845627f9cb9d6f3102d4a6784a1bedbf815324f6c89a6c3e0fd1a37
c5e2ff1c39567390adcae704213e5b7895b2cfec092643607d9ab7d4f10e2b48
d6f3102d4a6784a1bedbf815324f6c89a6c3e0fd1a3754718eabc8e5021f3c59
e704213e5b7895b2cfec092643607d9ab7d4f10e2b4865829fbcd9f613304d6a
f815324f6c89a6c3e0fd1a3754718eabc8e5021f3c597693b0cdea0724415e7b
092643607d9ab7d4f10e2b4865829fbcd9f613304d6a87a4c1defb1835526f8c
1a3754718eabc8e5021f3c597693b0cdea0724415e7b98b5d2ef0c294663809d
2b4865829fbcd9f613304d6a87a4c1defb1835526f8ca9c6e3001d3a577491ae
3c597693b0cdea0724415e7b98b5d2ef0c294663809dbad7f4112e4b6885a2bf
4d6a87a4c1defb1835526f8ca9c6e3001d3a577491aecbe805223f5c7996b3d0
5e7b98b5d2ef0c294663809dbad7f4112e4b6885a2bfdcf91633506d8aa7c4e1
6f8ca9c6e3001d3a577491aecbe805223f5c7996b3d0ed0a2744617e9bb8d5f2
809dbad7f4112e4b6885a2bfdcf91633506d8aa7c4e1fe1b3855728facc9e603
91aecbe805223f5c7996b3d0ed0a2744617e9bb8d5f20f2c496683a0bddaf714
a2bfdcf91633506d8aa7c4e1fe1b3855728facc9e603203d5a7794b1ceeb0825
b3d0ed0a2744617e9bb8d5f20f2c496683a0bddaf714314e6b88a5c2dffc1936
c4e1fe1b3855728facc9e603203d5a7794b1ceeb0825425f7c99b6d3f00d2a47
d5f20f2c496683a0bddaf714314e6b88a5c2dffc193653708daac7e4011e3b58
e603203d5a7794b1ceeb0825425f7c99b6d3f00d2a4764819ebbd8f5122f4c69
f714314e6b88a5c2dffc193653708daac7e4011e3b587592afcce90623405d7a
0825425f7c99b6d3f00d2a4764819ebbd8f5122f4c6986a3c0ddfa1734516e8b
193653708daac7e4011e3b587592afcce90623405d7a97b4d1ee0b2845627f9c
2a4764819ebbd8f5122f4c6986a3c0ddfa1734516e8ba8c5e2ff1c39567390ad
3b587592afcce90623405d7a97b4d1ee0b2845627f9cb9d6f3102d4a6784a1be
4c6986a3c0ddfa1734516e8ba8c5e2ff1c39567390adcae704213e5b7895b2cf
5d7a97b4d1ee0b2845627f9cb9d6f3102d4a6784a1bedbf815324f6c89a6c3e0
6e8ba8c5e2ff1c39567390adcae704213e5b7895b2cfec092643607d9ab7d4f1
7f9cb9d6f3102d4a6784a1bedbf815324f6c89a6c3e0fd1a3754718eabc8e502
90adcae704213e5b7895b2cfec092643607d9ab7d4f10e2b4865829fbcd9f613
a1bedbf815324f6c89a6c3e0fd1a3754718eabc8e5021f3c597693b0cdea0724
b2cfec092643607d9ab7d4f10e2b4865829fbcd9f613304d6a87a4c1defb1835
c3e0fd1a3754718eabc8e5021f3c597693b0cdea0724415e7b98b5d2ef0c2946
d4f10e2b4865829fbcd9f613304d6a87a4c1defb1835526f8ca9c6e3001d3a57
e5021f3c597693b0cdea0724415e7b98b5d2ef0c294663809dbad7f4112e4b68
f613304d6a87a4c1defb1835526f8ca9c6e3001d3a577491aecbe805223f5c79
0724415e7b98b5d2ef0c294663809dbad7f4112e4b6885a2bfdcf91633506d8a
1835526f8ca9c6e3001d3a577491aecbe805223f5c7996b3d0ed0a2744617e9b
294663809dbad7f4112e4b6885a2bfdcf91633506d8aa7c4e1fe1b3855728fac
3a577491aecbe805223f5c7996b3d0ed0a2744617e9bb8d5f20f2c496683a0bd
4b6885a2bfdcf91633506d8aa7c4e1fe1b3855728facc9e603203d5a7794b1ce
5c7996b3d0ed0a2744617e9bb8d5f20f2c496683a0bddaf714314e6b88a5c2df
6d8aa7c4e1fe1b3855728facc9e603203d5a7794b1ceeb0825425f7c99b6d3f0
7e9bb8d5f20f2c496683a0bddaf714314e6b88a5c2dffc193653708daac7e401
8facc9e603203d5a7794b1ceeb0825425f7c99b6d3f00d2a4764819ebbd8f512
a0bddaf714314e6b88a5c2dffc193653708daac7e4011e3b587592afcce90623
b1ceeb0825425f7c99b6d3f00d2a4764819ebbd8f5122f4c6986a3c0ddfa1734
c2dffc193653708daac7e4011e3b587592afcce90623405d7a97b4d1ee0b2845
d3f00d2a4764819ebbd8f5122f4c6986a3c0ddfa1734516e8ba8c5e2ff1c3956
e4011e3b587592afcce90623405d7a97b4d1ee0b2845627f9cb9d6f3102d4a67
f5122f4c6986a3c0ddfa1734516e8ba8c5e2ff1c39567390adcae704213e5b78
0623405d7a97b4d1ee0b2845627f9cb9d6f3102d4a6784a1bedbf815324f6c89
1734516e8ba8c5e2ff1c39567390adcae704213e5b7895b2cfec092643607d9a
2845627f9cb9d6f3102d4a6784a1bedbf815324f6c89a6c3e0fd1a3754718eab
39567390adcae704213e5b7895b2cfec092643607d9ab7d4f10e2b4865829fbc
4a6784a1bedbf815324f6c89a6c3e0fd1a3754718eabc8e5021f3c597693b0cd
5b7895b2cfec092643607d9ab7d4f10e2b4865829fbcd9f613304d6a87a4c1de
6c89a6c3e0fd1a3754718eabc8e5021f3c597693b0cdea0724415e7b98b5d2ef
7d9ab7d4f10e2b4865829fbcd9f613304d6a87a4c1defb1835526f8ca9c6e300
8eabc8e5021f3c597693b0cdea0724415e7b98b5d2ef0c294663809dbad7f411
9fbcd9f613304d6a87a4c1defb1835526f8ca9c6e3001d3a577491aecbe80522
b0cdea0724415e7b98b5d2ef0c294663809dbad7f4112e4b6885a2bfdcf91633
c1defb1835526f8ca9c6e3001d3a577491aecbe805223f5c7996b3d0ed0a2744
d2ef0c294663809dbad7f4112e4b6885a2bfdcf91633506d8aa7c4e1fe1b3855
e3001d3a577491aecbe805223f5c7996b3d0ed0a2744617e9bb8d5f20f2c4966
f4112e4b6885a2bfdcf91633506d8aa7c4e1fe1b3855728facc9e603203d5a77
05223f5c7996b3d0ed0a2744617e9bb8d5f20f2c496683a0bddaf714314e6b88
1633506d8aa7c4e1fe1b3855728facc9e603203d5a7794b1ceeb0825425f7c99
2744617e9bb8d5f20f2c496683a0bddaf714314e6b88a5c2dffc193653708daa
3855728facc9e603203d5a7794b1ceeb0825425f7c99b6d3f00d2a4764819ebb
496683a0bddaf714314e6b88a5c2dffc193653708daac7e4011e3b587592afcc
5a7794b1ceeb0825425f7c99b6d3f00d2a4764819ebbd8f5122f4c6986a3c0dd
6b88a5c2dffc193653708daac7e4011e3b587592afcce90623405d7a97b4d1ee
7c99b6d3f00d2a4764819ebbd8f5122f4c6986a3c0ddfa1734516e8ba8c5e2ff
8daac7e4011e3b587592afcce90623405d7a97b4d1ee0b2845627f9cb9d6f310
9ebbd8f5122f4c6986a3c0ddfa1734516e8ba8c5e2ff1c39567390adcae70421
afcce90623405d7a97b4d1ee0b2845627f9cb9d6f3102d4a6784a1bedbf81532
c0ddfa1734516e8ba8c5e2ff1c39567390adcae704213e5b7895b2cfec092643
d1ee0b2845627f9cb9d6f3102d4a6784a1bedbf815324f6c89a6c3e0fd1a3754
e2ff1c39567390adcae704213e5b7895b2cfec092643607d9ab7d4f10e2b4865
f3102d4a6784a1bedbf815324f6c89a6c3e0fd1a3754718eabc8e5021f3c5976
04213e5b7895b2cfec092643607d9ab7d4f10e2b4865829fbcd9f613304d6a87
15324f6c89a6c3e0fd1a3754718eabc8e5021f3c597693b0cdea0724415e7b98
2643607d9ab7d4f10e2b4865829fbcd9f613304d6a87a4c1defb1835526f8ca9
3754718eabc8e5021f3c597693b0cdea0724415e7b98b5d2ef0c294663809dba
4865829fbcd9f613304d6a87a4c1defb1835526f8ca9c6e3001d3a577491aecb
597693b0cdea0724415e7b98b5d2ef0c294663809dbad7f4112e4b6885a2bfdc
6a87a4c1defb1835526f8ca9c6e3001d3a577491aecbe805223f5c7996b3d0ed
7b98b5d2ef0c294663809dbad7f4112e4b6885a2bfdcf91633506d8aa7c4e1fe
8ca9c6e3001d3a577491aecbe805223f5c7996b3d0ed0a2744617e9bb8d5f20f
9dbad7f4112e4b6885a2bfdcf91633506d8aa7c4e1fe1b3855728facc9e60320
aecbe805223f5c7996b3d0ed0a2744617e9bb8d5f20f2c496683a0bddaf71431
bfdcf91633506d8aa7c4e1fe1b3855728facc9e603203d5a7794b1ceeb082542
d0ed0a2744617e9bb8d5f20f2c496683a0bddaf714314e6b88a5c2dffc193653
e1fe1b3855728facc9e603203d5a7794b1ceeb0825425f7c99b6d3f00d2a4764
f20f2c496683a0bddaf714314e6b88a5c2dffc193653708daac7e4011e3b5875
03203d5a7794b1ceeb0825425f7c99b6d3f00d2a4764819ebbd8f5122f4c6986
14314e6b88a5c2dffc193653708daac7e4011e3b587592afcce90623405d7a97
25425f7c99b6d3f00d2a4764819ebbd8f5122f4c6986a3c0ddfa1734516e8ba8
3653708daac7e4011e3b587592afcce90623405d7a97b4d1ee0b2845627f9cb9
4764819ebbd8f5122f4c6986a3c0ddfa1734516e8ba8c5e2ff1c39567390adca
587592afcce90623405d7a97b4d1ee0b2845627f9cb9d6f3102d4a6784a1bedb
6986a3c0ddfa1734516e8ba8c5e2ff1c39567390adcae704213e5b7895b2cfec
7a97b4d1ee0b2845627f9cb9d6f3102d4a6784a1bedbf815324f6c89a6c3e0fd
8ba8c5e2ff1c39567390adcae704213e5b7895b2cfec092643607d9ab7d4f10e
9cb9d6f3102d4a6784a1bedbf815324f6c89a6c3e0fd1a3754718eabc8e5021f
adcae704213e5b7895b2cfec092643607d9ab7d4f10e2b4865829fbcd9f61330
bedbf815324f6c89a6c3e0fd1a3754718eabc8e5021f3c597693b0cdea072441
cfec092643607d9ab7d4f10e2b4865829fbcd9f613304d6a87a4c1defb183552
e0fd1a3754718eabc8e5021f3c597693b0cdea0724415e7b98b5d2ef0c294663
f10e2b4865829fbcd9f613304d6a87a4c1defb1835526f8ca9c6e3001d3a5774
021f3c597693b0cdea0724415e7b98b5d2ef0c294663809dbad7f4112e4b6885
13304d6a87a4c1defb1835526f8ca9c6e3001d3a577491aecbe805223f5c7996
24415e7b98b5d2ef0c294663809dbad7f4112e4b6885a2bfdcf91633506d8aa7
35526f8ca9c6e3001d3a577491aecbe805223f5c7996b3d0ed0a2744617e9bb8
4663809dbad7f4112e4b6885a2bfdcf91633506d8aa7c4e1fe1b3855728facc9
577491aecbe805223f5c7996b3d0ed0a2744617e9bb8d5f20f2c496683a0bdda
6885a2bfdcf91633506d8aa7c4e1fe1b3855728facc9e603203d5a7794b1ceeb
7996b3d0ed0a2744617e9bb8d5f20f2c496683a0bddaf714314e6b88a5c2dffc
8aa7c4e1fe1b3855728facc9e603203d5a7794b1ceeb0825425f7c99b6d3f00d
9bb8d5f20f2c496683a0bddaf714314e6b88a5c2dffc193653708daac7e4011e
acc9e603203d5a7794b1ceeb0825425f7c99b6d3f00d2a4764819ebbd8f5122f
bddaf714314e6b88a5c2dffc193653708daac7e4011e3b587592afcce9062340
ceeb0825425f7c99b6d3f00d2a4764819ebbd8f5122f4c6986a3c0ddfa173451
dffc193653708daac7e4011e3b587592afcce90623405d7a97b4d1ee0b284562
f00d2a4764819ebbd8f5122f4c6986a3c0ddfa1734516e8ba8c5e2ff1c395673
011e3b587592afcce90623405d7a97b4d1ee0b2845627f9cb9d6f3102d4a6784
122f4c6986a3c0ddfa1734516e8ba8c5e2ff1c39567390adcae704213e5b7895
23405d7a97b4d1ee0b2845627f9cb9d6f3102d4a6784a1bedbf815324f6c89a6
34516e8ba8c5e2ff1c39567390adcae704213e5b7895b2cfec092643607d9ab7
45627f9cb9d6f3102d4a6784a1bedbf815324f6c89a6c3e0fd1a3754718eabc8
567390adcae704213e5b7895b2cfec092643607d9ab7d4f10e2b4865829fbcd9
6784a1bedbf815324f6c89a6c3e0fd1a3754718eabc8e5021f3c597693b0cdea
7895b2cfec092643607d9ab7d4f10e2b4865829fbcd9f613304d6a87a4c1defb
89a6c3e0fd1a3754718eabc8e5021f3c597693b0cdea0724415e7b98b5d2ef0c
9ab7d4f10e2b4865829fbcd9f613304d6a87a4c1defb1835526f8ca9c6e3001d
abc8e5021f3c597693b0cdea0724415e7b98b5d2ef0c294663809dbad7f4112e
bcd9f613304d6a87a4c1defb1835526f8ca9c6e3001d3a577491aecbe805223f
cdea0724415e7b98b5d2ef0c294663809dbad7f4112e4b6885a2bfdcf9163350
defb1835526f8ca9c6e3001d3a577491aecbe805223f5c7996b3d0ed0a274461
ef0c294663809dbad7f4112e4b6885a2bfdcf91633506d8aa7c4e1fe1b385572
001d3a577491aecbe805223f5c7996b3d0ed0a2744617e9bb8d5f20f2c496683
112e4b6885a2bfdcf91633506d8aa7c4e1fe1b3855728facc9e603203d5a7794
223f5c7996b3d0ed0a2744617e9bb8d5f20f2c496683a0bddaf714314e6b88a5
33506d8aa7c4e1fe1b3855728facc9e603203d5a7794b1ceeb0825425f7c99b6
44617e9bb8d5f20f2c496683a0bddaf714314e6b88a5c2dffc193653708daac7
55728facc9e603203d5a7794b1ceeb0825425f7c99b6d3f00d2a4764819ebbd8
6683a0bddaf714314e6b88a5c2dffc193653708daac7e4011e3b587592afcce9
7794b1ceeb0825425f7c99b6d3f00d2a4764819ebbd8f5122f4c6986a3c0ddfa
88a5c2dffc193653708daac7e4011e3b587592afcce90623405d7a97b4d1ee0b
99b6d3f00d2a4764819ebbd8f5122f4c6986a3c0ddfa1734516e8ba8c5e2ff1c
aac7e4011e3b587592afcce90623405d7a97b4d1ee0b2845627f9cb9d6f3102d
bbd8f5122f4c6986a3c0ddfa1734516e8ba8c5e2ff1c39567390adcae704213e
cce90623405d7a97b4d1ee0b2845627f9cb9d6f3102d4a6784a1bedbf815324f
ddfa1734516e8ba8c5e2ff1c39567390adcae704213e5b7895b2cfec09264360
ee0b2845627f9cb9d6f3102d4a6784a1bedbf815324f6c89a6c3e0fd1a375471
ff1c39567390adcae704213e5b7895b2cfec092643607d9ab7d4f10e2b486582
102d4a6784a1bedbf815324f6c89a6c3e0fd1a3754718eabc8e5021f3c597693
213e5b7895b2cfec092643607d9ab7d4f10e2b4865829fbcd9f613304d6a87a4
324f6c89a6c3e0fd1a3754718eabc8e5021f3c597693b0cdea0724415e7b98b5
43607d9ab7d4f10e2b4865829fbcd9f613304d6a87a4c1defb1835526f8ca9c6
54718eabc8e5021f3c597693b0cdea0724415e7b98b5d2ef0c294663809dbad7
65829fbcd9f613304d6a87a4c1defb1835526f8ca9c6e3001d3a577491aecbe8
7693b0cdea0724415e7b98b5d2ef0c294663809dbad7f4112e4b6885a2bfdcf9
87a4c1defb1835526f8ca9c6e3001d3a577491aecbe805223f5c7996b3d0ed0a
98b5d2ef0c294663809dbad7f4112e4b6885a2bfdcf91633506d8aa7c4e1fe1b
a9c6e3001d3a577491aecbe805223f5c7996b3d0ed0a2744617e9bb8d5f20f2c
bad7f4112e4b6885a2bfdcf91633506d8aa7c4e1fe1b3855728facc9e603203d
cbe805223f5c7996b3d0ed0a2744617e9bb8d5f20f2c496683a0bddaf714314e
dcf91633506d8aa7c4e1fe1b3855728facc9e603203d5a7794b1ceeb0825425f
ed0a2744617e9bb8d5f20f2c496683a0bddaf714314e6b88a5c2dffc19365370
fe1b3855728facc9e603203d5a7794b1ceeb0825425f7c99b6d3f00d2a476481
0f2c496683a0bddaf714314e6b88a5c2dffc193653708daac7e4011e3b587592
203d5a7794b1ceeb0825425f7c99b6d3f00d2a4764819ebbd8f5122f4c6986a3
314e6b88a5c2dffc193653708daac7e4011e3b587592afcce90623405d7a97b4
425f7c99b6d3f00d2a4764819ebbd8f5122f4c6986a3c0ddfa1734516e8ba8c5
53708daac7e4011e3b587592afcce90623405d7a97b4d1ee0b2845627f9cb9d6
64819ebbd8f5122f4c6986a3c0ddfa1734516e8ba8c5e2ff1c39567390adcae7
7592afcce90623405d7a97b4d1ee0b2845627f9cb9d6f3102d4a6784a1bedbf8
86a3c0ddfa1734516e8ba8c5e2ff1c39567390adcae704213e5b7895b2cfec09
97b4d1ee0b2845627f9cb9d6f3102d4a6784a1bedbf815324f6c89a6c3e0fd1a
a8c5e2ff1c39567390adcae704213e5b7895b2cfec092643607d9ab7d4f10e2b
b9d6f3102d4a6784a1bedbf815324f6c89a6c3e0fd1a3754718eabc8e5021f3c
cae704213e5b7895b2cfec092643607d9ab7d4f10e2b4865829fbcd9f613304d
dbf815324f6c89a6c3e0fd1a3754718eabc8e5021f3c597693b0cdea0724415e
ec092643607d9ab7d4f10e2b4865829fbcd9f613304d6a87a4c1defb1835526f
fd1a3754718eabc8e5021f3c597693b0cdea0724415e7b98b5d2ef0c29466380
0e2b4865829fbcd9f613304d6a87a4c1defb1835526f8ca9c6e3001d3a577491
1f3c597693b0cdea0724415e7b98b5d2ef0c294663809dbad7f4112e4b6885a2
304d6a87a4c1defb1835526f8ca9c6e3001d3a577491aecbe805223f5c7996b3
415e7b98b5d2ef0c294663809dbad7f4112e4b6885a2bfdcf91633506d8aa7c4
526f8ca9c6e3001d3a577491aecbe805223f5c7996b3d0ed0a2744617e9bb8d5
63809dbad7f4112e4b6885a2bfdcf91633506d8aa7c4e1fe1b3855728facc9e6
7491aecbe805223f5c7996b3d0ed0a2744617e9bb8d5f20f2c496683a0bddaf7
85a2bfdcf91633506d8aa7c4e1fe1b3855728facc9e603203d5a7794b1ceeb08
96b3d0ed0a2744617e9bb8d5f20f2c496683a0bddaf714314e6b88a5c2dffc19
a7c4e1fe1b3855728facc9e603203d5a7794b1ceeb0825425f7c99b6d3f00d2a
b8d5f20f2c496683a0bddaf714314e6b88a5c2dffc193653708daac7e4011e3b
c9e603203d5a7794b1ceeb0825425f7c99b6d3f00d2a4764819ebbd8f5122f4c
daf714314e6b88a5c2dffc193653708daac7e4011e3b587592afcce90623405d
eb0825425f7c99b6d3f00d2a4764819ebbd8f5122f4c6986a3c0ddfa1734516e
fc193653708daac7e4011e3b587592afcce90623405d7a97b4d1ee0b2845627f
0d2a4764819ebbd8f5122f4c6986a3c0ddfa1734516e8ba8c5e2ff1c39567390
1e3b587592afcce90623405d7a97b4d1ee0b2845627f9cb9d6f3102d4a6784a1
2f4c6986a3c0ddfa1734516e8ba8c5e2ff1c39567390adcae704213e5b7895b2
405d7a97b4d1ee0b2845627f9cb9d6f3102d4a6784a1bedbf815324f6c89a6c3
516e8ba8c5e2ff1c39567390adcae704213e5b7895b2cfec092643607d9ab7d4
627f9cb9d6f3102d4a6784a1bedbf815324f6c89a6c3e0fd1a3754718eabc8e5
7390adcae704213e5b7895b2cfec092643607d9ab7d4f10e2b4865829fbcd9f6
84a1bedbf815324f6c89a6c3e0fd1a3754718eabc8e5021f3c597693b0cdea07
95b2cfec092643607d9ab7d4f10e2b4865829fbcd9f613304d6a87a4c1defb18
a6c3e0fd1a3754718eabc8e5021f3c597693b0cdea0724415e7b98b5d2ef0c29
b7d4f10e2b4865829fbcd9f613304d6a87a4c1defb1835526f8ca9c6e3001d3a
c8e5021f3c597693b0cdea0724415e7b98b5d2ef0c294663809dbad7f4112e4b
d9f613304d6a87a4c1defb1835526f8ca9c6e3001d3a577491aecbe805223f5c
ea0724415e7b98b5d2ef0c294663809dbad7f4112e4b6885a2bfdcf91633506d
fb1835526f8ca9c6e3001d3a577491aecbe805223f5c7996b3d0ed0a2744617e
0c294663809dbad7f4112e4b6885a2bfdcf91633506d8aa7c4e1fe1b3855728f
1d3a577491aecbe805223f5c7996b3d0ed0a2744617e9bb8d5f20f2c496683a0
2e4b6885a2bfdcf91633506d8aa7c4e1fe1b3855728facc9e603203d5a7794b1
3f5c7996b3d0ed0a2744617e9bb8d5f20f2c496683a0bddaf714314e6b88a5c2
506d8aa7c4e1fe1b3855728facc9e603203d5a7794b1ceeb0825425f7c99b6d3
617e9bb8d5f20f2c496683a0bddaf714314e6b88a5c2dffc193653708daac7e4
728facc9e603203d5a7794b1ceeb0825425f7c99b6d3f00d2a4764819ebbd8f5
83a0bddaf714314e6b88a5c2dffc193653708daac7e4011e3b587592afcce906
94b1ceeb0825425f7c99b6d3f00d2a4764819ebbd8f5122f4c6986a3c0ddfa17
a5c2dffc193653708daac7e4011e3b587592afcce90623405d7a97b4d1ee0b28
b6d3f00d2a4764819ebbd8f5122f4c6986a3c0ddfa1734516e8ba8c5e2ff1c39
c7e4011e3b587592afcce90623405d7a97b4d1ee0b2845627f9cb9d6f3102d4a
d8f5122f4c6986a3c0ddfa1734516e8ba8c5e2ff1c39567390adcae704213e5b
e90623405d7a97b4d1ee0b2845627f9cb9d6f3102d4a6784a1bedbf815324f6c
fa1734516e8ba8c5e2ff1c39567390adcae704213e5b7895b2cfec092643607d
0b2845627f9cb9d6f3102d4a6784a1bedbf815324f6c89a6c3e0fd1a3754718e
1c39567390adcae704213e5b7895b2cfec092643607d9ab7d4f10e2b4865829f
2d4a6784a1bedbf815324f6c89a6c3e0fd1a3754718eabc8e5021f3c597693b0
3e5b7895b2cfec092643607d9ab7d4f10e2b4865829fbcd9f613304d6a87a4c1
4f6c89a6c3e0fd1a3754718eabc8e5021f3c597693b0cdea0724415e7b98b5d2
607d9ab7d4f10e2b4865829fbcd9f613304d6a87a4c1defb1835526f8ca9c6e3
718eabc8e5021f3c597693b0cdea0724415e7b98b5d2ef0c294663809dbad7f4
829fbcd9f613304d6a87a4c1defb1835526f8ca9c6e3001d3a577491aecbe805
93b0cdea0724415e7b98b5d2ef0c294663809dbad7f4112e4b6885a2bfdcf916
a4c1defb1835526f8ca9c6e3001d3a577491aecbe805223f5c7996b3d0ed0a27
b5d2ef0c294663809dbad7f4112e4b6885a2bfdcf91633506d8aa7c4e1fe1b38
c6e3001d3a577491aecbe805223f5c7996b3d0ed0a2744617e9bb8d5f20f2c49
d7f4112e4b6885a2bfdcf91633506d8aa7c4e1fe1b3855728facc9e603203d5a
e805223f5c7996b3d0ed0a2744617e9bb8d5f20f2c496683a0bddaf714314e6b
f91633506d8aa7c4e1fe1b3855728facc9e603203d5a7794b1ceeb0825425f7c
0a2744617e9bb8d5f20f2c496683a0bddaf714314e6b88a5c2dffc193653708d
1b3855728facc9e603203d5a7794b1ceeb0825425f7c99b6d3f00d2a4764819e
2c496683a0bddaf714314e6b88a5c2dffc193653708daac7e4011e3b587592af
3d5a7794b1ceeb0825425f7c99b6d3f00d2a4764819ebbd8f5122f4c6986a3c0
4e6b88a5c2dffc193653708daac7e4011e3b587592afcce90623405d7a97b4d1
5f7c99b6d3f00d2a4764819ebbd8f5122f4c6986a3c0ddfa1734516e8ba8c5e2
708daac7e4011e3b587592afcce90623405d7a97b4d1ee0b2845627f9cb9d6f3
819ebbd8f5122f4c6986a3c0ddfa1734516e8ba8c5e2ff1c39567390adcae704
92afcce90623405d7a97b4d1ee0b2845627f9cb9d6f3102d4a6784a1bedbf815
a3c0ddfa1734516e8ba8c5e2ff1c39567390adcae704213e5b7895b2cfec0926
b4d1ee0b2845627f9cb9d6f3102d4a6784a1bedbf815324f6c89a6c3e0fd1a37
c5e2ff1c39567390adcae704213e5b7895b2cfec092643607d9ab7d4f10e2b48
d6f3102d4a6784a1bedbf815324f6c89a6c3e0fd1a3754718eabc8e5021f3c59
e704213e5b7895b2cfec092643607d9ab7d4f10e2b4865829fbcd9f613304d6a
f815324f6c89a6c3e0fd1a3754718eabc8e5021f3c597693b0cdea0724415e7b
092643607d9ab7d4f10e2b4865829fbcd9f613304d6a87a4c1defb1835526f8c
1a3754718eabc8e5021f3c597693b0cdea0724415e7b98b5d2ef0c294663809d
2b4865829fbcd9f613304d6a87a4c1defb1835526f8ca9c6e3001d3a577491ae
3c597693b0cdea0724415e7b98b5d2ef0c294663809dbad7f4112e4b6885a2bf
4d6a87a4c1defb1835526f8ca9c6e3001d3a577491aecbe805223f5c7996b3d0
5e7b98b5d2ef0c294663809dbad7f4112e4b6885a2bfdcf91633506d8aa7c4e1
6f8ca9c6e3001d3a577491aecbe805223f5c7996b3d0ed0a2744617e9bb8d5f2
809dbad7f4112e4b6885a2bfdcf91633506d8aa7c4e1fe1b3855728facc9e603
91aecbe805223f5c7996b3d0ed0a2744617e9bb8d5f20f2c496683a0bddaf714
a2bfdcf91633506d8aa7c4e1fe1b3855728facc9e603203d5a7794b1ceeb0825
b3d0ed0a2744617e9bb8d5f20f2c496683a0bddaf714314e6b88a5c2dffc1936
c4e1fe1b3855728facc9e603203d5a7794b1ceeb0825425f7c99b6d3f00d2a47
d5f20f2c496683a0bddaf714314e6b88a5c2dffc193653708daac7e4011e3b58
e603203d5a7794b1ceeb0825425f7c99b6d3f00d2a4764819ebbd8f5122f4c69
f714314e6b88a5c2dffc193653708daac7e4011e3b587592afcce90623405d7a
0825425f7c99b6d3f00d2a4764819ebbd8f5122f4c6986a3c0ddfa1734516e8b
193653708daac7e4011e3b587592afcce90623405d7a97b4d1ee0b2845627f9c
2a4764819ebbd8f5122f4c6986a3c0ddfa1734516e8ba8c5e2ff1c39567390ad
3b587592afcce90623405d7a97b4d1ee0b2845627f9cb9d6f3102d4a6784a1be
4c6986a3c0ddfa1734516e8ba8c5e2ff1c39567390adcae704213e5b7895b2cf
5d7a97b4d1ee0b2845627f9cb9d6f3102d4a6784a1bedbf815324f6c89a6c3e0
6e8ba8c5e2ff1c39567390adcae704213e5b7895b2cfec092643607d9ab7d4f1
7f9cb9d6f3102d4a6784a1bedbf815324f6c89a6c3e0fd1a3754718eabc8e502
90adcae704213e5b7895b2cfec092643607d9ab7d4f10e2b4865829fbcd9f613
a1bedbf815324f6c89a6c3e0fd1a3754718eabc8e5021f3c597693b0cdea0724
b2cfec092643607d9ab7d4f10e2b4865829fbcd9f613304d6a87a4c1defb1835
c3e0fd1a3754718eabc8e5021f3c597693b0cdea0724415e7b98b5d2ef0c2946
d4f10e2b4865829fbcd9f613304d6a87a4c1defb1835526f8ca9c6e3001d3a57
e5021f3c597693b0cdea0724415e7b98b5d2ef0c294663809dbad7f4112e4b68
f613304d6a87a4c1defb1835526f8ca9c6e3001d3a577491aecbe805223f5c79
0724415e7b98b5d2ef0c294663809dbad7f4112e4b6885a2bfdcf91633506d8a
1835526f8ca9c6e3001d3a577491aecbe805223f5c7996b3d0ed0a2744617e9b
294663809dbad7f4112e4b6885a2bfdcf91633506d8aa7c4e1fe1b3855728fac
3a577491aecbe805223f5c7996b3d0ed0a2744617e9bb8d5f20f2c496683a0bd
4b6885a2bfdcf91633506d8aa7c4e1fe1b3855728facc9e603203d5a7794b1ce
5c7996b3d0ed0a2744617e9bb8d5f20f2c496683a0bddaf714314e6b88a5c2df
6d8aa7c4e1fe1b3855728facc9e603203d5a7794b1ceeb0825425f7c99b6d3f0
7e9bb8d5f20f2c496683a0bddaf714314e6b88a5c2dffc193653708daac7e401
8facc9e603203d5a7794b1ceeb0825425f7c99b6d3f00d2a4764819ebbd8f512
a0bddaf714314e6b88a5c2dffc193653708daac7e4011e3b587592afcce90623
b1ceeb0825425f7c99b6d3f00d2a4764819ebbd8f5122f4c6986a3c0ddfa1734
c2dffc193653708daac7e4011e3b587592afcce90623405d7a97b4d1ee0b2845
d3f00d2a4764819ebbd8f5122f4c6986a3c0ddfa1734516e8ba8c5e2ff1c3956
e4011e3b587592afcce90623405d7a97b4d1ee0b2845627f9cb9d6f3102d4a67
f5122f4c6986a3c0ddfa1734516e8ba8c5e2ff1c39567390adcae704213e5b78
0623405d7a97b4d1ee0b2845627f9cb9d6f3102d4a6784a1bedbf815324f6c89
1734516e8ba8c5e2ff1c39567390adcae704213e5b7895b2cfec092643607d9a
2845627f9cb9d6f3102d4a6784a1bedbf815324f6c89a6c3e0fd1a3754718eab
39567390adcae704213e5b7895b2cfec092643607d9ab7d4f10e2b4865829fbc
4a6784a1bedbf815324f6c89a6c3e0fd1a3754718eabc8e5021f3c597693b0cd
5b7895b2cfec092643607d9ab7d4f10e2b4865829fbcd9f613304d6a87a4c1de
6c89a6c3e0fd1a3754718eabc8e5021f3c597693b0cdea0724415e7b98b5d2ef
7d9ab7d4f10e2b4865829fbcd9f613304d6a87a4c1defb1835526f8ca9c6e300
8eabc8e5021f3c597693b0cdea0724415e7b98b5d2ef0c294663809dbad7f411
9fbcd9f613304d6a87a4c1defb1835526f8ca9c6e3001d3a577491aecbe80522
b0cdea0724415e7b98b5d2ef0c294663809dbad7f4112e4b6885a2bfdcf91633
c1defb1835526f8ca9c6e3001d3a577491aecbe805223f5c7996b3d0ed0a2744
d2ef0c294663809dbad7f4112e4b6885a2bfdcf91633506d8aa7c4e1fe1b3855
e3001d3a577491aecbe805223f5c7996b3d0ed0a2744617e9bb8d5f20f2c4966
f4112e4b6885a2bfdcf91633506d8aa7c4e1fe1b3855728facc9e603203d5a77
05223f5c7996b3d0ed0a2744617e9bb8d5f20f2c496683a0bddaf714314e6b88
1633506d8aa7c4e1fe1b3855728facc9e603203d5a7794b1ceeb0825425f7c99
2744617e9bb8d5f20f2c496683a0bddaf714314e6b88a5c2dffc193653708daa
3855728facc9e603203d5a7794b1ceeb0825425f7c99b6d3f00d2a4764819ebb
496683a0bddaf714314e6b88a5c2dffc193653708daac7e4011e3b587592afcc
5a7794b1ceeb0825425f7c99b6d3f00d2a4764819ebbd8f5122f4c6986a3c0dd
6b88a5c2dffc193653708daac7e4011e3b587592afcce90623405d7a97b4d1ee
7c99b6d3f00d2a4764819ebbd8f5122f4c6986a3c0ddfa1734516e8ba8c5e2ff
8daac7e4011e3b587592afcce90623405d7a97b4d1ee0b2845627f9cb9d6f310
9ebbd8f5122f4c6986a3c0ddfa1734516e8ba8c5e2ff1c39567390adcae70421
afcce90623405d7a97b4d1ee0b2845627f9cb9d6f3102d4a6784a1bedbf81532
c0ddfa1734516e8ba8c5e2ff1c39567390adcae704213e5b7895b2cfec092643
d1ee0b2845627f9cb9d6f3102d4a6784a1bedbf815324f6c89a6c3e0fd1a3754
e2ff1c39567390adcae704213e5b7895b2cfec092643607d9ab7d4f10e2b4865
f3102d4a6784a1bedbf815324f6c89a6c3e0fd1a3754718eabc8e5021f3c5976
04213e5b7895b2cfec092643607d9ab7d4f10e2b4865829fbcd9f613304d6a87
15324f6c89a6c3e0fd1a3754718eabc8e5021f3c597693b0cdea0724415e7b98
2643607d9ab7d4f10e2b4865829fbcd9f613304d6a87a4c1defb1835526f8ca9
3754718eabc8e5021f3c597693b0cdea0724415e7b98b5d2ef0c294663809dba
4865829fbcd9f613304d6a87a4c1defb1835526f8ca9c6e3001d3a577491aecb
597693b0cdea0724415e7b98b5d2ef0c294663809dbad7f4112e4b6885a2bfdc
6a87a4c1defb1835526f8ca9c6e3001d3a577491aecbe805223f5c7996b3d0ed
7b98b5d2ef0c294663809dbad7f4112e4b6885a2bfdcf91633506d8aa7c4e1fe
8ca9c6e3001d3a577491aecbe805223f5c7996b3d0ed0a2744617e9bb8d5f20f
9dbad7f4112e4b6885a2bfdcf91633506d8aa7c4e1fe1b3855728facc9e60320
aecbe805223f5c7996b3d0ed0a2744617e9bb8d5f20f2c496683a0bddaf71431
bfdcf91633506d8aa7c4e1fe1b3855728facc9e603203d5a7794b1ceeb082542
d0ed0a2744617e9bb8d5f20f2c496683a0bddaf714314e6b88a5c2dffc193653
e1fe1b3855728facc9e603203d5a7794b1ceeb0825425f7c99b6d3f00d2a4764
f20f2c496683a0bddaf714314e6b88a5c2dffc193653708daac7e4011e3b5875
03203d5a7794b1ceeb0825425f7c99b6d3f00d2a4764819ebbd8f5122f4c6986
14314e6b88a5c2dffc193653708daac7e4011e3b587592afcce90623405d7a97
25425f7c99b6d3f00d2a4764819ebbd8f5122f4c6986a3c0ddfa1734516e8ba8
3653708daac7e4011e3b587592afcce90623405d7a97b4d1ee0b2845627f9cb9
4764819ebbd8f5122f4c6986a3c0ddfa1734516e8ba8c5e2ff1c39567390adca
587592afcce90623405d7a97b4d1ee0b2845627f9cb9d6f3102d4a6784a1bedb
6986a3c0ddfa1734516e8ba8c5e2ff1c39567390adcae704213e5b7895b2cfec
7a97b4d1ee0b2845627f9cb9d6f3102d4a6784a1bedbf815324f6c89a6c3e0fd
8ba8c5e2ff1c39567390adcae704213e5b7895b2cfec092643607d9ab7d4f10e
9cb9d6f3102d4a6784a1bedbf815324f6c89a6c3e0fd1a3754718eabc8e5021f
adcae704213e5b7895b2cfec092643607d9ab7d4f10e2b4865829fbcd9f61330
bedbf815324f6c89a6c3e0fd1a3754718eabc8e5021f3c597693b0cdea072441
cfec092643607d9ab7d4f10e2b4865829fbcd9f613304d6a87a4c1defb183552
e0fd1a3754718eabc8e5021f3c597693b0cdea0724415e7b98b5d2ef0c294663
f10e2b4865829fbcd9f613304d6a87a4c1defb1835526f8ca9c6e3001d3a5774
021f3c597693b0cdea0724415e7b98b5d2ef0c294663809dbad7f4112e4b6885
13304d6a87a4c1defb1835526f8ca9c6e3001d3a577491aecbe805223f5c7996
24415e7b98b5d2ef0c294663809dbad7f4112e4b6885a2bfdcf91633506d8aa7
35526f8ca9c6e3001d3a577491aecbe805223f5c7996b3d0ed0a2744617e9bb8
4663809dbad7f4112e4b6885a2bfdcf91633506d8aa7c4e1fe1b3855728facc9
577491aecbe805223f5c7996b3d0ed0a2744617e9bb8d5f20f2c496683a0bdda
6885a2bfdcf91633506d8aa7c4e1fe1b3855728facc9e603203d5a7794b1ceeb
7996b3d0ed0a2744617e9bb8d5f20f2c496683a0bddaf714314e6b88a5c2dffc
8aa7c4e1fe1b3855728facc9e603203d5a7794b1ceeb0825425f7c99b6d3f00d
9bb8d5f20f2c496683a0bddaf714314e6b88a5c2dffc193653708daac7e4011e
acc9e603203d5a7794b1ceeb0825425f7c99b6d3f00d2a4764819ebbd8f5122f
bddaf714314e6b88a5c2dffc193653708daac7e4011e3b587592afcce9062340
ceeb0825425f7c99b6d3f00d2a4764819ebbd8f5122f4c6986a3c0ddfa173451
dffc193653708daac7e4011e3b587592afcce90623405d7a97b4d1ee0b284562
f00d2a4764819ebbd8f5122f4c6986a3c0ddfa1734516e8ba8c5e2ff1c395673
011e3b587592afcce90623405d7a97b4d1ee0b2845627f9cb9d6f3102d4a6784
122f4c6986a3c0ddfa1734516e8ba8c5e2ff1c39567390adcae704213e5b7895
23405d7a97b4d1ee0b2845627f9cb9d6f3102d4a6784a1bedbf815324f6c89a6
34516e8ba8c5e2ff1c39567390adcae704213e5b7895b2cfec092643607d9ab7
45627f9cb9d6f3102d4a6784a1bedbf815324f6c89a6c3e0fd1a3754718eabc8
567390adcae704213e5b7895b2cfec092643607d9ab7d4f10e2b4865829fbcd9
6784a1bedbf815324f6c89a6c3e0fd1a3754718eabc8e5021f3c597693b0cdea
7895b2cfec092643607d9ab7d4f10e2b4865829fbcd9f613304d6a87a4c1defb
89a6c3e0fd1a3754718eabc8e5021f3c597693b0cdea0724415e7b98b5d2ef0c
9ab7d4f10e2b4865829fbcd9f613304d6a87a4c1defb1835526f8ca9c6e3001d
abc8e5021f3c597693b0cdea0724415e7b98b5d2ef0c294663809dbad7f4112e
bcd9f613304d6a87a4c1defb1835526f8ca9c6e3001d3a577491aecbe805223f
cdea0724415e7b98b5d2ef0c294663809dbad7f4112e4b6885a2bfdcf9163350
defb1835526f8ca9c6e3001d3a577491aecbe805223f5c7996b3d0ed0a274461
ef0c294663809dbad7f4112e4b6885a2bfdcf91633506d8aa7c4e1fe1b385572
001d3a577491aecbe805223f5c7996b3d0ed0a2744617e9bb8d5f20f2c496683
112e4b6885a2bfdcf91633506d8aa7c4e1fe1b3855728facc9e603203d5a7794
223f5c7996b3d0ed0a2744617e9bb8d5f20f2c496683a0bddaf714314e6b88a5
33506d8aa7c4e1fe1b3855728facc9e603203d5a7794b1ceeb0825425f7c99b6
44617e9bb8d5f20f2c496683a0bddaf714314e6b88a5c2dffc193653708daac7
55728facc9e603203d5a7794b1ceeb0825425f7c99b6d3f00d2a4764819ebbd8
6683a0bddaf714314e6b88a5c2dffc193653708daac7e4011e3b587592afcce9
7794b1ceeb0825425f7c99b6d3f00d2a4764819ebbd8f5122f4c6986a3c0ddfa
88a5c2dffc193653708daac7e4011e3b587592afcce90623405d7a97b4d1ee0b
99b6d3f00d2a4764819ebbd8f5122f4c6986a3c0ddfa1734516e8ba8c5e2ff1c
aac7e4011e3b587592afcce90623405d7a97b4d1ee0b2845627f9cb9d6f3102d
bbd8f5122f4c6986a3c0ddfa1734516e8ba8c5e2ff1c39567390adcae704213e
cce90623405d7a97b4d1ee0b2845627f9cb9d6f3102d4a6784a1bedbf815324f
ddfa1734516e8ba8c5e2ff1c39567390adcae704213e5b7895b2cfec09264360
ee0b2845627f9cb9d6f3102d4a6784a1bedbf815324f6c89a6c3e0fd1a375471
ff1c39567390adcae704213e5b7895b2cfec092643607d9ab7d4f10e2b486582
102d4a6784a1bedbf815324f6c89a6c3e0fd1a3754718eabc8e5021f3c597693
213e5b7895b2cfec092643607d9ab7d4f10e2b4865829fbcd9f613304d6a87a4
324f6c89a6c3e0fd1a3754718eabc8e5021f3c597693b0cdea0724415e7b98b5
43607d9ab7d4f10e2b4865829fbcd9f613304d6a87a4c1defb1835526f8ca9c6
54718eabc8e5021f3c597693b0cdea0724415e7b98b5d2ef0c294663809dbad7
65829fbcd9f613304d6a87a4c1defb1835526f8ca9c6e3001d3a577491aecbe8
7693b0cdea0724415e7b98b5d2ef0c294663809dbad7f4112e4b6885a2bfdcf9
87a4c1defb1835526f8ca9c6e3001d3a577491aecbe805223f5c7996b3d0ed0a
98b5d2ef0c294663809dbad7f4112e4b6885a2bfdcf91633506d8aa7c4e1fe1b
a9c6e3001d3a577491aecbe805223f5c7996b3d0ed0a2744617e9bb8d5f20f2c
bad7f4112e4b6885a2bfdcf91633506d8aa7c4e1fe1b3855728facc9e603203d
cbe805223f5c7996b3d0ed0a2744617e9bb8d5f20f2c496683a0bddaf714314e
dcf91633506d8aa7c4e1fe1b3855728facc9e603203d5a7794b1ceeb0825425f
ed0a2744617e9bb8d5f20f2c496683a0bddaf714314e6b88a5c2dffc19365370
fe1b3855728facc9e603203d5a7794b1ceeb0825425f7c99b6d3f00d2a476481
0f2c496683a0bddaf714314e6b88a5c2dffc193653708daac7e4011e3b587592
203d5a7794b1ceeb0825425f7c99b6d3f00d2a4764819ebbd8f5122f4c6986a3
314e6b88a5c2dffc193653708daac7e4011e3b587592afcce90623405d7a97b4
425f7c99b6d3f00d2a4764819ebbd8f5122f4c6986a3c0ddfa1734516e8ba8c5
53708daac7e4011e3b587592afcce90623405d7a97b4d1ee0b2845627f9cb9d6
64819ebbd8f5122f4c6986a3c0ddfa1734516e8ba8c5e2ff1c39567390adcae7
7592afcce90623405d7a97b4d1ee0b2845627f9cb9d6f3102d4a6784a1bedbf8
86a3c0ddfa1734516e8ba8c5e2ff1c39567390adcae704213e5b7895b2cfec09
97b4d1ee0b2845627f9cb9d6f3102d4a6784a1bedbf815324f6c89a6c3e0fd1a
a8c5e2ff1c39567390adcae704213e5b7895b2cfec092643607d9ab7d4f10e2b
b9d6f3102d4a6784a1bedbf815324f6c89a6c3e0fd1a3754718eabc8e5021f3c
cae704213e5b7895b2cfec092643607d9ab7d4f10e2b4865829fbcd9f613304d
dbf815324f6c89a6c3e0fd1a3754718eabc8e5021f3c597693b0cdea0724415e
ec092643607d9ab7d4f10e2b4865829fbcd9f613304d6a87a4c1defb1835526f
fd1a3754718eabc8e5021f3c597693b0cdea0724415e7b98b5d2ef0c29466380
0e2b4865829fbcd9f613304d6a87a4c1defb1835526f8ca9c6e3001d3a577491
1f3c597693b0cdea0724415e7b98b5d2ef0c294663809dbad7f4112e4b6885a2
304d6a87a4c1defb1835526f8ca9c6e3001d3a577491aecbe805223f5c7996b3
415e7b98b5d2ef0c294663809dbad7f4112e4b6885a2bfdcf91633506d8aa7c4
526f8ca9c6e3001d3a577491aecbe805223f5c7996b3d0ed0a2744617e9bb8d5
63809dbad7f4112e4b6885a2bfdcf91633506d8aa7c4e1fe1b3855728facc9e6
7491aecbe805223f5c7996b3d0ed0a2744617e9bb8d5f20f2c496683a0bddaf7
85a2bfdcf91633506d8aa7c4e1fe1b3855728facc9e603203d5a7794b1ceeb08
96b3d0ed0a2744617e9bb8d5f20f2c496683a0bddaf714314e6b88a5c2dffc19
a7c4e1fe1b3855728facc9e603203d5a7794b1ceeb0825425f7c99b6d3f00d2a
b8d5f20f2c496683a0bddaf714314e6b88a5c2dffc193653708daac7e4011e3b
c9e603203d5a7794b1ceeb0825425f7c99b6d3f00d2a4764819ebbd8f5122f4c
daf714314e6b88a5c2dffc193653708daac7e4011e3b587592afcce90623405d
eb0825425f7c99b6d3f00d2a4764819ebbd8f5122f4c6986a3c0ddfa1734516e
fc193653708daac7e4011e3b587592afcce90623405d7a97b4d1ee0b2845627f
0d2a4764819ebbd8f5122f4c6986a3c0ddfa1734516e8ba8c5e2ff1c39567390
1e3b587592afcce90623405d7a97b4d1ee0b2845627f9cb9d6f3102d4a6784a1
2f4c6986a3c0ddfa1734516e8ba8c5e2ff1c39567390adcae704213e5b7895b2
405d7a97b4d1ee0b2845627f9cb9d6f3102d4a6784a1bedbf815324f6c89a6c3
516e8ba8c5e2ff1c39567390adcae704213e5b7895b2cfec092643607d9ab7d4
627f9cb9d6f3102d4a6784a1bedbf815324f6c89a6c3e0fd1a3754718eabc8e5
7390adcae704213e5b7895b2cfec092643607d9ab7d4f10e2b4865829fbcd9f6
84a1bedbf815324f6c89a6c3e0fd1a3754718eabc8e5021f3c597693b0cdea07
95b2cfec092643607d9ab7d4f10e2b4865829fbcd9f613304d6a87a4c1defb18
a6c3e0fd1a3754718eabc8e5021f3c597693b0cdea0724415e7b98b5d2ef0c29
b7d4f10e2b4865829fbcd9f613304d6a87a4c1defb1835526f8ca9c6e3001d3a
c8e5021f3c597693b0cdea0724415e7b98b5d2ef0c294663809dbad7f4112e4b
d9f613304d6a87a4c1defb1835526f8ca9c6e3001d3a577491aecbe805223f5c
ea0724415e7b98b5d2ef0c294663809dbad7f4112e4b6885a2bfdcf91633506d
fb1835526f8ca9c6e3001d3a577491aecbe805223f5c7996b3d0ed0a2744617e
0c294663809dbad7f4112e4b6885a2bfdcf91633506d8aa7c4e1fe1b3855728f
1d3a577491aecbe805223f5c7996b3d0ed0a2744617e9bb8d5f20f2c496683a0
2e4b6885a2bfdcf91633506d8aa7c4e1fe1b3855728facc9e603203d5a7794b1
3f5c7996b3d0ed0a2744617e9bb8d5f20f2c496683a0bddaf714314e6b88a5c2
506d8aa7c4e1fe1b3855728facc9e603203d5a7794b1ceeb0825425f7c99b6d3
617e9bb8d5f20f2c496683a0bddaf714314e6b88a5c2dffc193653708daac7e4
728facc9e603203d5a7794b1ceeb0825425f7c99b6d3f00d2a4764819ebbd8f5
83a0bddaf714314e6b88a5c2dffc193653708daac7e4011e3b587592afcce906
94b1ceeb0825425f7c99b6d3f00d2a4764819ebbd8f5122f4c6986a3c0ddfa17
a5c2dffc193653708daac7e4011e3b587592afcce90623405d7a97b4d1ee0b28
b6d3f00d2a4764819ebbd8f5122f4c6986a3c0ddfa1734516e8ba8c5e2ff1c39
c7e4011e3b587592afcce90623405d7a97b4d1ee0b2845627f9cb9d6f3102d4a
d8f5122f4c6986a3c0ddfa1734516e8ba8c5e2ff1c39567390adcae704213e5b
e90623405d7a97b4d1ee0b2845627f9cb9d6f3102d4a6784a1bedbf815324f6c
fa1734516e8ba8c5e2ff1c39567390adcae704213e5b7895b2cfec092643607d
0b2845627f9cb9d6f3102d4a6784a1bedbf815324f6c89a6c3e0fd1a3754718e
1c39567390adcae704213e5b7895b2cfec092643607d9ab7d4f10e2b4865829f
2d4a6784a1bedbf815324f6c89a6c3e0fd1a3754718eabc8e5021f3c597693b0
3e5b7895b2cfec092643607d9ab7d4f10e2b4865829fbcd9f613304d6a87a4c1
4f6c89a6c3e0fd1a3754718eabc8e5021f3c597693b0cdea0724415e7b98b5d2
607d9ab7d4f10e2b4865829fbcd9f613304d6a87a4c1defb1835526f8ca9c6e3
718eabc8e5021f3c597693b0cdea0724415e7b98b5d2ef0c294663809dbad7f4
829fbcd9f613304d6a87a4c1defb1835526f8ca9c6e3001d3a577491aecbe805
93b0cdea0724415e7b98b5d2ef0c294663809dbad7f4112e4b6885a2bfdcf916
a4c1defb1835526f8ca9c6e3001d3a577491aecbe805223f5c7996b3d0ed0a27
b5d2ef0c294663809dbad7f4112e4b6885a2bfdcf91633506d8aa7c4e1fe1b38
c6e3001d3a577491aecbe805223f5c7996b3d0ed0a2744617e9bb8d5f20f2c49
d7f4112e4b6885a2bfdcf91633506d8aa7c4e1fe1b3855728facc9e603203d5a
e805223f5c7996b3d0ed0a2744617e9bb8d5f20f2c496683a0bddaf714314e6b
f91633506d8aa7c4e1fe1b3855728facc9e603203d5a7794b1ceeb0825425f7c
0a2744617e9bb8d5f20f2c496683a0bddaf714314e6b88a5c2dffc193653708d
1b3855728facc9e603203d5a7794b1ceeb0825425f7c99b6d3f00d2a4764819e
2c496683a0bddaf714314e6b88a5c2dffc193653708daac7e4011e3b587592af
3d5a7794b1ceeb0825425f7c99b6d3f00d2a4764819ebbd8f5122f4c6986a3c0
4e6b88a5c2dffc193653708daac7e4011e3b587592afcce90623405d7a97b4d1
5f7c99b6d3f00d2a4764819ebbd8f5122f4c6986a3c0ddfa1734516e8ba8c5e2
708daac7e4011e3b587592afcce90623405d7a97b4d1ee0b2845627f9cb9d6f3
819ebbd8f5122f4c6986a3c0ddfa1734516e8ba8c5e2ff1c39567390adcae704
92afcce90623405d7a97b4d1ee0b2845627f9cb9d6f3102d4a6784a1bedbf815
a3c0ddfa1734516e8ba8c5e2ff1c39567390adcae704213e5b7895b2cfec0926
b4d1ee0b2845627f9cb9d6f3102d4a6784a1bedbf815324f6c89a6c3e0fd1a37
c5e2ff1c39567390adcae704213e5b7895b2cfec092643607d9ab7d4f10e2b48
d6f3102d4a6784a1bedbf815324f6c89a6c3e0fd1a3754718eabc8e5021f3c59
e704213e5b7895b2cfec092643607d9ab7d4f10e2b4865829fbcd9f613304d6a
f815324f6c89a6c3e0fd1a3754718eabc8e5021f3c597693b0cdea0724415e7b
092643607d9ab7d4f10e2b4865829fbcd9f613304d6a87a4c1defb1835526f8c
1a3754718eabc8e5021f3c597693b0cdea0724415e7b98b5d2ef0c294663809d
2b4865829fbcd9f613304d6a87a4c1defb1835526f8ca9c6e3001d3a577491ae
3c597693b0cdea0724415e7b98b5d2ef0c294663809dbad7f4112e4b6885a2bf
4d6a87a4c1defb1835526f8ca9c6e3001d3a577491aecbe805223f5c7996b3d0
5e7b98b5d2ef0c294663809dbad7f4112e4b6885a2bfdcf91633506d8aa7c4e1
6f8ca9c6e3001d3a577491aecbe805223f5c7996b3d0ed0a2744617e9bb8d5f2
809dbad7f4112e4b6885a2bfdcf91633506d8aa7c4e1fe1b3855728facc9e603
91aecbe805223f5c7996b3d0ed0a2744617e9bb8d5f20f2c496683a0bddaf714
a2bfdcf91633506d8aa7c4e1fe1b3855728facc9e603203d5a7794b1ceeb0825
b3d0ed0a2744617e9bb8d5f20f2c496683a0bddaf714314e6b88a5c2dffc1936
c4e1fe1b3855728facc9e603203d5a7794b1ceeb0825425f7c99b6d3f00d2a47
d5f20f2c496683a0bddaf714314e6b88a5c2dffc193653708daac7e4011e3b58
e603203d5a7794b1ceeb0825425f7c99b6d3f00d2a4764819ebbd8f5122f4c69
f714314e6b88a5c2dffc193653708daac7e4011e3b587592afcce90623405d7a
0825425f7c99b6d3f00d2a4764819ebbd8f5122f4c6986a3c0ddfa1734516e8b
193653708daac7e4011e3b587592afcce90623405d7a97b4d1ee0b2845627f9c
2a4764819ebbd8f5122f4c6986a3c0ddfa1734516e8ba8c5e2ff1c39567390ad
3b587592afcce90623405d7a97b4d1ee0b2845627f9cb9d6f3102d4a6784a1be
4c6986a3c0ddfa1734516e8ba8c5e2ff1c39567390adcae704213e5b7895b2cf
5d7a97b4d1ee0b2845627f9cb9d6f3102d4a6784a1bedbf815324f6c89a6c3e0
6e8ba8c5e2ff1c39567390adcae704213e5b7895b2cfec092643607d9ab7d4f1
7f9cb9d6f3102d4a6784a1bedbf815324f6c89a6c3e0fd1a3754718eabc8e502
90adcae704213e5b7895b2cfec092643607d9ab7d4f10e2b4865829fbcd9f613
a1bedbf815324f6c89a6c3e0fd1a3754718eabc8e5021f3c597693b0cdea0724
b2cfec092643607d9ab7d4f10e2b4865829fbcd9f613304d6a87a4c1defb1835
c3e0fd1a3754718eabc8e5021f3c597693b0cdea0724415e7b98b5d2ef0c2946
d4f10e2b4865829fbcd9f613304d6a87a4c1defb1835526f8ca9c6e3001d3a57
e5021f3c597693b0cdea0724415e7b98b5d2ef0c294663809dbad7f4112e4b68
f613304d6a87a4c1defb1835526f8ca9c6e3001d3a577491aecbe805223f5c79
0724415e7b98b5d2ef0c294663809dbad7f4112e4b6885a2bfdcf91633506d8a
1835526f8ca9c6e3001d3a577491aecbe805223f5c7996b3d0ed0a2744617e9b
294663809dbad7f4112e4b6885a2bfdcf91633506d8aa7c4e1fe1b3855728fac
3a577491aecbe805223f5c7996b3d0ed0a2744617e9bb8d5f20f2c496683a0bd
4b6885a2bfdcf91633506d8aa7c4e1fe1b3855728facc9e603203d5a7794b1ce
5c7996b3d0ed0a2744617e9bb8d5f20f2c496683a0bddaf714314e6b88a5c2df
6d8aa7c4e1fe1b3855728facc9e603203d5a7794b1ceeb0825425f7c99b6d3f0
7e9bb8d5f20f2c496683a0bddaf714314e6b88a5c2dffc193653708daac7e401
8facc9e603203d5a7794b1ceeb0825425f7c99b6d3f00d2a4764819ebbd8f512
a0bddaf714314e6b88a5c2dffc193653708daac7e4011e3b587592afcce90623
b1ceeb0825425f7c99b6d3f00d2a4764819ebbd8f5122f4c6986a3c0ddfa1734
c2dffc193653708daac7e4011e3b587592afcce90623405d7a97b4d1ee0b2845
d3f00d2a4764819ebbd8f5122f4c6986a3c0ddfa1734516e8ba8c5e2ff1c3956
e4011e3b587592afcce90623405d7a97b4d1ee0b2845627f9cb9d6f3102d4a67
f5122f4c6986a3c0ddfa1734516e8ba8c5e2ff1c39567390adcae704213e5b78
0623405d7a97b4d1ee0b2845627f9cb9d6f3102d4a6784a1bedbf815324f6c89
1734516e8ba8c5e2ff1c39567390adcae704213e5b7895b2cfec092643607d9a
2845627f9cb9d6f3102d4a6784a1bedbf815324f6c89a6c3e0fd1a3754718eab
39567390adcae704213e5b7895b2cfec092643607d9ab7d4f10e2b4865829fbc
4a6784a1bedbf815324f6c89a6c3e0fd1a3754718eabc8e5021f3c597693b0cd
5b7895b2cfec092643607d9ab7d4f10e2b4865829fbcd9f613304d6a87a4c1de
6c89a6c3e0fd1a3754718eabc8e5021f3c597693b0cdea0724415e7b98b5d2ef
7d9ab7d4f10e2b4865829fbcd9f613304d6a87a4c1defb1835526f8ca9c6e300
8eabc8e5021f3c597693b0cdea0724415e7b98b5d2ef0c294663809dbad7f411
9fbcd9f613304d6a87a4c1defb1835526f8ca9c6e3001d3a577491aecbe80522
b0cdea0724415e7b98b5d2ef0c294663809dbad7f4112e4b6885a2bfdcf91633
c1defb1835526f8ca9c6e3001d3a577491aecbe805223f5c7996b3d0ed0a2744
d2ef0c294663809dbad7f4112e4b6885a2bfdcf91633506d8aa7c4e1fe1b3855
e3001d3a577491aecbe805223f5c7996b3d0ed0a2744617e9bb8d5f20f2c4966
f4112e4b6885a2bfdcf91633506d8aa7c4e1fe1b3855728facc9e603203d5a77
05223f5c7996b3d0ed0a2744617e9bb8d5f20f2c496683a0bddaf714314e6b88
1633506d8aa7c4e1fe1b3855728facc9e603203d5a7794b1ceeb0825425f7c99
2744617e9bb8d5f20f2c496683a0bddaf714314e6b88a5c2dffc193653708daa
3855728facc9e603203d5a7794b1ceeb0825425f7c99b6d3f00d2a4764819ebb
496683a0bddaf714314e6b88a5c2dffc193653708daac7e4011e3b587592afcc
5a7794b1ceeb0825425f7c99b6d3f00d2a4764819ebbd8f5122f4c6986a3c0dd
6b88a5c2dffc193653708daac7e4011e3b587592afcce90623405d7a97b4d1ee
7c99b6d3f00d2a4764819ebbd8f5122f4c6986a3c0ddfa1734516e8ba8c5e2ff
8daac7e4011e3b587592afcce90623405d7a97b4d1ee0b2845627f9cb9d6f310
9ebbd8f5122f4c6986a3c0ddfa1734516e8ba8c5e2ff1c39567390adcae70421
afcce90623405d7a97b4d1ee0b2845627f9cb9d6f3102d4a6784a1bedbf81532
c0ddfa1734516e8ba8c5e2ff1c39567390adcae704213e5b7895b2cfec092643
d1ee0b2845627f9cb9d6f3102d4a6784a1bedbf815324f6c89a6c3e0fd1a3754
e2ff1c39567390adcae704213e5b7895b2cfec092643607d9ab7d4f10e2b4865
f3102d4a6784a1bedbf815324f6c89a6c3e0fd1a3754718eabc8e5021f3c5976
04213e5b7895b2cfec092643607d9ab7d4f10e2b4865829fbcd9f613304d6a87
15324f6c89a6c3e0fd1a3754718eabc8e5021f3c597693b0cdea0724415e7b98
2643607d9ab7d4f10e2b4865829fbcd9f613304d6a87a4c1defb1835526f8ca9
3754718eabc8e5021f3c597693b0cdea0724415e7b98b5d2ef0c294663809dba
4865829fbcd9f613304d6a87a4c1defb1835526f8ca9c6e3001d3a577491aecb
597693b0cdea0724415e7b98b5d2ef0c294663809dbad7f4112e4b6885a2bfdc
6a87a4c1defb1835526f8ca9c6e3001d3a577491aecbe805223f5c7996b3d0ed
7b98b5d2ef0c294663809dbad7f4112e4b6885a2bfdcf91633506d8aa7c4e1fe
8ca9c6e3001d3a577491aecbe805223f5c7996b3d0ed0a2744617e9bb8d5f20f
9dbad7f4112e4b6885a2bfdcf91633506d8aa7c4e1fe1b3855728facc9e60320
aecbe805223f5c7996b3d0ed0a2744617e9bb8d5f20f2c496683a0bddaf71431
bfdcf91633506d8aa7c4e1fe1b3855728facc9e603203d5a7794b1ceeb082542
d0ed0a2744617e9bb8d5f20f2c496683a0bddaf714314e6b88a5c2dffc193653
e1fe1b3855728facc9e603203d5a7794b1ceeb0825425f7c99b6d3f00d2a4764
f20f2c496683a0bddaf714314e6b88a5c2dffc193653708daac7e4011e3b5875
03203d5a7794b1ceeb0825425f7c99b6d3f00d2a4764819ebbd8f5122f4c6986
14314e6b88a5c2dffc193653708daac7e4011e3b587592afcce90623405d7a97
25425f7c99b6d3f00d2a4764819ebbd8f5122f4c6986a3c0ddfa1734516e8ba8
3653708daac7e4011e3b587592afcce90623405d7a97b4d1ee0b2845627f9cb9
4764819ebbd8f5122f4c6986a3c0ddfa1734516e8ba8c5e2ff1c39567390adca
587592afcce90623405d7a97b4d1ee0b2845627f9cb9d6f3102d4a6784a1bedb
6986a3c0ddfa1734516e8ba8c5e2ff1c39567390adcae704213e5b7895b2cfec
7a97b4d1ee0b2845627f9cb9d6f3102d4a6784a1bedbf815324f6c89a6c3e0fd
8ba8c5e2ff1c39567390adcae704213e5b7895b2cfec092643607d9ab7d4f10e
9cb9d6f3102d4a6784a1bedbf815324f6c89a6c3e0fd1a3754718eabc8e5021f
adcae704213e5b7895b2cfec092643607d9ab7d4f10e2b4865829fbcd9f61330
bedbf815324f6c89a6c3e0fd1a3754718eabc8e5021f3c597693b0cdea072441
cfec092643607d9ab7d4f10e2b4865829fbcd9f613304d6a87a4c1defb183552
e0fd1a3754718eabc8e5021f3c597693b0cdea0724415e7b98b5d2ef0c294663
f10e2b4865829fbcd9f613304d6a87a4c1defb1835526f8ca9c6e3001d3a5774
021f3c597693b0cdea0724415e7b98b5d2ef0c294663809dbad7f4112e4b6885
13304d6a87a4c1defb1835526f8ca9c6e3001d3a577491aecbe805223f5c7996
24415e7b98b5d2ef0c294663809dbad7f4112e4b6885a2bfdcf91633506d8aa7
35526f8ca9c6e3001d3a577491aecbe805223f5c7996b3d0ed0a2744617e9bb8
4663809dbad7f4112e4b6885a2bfdcf91633506d8aa7c4e1fe1b3855728facc9
577491aecbe805223f5c7996b3d0ed0a2744617e9bb8d5f20f2c496683a0bdda
6885a2bfdcf91633506d8aa7c4e1fe1b3855728facc9e603203d5a7794b1ceeb
7996b3d0ed0a2744617e9bb8d5f20f2c496683a0bddaf714314e6b88a5c2dffc
8aa7c4e1fe1b3855728facc9e603203d5a7794b1ceeb0825425f7c99b6d3f00d
9bb8d5f20f2c496683a0bddaf714314e6b88a5c2dffc193653708daac7e4011e
acc9e603203d5a7794b1ceeb0825425f7c99b6d3f00d2a4764819ebbd8f5122f
bddaf714314e6b88a5c2dffc193653708daac7e4011e3b587592afcce9062340
ceeb0825425f7c99b6d3f00d2a4764819ebbd8f5122f4c6986a3c0ddfa173451
dffc193653708daac7e4011e3b587592afcce90623405d7a97b4d1ee0b284562
f00d2a4764819ebbd8f5122f4c6986a3c0ddfa1734516e8ba8c5e2ff1c395673
011e3b587592afcce90623405d7a97b4d1ee0b2845627f9cb9d6f3102d4a6784
122f4c6986a3c0ddfa1734516e8ba8c5e2ff1c39567390adcae704213e5b7895
23405d7a97b4d1ee0b2845627f9cb9d6f3102d4a6784a1bedbf815324f6c89a6
34516e8ba8c5e2ff1c39567390adcae704213e5b7895b2cfec092643607d9ab7
45627f9cb9d6f3102d4a6784a1bedbf815324f6c89a6c3e0fd1a3754718eabc8
567390adcae704213e5b7895b2cfec092643607d9ab7d4f10e2b4865829fbcd9
6784a1bedbf815324f6c89a6c3e0fd1a3754718eabc8e5021f3c597693b0cdea
7895b2cfec092643607d9ab7d4f10e2b4865829fbcd9f613304d6a87a4c1defb
89a6c3e0fd1a3754718eabc8e5021f3c597693b0cdea0724415e7b98b5d2ef0c
9ab7d4f10e2b4865829fbcd9f613304d6a87a4c1defb1835526f8ca9c6e3001d
abc8e5021f3c597693b0cdea0724415e7b98b5d2ef0c294663809dbad7f4112e
bcd9f613304d6a87a4c1defb1835526f8ca9c6e3001d3a577491aecbe805223f
cdea0724415e7b98b5d2ef0c294663809dbad7f4112e4b6885a2bfdcf9163350
defb1835526f8ca9c6e3001d3a577491aecbe805223f5c7996b3d0ed0a274461
ef0c294663809dbad7f4112e4b6885a2bfdcf91633506d8aa7c4e1fe1b385572
001d3a577491aecbe805223f5c7996b3d0ed0a2744617e9bb8d5f20f2c496683
112e4b6885a2bfdcf91633506d8aa7c4e1fe1b3855728facc9e603203d5a7794
223f5c7996b3d0ed0a2744617e9bb8d5f20f2c496683a0bddaf714314e6b88a5
33506d8aa7c4e1fe1b3855728facc9e603203d5a7794b1ceeb0825425f7c99b6
44617e9bb8d5f20f2c496683a0bddaf714314e6b88a5c2dffc193653708daac7
55728facc9e603203d5a7794b1ceeb0825425f7c99b6d3f00d2a4764819ebbd8
6683a0bddaf714314e6b88a5c2dffc193653708daac7e4011e3b587592afcce9
7794b1ceeb0825425f7c99b6d3f00d2a4764819ebbd8f5122f4c6986a3c0ddfa
88a5c2dffc193653708daac7e4011e3b587592afcce90623405d7a97b4d1ee0b
99b6d3f00d2a4764819ebbd8f5122f4c6986a3c0ddfa1734516e8ba8c5e2ff1c
aac7e4011e3b587592afcce90623405d7a97b4d1ee0b2845627f9cb9d6f3102d
bbd8f5122f4c6986a3c0ddfa1734516e8ba8c5e2ff1c39567390adcae704213e
cce90623405d7a97b4d1ee0b2845627f9cb9d6f3102d4a6784a1bedbf815324f
ddfa1734516e8ba8c5e2ff1c39567390adcae704213e5b7895b2cfec09264360
ee0b2845627f9cb9d6f3102d4a6784a1bedbf815324f6c89a6c3e0fd1a375471
ff1c39567390adcae704213e5b7895b2cfec092643607d9ab7d4f10e2b486582
102d4a6784a1bedbf815324f6c89a6c3e0fd1a3754718eabc8e5021f3c597693
213e5b7895b2cfec092643607d9ab7d4f10e2b4865829fbcd9f613304d6a87a4
324f6c89a6c3e0fd1a3754718eabc8e5021f3c597693b0cdea0724415e7b98b5
43607d9ab7d4f10e2b4865829fbcd9f613304d6a87a4c1defb1835526f8ca9c6
54718eabc8e5021f3c597693b0cdea0724415e7b98b5d2ef0c294663809dbad7
65829fbcd9f613304d6a87a4c1defb1835526f8ca9c6e3001d3a577491aecbe8
7693b0cdea0724415e7b98b5d2ef0c294663809dbad7f4112e4b6885a2bfdcf9
87a4c1defb1835526f8ca9c6e3001d3a577491aecbe805223f5c7996b3d0ed0a
98b5d2ef0c294663809dbad7f4112e4b6885a2bfdcf91633506d8aa7c4e1fe1b
a9c6e3001d3a577491aecbe805223f5c7996b3d0ed0a2744617e9bb8d5f20f2c
bad7f4112e4b6885a2bfdcf91633506d8aa7c4e1fe1b3855728facc9e603203d
cbe805223f5c7996b3d0ed0a2744617e9bb8d5f20f2c496683a0bddaf714314e
dcf91633506d8aa7c4e1fe1b3855728facc9e603203d5a7794b1ceeb0825425f
ed0a2744617e9bb8d5f20f2c496683a0bddaf714314e6b88a5c2dffc19365370
fe1b3855728facc9e603203d5a7794b1ceeb0825425f7c99b6d3f00d2a476481
0f2c496683a0bddaf714314e6b88a5c2dffc193653708daac7e4011e3b587592
203d5a7794b1ceeb0825425f7c99b6d3f00d2a4764819ebbd8f5122f4c6986a3
314e6b88a5c2dffc193653708daac7e4011e3b587592afcce90623405d7a97b4
425f7c99b6d3f00d2a4764819ebbd8f5122f4c6986a3c0ddfa1734516e8ba8c5
53708daac7e4011e3b587592afcce90623405d7a97b4d1ee0b2845627f9cb9d6
64819ebbd8f5122f4c6986a3c0ddfa1734516e8ba8c5e2ff1c39567390adcae7
7592afcce90623405d7a97b4d1ee0b2845627f9cb9d6f3102d4a6784a1bedbf8
86a3c0ddfa1734516e8ba8c5e2ff1c39567390adcae704213e5b7895b2cfec09
97b4d1ee0b2845627f9cb9d6f3102d4a6784a1bedbf815324f6c89a6c3e0fd1a
a8c5e2ff1c39567390adcae704213e5b7895b2cfec092643607d9ab7d4f10e2b
b9d6f3102d4a6784a1bedbf815324f6c89a6c3e0fd1a3754718eabc8e5021f3c
cae704213e5b7895b2cfec092643607d9ab7d4f10e2b4865829fbcd9f613304d
dbf815324f6c89a6c3e0fd1a3754718eabc8e5021f3c597693b0cdea0724415e
ec092643607d9ab7d4f10e2b4865829fbcd9f613304d6a87a4c1defb1835526f
fd1a3754718eabc8e5021f3c597693b0cdea0724415e7b98b5d2ef0c29466380
0e2b4865829fbcd9f613304d6a87a4c1defb1835526f8ca9c6e3001d3a577491
1f3c597693b0cdea0724415e7b98b5d2ef0c294663809dbad7f4112e4b6885a2
304d6a87a4c1defb1835526f8ca9c6e3001d3a577491aecbe805223f5c7996b3
415e7b98b5d2ef0c294663809dbad7f4112e4b6885a2bfdcf91633506d8aa7c4
526f8ca9c6e3001d3a577491aecbe805223f5c7996b3d0ed0a2744617e9bb8d5
63809dbad7f4112e4b6885a2bfdcf91633506d8aa7c4e1fe1b3855728facc9e6
7491aecbe805223f5c7996b3d0ed0a2744617e9bb8d5f20f2c496683a0bddaf7
85a2bfdcf91633506d8aa7c4e1fe1b3855728facc9e603203d5a7794b1ceeb08
96b3d0ed0a2744617e9bb8d5f20f2c496683a0bddaf714314e6b88a5c2dffc19
a7c4e1fe1b3855728facc9e603203d5a7794b1ceeb0825425f7c99b6d3f00d2a
b8d5f20f2c496683a0bddaf714314e6b88a5c2dffc193653708daac7e4011e3b
c9e603203d5a7794b1ceeb0825425f7c99b6d3f00d2a4764819ebbd8f5122f4c
daf714314e6b88a5c2dffc193653708daac7e4011e3b587592afcce90623405d
eb0825425f7c99b6d3f00d2a4764819ebbd8f5122f4c6986a3c0ddfa1734516e
fc193653708daac7e4011e3b587592afcce90623405d7a97b4d1ee0b2845627f
0d2a4764819ebbd8f5122f4c6986a3c0ddfa1734516e8ba8c5e2ff1c39567390
1e3b587592afcce90623405d7a97b4d1ee0b2845627f9cb9d6f3102d4a6784a1
2f4c6986a3c0ddfa1734516e8ba8c5e2ff1c39567390adcae704213e5b7895b2
405d7a97b4d1ee0b2845627f9cb9d6f3102d4a6784a1bedbf815324f6c89a6c3
516e8ba8c5e2ff1c39567390adcae704213e5b7895b2cfec092643607d9ab7d4
627f9cb9d6f3102d4a6784a1bedbf815324f6c89a6c3e0fd1a3754718eabc8e5
7390adcae704213e5b7895b2cfec092643607d9ab7d4f10e2b4865829fbcd9f6
84a1bedbf815324f6c89a6c3e0fd1a3754718eabc8e5021f3c597693b0cdea07
95b2cfec092643607d9ab7d4f10e2b4865829fbcd9f613304d6a87a4c1defb18
a6c3e0fd1a3754718eabc8e5021f3c597693b0cdea0724415e7b98b5d2ef0c29
b7d4f10e2b4865829fbcd9f613304d6a87a4c1defb1835526f8ca9c6e3001d3a
c8e5021f3c597693b0cdea0724415e7b98b5d2ef0c294663809dbad7f4112e4b
d9f613304d6a87a4c1defb1835526f8ca9c6e3001d3a577491aecbe805223f5c
ea0724415e7b98b5d2ef0c294663809dbad7f4112e4b6885a2bfdcf91633506d
fb1835526f8ca9c6e3001d3a577491aecbe805223f5c7996b3d0ed0a2744617e
0c294663809dbad7f4112e4b6885a2bfdcf91633506d8aa7c4e1fe1b3855728f
1d3a577491aecbe805223f5c7996b3d0ed0a2744617e9bb8d5f20f2c496683a0
2e4b6885a2bfdcf91633506d8aa7c4e1fe1b3855728facc9e603203d5a7794b1
3f5c7996b3d0ed0a2744617e9bb8d5f20f2c496683a0bddaf714314e6b88a5c2
506d8aa7c4e1fe1b3855728facc9e603203d5a7794b1ceeb0825425f7c99b6d3
617e9bb8d5f20f2c496683a0bddaf714314e6b88a5c2dffc193653708daac7e4
728facc9e603203d5a7794b1ceeb0825425f7c99b6d3f00d2a4764819ebbd8f5
83a0bddaf714314e6b88a5c2dffc193653708daac7e4011e3b587592afcce906
94b1ceeb0825425f7c99b6d3f00d2a4764819ebbd8f5122f4c6986a3c0ddfa17
a5c2dffc193653708daac7e4011e3b587592afcce90623405d7a97b4d1ee0b28
b6d3f00d2a4764819ebbd8f5122f4c6986a3c0ddfa1734516e8ba8c5e2ff1c39
c7e4011e3b587592afcce90623405d7a97b4d1ee0b2845627f9cb9d6f3102d4a
d8f5122f4c6986a3c0ddfa1734516e8ba8c5e2ff1c39567390adcae704213e5b
e90623405d7a97b4d1ee0b2845627f9cb9d6f3102d4a6784a1bedbf815324f6c
fa1734516e8ba8c5e2ff1c39567390adcae704213e5b7895b2cfec092643607d
0b2845627f9cb9d6f3102d4a6784a1bedbf815324f6c89a6c3e0fd1a3754718e
1c39567390adcae704213e5b7895b2cfec092643607d9ab7d4f10e2b4865829f
2d4a6784a1bedbf815324f6c89a6c3e0fd1a3754718eabc8e5021f3c597693b0
3e5b7895b2cfec092643607d9ab7d4f10e2b4865829fbcd9f613304d6a87a4c1
4f6c89a6c3e0fd1a3754718eabc8e5021f3c597693b0cdea0724415e7b98b5d2
607d9ab7d4f10e2b4865829fbcd9f613304d6a87a4c1defb1835526f8ca9c6e3
718eabc8e5021f3c597693b0cdea0724415e7b98b5d2ef0c294663809dbad7f4
829fbcd9f613304d6a87a4c1defb1835526f8ca9c6e3001d3a577491aecbe805
93b0cdea0724415e7b98b5d2ef0c294663809dbad7f4112e4b6885a2bfdcf916
a4c1defb1835526f8ca9c6e3001d3a577491aecbe805223f5c7996b3d0ed0a27
b5d2ef0c294663809dbad7f4112e4b6885a2bfdcf91633506d8aa7c4e1fe1b38
c6e3001d3a577491aecbe805223f5c7996b3d0ed0a2744617e9bb8d5f20f2c49
d7f4112e4b6885a2bfdcf91633506d8aa7c4e1fe1b3855728facc9e603203d5a
e805223f5c7996b3d0ed0a2744617e9bb8d5f20f2c496683a0bddaf714314e6b
f91633506d8aa7c4e1fe1b3855728facc9e603203d5a7794b1ceeb0825425f7c
0a2744617e9bb8d5f20f2c496683a0bddaf714314e6b88a5c2dffc193653708d
1b3855728facc9e603203d5a7794b1ceeb0825425f7c99b6d3f00d2a4764819e
2c496683a0bddaf714314e6b88a5c2dffc193653708daac7e4011e3b587592af
3d5a7794b1ceeb0825425f7c99b6d3f00d2a4764819ebbd8f5122f4c6986a3c0
4e6b88a5c2dffc193653708daac7e4011e3b587592afcce90623405d7a97b4d1
5f7c99b6d3f00d2a4764819ebbd8f5122f4c6986a3c0ddfa1734516e8ba8c5e2
708daac7e4011e3b587592afcce90623405d7a97b4d1ee0b2845627f9cb9d6f3
819ebbd8f5122f4c6986a3c0ddfa1734516e8ba8c5e2ff1c39567390adcae704
92afcce90623405d7a97b4d1ee0b2845627f9cb9d6f3102d4a6784a1bedbf815
a3c0ddfa1734516e8ba8c5e2ff1c39567390adcae704213e5b7895b2cfec0926
b4d1ee0b2845627f9cb9d6f3102d4a6784a1bedbf815324f6c89a6c3e0fd1a37
c5e2ff1c39567390adcae704213e5b7895b2cfec092643607d9ab7d4f10e2b48
d6f3102d4a6784a1bedbf815324f6c89a6c3e0fd1a3754718eabc8e5021f3c59
e704213e5b7895b2cfec092643607d9ab7d4f10e2b4865829fbcd9f613304d6a
f815324f6c89a6c3e0fd1a3754718eabc8e5021f3c597693b0cdea0724415e7b
092643607d9ab7d4f10e2b4865829fbcd9f613304d6a87a4c1defb1835526f8c
1a3754718eabc8e5021f3c597693b0cdea0724415e7b98b5d2ef0c294663809d
2b4865829fbcd9f613304d6a87a4c1defb1835526f8ca9c6e3001d3a577491ae
3c597693b0cdea0724415e7b98b5d2ef0c294663809dbad7f4112e4b6885a2bf
4d6a87a4c1defb1835526f8ca9c6e3001d3a577491aecbe805223f5c7996b3d0
5e7b98b5d2ef0c294663809dbad7f4112e4b6885a2bfdcf91633506d8aa7c4e1
6f8ca9c6e3001d3a577491aecbe805223f5c7996b3d0ed0a2744617e9bb8d5f2
809dbad7f4112e4b6885a2bfdcf91633506d8aa7c4e1fe1b3855728facc9e603
91aecbe805223f5c7996b3d0ed0a2744617e9bb8d5f20f2c496683a0bddaf714
a2bfdcf91633506d8aa7c4e1fe1b3855728facc9e603203d5a7794b1ceeb0825
b3d0ed0a2744617e9bb8d5f20f2c496683a0bddaf714314e6b88a5c2dffc1936
c4e1fe1b3855728facc9e603203d5a7794b1ceeb0825425f7c99b6d3f00d2a47
d5f20f2c496683a0bddaf714314e6b88a5c2dffc193653708daac7e4011e3b58
e603203d5a7794b1ceeb0825425f7c99b6d3f00d2a4764819ebbd8f5122f4c69
f714314e6b88a5c2dffc193653708daac7e4011e3b587592afcce90623405d7a
0825425f7c99b6d3f00d2a4764819ebbd8f5122f4c6986a3c0ddfa1734516e8b
193653708daac7e4011e3b587592afcce90623405d7a97b4d1ee0b2845627f9c
2a4764819ebbd8f5122f4c6986a3c0ddfa1734516e8ba8c5e2ff1c39567390ad
3b587592afcce90623405d7a97b4d1ee0b2845627f9cb9d6f3102d4a6784a1be
4c6986a3c0ddfa1734516e8ba8c5e2ff1c39567390adcae704213e5b7895b2cf
5d7a97b4d1ee0b2845627f9cb9d6f3102d4a6784a1bedbf815324f6c89a6c3e0
6e8ba8c5e2ff1c39567390adcae704213e5b7895b2cfec092643607d9ab7d4f1
7f9cb9d6f3102d4a6784a1bedbf815324f6c89a6c3e0fd1a3754718eabc8e502
90adcae704213e5b7895b2cfec092643607d9ab7d4f10e2b4865829fbcd9f613
a1bedbf815324f6c89a6c3e0fd1a3754718eabc8e5021f3c597693b0cdea0724
b2cfec092643607d9ab7d4f10e2b4865829fbcd9f613304d6a87a4c1defb1835
c3e0fd1a3754718eabc8e5021f3c597693b0cdea0724415e7b98b5d2ef0c2946
d4f10e2b4865829fbcd9f613304d6a87a4c1defb1835526f8ca9c6e3001d3a57
e5021f3c597693b0cdea0724415e7b98b5d2ef0c294663809dbad7f4112e4b68
f613304d6a87a4c1defb1835526f8ca9c6e3001d3a577491aecbe805223f5c79
0724415e7b98b5d2ef0c294663809dbad7f4112e4b6885a2bfdcf91633506d8a
1835526f8ca9c6e3001d3a577491aecbe805223f5c7996b3d0ed0a2744617e9b
294663809dbad7f4112e4b6885a2bfdcf91633506d8aa7c4e1fe1b3855728fac
3a577491aecbe805223f5c7996b3d0ed0a2744617e9bb8d5f20f2c496683a0bd
4b6885a2bfdcf91633506d8aa7c4e1fe1b3855728facc9e603203d5a7794b1ce
5c7996b3d0ed0a2744617e9bb8d5f20f2c496683a0bddaf714314e6b88a5c2df
6d8aa7c4e1fe1b3855728facc9e603203d5a7794b1ceeb0825425f7c99b6d3f0
7e9bb8d5f20f2c496683a0bddaf714314e6b88a5c2dffc193653708daac7e401
8facc9e603203d5a7794b1ceeb0825425f7c99b6d3f00d2a4764819ebbd8f512
a0bddaf714314e6b88a5c2dffc193653708daac7e4011e3b587592afcce90623
b1ceeb0825425f7c99b6d3f00d2a4764819ebbd8f5122f4c6986a3c0ddfa1734
c2dffc193653708daac7e4011e3b587592afcce90623405d7a97b4d1ee0b2845
d3f00d2a4764819ebbd8f5122f4c6986a3c0ddfa1734516e8ba8c5e2ff1c3956
e4011e3b587592afcce90623405d7a97b4d1ee0b2845627f9cb9d6f3102d4a67
f5122f4c6986a3c0ddfa1734516e8ba8c5e2ff1c39567390adcae704213e5b78
0623405d7a97b4d1ee0b2845627f9cb9d6f3102d4a6784a1bedbf815324f6c89
1734516e8ba8c5e2ff1c39567390adcae704213e5b7895b2cfec092643607d9a
2845627f9cb9d6f3102d4a6784a1bedbf815324f6c89a6c3e0fd1a3754718eab
39567390adcae704213e5b7895b2cfec092643607d9ab7d4f10e2b4865829fbc
4a6784a1bedbf815324f6c89a6c3e0fd1a3754718eabc8e5021f3c597693b0cd
5b7895b2cfec092643607d9ab7d4f10e2b4865829fbcd9f613304d6a87a4c1de
6c89a6c3e0fd1a3754718eabc8e5021f3c597693b0cdea0724415e7b98b5d2ef
7d9ab7d4f10e2b4865829fbcd9f613304d6a87a4c1defb1835526f8ca9c6e300
8eabc8e5021f3c597693b0cdea0724415e7b98b5d2ef0c294663809dbad7f411
9fbcd9f613304d6a87a4c1defb1835526f8ca9c6e3001d3a577491aecbe80522
b0cdea0724415e7b98b5d2ef0c294663809dbad7f4112e4b6885a2bfdcf91633
c1defb1835526f8ca9c6e3001d3a577491aecbe805223f5c7996b3d0ed0a2744
d2ef0c294663809dbad7f4112e4b6885a2bfdcf91633506d8aa7c4e1fe1b3855
e3001d3a577491aecbe805223f5c7996b3d0ed0a2744617e9bb8d5f20f2c4966
f4112e4b6885a2bfdcf91633506d8aa7c4e1fe1b3855728facc9e603203d5a77
05223f5c7996b3d0ed0a2744617e9bb8d5f20f2c496683a0bddaf714314e6b88
1633506d8aa7c4e1fe1b3855728facc9e603203d5a7794b1ceeb0825425f7c99
2744617e9bb8d5f20f2c496683a0bddaf714314e6b88a5c2dffc193653708daa
3855728facc9e603203d5a7794b1ceeb0825425f7c99b6d3f00d2a4764819ebb
496683a0bddaf714314e6b88a5c2dffc193653708daac7e4011e3b587592afcc
5a7794b1ceeb0825425f7c99b6d3f00d2a4764819ebbd8f5122f4c6986a3c0dd
6b88a5c2dffc193653708daac7e4011e3b587592afcce90623405d7a97b4d1ee
7c99b6d3f00d2a4764819ebbd8f5122f4c6986a3c0ddfa1734516e8ba8c5e2ff
8daac7e4011e3b587592afcce90623405d7a97b4d1ee0b2845627f9cb9d6f310
9ebbd8f5122f4c6986a3c0ddfa1734516e8ba8c5e2ff1c39567390adcae70421
afcce90623405d7a97b4d1ee0b2845627f9cb9d6f3102d4a6784a1bedbf81532
c0ddfa1734516e8ba8c5e2ff1c39567390adcae704213e5b7895b2cfec092643
d1ee0b2845627f9cb9d6f3102d4a6784a1bedbf815324f6c89a6c3e0fd1a3754
e2ff1c39567390adcae704213e5b7895b2cfec092643607d9ab7d4f10e2b4865
f3102d4a6784a1bedbf815324f6c89a6c3e0fd1a3754718eabc8e5021f3c5976
04213e5b7895b2cfec092643607d9ab7d4f10e2b4865829fbcd9f613304d6a87
15324f6c89a6c3e0fd1a3754718eabc8e5021f3c597693b0cdea0724415e7b98
2643607d9ab7d4f10e2b4865829fbcd9f613304d6a87a4c1defb1835526f8ca9
3754718eabc8e5021f3c597693b0cdea0724415e7b98b5d2ef0c294663809dba
4865829fbcd9f613304d6a87a4c1defb1835526f8ca9c6e3001d3a577491aecb
597693b0cdea0724415e7b98b5d2ef0c294663809dbad7f4112e4b6885a2bfdc
6a87a4c1defb1835526f8ca9c6e3001d3a577491aecbe805223f5c7996b3d0ed
7b98b5d2ef0c294663809dbad7f4112e4b6885a2bfdcf91633506d8aa7c4e1fe
8ca9c6e3001d3a577491aecbe805223f5c7996b3d0ed0a2744617e9bb8d5f20f
9dbad7f4112e4b6885a2bfdcf91633506d8aa7c4e1fe1b3855728facc9e60320
aecbe805223f5c7996b3d0ed0a2744617e9bb8d5f20f2c496683a0bddaf71431
bfdcf91633506d8aa7c4e1fe1b3855728facc9e603203d5a7794b1ceeb082542
d0ed0a2744617e9bb8d5f20f2c496683a0bddaf714314e6b88a5c2dffc193653
e1fe1b3855728facc9e603203d5a7794b1ceeb0825425f7c99b6d3f00d2a4764
f20f2c496683a0bddaf714314e6b88a5c2dffc193653708daac7e4011e3b5875
03203d5a7794b1ceeb0825425f7c99b6d3f00d2a4764819ebbd8f5122f4c6986
14314e6b88a5c2dffc193653708daac7e4011e3b587592afcce90623405d7a97
25425f7c99b6d3f00d2a4764819ebbd8f5122f4c6986a3c0ddfa1734516e8ba8
3653708daac7e4011e3b587592afcce90623405d7a97b4d1ee0b2845627f9cb9
4764819ebbd8f5122f4c6986a3c0ddfa1734516e8ba8c5e2ff1c39567390adca
587592afcce90623405d7a97b4d1ee0b2845627f9cb9d6f3102d4a6784a1bedb
6986a3c0ddfa1734516e8ba8c5e2ff1c39567390adcae704213e5b7895b2cfec
7a97b4d1ee0b2845627f9cb9d6f3102d4a6784a1bedbf815324f6c89a6c3e0fd
8ba8c5e2ff1c39567390adcae704213e5b7895b2cfec092643607d9ab7d4f10e
9cb9d6f3102d4a6784a1bedbf815324f6c89a6c3e0fd1a3754718eabc8e5021f
adcae704213e5b7895b2cfec092643607d9ab7d4f10e2b4865829fbcd9f61330
bedbf815324f6c89a6c3e0fd1a3754718eabc8e5021f3c597693b0cdea072441
cfec092643607d9ab7d4f10e2b4865829fbcd9f613304d6a87a4c1defb183552
e0fd1a3754718eabc8e5021f3c597693b0cdea0724415e7b98b5d2ef0c294663
f10e2b4865829fbcd9f613304d6a87a4c1defb1835526f8ca9c6e3001d3a5774
021f3c597693b0cdea0724415e7b98b5d2ef0c294663809dbad7f4112e4b6885
13304d6a87a4c1defb1835526f8ca9c6e3001d3a577491aecbe805223f5c7996
24415e7b98b5d2ef0c294663809dbad7f4112e4b6885a2bfdcf91633506d8aa7
35526f8ca9c6e3001d3a577491aecbe805223f5c7996b3d0ed0a2744617e9bb8
4663809dbad7f4112e4b6885a2bfdcf91633506d8aa7c4e1fe1b3855728facc9
577491aecbe805223f5c7996b3d0ed0a2744617e9bb8d5f20f2c496683a0bdda
6885a2bfdcf91633506d8aa7c4e1fe1b3855728facc9e603203d5a7794b1ceeb
7996b3d0ed0a2744617e9bb8d5f20f2c496683a0bddaf714314e6b88a5c2dffc
8aa7c4e1fe1b3855728facc9e603203d5a7794b1ceeb0825425f7c99b6d3f00d
9bb8d5f20f2c496683a0bddaf714314e6b88a5c2dffc193653708daac7e4011e
acc9e603203d5a7794b1ceeb0825425f7c99b6d3f00d2a4764819ebbd8f5122f
bddaf714314e6b88a5c2dffc193653708daac7e4011e3b587592afcce9062340
ceeb0825425f7c99b6d3f00d2a4764819ebbd8f5122f4c6986a3c0ddfa173451
dffc193653708daac7e4011e3b587592afcce90623405d7a97b4d1ee0b284562
f00d2a4764819ebbd8f5122f4c6986a3c0ddfa1734516e8ba8c5e2ff1c395673
011e3b587592afcce90623405d7a97b4d1ee0b2845627f9cb9d6f3102d4a6784
122f4c6986a3c0ddfa1734516e8ba8c5e2ff1c39567390adcae704213e5b7895
23405d7a97b4d1ee0b2845627f9cb9d6f3102d4a6784a1bedbf815324f6c89a6
34516e8ba8c5e2ff1c39567390adcae704213e5b7895b2cfec092643607d9ab7
45627f9cb9d6f3102d4a6784a1bedbf815324f6c89a6c3e0fd1a3754718eabc8
567390adcae704213e5b7895b2cfec092643607d9ab7d4f10e2b4865829fbcd9
6784a1bedbf815324f6c89a6c3e0fd1a3754718eabc8e5021f3c597693b0cdea
7895b2cfec092643607d9ab7d4f10e2b4865829fbcd9f613304d6a87a4c1defb
89a6c3e0fd1a3754718eabc8e5021f3c597693b0cdea0724415e7b98b5d2ef0c
9ab7d4f10e2b4865829fbcd9f613304d6a87a4c1defb1835526f8ca9c6e3001d
abc8e5021f3c597693b0cdea0724415e7b98b5d2ef0c294663809dbad7f4112e
bcd9f613304d6a87a4c1defb1835526f8ca9c6e3001d3a577491aecbe805223f
cdea0724415e7b98b5d2ef0c294663809dbad7f4112e4b6885a2bfdcf9163350
defb1835526f8ca9c6e3001d3a577491aecbe805223f5c7996b3d0ed0a274461
ef0c294663809dbad7f4112e4b6885a2bfdcf91633506d8aa7c4e1fe1b385572
001d3a577491aecbe805223f5c7996b3d0ed0a2744617e9bb8d5f20f2c496683
112e4b6885a2bfdcf91633506d8aa7c4e1fe1b3855728facc9e603203d5a7794
223f5c7996b3d0ed0a2744617e9bb8d5f20f2c496683a0bddaf714314e6b88a5
33506d8aa7c4e1fe1b3855728facc9e603203d5a7794b1ceeb0825425f7c99b6
44617e9bb8d5f20f2c496683a0bddaf714314e6b88a5c2dffc193653708daac7
55728facc9e603203d5a7794b1ceeb0825425f7c99b6d3f00d2a4764819ebbd8
6683a0bddaf714314e6b88a5c2dffc193653708daac7e4011e3b587592afcce9
7794b1ceeb0825425f7c99b6d3f00d2a4764819ebbd8f5122f4c6986a3c0ddfa
88a5c2dffc193653708daac7e4011e3b587592afcce90623405d7a97b4d1ee0b
99b6d3f00d2a4764819ebbd8f5122f4c6986a3c0ddfa1734516e8ba8c5e2ff1c
aac7e4011e3b587592afcce90623405d7a97b4d1ee0b2845627f9cb9d6f3102d
bbd8f5122f4c6986a3c0ddfa1734516e8ba8c5e2ff1c39567390adcae704213e
cce90623405d7a97b4d1ee0b2845627f9cb9d6f3102d4a6784a1bedbf815324f
ddfa1734516e8ba8c5e2ff1c39567390adcae704213e5b7895b2cfec09264360
ee0b2845627f9cb9d6f3102d4a6784a1bedbf815324f6c89a6c3e0fd1a375471
ff1c39567390adcae704213e5b7895b2cfec092643607d9ab7d4f10e2b486582
102d4a6784a1bedbf815324f6c89a6c3e0fd1a3754718eabc8e5021f3c597693
213e5b7895b2cfec092643607d9ab7d4f10e2b4865829fbcd9f613304d6a87a4
324f6c89a6c3e0fd1a3754718eabc8e5021f3c597693b0cdea0724415e7b98b5
43607d9ab7d4f10e2b4865829fbcd9f613304d6a87a4c1defb1835526f8ca9c6
54718eabc8e5021f3c597693b0cdea0724415e7b98b5d2ef0c294663809dbad7
65829fbcd9f613304d6a87a4c1defb1835526f8ca9c6e3001d3a577491aecbe8
7693b0cdea0724415e7b98b5d2ef0c294663809dbad7f4112e4b6885a2bfdcf9
87a4c1defb1835526f8ca9c6e3001d3a577491aecbe805223f5c7996b3d0ed0a
98b5d2ef0c294663809dbad7f4112e4b6885a2bfdcf91633506d8aa7c4e1fe1b
a9c6e3001d3a577491aecbe805223f5c7996b3d0ed0a2744617e9bb8d5f20f2c
bad7f4112e4b6885a2bfdcf91633506d8aa7c4e1fe1b3855728facc9e603203d
cbe805223f5c7996b3d0ed0a2744617e9bb8d5f20f2c496683a0bddaf714314e
dcf91633506d8aa7c4e1fe1b3855728facc9e603203d5a7794b1ceeb0825425f
ed0a2744617e9bb8d5f20f2c496683a0bddaf714314e6b88a5c2dffc19365370
fe1b3855728facc9e603203d5a7794b1ceeb0825425f7c99b6d3f00d2a476481
0f2c496683a0bddaf714314e6b88a5c2dffc193653708daac7e4011e3b587592
203d5a7794b1ceeb0825425f7c99b6d3f00d2a4764819ebbd8f5122f4c6986a3
314e6b88a5c2dffc193653708daac7e4011e3b587592afcce90623405d7a97b4
425f7c99b6d3f00d2a4764819ebbd8f5122f4c6986a3c0ddfa1734516e8ba8c5
53708daac7e4011e3b587592afcce90623405d7a97b4d1ee0b2845627f9cb9d6
64819ebbd8f5122f4c6986a3c0ddfa1734516e8ba8c5e2ff1c39567390adcae7
7592afcce90623405d7a97b4d1ee0b2845627f9cb9d6f3102d4a6784a1bedbf8
86a3c0ddfa1734516e8ba8c5e2ff1c39567390adcae704213e5b7895b2cfec09
97b4d1ee0b2845627f9cb9d6f3102d4a6784a1bedbf815324f6c89a6c3e0fd1a
a8c5e2ff1c39567390adcae704213e5b7895b2cfec092643607d9ab7d4f10e2b
b9d6f3102d4a6784a1bedbf815324f6c89a6c3e0fd1a3754718eabc8e5021f3c
cae704213e5b7895b2cfec092643607d9ab7d4f10e2b4865829fbcd9f613304d
dbf815324f6c89a6c3e0fd1a3754718eabc8e5021f3c597693b0cdea0724415e
ec092643607d9ab7d4f10e2b4865829fbcd9f613304d6a87a4c1defb1835526f
fd1a3754718eabc8e5021f3c597693b0cdea0724415e7b98b5d2ef0c29466380
0e2b4865829fbcd9f613304d6a87a4c1defb1835526f8ca9c6e3001d3a577491
1f3c597693b0cdea0724415e7b98b5d2ef0c294663809dbad7f4112e4b6885a2
304d6a87a4c1defb1835526f8ca9c6e3001d3a577491aecbe805223f5c7996b3
415e7b98b5d2ef0c294663809dbad7f4112e4b6885a2bfdcf91633506d8aa7c4
526f8ca9c6e3001d3a577491aecbe805223f5c7996b3d0ed0a2744617e9bb8d5
63809dbad7f4112e4b6885a2bfdcf91633506d8aa7c4e1fe1b3855728facc9e6
7491aecbe805223f5c7996b3d0ed0a2744617e9bb8d5f20f2c496683a0bddaf7
85a2bfdcf91633506d8aa7c4e1fe1b3855728facc9e603203d5a7794b1ceeb08
96b3d0ed0a2744617e9bb8d5f20f2c496683a0bddaf714314e6b88a5c2dffc19
a7c4e1fe1b3855728facc9e603203d5a7794b1ceeb0825425f7c99b6d3f00d2a
b8d5f20f2c496683a0bddaf714314e6b88a5c2dffc193653708daac7e4011e3b
c9e603203d5a7794b1ceeb0825425f7c99b6d3f00d2a4764819ebbd8f5122f4c
daf714314e6b88a5c2dffc193653708daac7e4011e3b587592afcce90623405d
eb0825425f7c99b6d3f00d2a4764819ebbd8f5122f4c6986a3c0ddfa1734516e
fc193653708daac7e4011e3b587592afcce90623405d7a97b4d1ee0b2845627f
0d2a4764819ebbd8f5122f4c6986a3c0ddfa1734516e8ba8c5e2ff1c39567390
1e3b587592afcce90623405d7a97b4d1ee0b2845627f9cb9d6f3102d4a6784a1
2f4c6986a3c0ddfa1734516e8ba8c5e2ff1c39567390adcae704213e5b7895b2
405d7a97b4d1ee0b2845627f9cb9d6f3102d4a6784a1bedbf815324f6c89a6c3
516e8ba8c5e2ff1c39567390adcae704213e5b7895b2cfec092643607d9ab7d4
627f9cb9d6f3102d4a6784a1bedbf815324f6c89a6c3e0fd1a3754718eabc8e5
7390adcae704213e5b7895b2cfec092643607d9ab7d4f10e2b4865829fbcd9f6
84a1bedbf815324f6c89a6c3e0fd1a3754718eabc8e5021f3c597693b0cdea07
95b2cfec092643607d9ab7d4f10e2b4865829fbcd9f613304d6a87a4c1defb18
a6c3e0fd1a3754718eabc8e5021f3c597693b0cdea0724415e7b98b5d2ef0c29
b7d4f10e2b4865829fbcd9f613304d6a87a4c1defb1835526f8ca9c6e3001d3a
c8e5021f3c597693b0cdea0724415e7b98b5d2ef0c294663809dbad7f4112e4b
d9f613304d6a87a4c1defb1835526f8ca9c6e3001d3a577491aecbe805223f5c
ea0724415e7b98b5d2ef0c294663809dbad7f4112e4b6885a2bfdcf91633506d
fb1835526f8ca9c6e3001d3a577491aecbe805223f5c7996b3d0ed0a2744617e
0c294663809dbad7f4112e4b6885a2bfdcf91633506d8aa7c4e1fe1b3855728f
1d3a577491aecbe805223f5c7996b3d0ed0a2744617e9bb8d5f20f2c496683a0
2e4b6885a2bfdcf91633506d8aa7c4e1fe1b3855728facc9e603203d5a7794b1
3f5c7996b3d0ed0a2744617e9bb8d5f20f2c496683a0bddaf714314e6b88a5c2
506d8aa7c4e1fe1b3855728facc9e603203d5a7794b1ceeb0825425f7c99b6d3
617e9bb8d5f20f2c496683a0bddaf714314e6b88a5c2dffc193653708daac7e4
728facc9e603203d5a7794b1ceeb0825425f7c99b6d3f00d2a4764819ebbd8f5
83a0bddaf714314e6b88a5c2dffc193653708daac7e4011e3b587592afcce906
94b1ceeb0825425f7c99b6d3f00d2a4764819ebbd8f5122f4c6986a3c0ddfa17
a5c2dffc193653708daac7e4011e3b587592afcce90623405d7a97b4d1ee0b28
b6d3f00d2a4764819ebbd8f5122f4c6986a3c0ddfa1734516e8ba8c5e2ff1c39
c7e4011e3b587592afcce90623405d7a97b4d1ee0b2845627f9cb9d6f3102d4a
d8f5122f4c6986a3c0ddfa1734516e8ba8c5e2ff1c39567390adcae704213e5b
e90623405d7a97b4d1ee0b2845627f9cb9d6f3102d4a6784a1bedbf815324f6c
fa1734516e8ba8c5e2ff1c39567390adcae704213e5b7895b2cfec092643607d
0b2845627f9cb9d6f3102d4a6784a1bedbf815324f6c89a6c3e0fd1a3754718e
1c39567390adcae704213e5b7895b2cfec092643607d9ab7d4f10e2b4865829f
2d4a6784a1bedbf815324f6c89a6c3e0fd1a3754718eabc8e5021f3c597693b0
3e5b7895b2cfec092643607d9ab7d4f10e2b4865829fbcd9f613304d6a87a4c1
4f6c89a6c3e0fd1a3754718eabc8e5021f3c597693b0cdea0724415e7b98b5d2
607d9ab7d4f10e2b4865829fbcd9f613304d6a87a4c1defb1835526f8ca9c6e3
718eabc8e5021f3c597693b0cdea0724415e7b98b5d2ef0c294663809dbad7f4
829fbcd9f613304d6a87a4c1defb1835526f8ca9c6e3001d3a577491aecbe805
93b0cdea0724415e7b98b5d2ef0c294663809dbad7f4112e4b6885a2bfdcf916
a4c1defb1835526f8ca9c6e3001d3a577491aecbe805223f5c7996b3d0ed0a27
b5d2ef0c294663809dbad7f4112e4b6885a2bfdcf91633506d8aa7c4e1fe1b38
c6e3001d3a577491aecbe805223f5c7996b3d0ed0a2744617e9bb8d5f20f2c49
d7f4112e4b6885a2bfdcf91633506d8aa7c4e1fe1b3855728facc9e603203d5a
e805223f5c7996b3d0ed0a2744617e9bb8d5f20f2c496683a0bddaf714314e6b
f91633506d8aa7c4e1fe1b3855728facc9e603203d5a7794b1ceeb0825425f7c
0a2744617e9bb8d5f20f2c496683a0bddaf714314e6b88a5c2dffc193653708d
1b3855728facc9e603203d5a7794b1ceeb0825425f7c99b6d3f00d2a4764819e
2c496683a0bddaf714314e6b88a5c2dffc193653708daac7e4011e3b587592af
3d5a7794b1ceeb0825425f7c99b6d3f00d2a4764819ebbd8f5122f4c6986a3c0
4e6b88a5c2dffc193653708daac7e4011e3b587592afcce90623405d7a97b4d1
5f7c99b6d3f00d2a4764819ebbd8f5122f4c6986a3c0ddfa1734516e8ba8c5e2
708daac7e4011e3b587592afcce90623405d7a97b4d1ee0b2845627f9cb9d6f3
819ebbd8f5122f4c6986a3c0ddfa1734516e8ba8c5e2ff1c39567390adcae704
92afcce90623405d7a97b4d1ee0b2845627f9cb9d6f3102d4a6784a1bedbf815
a3c0ddfa1734516e8ba8c5e2ff1c39567390adcae704213e5b7895b2cfec0926
b4d1ee0b2845627f9cb9d6f3102d4a6784a1bedbf815324f6c89a6c3e0fd1a37
c5e2ff1c39567390adcae704213e5b7895b2cfec092643607d9ab7d4f10e2b48
d6f3102d4a6784a1bedbf815324f6c89a6c3e0fd1a3754718eabc8e5021f3c59
e704213e5b7895b2cfec092643607d9ab7d4f10e2b4865829fbcd9f613304d6a
f815324f6c89a6c3e0fd1a3754718eabc8e5021f3c597693b0cdea0724415e7b
092643607d9ab7d4f10e2b4865829fbcd9f613304d6a87a4c1defb1835526f8c
1a3754718eabc8e5021f3c597693b0cdea0724415e7b98b5d2ef0c294663809d
2b4865829fbcd9f613304d6a87a4c1defb1835526f8ca9c6e3001d3a577491ae
3c597693b0cdea0724415e7b98b5d2ef0c294663809dbad7f4112e4b6885a2bf
4d6a87a4c1defb1835526f8ca9c6e3001d3a577491aecbe805223f5c7996b3d0
5e7b98b5d2ef0c294663809dbad7f4112e4b6885a2bfdcf91633506d8aa7c4e1
6f8ca9c6e3001d3a577491aecbe805223f5c7996b3d0ed0a2744617e9bb8d5f2
809dbad7f4112e4b6885a2bfdcf91633506d8aa7c4e1fe1b3855728facc9e603
91aecbe805223f5c7996b3d0ed0a2744617e9bb8d5f20f2c496683a0bddaf714
a2bfdcf91633506d8aa7c4e1fe1b3855728facc9e603203d5a7794b1ceeb0825
b3d0ed0a2744617e9bb8d5f20f2c496683a0bddaf714314e6b88a5c2dffc1936
c4e1fe1b3855728facc9e603203d5a7794b1ceeb0825425f7c99b6d3f00d2a47
d5f20f2c496683a0bddaf714314e6b88a5c2dffc193653708daac7e4011e3b58
e603203d5a7794b1ceeb0825425f7c99b6d3f00d2a4764819ebbd8f5122f4c69
f714314e6b88a5c2dffc193653708daac7e4011e3b587592afcce90623405d7a
0825425f7c99b6d3f00d2a4764819ebbd8f5122f4c6986a3c0ddfa1734516e8b
193653708daac7e4011e3b587592afcce90623405d7a97b4d1ee0b2845627f9c
2a4764819ebbd8f5122f4c6986a3c0ddfa1734516e8ba8c5e2ff1c39567390ad
3b587592afcce90623405d7a97b4d1ee0b2845627f9cb9d6f3102d4a6784a1be
4c6986a3c0ddfa1734516e8ba8c5e2ff1c39567390adcae704213e5b7895b2cf
5d7a97b4d1ee0b2845627f9cb9d6f3102d4a6784a1bedbf815324f6c89a6c3e0
6e8ba8c5e2ff1c39567390adcae704213e5b7895b2cfec092643607d9ab7d4f1
7f9cb9d6f3102d4a6784a1bedbf815324f6c89a6c3e0fd1a3754718eabc8e502
90adcae704213e5b7895b2cfec092643607d9ab7d4f10e2b4865829fbcd9f613
a1bedbf815324f6c89a6c3e0fd1a3754718eabc8e5021f3c597693b0cdea0724
b2cfec092643607d9ab7d4f10e2b4865829fbcd9f613304d6a87a4c1defb1835
c3e0fd1a3754718eabc8e5021f3c597693b0cdea0724415e7b98b5d2ef0c2946
d4f10e2b4865829fbcd9f613304d6a87a4c1defb1835526f8ca9c6e3001d3a57
e5021f3c597693b0cdea0724415e7b98b5d2ef0c294663809dbad7f4112e4b68
f613304d6a87a4c1defb1835526f8ca9c6e3001d3a577491aecbe805223f5c79
0724415e7b98b5d2ef0c294663809dbad7f4112e4b6885a2bfdcf91633506d8a
1835526f8ca9c6e3001d3a577491aecbe805223f5c7996b3d0ed0a2744617e9b
294663809dbad7f4112e4b6885a2bfdcf91633506d8aa7c4e1fe1b3855728fac
3a577491aecbe805223f5c7996b3d0ed0a2744617e9bb8d5f20f2c496683a0bd
4b6885a2bfdcf91633506d8aa7c4e1fe1b3855728facc9e603203d5a7794b1ce
5c7996b3d0ed0a2744617e9bb8d5f20f2c496683a0bddaf714314e6b88a5c2df
6d8aa7c4e1fe1b3855728facc9e603203d5a7794b1ceeb0825425f7c99b6d3f0
7e9bb8d5f20f2c496683a0bddaf714314e6b88a5c2dffc193653708daac7e401
8facc9e603203d5a7794b1ceeb0825425f7c99b6d3f00d2a4764819ebbd8f512
a0bddaf714314e6b88a5c2dffc193653708daac7e4011e3b587592afcce90623
b1ceeb0825425f7c99b6d3f00d2a4764819ebbd8f5122f4c6986a3c0ddfa1734
c2dffc193653708daac7e4011e3b587592afcce90623405d7a97b4d1ee0b2845
d3f00d2a4764819ebbd8f5122f4c6986a3c0ddfa1734516e8ba8c5e2ff1c3956
e4011e3b587592afcce90623405d7a97b4d1ee0b2845627f9cb9d6f3102d4a67
f5122f4c6986a3c0ddfa1734516e8ba8c5e2ff1c39567390adcae704213e5b78
0623405d7a97b4d1ee0b2845627f9cb9d6f3102d4a6784a1bedbf815324f6c89
1734516e8ba8c5e2ff1c39567390adcae704213e5b7895b2cfec092643607d9a
2845627f9cb9d6f3102d4a6784a1bedbf815324f6c89a6c3e0fd1a3754718eab
39567390adcae704213e5b7895b2cfec092643607d9ab7d4f10e2b4865829fbc
4a6784a1bedbf815324f6c89a6c3e0fd1a3754718eabc8e5021f3c597693b0cd
5b7895b2cfec092643607d9ab7d4f10e2b4865829fbcd9f613304d6a87a4c1de
6c89a6c3e0fd1a3754718eabc8e5021f3c597693b0cdea0724415e7b98b5d2ef
7d9ab7d4f10e2b4865829fbcd9f613304d6a87a4c1defb1835526f8ca9c6e300
8eabc8e5021f3c597693b0cdea0724415e7b98b5d2ef0c294663809dbad7f411
9fbcd9f613304d6a87a4c1defb1835526f8ca9c6e3001d3a577491aecbe80522
b0cdea0724415e7b98b5d2ef0c294663809dbad7f4112e4b6885a2bfdcf91633
c1defb1835526f8ca9c6e3001d3a577491aecbe805223f5c7996b3d0ed0a2744
d2ef0c294663809dbad7f4112e4b6885a2bfdcf91633506d8aa7c4e1fe1b3855
e3001d3a577491aecbe805223f5c7996b3d0ed0a2744617e9bb8d5f20f2c4966
f4112e4b6885a2bfdcf91633506d8aa7c4e1fe1b3855728facc9e603203d5a77
05223f5c7996b3d0ed0a2744617e9bb8d5f20f2c496683a0bddaf714314e6b88
1633506d8aa7c4e1fe1b3855728facc9e603203d5a7794b1ceeb0825425f7c99
2744617e9bb8d5f20f2c496683a0bddaf714314e6b88a5c2dffc193653708daa
3855728facc9e603203d5a7794b1ceeb0825425f7c99b6d3f00d2a4764819ebb
496683a0bddaf714314e6b88a5c2dffc193653708daac7e4011e3b587592afcc
5a7794b1ceeb0825425f7c99b6d3f00d2a4764819ebbd8f5122f4c6986a3c0dd
6b88a5c2dffc193653708daac7e4011e3b587592afcce90623405d7a97b4d1ee
7c99b6d3f00d2a4764819ebbd8f5122f4c6986a3c0ddfa1734516e8ba8c5e2ff
8daac7e4011e3b587592afcce90623405d7a97b4d1ee0b2845627f9cb9d6f310
9ebbd8f5122f4c6986a3c0ddfa1734516e8ba8c5e2ff1c39567390adcae70421
afcce90623405d7a97b4d1ee0b2845627f9cb9d6f3102d4a6784a1bedbf81532
c0ddfa1734516e8ba8c5e2ff1c39567390adcae704213e5b7895b2cfec092643
d1ee0b2845627f9cb9d6f3102d4a6784a1bedbf815324f6c89a6c3e0fd1a3754
e2ff1c39567390adcae704213e5b7895b2cfec092643607d9ab7d4f10e2b4865
f3102d4a6784a1bedbf815324f6c89a6c3e0fd1a3754718eabc8e5021f3c5976
04213e5b7895b2cfec092643607d9ab7d4f10e2b4865829fbcd9f613304d6a87
15324f6c89a6c3e0fd1a3754718eabc8e5021f3c597693b0cdea0724415e7b98
2643607d9ab7d4f10e2b4865829fbcd9f613304d6a87a4c1defb1835526f8ca9
3754718eabc8e5021f3c597693b0cdea0724415e7b98b5d2ef0c294663809dba
4865829fbcd9f613304d6a87a4c1defb1835526f8ca9c6e3001d3a577491aecb
597693b0cdea0724415e7b98b5d2ef0c294663809dbad7f4112e4b6885a2bfdc
6a87a4c1defb1835526f8ca9c6e3001d3a577491aecbe805223f5c7996b3d0ed
7b98b5d2ef0c294663809dbad7f4112e4b6885a2bfdcf91633506d8aa7c4e1fe
8ca9c6e3001d3a577491aecbe805223f5c7996b3d0ed0a2744617e9bb8d5f20f
9dbad7f4112e4b6885a2bfdcf91633506d8aa7c4e1fe1b3855728facc9e60320
aecbe805223f5c7996b3d0ed0a2744617e9bb8d5f20f2c496683a0bddaf71431
bfdcf91633506d8aa7c4e1fe1b3855728facc9e603203d5a7794b1ceeb082542
d0ed0a2744617e9bb8d5f20f2c496683a0bddaf714314e6b88a5c2dffc193653
e1fe1b3855728facc9e603203d5a7794b1ceeb0825425f7c99b6d3f00d2a4764
f20f2c496683a0bddaf714314e6b88a5c2dffc193653708daac7e4011e3b5875
03203d5a7794b1ceeb0825425f7c99b6d3f00d2a4764819ebbd8f5122f4c6986
14314e6b88a5c2dffc193653708daac7e4011e3b587592afcce90623405d7a97
25425f7c99b6d3f00d2a4764819ebbd8f5122f4c6986a3c0ddfa1734516e8ba8
3653708daac7e4011e3b587592afcce90623405d7a97b4d1ee0b2845627f9cb9
4764819ebbd8f5122f4c6986a3c0ddfa1734516e8ba8c5e2ff1c39567390adca
587592afcce90623405d7a97b4d1ee0b2845627f9cb9d6f3102d4a6784a1bedb
6986a3c0ddfa1734516e8ba8c5e2ff1c39567390adcae704213e5b7895b2cfec
7a97b4d1ee0b2845627f9cb9d6f3102d4a6784a1bedbf815324f6c89a6c3e0fd
8ba8c5e2ff1c39567390adcae704213e5b7895b2cfec092643607d9ab7d4f10e
9cb9d6f3102d4a6784a1bedbf815324f6c89a6c3e0fd1a3754718eabc8e5021f
adcae704213e5b7895b2cfec092643607d9ab7d4f10e2b4865829fbcd9f61330
bedbf815324f6c89a6c3e0fd1a3754718eabc8e5021f3c597693b0cdea072441
cfec092643607d9ab7d4f10e2b4865829fbcd9f613304d6a87a4c1defb183552
e0fd1a3754718eabc8e5021f3c597693b0cdea0724415e7b98b5d2ef0c294663
f10e2b4865829fbcd9f613304d6a87a4c1defb1835526f8ca9c6e3001d3a5774
021f3c597693b0cdea0724415e7b98b5d2ef0c294663809dbad7f4112e4b6885
13304d6a87a4c1defb1835526f8ca9c6e3001d3a577491aecbe805223f5c7996
24415e7b98b5d2ef0c294663809dbad7f4112e4b6885a2bfdcf91633506d8aa7
35526f8ca9c6e3001d3a577491aecbe805223f5c7996b3d0ed0a2744617e9bb8
4663809dbad7f4112e4b6885a2bfdcf91633506d8aa7c4e1fe1b3855728facc9
577491aecbe805223f5c7996b3d0ed0a2744617e9bb8d5f20f2c496683a0bdda
6885a2bfdcf91633506d8aa7c4e1fe1b3855728facc9e603203d5a7794b1ceeb
7996b3d0ed0a2744617e9bb8d5f20f2c496683a0bddaf714314e6b88a5c2dffc
8aa7c4e1fe1b3855728facc9e603203d5a7794b1ceeb0825425f7c99b6d3f00d
9bb8d5f20f2c496683a0bddaf714314e6b88a5c2dffc193653708daac7e4011e
acc9e603203d5a7794b1ceeb0825425f7c99b6d3f00d2a4764819ebbd8f5122f
bddaf714314e6b88a5c2dffc193653708daac7e4011e3b587592afcce9062340
ceeb0825425f7c99b6d3f00d2a4764819ebbd8f5122f4c6986a3c0ddfa173451
dffc193653708daac7e4011e3b587592afcce90623405d7a97b4d1ee0b284562
f00d2a4764819ebbd8f5122f4c6986a3c0ddfa1734516e8ba8c5e2ff1c395673
011e3b587592afcce90623405d7a97b4d1ee0b2845627f9cb9d6f3102d4a6784
122f4c6986a3c0ddfa1734516e8ba8c5e2ff1c39567390adcae704213e5b7895
23405d7a97b4d1ee0b2845627f9cb9d6f3102d4a6784a1bedbf815324f6c89a6
34516e8ba8c5e2ff1c39567390adcae704213e5b7895b2cfec092643607d9ab7
45627f9cb9d6f3102d4a6784a1bedbf815324f6c89a6c3e0fd1a3754718eabc8
567390adcae704213e5b7895b2cfec092643607d9ab7d4f10e2b4865829fbcd9
6784a1bedbf815324f6c89a6c3e0fd1a3754718eabc8e5021f3c597693b0cdea
7895b2cfec092643607d9ab7d4f10e2b4865829fbcd9f613304d6a87a4c1defb
89a6c3e0fd1a3754718eabc8e5021f3c597693b0cdea0724415e7b98b5d2ef0c
9ab7d4f10e2b4865829fbcd9f613304d6a87a4c1defb1835526f8ca9c6e3001d
abc8e5021f3c597693b0cdea0724415e7b98b5d2ef0c294663809dbad7f4112e
bcd9f613304d6a87a4c1defb1835526f8ca9c6e3001d3a577491aecbe805223f
cdea0724415e7b98b5d2ef0c294663809dbad7f4112e4b6885a2bfdcf9163350
defb1835526f8ca9c6e3001d3a577491aecbe805223f5c7996b3d0ed0a274461
ef0c294663809dbad7f4112e4b6885a2bfdcf91633506d8aa7c4e1fe1b385572
001d3a577491aecbe805223f5c7996b3d0ed0a2744617e9bb8d5f20f2c496683
112e4b6885a2bfdcf91633506d8aa7c4e1fe1b3855728facc9e603203d5a7794
223f5c7996b3d0ed0a2744617e9bb8d5f20f2c496683a0bddaf714314e6b88a5
33506d8aa7c4e1fe1b3855728facc9e603203d5a7794b1ceeb0825425f7c99b6
44617e9bb8d5f20f2c496683a0bddaf714314e6b88a5c2dffc193653708daac7
55728facc9e603203d5a7794b1ceeb0825425f7c99b6d3f00d2a4764819ebbd8
6683a0bddaf714314e6b88a5c2dffc193653708daac7e4011e3b587592afcce9
7794b1ceeb0825425f7c99b6d3f00d2a4764819ebbd8f5122f4c6986a3c0ddfa
88a5c2dffc193653708daac7e4011e3b587592afcce90623405d7a97b4d1ee0b
99b6d3f00d2a4764819ebbd8f5122f4c6986a3c0ddfa1734516e8ba8c5e2ff1c
aac7e4011e3b587592afcce90623405d7a97b4d1ee0b2845627f9cb9d6f3102d
bbd8f5122f4c6986a3c0ddfa1734516e8ba8c5e2ff1c39567390adcae704213e
cce90623405d7a97b4d1ee0b2845627f9cb9d6f3102d4a6784a1bedbf815324f
ddfa1734516e8ba8c5e2ff1c39567390adcae704213e5b7895b2cfec09264360
ee0b2845627f9cb9d6f3102d4a6784a1bedbf815324f6c89a6c3e0fd1a375471
ff1c39567390adcae704213e5b7895b2cfec092643607d9ab7d4f10e2b486582
102d4a6784a1bedbf815324f6c89a6c3e0fd1a3754718eabc8e5021f3c597693
213e5b7895b2cfec092643607d9ab7d4f10e2b4865829fbcd9f613304d6a87a4
324f6c89a6c3e0fd1a3754718eabc8e5021f3c597693b0cdea0724415e7b98b5
43607d9ab7d4f10e2b4865829fbcd9f613304d6a87a4c1defb1835526f8ca9c6
54718eabc8e5021f3c597693b0cdea0724415e7b98b5d2ef0c294663809dbad7
65829fbcd9f613304d6a87a4c1defb1835526f8ca9c6e3001d3a577491aecbe8
7693b0cdea0724415e7b98b5d2ef0c294663809dbad7f4112e4b6885a2bfdcf9
87a4c1defb1835526f8ca9c6e3001d3a577491aecbe805223f5c7996b3d0ed0a
98b5d2ef0c294663809dbad7f4112e4b6885a2bfdcf91633506d8aa7c4e1fe1b
a9c6e3001d3a577491aecbe805223f5c7996b3d0ed0a2744617e9bb8d5f20f2c
bad7f4112e4b6885a2bfdcf91633506d8aa7c4e1fe1b3855728facc9e603203d
cbe805223f5c7996b3d0ed0a2744617e9bb8d5f20f2c496683a0bddaf714314e
dcf91633506d8aa7c4e1fe1b3855728facc9e603203d5a7794b1ceeb0825425f
ed0a2744617e9bb8d5f20f2c496683a0bddaf714314e6b88a5c2dffc19365370
fe1b3855728facc9e603203d5a7794b1ceeb0825425f7c99b6d3f00d2a476481
0f2c496683a0bddaf714314e6b88a5c2dffc193653708daac7e4011e3b587592
203d5a7794b1ceeb0825425f7c99b6d3f00d2a4764819ebbd8f5122f4c6986a3
314e6b88a5c2dffc193653708daac7e4011e3b587592afcce90623405d7a97b4
425f7c99b6d3f00d2a4764819ebbd8f5122f4c6986a3c0ddfa1734516e8ba8c5
53708daac7e4011e3b587592afcce90623405d7a97b4d1ee0b2845627f9cb9d6
64819ebbd8f5122f4c6986a3c0ddfa1734516e8ba8c5e2ff1c39567390adcae7
7592afcce90623405d7a97b4d1ee0b2845627f9cb9d6f3102d4a6784a1bedbf8
86a3c0ddfa1734516e8ba8c5e2ff1c39567390adcae704213e5b7895b2cfec09
97b4d1ee0b2845627f9cb9d6f3102d4a6784a1bedbf815324f6c89a6c3e0fd1a
a8c5e2ff1c39567390adcae704213e5b7895b2cfec092643607d9ab7d4f10e2b
b9d6f3102d4a6784a1bedbf815324f6c89a6c3e0fd1a3754718eabc8e5021f3c
cae704213e5b7895b2cfec092643607d9ab7d4f10e2b4865829fbcd9f613304d
dbf815324f6c89a6c3e0fd1a3754718eabc8e5021f3c597693b0cdea0724415e
ec092643607d9ab7d4f10e2b4865829fbcd9f613304d6a87a4c1defb1835526f
fd1a3754718eabc8e5021f3c597693b0cdea0724415e7b98b5d2ef0c29466380
0e2b4865829fbcd9f613304d6a87a4c1defb1835526f8ca9c6e3001d3a577491
1f3c597693b0cdea0724415e7b98b5d2ef0c294663809dbad7f4112e4b6885a2
304d6a87a4c1defb1835526f8ca9c6e3001d3a577491aecbe805223f5c7996b3
415e7b98b5d2ef0c294663809dbad7f4112e4b6885a2bfdcf91633506d8aa7c4
526f8ca9c6e3001d3a577491aecbe805223f5c7996b3d0ed0a2744617e9bb8d5
63809dbad7f4112e4b6885a2bfdcf91633506d8aa7c4e1fe1b3855728facc9e6
7491aecbe805223f5c7996b3d0ed0a2744617e9bb8d5f20f2c496683a0bddaf7
85a2bfdcf91633506d8aa7c4e1fe1b3855728facc9e603203d5a7794b1ceeb08
96b3d0ed0a2744617e9bb8d5f20f2c496683a0bddaf714314e6b88a5c2dffc19
a7c4e1fe1b3855728facc9e603203d5a7794b1ceeb0825425f7c99b6d3f00d2a
b8d5f20f2c496683a0bddaf714314e6b88a5c2dffc193653708daac7e4011e3b
c9e603203d5a7794b1ceeb0825425f7c99b6d3f00d2a4764819ebbd8f5122f4c
daf714314e6b88a5c2dffc193653708daac7e4011e3b587592afcce90623405d
eb0825425f7c99b6d3f00d2a4764819ebbd8f5122f4c6986a3c0ddfa1734516e
fc193653708daac7e4011e3b587592afcce90623405d7a97b4d1ee0b2845627f
0d2a4764819ebbd8f5122f4c6986a3c0ddfa1734516e8ba8c5e2ff1c39567390
1e3b587592afcce90623405d7a97b4d1ee0b2845627f9cb9d6f3102d4a6784a1
2f4c6986a3c0ddfa1734516e8ba8c5e2ff1c39567390adcae704213e5b7895b2
405d7a97b4d1ee0b2845627f9cb9d6f3102d4a6784a1bedbf815324f6c89a6c3
516e8ba8c5e2ff1c39567390adcae704213e5b7895b2cfec092643607d9ab7d4
627f9cb9d6f3102d4a6784a1bedbf815324f6c89a6c3e0fd1a3754718eabc8e5
7390adcae704213e5b7895b2cfec092643607d9ab7d4f10e2b4865829fbcd9f6
84a1bedbf815324f6c89a6c3e0fd1a3754718eabc8e5021f3c597693b0cdea07
95b2cfec092643607d9ab7d4f10e2b4865829fbcd9f613304d6a87a4c1defb18
a6c3e0fd1a3754718eabc8e5021f3c597693b0cdea0724415e7b98b5d2ef0c29
b7d4f10e2b4865829fbcd9f613304d6a87a4c1defb1835526f8ca9c6e3001d3a
c8e5021f3c597693b0cdea0724415e7b98b5d2ef0c294663809dbad7f4112e4b
d9f613304d6a87a4c1defb1835526f8ca9c6e3001d3a577491aecbe805223f5c
ea0724415e7b98b5d2ef0c294663809dbad7f4112e4b6885a2bfdcf91633506d
fb1835526f8ca9c6e3001d3a577491aecbe805223f5c7996b3d0ed0a2744617e
0c294663809dbad7f4112e4b6885a2bfdcf91633506d8aa7c4e1fe1b3855728f
1d3a577491aecbe805223f5c7996b3d0ed0a2744617e9bb8d5f20f2c496683a0
2e4b6885a2bfdcf91633506d8aa7c4e1fe1b3855728facc9e603203d5a7794b1
3f5c7996b3d0ed0a2744617e9bb8d5f20f2c496683a0bddaf714314e6b88a5c2
506d8aa7c4e1fe1b3855728facc9e603203d5a7794b1ceeb0825425f7c99b6d3
617e9bb8d5f20f2c496683a0bddaf714314e6b88a5c2dffc193653708daac7e4
728facc9e603203d5a7794b1ceeb0825425f7c99b6d3f00d2a4764819ebbd8f5
83a0bddaf714314e6b88a5c2dffc193653708daac7e4011e3b587592afcce906
94b1ceeb0825425f7c99b6d3f00d2a4764819ebbd8f5122f4c6986a3c0ddfa17
a5c2dffc193653708daac7e4011e3b587592afcce90623405d7a97b4d1ee0b28
b6d3f00d2a4764819ebbd8f5122f4c6986a3c0ddfa1734516e8ba8c5e2ff1c39
c7e4011e3b587592afcce90623405d7a97b4d1ee0b2845627f9cb9d6f3102d4a
d8f5122f4c6986a3c0ddfa1734516e8ba8c5e2ff1c39567390adcae704213e5b
e90623405d7a97b4d1ee0b2845627f9cb9d6f3102d4a6784a1bedbf815324f6c
fa1734516e8ba8c5e2ff1c39567390adcae704213e5b7895b2cfec092643607d
0b2845627f9cb9d6f3102d4a6784a1bedbf815324f6c89a6c3e0fd1a3754718e
1c39567390adcae704213e5b7895b2cfec092643607d9ab7d4f10e2b4865829f
2d4a6784a1bedbf815324f6c89a6c3e0fd1a3754718eabc8e5021f3c597693b0
3e5b7895b2cfec092643607d9ab7d4f10e2b4865829fbcd9f613304d6a87a4c1
4f6c89a6c3e0fd1a3754718eabc8e5021f3c597693b0cdea0724415e7b98b5d2
607d9ab7d4f10e2b4865829fbcd9f613304d6a87a4c1defb1835526f8ca9c6e3
718eabc8e5021f3c597693b0cdea0724415e7b98b5d2ef0c294663809dbad7f4
829fbcd9f613304d6a87a4c1defb1835526f8ca9c6e3001d3a577491aecbe805
93b0cdea0724415e7b98b5d2ef0c294663809dbad7f4112e4b6885a2bfdcf916
a4c1defb1835526f8ca9c6e3001d3a577491aecbe805223f5c7996b3d0ed0a27
b5d2ef0c294663809dbad7f4112e4b6885a2bfdcf91633506d8aa7c4e1fe1b38
c6e3001d3a577491aecbe805223f5c7996b3d0ed0a2744617e9bb8d5f20f2c49
d7f4112e4b6885a2bfdcf91633506d8aa7c4e1fe1b3855728facc9e603203d5a
e805223f5c7996b3d0ed0a2744617e9bb8d5f20f2c496683a0bddaf714314e6b
f91633506d8aa7c4e1fe1b3855728facc9e603203d5a7794b1ceeb0825425f7c
0a2744617e9bb8d5f20f2c496683a0bddaf714314e6b88a5c2dffc193653708d
1b3855728facc9e603203d5a7794b1ceeb0825425f7c99b6d3f00d2a4764819e
2c496683a0bddaf714314e6b88a5c2dffc193653708daac7e4011e3b587592af
3d5a7794b1ceeb0825425f7c99b6d3f00d2a4764819ebbd8f5122f4c6986a3c0
4e6b88a5c2dffc193653708daac7e4011e3b587592afcce90623405d7a97b4d1
5f7c99b6d3f00d2a4764819ebbd8f5122f4c6986a3c0ddfa1734516e8ba8c5e2
708daac7e4011e3b587592afcce90623405d7a97b4d1ee0b2845627f9cb9d6f3
819ebbd8f5122f4c6986a3c0ddfa1734516e8ba8c5e2ff1c39567390adcae704
92afcce90623405d7a97b4d1ee0b2845627f9cb9d6f3102d4a6784a1bedbf815
a3c0ddfa1734516e8ba8c5e2ff1c39567390adcae704213e5b7895b2cfec0926
b4d1ee0b2845627f9cb9d6f3102d4a6784a1bedbf815324f6c89a6c3e0fd1a37
c5e2ff1c39567390adcae704213e5b7895b2cfec092643607d9ab7d4f10e2b48
d6f3102d4a6784a1bedbf815324f6c89a6c3e0fd1a3754718eabc8e5021f3c59
e704213e5b7895b2cfec092643607d9ab7d4f10e2b4865829fbcd9f613304d6a
f815324f6c89a6c3e0fd1a3754718eabc8e5021f3c597693b0cdea0724415e7b
092643607d9ab7d4f10e2b4865829fbcd9f613304d6a87a4c1defb1835526f8c
1a3754718eabc8e5021f3c597693b0cdea0724415e7b98b5d2ef0c294663809d
2b4865829fbcd9f613304d6a87a4c1defb1835526f8ca9c6e3001d3a577491ae
3c597693b0cdea0724415e7b98b5d2ef0c294663809dbad7f4112e4b6885a2bf
4d6a87a4c1defb1835526f8ca9c6e3001d3a577491aecbe805223f5c7996b3d0
5e7b98b5d2ef0c294663809dbad7f4112e4b6885a2bfdcf91633506d8aa7c4e1
6f8ca9c6e3001d3a577491aecbe805223f5c7996b3d0ed0a2744617e9bb8d5f2
809dbad7f4112e4b6885a2bfdcf91633506d8aa7c4e1fe1b3855728facc9e603
91aecbe805223f5c7996b3d0ed0a2744617e9bb8d5f20f2c496683a0bddaf714
a2bfdcf91633506d8aa7c4e1fe1b3855728facc9e603203d5a7794b1ceeb0825
b3d0ed0a2744617e9bb8d5f20f2c496683a0bddaf714314e6b88a5c2dffc1936
c4e1fe1b3855728facc9e603203d5a7794b1ceeb0825425f7c99b6d3f00d2a47
d5f20f2c496683a0bddaf714314e6b88a5c2dffc193653708daac7e4011e3b58
e603203d5a7794b1ceeb0825425f7c99b6d3f00d2a4764819ebbd8f5122f4c69
f714314e6b88a5c2dffc193653708daac7e4011e3b587592afcce90623405d7a
0825425f7c99b6d3f00d2a4764819ebbd8f5122f4c6986a3c0ddfa1734516e8b
193653708daac7e4011e3b587592afcce90623405d7a97b4d1ee0b2845627f9c
2a4764819ebbd8f5122f4c6986a3c0ddfa1734516e8ba8c5e2ff1c39567390ad
3b587592afcce90623405d7a97b4d1ee0b2845627f9cb9d6f3102d4a6784a1be
4c6986a3c0ddfa1734516e8ba8c5e2ff1c39567390adcae704213e5b7895b2cf
5d7a97b4d1ee0b2845627f9cb9d6f3102d4a6784a1bedbf815324f6c89a6c3e0
6e8ba8c5e2ff1c39567390adcae704213e5b7895b2cfec092643607d9ab7d4f1
7f9cb9d6f3102d4a6784a1bedbf815324f6c89a6c3e0fd1a3754718eabc8e502
90adcae704213e5b7895b2cfec092643607d9ab7d4f10e2b4865829fbcd9f613
a1bedbf815324f6c89a6c3e0fd1a3754718eabc8e5021f3c597693b0cdea0724
b2cfec092643607d9ab7d4f10e2b4865829fbcd9f613304d6a87a4c1defb1835
c3e0fd1a3754718eabc8e5021f3c597693b0cdea0724415e7b98b5d2ef0c2946
d4f10e2b4865829fbcd9f613304d6a87a4c1defb1835526f8ca9c6e3001d3a57
e5021f3c597693b0cdea0724415e7b98b5d2ef0c294663809dbad7f4112e4b68
f613304d6a87a4c1defb1835526f8ca9c6e3001d3a577491aecbe805223f5c79
0724415e7b98b5d2ef0c294663809dbad7f4112e4b6885a2bfdcf91633506d8a
1835526f8ca9c6e3001d3a577491aecbe805223f5c7996b3d0ed0a2744617e9b
294663809dbad7f4112e4b6885a2bfdcf91633506d8aa7c4e1fe1b3855728fac
3a577491aecbe805223f5c7996b3d0ed0a2744617e9bb8d5f20f2c496683a0bd
4b6885a2bfdcf91633506d8aa7c4e1fe1b3855728facc9e603203d5a7794b1ce
5c7996b3d0ed0a2744617e9bb8d5f20f2c496683a0bddaf714314e6b88a5c2df
6d8aa7c4e1fe1b3855728facc9e603203d5a7794b1ceeb0825425f7c99b6d3f0
7e9bb8d5f20f2c496683a0bddaf714314e6b88a5c2dffc193653708daac7e401
8facc9e603203d5a7794b1ceeb0825425f7c99b6d3f00d2a4764819ebbd8f512
a0bddaf714314e6b88a5c2dffc193653708daac7e4011e3b587592afcce90623
b1ceeb0825425f7c99b6d3f00d2a4764819ebbd8f5122f4c6986a3c0ddfa1734
c2dffc193653708daac7e4011e3b587592afcce90623405d7a97b4d1ee0b2845
d3f00d2a4764819ebbd8f5122f4c6986a3c0ddfa1734516e8ba8c5e2ff1c3956
e4011e3b587592afcce90623405d7a97b4d1ee0b2845627f9cb9d6f3102d4a67
f5122f4c6986a3c0ddfa1734516e8ba8c5e2ff1c39567390adcae704213e5b78
0623405d7a97b4d1ee0b2845627f9cb9d6f3102d4a6784a1bedbf815324f6c89
1734516e8ba8c5e2ff1c39567390adcae704213e5b7895b2cfec092643607d9a
2845627f9cb9d6f3102d4a6784a1bedbf815324f6c89a6c3e0fd1a3754718eab
39567390adcae704213e5b7895b2cfec092643607d9ab7d4f10e2b4865829fbc
4a6784a1bedbf815324f6c89a6c3e0fd1a3754718eabc8e5021f3c597693b0cd
5b7895b2cfec092643607d9ab7d4f10e2b4865829fbcd9f613304d6a87a4c1de
6c89a6c3e0fd1a3754718eabc8e5021f3c597693b0cdea0724415e7b98b5d2ef
7d9ab7d4f10e2b4865829fbcd9f613304d6a87a4c1defb1835526f8ca9c6e300
8eabc8e5021f3c597693b0cdea0724415e7b98b5d2ef0c294663809dbad7f411
9fbcd9f613304d6a87a4c1defb1835526f8ca9c6e3001d3a577491aecbe80522
b0cdea0724415e7b98b5d2ef0c294663809dbad7f4112e4b6885a2bfdcf91633
c1defb1835526f8ca9c6e3001d3a577491aecbe805223f5c7996b3d0ed0a2744
d2ef0c294663809dbad7f4112e4b6885a2bfdcf91633506d8aa7c4e1fe1b3855
e3001d3a577491aecbe805223f5c7996b3d0ed0a2744617e9bb8d5f20f2c4966
f4112e4b6885a2bfdcf91633506d8aa7c4e1fe1b3855728facc9e603203d5a77
05223f5c7996b3d0ed0a2744617e9bb8d5f20f2c496683a0bddaf714314e6b88
1633506d8aa7c4e1fe1b3855728facc9e603203d5a7794b1ceeb0825425f7c99
2744617e9bb8d5f20f2c496683a0bddaf714314e6b88a5c2dffc193653708daa
3855728facc9e603203d5a7794b1ceeb0825425f7c99b6d3f00d2a4764819ebb
496683a0bddaf714314e6b88a5c2dffc193653708daac7e4011e3b587592afcc
5a7794b1ceeb0825425f7c99b6d3f00d2a4764819ebbd8f5122f4c6986a3c0dd
6b88a5c2dffc193653708daac7e4011e3b587592afcce90623405d7a97b4d1ee
7c99b6d3f00d2a4764819ebbd8f5122f4c6986a3c0ddfa1734516e8ba8c5e2ff
8daac7e4011e3b587592afcce90623405d7a97b4d1ee0b2845627f9cb9d6f310
9ebbd8f5122f4c6986a3c0ddfa1734516e8ba8c5e2ff1c39567390adcae70421
afcce90623405d7a97b4d1ee0b2845627f9cb9d6f3102d4a6784a1bedbf81532
c0ddfa1734516e8ba8c5e2ff1c39567390adcae704213e5b7895b2cfec092643
d1ee0b2845627f9cb9d6f3102d4a6784a1bedbf815324f6c89a6c3e0fd1a3754
e2ff1c39567390adcae704213e5b7895b2cfec092643607d9ab7d4f10e2b4865
f3102d4a6784a1bedbf815324f6c89a6c3e0fd1a3754718eabc8e5021f3c5976
04213e5b7895b2cfec092643607d9ab7d4f10e2b4865829fbcd9f613304d6a87
15324f6c89a6c3e0fd1a3754718eabc8e5021f3c597693b0cdea0724415e7b98
2643607d9ab7d4f10e2b4865829fbcd9f613304d6a87a4c1defb1835526f8ca9
3754718eabc8e5021f3c597693b0cdea0724415e7b98b5d2ef0c294663809dba
4865829fbcd9f613304d6a87a4c1defb1835526f8ca9c6e3001d3a577491aecb
597693b0cdea0724415e7b98b5d2ef0c294663809dbad7f4112e4b6885a2bfdc
6a87a4c1defb1835526f8ca9c6e3001d3a577491aecbe805223f5c7996b3d0ed
7b98b5d2ef0c294663809dbad7f4112e4b6885a2bfdcf91633506d8aa7c4e1fe
8ca9c6e3001d3a577491aecbe805223f5c7996b3d0ed0a2744617e9bb8d5f20f
9dbad7f4112e4b6885a2bfdcf91633506d8aa7c4e1fe1b3855728facc9e60320
aecbe805223f5c7996b3d0ed0a2744617e9bb8d5f20f2c496683a0bddaf71431
bfdcf91633506d8aa7c4e1fe1b3855728facc9e603203d5a7794b1ceeb082542
d0ed0a2744617e9bb8d5f20f2c496683a0bddaf714314e6b88a5c2dffc193653
e1fe1b3855728facc9e603203d5a7794b1ceeb0825425f7c99b6d3f00d2a4764
f20f2c496683a0bddaf714314e6b88a5c2dffc193653708daac7e4011e3b5875
03203d5a7794b1ceeb0825425f7c99b6d3f00d2a4764819ebbd8f5122f4c6986
14314e6b88a5c2dffc193653708daac7e4011e3b587592afcce90623405d7a97
25425f7c99b6d3f00d2a4764819ebbd8f5122f4c6986a3c0ddfa1734516e8ba8
3653708daac7e4011e3b587592afcce90623405d7a97b4d1ee0b2845627f9cb9
4764819ebbd8f5122f4c6986a3c0ddfa1734516e8ba8c5e2ff1c39567390adca
587592afcce90623405d7a97b4d1ee0b2845627f9cb9d6f3102d4a6784a1bedb
6986a3c0ddfa1734516e8ba8c5e2ff1c39567390adcae704213e5b7895b2cfec
7a97b4d1ee0b2845627f9cb9d6f3102d4a6784a1bedbf815324f6c89a6c3e0fd
8ba8c5e2ff1c39567390adcae704213e5b7895b2cfec092643607d9ab7d4f10e
9cb9d6f3102d4a6784a1bedbf815324f6c89a6c3e0fd1a3754718eabc8e5021f
adcae704213e5b7895b2cfec092643607d9ab7d4f10e2b4865829fbcd9f61330
bedbf815324f6c89a6c3e0fd1a3754718eabc8e5021f3c597693b0cdea072441
cfec092643607d9ab7d4f10e2b4865829fbcd9f613304d6a87a4c1defb183552
e0fd1a3754718eabc8e5021f3c597693b0cdea0724415e7b98b5d2ef0c294663
f10e2b4865829fbcd9f613304d6a87a4c1defb1835526f8ca9c6e3001d3a5774
021f3c597693b0cdea0724415e7b98b5d2ef0c294663809dbad7f4112e4b6885
13304d6a87a4c1defb1835526f8ca9c6e3001d3a577491aecbe805223f5c7996
24415e7b98b5d2ef0c294663809dbad7f4112e4b6885a2bfdcf91633506d8aa7
35526f8ca9c6e3001d3a577491aecbe805223f5c7996b3d0ed0a2744617e9bb8
4663809dbad7f4112e4b6885a2bfdcf91633506d8aa7c4e1fe1b3855728facc9
577491aecbe805223f5c7996b3d0ed0a2744617e9bb8d5f20f2c496683a0bdda
6885a2bfdcf91633506d8aa7c4e1fe1b3855728facc9e603203d5a7794b1ceeb
7996b3d0ed0a2744617e9bb8d5f20f2c496683a0bddaf714314e6b88a5c2dffc
8aa7c4e1fe1b3855728facc9e603203d5a7794b1ceeb0825425f7c99b6d3f00d
9bb8d5f20f2c496683a0bddaf714314e6b88a5c2dffc193653708daac7e4011e
acc9e603203d5a7794b1ceeb0825425f7c99b6d3f00d2a4764819ebbd8f5122f
bddaf714314e6b88a5c2dffc193653708daac7e4011e3b587592afcce9062340
ceeb0825425f7c99b6d3f00d2a4764819ebbd8f5122f4c6986a3c0ddfa173451
dffc193653708daac7e4011e3b587592afcce90623405d7a97b4d1ee0b284562
f00d2a4764819ebbd8f5122f4c6986a3c0ddfa1734516e8ba8c5e2ff1c395673
011e3b587592afcce90623405d7a97b4d1ee0b2845627f9cb9d6f3102d4a6784
122f4c6986a3c0ddfa1734516e8ba8c5e2ff1c39567390adcae704213e5b7895
23405d7a97b4d1ee0b2845627f9cb9d6f3102d4a6784a1bedbf815324f6c89a6
34516e8ba8c5e2ff1c39567390adcae704213e5b7895b2cfec092643607d9ab7
45627f9cb9d6f3102d4a6784a1bedbf815324f6c89a6c3e0fd1a3754718eabc8
567390adcae704213e5b7895b2cfec092643607d9ab7d4f10e2b4865829fbcd9
6784a1bedbf815324f6c89a6c3e0fd1a3754718eabc8e5021f3c597693b0cdea
7895b2cfec092643607d9ab7d4f10e2b4865829fbcd9f613304d6a87a4c1defb
89a6c3e0fd1a3754718eabc8e5021f3c597693b0cdea0724415e7b98b5d2ef0c
9ab7d4f10e2b4865829fbcd9f613304d6a87a4c1defb1835526f8ca9c6e3001d
abc8e5021f3c597693b0cdea0724415e7b98b5d2ef0c294663809dbad7f4112e
bcd9f613304d6a87a4c1defb1835526f8ca9c6e3001d3a577491aecbe805223f
cdea0724415e7b98b5d2ef0c294663809dbad7f4112e4b6885a2bfdcf9163350
defb1835526f8ca9c6e3001d3a577491aecbe805223f5c7996b3d0ed0a274461
ef0c294663809dbad7f4112e4b6885a2bfdcf91633506d8aa7c4e1fe1b385572
001d3a577491aecbe805223f5c7996b3d0ed0a2744617e9bb8d5f20f2c496683
112e4b6885a2bfdcf91633506d8aa7c4e1fe1b3855728facc9e603203d5a7794
223f5c7996b3d0ed0a2744617e9bb8d5f20f2c496683a0bddaf714314e6b88a5
33506d8aa7c4e1fe1b3855728facc9e603203d5a7794b1ceeb0825425f7c99b6
44617e9bb8d5f20f2c496683a0bddaf714314e6b88a5c2dffc193653708daac7
55728facc9e603203d5a7794b1ceeb0825425f7c99b6d3f00d2a4764819ebbd8
6683a0bddaf714314e6b88a5c2dffc193653708daac7e4011e3b587592afcce9
7794b1ceeb0825425f7c99b6d3f00d2a4764819ebbd8f5122f4c6986a3c0ddfa
88a5c2dffc193653708daac7e4011e3b587592afcce90623405d7a97b4d1ee0b
99b6d3f00d2a4764819ebbd8f5122f4c6986a3c0ddfa1734516e8ba8c5e2ff1c
aac7e4011e3b587592afcce90623405d7a97b4d1ee0b2845627f9cb9d6f3102d
bbd8f5122f4c6986a3c0ddfa1734516e8ba8c5e2ff1c39567390adcae704213e
cce90623405d7a97b4d1ee0b2845627f9cb9d6f3102d4a6784a1bedbf815324f
ddfa1734516e8ba8c5e2ff1c39567390adcae704213e5b7895b2cfec09264360
ee0b2845627f9cb9d6f3102d4a6784a1bedbf815324f6c89a6c3e0fd1a375471
ff1c39567390adcae704213e5b7895b2cfec092643607d9ab7d4f10e2b486582
102d4a6784a1bedbf815324f6c89a6c3e0fd1a3754718eabc8e5021f3c597693
213e5b7895b2cfec092643607d9ab7d4f10e2b4865829fbcd9f613304d6a87a4
324f6c89a6c3e0fd1a3754718eabc8e5021f3c597693b0cdea0724415e7b98b5
43607d9ab7d4f10e2b4865829fbcd9f613304d6a87a4c1defb1835526f8ca9c6
54718eabc8e5021f3c597693b0cdea0724415e7b98b5d2ef0c294663809dbad7
65829fbcd9f613304d6a87a4c1defb1835526f8ca9c6e3001d3a577491aecbe8
7693b0cdea0724415e7b98b5d2ef0c294663809dbad7f4112e4b6885a2bfdcf9
87a4c1defb1835526f8ca9c6e3001d3a577491aecbe805223f5c7996b3d0ed0a
98b5d2ef0c294663809dbad7f4112e4b6885a2bfdcf91633506d8aa7c4e1fe1b
a9c6e3001d3a577491aecbe805223f5c7996b3d0ed0a2744617e9bb8d5f20f2c
bad7f4112e4b6885a2bfdcf91633506d8aa7c4e1fe1b3855728facc9e603203d
cbe805223f5c7996b3d0ed0a2744617e9bb8d5f20f2c496683a0bddaf714314e
dcf91633506d8aa7c4e1fe1b3855728facc9e603203d5a7794b1ceeb0825425f
ed0a2744617e9bb8d5f20f2c496683a0bddaf714314e6b88a5c2dffc19365370
fe1b3855728facc9e603203d5a7794b1ceeb0825425f7c99b6d3f00d2a476481
0f2c496683a0bddaf714314e6b88a5c2dffc193653708daac7e4011e3b587592
203d5a7794b1ceeb0825425f7c99b6d3f00d2a4764819ebbd8f5122f4c6986a3
314e6b88a5c2dffc193653708daac7e4011e3b587592afcce90623405d7a97b4
425f7c99b6d3f00d2a4764819ebbd8f5122f4c6986a3c0ddfa1734516e8ba8c5
53708daac7e4011e3b587592afcce90623405d7a97b4d1ee0b2845627f9cb9d6
64819ebbd8f5122f4c6986a3c0ddfa1734516e8ba8c5e2ff1c39567390adcae7
7592afcce90623405d7a97b4d1ee0b2845627f9cb9d6f3102d4a6784a1bedbf8
86a3c0ddfa1734516e8ba8c5e2ff1c39567390adcae704213e5b7895b2cfec09
97b4d1ee0b2845627f9cb9d6f3102d4a6784a1bedbf815324f6c89a6c3e0fd1a
a8c5e2ff1c39567390adcae704213e5b7895b2cfec092643607d9ab7d4f10e2b
b9d6f3102d4a6784a1bedbf815324f6c89a6c3e0fd1a3754718eabc8e5021f3c
cae704213e5b7895b2cfec092643607d9ab7d4f10e2b4865829fbcd9f613304d
dbf815324f6c89a6c3e0fd1a3754718eabc8e5021f3c597693b0cdea0724415e
ec092643607d9ab7d4f10e2b4865829fbcd9f613304d6a87a4c1defb1835526f
fd1a3754718eabc8e5021f3c597693b0cdea0724415e7b98b5d2ef0c29466380
0e2b4865829fbcd9f613304d6a87a4c1defb1835526f8ca9c6e3001d3a577491
1f3c597693b0cdea0724415e7b98b5d2ef0c294663809dbad7f4112e4b6885a2
304d6a87a4c1defb1835526f8ca9c6e3001d3a577491aecbe805223f5c7996b3
415e7b98b5d2ef0c294663809dbad7f4112e4b6885a2bfdcf91633506d8aa7c4
526f8ca9c6e3001d3a577491aecbe805223f5c7996b3d0ed0a2744617e9bb8d5
63809dbad7f4112e4b6885a2bfdcf91633506d8aa7c4e1fe1b3855728facc9e6
7491aecbe805223f5c7996b3d0ed0a2744617e9bb8d5f20f2c496683a0bddaf7
85a2bfdcf91633506d8aa7c4e1fe1b3855728facc9e603203d5a7794b1ceeb08
96b3d0ed0a2744617e9bb8d5f20f2c496683a0bddaf714314e6b88a5c2dffc19
a7c4e1fe1b3855728facc9e603203d5a7794b1ceeb0825425f7c99b6d3f00d2a
b8d5f20f2c496683a0bddaf714314e6b88a5c2dffc193653708daac7e4011e3b
c9e603203d5a7794b1ceeb0825425f7c99b6d3f00d2a4764819ebbd8f5122f4c
daf714314e6b88a5c2dffc193653708daac7e4011e3b587592afcce90623405d
eb0825425f7c99b6d3f00d2a4764819ebbd8f5122f4c6986a3c0ddfa1734516e
fc193653708daac7e4011e3b587592afcce90623405d7a97b4d1ee0b2845627f
0d2a4764819ebbd8f5122f4c6986a3c0ddfa1734516e8ba8c5e2ff1c39567390
1e3b587592afcce90623405d7a97b4d1ee0b2845627f9cb9d6f3102d4a6784a1
2f4c6986a3c0ddfa1734516e8ba8c5e2ff1c39567390adcae704213e5b7895b2
405d7a97b4d1ee0b2845627f9cb9d6f3102d4a6784a1bedbf815324f6c89a6c3
516e8ba8c5e2ff1c39567390adcae704213e5b7895b2cfec092643607d9ab7d4
627f9cb9d6f3102d4a6784a1bedbf815324f6c89a6c3e0fd1a3754718eabc8e5
7390adcae704213e5b7895b2cfec092643607d9ab7d4f10e2b4865829fbcd9f6
84a1bedbf815324f6c89a6c3e0fd1a3754718eabc8e5021f3c597693b0cdea07
95b2cfec092643607d9ab7d4f10e2b4865829fbcd9f613304d6a87a4c1defb18
a6c3e0fd1a3754718eabc8e5021f3c597693b0cdea0724415e7b98b5d2ef0c29
b7d4f10e2b4865829fbcd9f613304d6a87a4c1defb1835526f8ca9c6e3001d3a
c8e5021f3c597693b0cdea0724415e7b98b5d2ef0c294663809dbad7f4112e4b
d9f613304d6a87a4c1defb1835526f8ca9c6e3001d3a577491aecbe805223f5c
ea0724415e7b98b5d2ef0c294663809dbad7f4112e4b6885a2bfdcf91633506d
fb1835526f8ca9c6e3001d3a577491aecbe805223f5c7996b3d0ed0a2744617e
0c294663809dbad7f4112e4b6885a2bfdcf91633506d8aa7c4e1fe1b3855728f
1d3a577491aecbe805223f5c7996b3d0ed0a2744617e9bb8d5f20f2c496683a0
2e4b6885a2bfdcf91633506d8aa7c4e1fe1b3855728facc9e603203d5a7794b1
3f5c7996b3d0ed0a2744617e9bb8d5f20f2c496683a0bddaf714314e6b88a5c2
506d8aa7c4e1fe1b3855728facc9e603203d5a7794b1ceeb0825425f7c99b6d3
617e9bb8d5f20f2c496683a0bddaf714314e6b88a5c2dffc193653708daac7e4
728facc9e603203d5a7794b1ceeb0825425f7c99b6d3f00d2a4764819ebbd8f5
83a0bddaf714314e6b88a5c2dffc193653708daac7e4011e3b587592afcce906
94b1ceeb0825425f7c99b6d3f00d2a4764819ebbd8f5122f4c6986a3c0ddfa17
a5c2dffc193653708daac7e4011e3b587592afcce90623405d7a97b4d1ee0b28
b6d3f00d2a4764819ebbd8f5122f4c6986a3c0ddfa1734516e8ba8c5e2ff1c39
c7e4011e3b587592afcce90623405d7a97b4d1ee0b2845627f9cb9d6f3102d4a
d8f5122f4c6986a3c0ddfa1734516e8ba8c5e2ff1c39567390adcae704213e5b
e90623405d7a97b4d1ee0b2845627f9cb9d6f3102d4a6784a1bedbf815324f6c
fa1734516e8ba8c5e2ff1c39567390adcae704213e5b7895b2cfec092643607d
0b2845627f9cb9d6f3102d4a6784a1bedbf815324f6c89a6c3e0fd1a3754718e
1c39567390adcae704213e5b7895b2cfec092643607d9ab7d4f10e2b4865829f
2d4a6784a1bedbf815324f6c89a6c3e0fd1a3754718eabc8e5021f3c597693b0
3e5b7895b2cfec092643607d9ab7d4f10e2b4865829fbcd9f613304d6a87a4c1
4f6c89a6c3e0fd1a3754718eabc8e5021f3c597693b0cdea0724415e7b98b5d2
607d9ab7d4f10e2b4865829fbcd9f613304d6a87a4c1defb1835526f8ca9c6e3
718eabc8e5021f3c597693b0cdea0724415e7b98b5d2ef0c294663809dbad7f4
829fbcd9f613304d6a87a4c1defb1835526f8ca9c6e3001d3a577491aecbe805
93b0cdea0724415e7b98b5d2ef0c294663809dbad7f4112e4b6885a2bfdcf916
a4c1defb1835526f8ca9c6e3001d3a577491aecbe805223f5c7996b3d0ed0a27
b5d2ef0c294663809dbad7f4112e4b6885a2bfdcf91633506d8aa7c4e1fe1b38
c6e3001d3a577491aecbe805223f5c7996b3d0ed0a2744617e9bb8d5f20f2c49
d7f4112e4b6885a2bfdcf91633506d8aa7c4e1fe1b3855728facc9e603203d5a
e805223f5c7996b3d0ed0a2744617e9bb8d5f20f2c496683a0bddaf714314e6b
f91633506d8aa7c4e1fe1b3855728facc9e603203d5a7794b1ceeb0825425f7c
0a2744617e9bb8d5f20f2c496683a0bddaf714314e6b88a5c2dffc193653708d
1b3855728facc9e603203d5a7794b1ceeb0825425f7c99b6d3f00d2a4764819e
2c496683a0bddaf714314e6b88a5c2dffc193653708daac7e4011e3b587592af
3d5a7794b1ceeb0825425f7c99b6d3f00d2a4764819ebbd8f5122f4c6986a3c0
4e6b88a5c2dffc193653708daac7e4011e3b587592afcce90623405d7a97b4d1
5f7c99b6d3f00d2a4764819ebbd8f5122f4c6986a3c0ddfa1734516e8ba8c5e2
708daac7e4011e3b587592afcce90623405d7a97b4d1ee0b2845627f9cb9d6f3
819ebbd8f5122f4c6986a3c0ddfa1734516e8ba8c5e2ff1c39567390adcae704
92afcce90623405d7a97b4d1ee0b2845627f9cb9d6f3102d4a6784a1bedbf815
a3c0ddfa1734516e8ba8c5e2ff1c39567390adcae704213e5b7895b2cfec0926
b4d1ee0b2845627f9cb9d6f3102d4a6784a1bedbf815324f6c89a6c3e0fd1a37
c5e2ff1c39567390adcae704213e5b7895b2cfec092643607d9ab7d4f10e2b48
d6f3102d4a6784a1bedbf815324f6c89a6c3e0fd1a3754718eabc8e5021f3c59
e704213e5b7895b2cfec092643607d9ab7d4f10e2b4865829fbcd9f613304d6a
f815324f6c89a6c3e0fd1a3754718eabc8e5021f3c597693b0cdea0724415e7b
092643607d9ab7d4f10e2b4865829fbcd9f613304d6a87a4c1defb1835526f8c
1a3754718eabc8e5021f3c597693b0cdea0724415e7b98b5d2ef0c294663809d
2b4865829fbcd9f613304d6a87a4c1defb1835526f8ca9c6e3001d3a577491ae
3c597693b0cdea0724415e7b98b5d2ef0c294663809dbad7f4112e4b6885a2bf
4d6a87a4c1defb1835526f8ca9c6e3001d3a577491aecbe805223f5c7996b3d0
5e7b98b5d2ef0c294663809dbad7f4112e4b6885a2bfdcf91633506d8aa7c4e1
6f8ca9c6e3001d3a577491aecbe805223f5c7996b3d0ed0a2744617e9bb8d5f2
809dbad7f4112e4b6885a2bfdcf91633506d8aa7c4e1fe1b3855728facc9e603
91aecbe805223f5c7996b3d0ed0a2744617e9bb8d5f20f2c496683a0bddaf714
a2bfdcf91633506d8aa7c4e1fe1b3855728facc9e603203d5a7794b1ceeb0825
b3d0ed0a2744617e9bb8d5f20f2c496683a0bddaf714314e6b88a5c2dffc1936
c4e1fe1b3855728facc9e603203d5a7794b1ceeb0825425f7c99b6d3f00d2a47
d5f20f2c496683a0bddaf714314e6b88a5c2dffc193653708daac7e4011e3b58
e603203d5a7794b1ceeb0825425f7c99b6d3f00d2a4764819ebbd8f5122f4c69
f714314e6b88a5c2dffc193653708daac7e4011e3b587592afcce90623405d7a
0825425f7c99b6d3f00d2a4764819ebbd8f5122f4c6986a3c0ddfa1734516e8b
193653708daac7e4011e3b587592afcce90623405d7a97b4d1ee0b2845627f9c
2a4764819ebbd8f5122f4c6986a3c0ddfa1734516e8ba8c5e2ff1c39567390ad
3b587592afcce90623405d7a97b4d1ee0b2845627f9cb9d6f3102d4a6784a1be
4c6986a3c0ddfa1734516e8ba8c5e2ff1c39567390adcae704213e5b7895b2cf
5d7a97b4d1ee0b2845627f9cb9d6f3102d4a6784a1bedbf815324f6c89a6c3e0
6e8ba8c5e2ff1c39567390adcae704213e5b7895b2cfec092643607d9ab7d4f1
7f9cb9d6f3102d4a6784a1bedbf815324f6c89a6c3e0fd1a3754718eabc8e502
90adcae704213e5b7895b2cfec092643607d9ab7d4f10e2b4865829fbcd9f613
a1bedbf815324f6c89a6c3e0fd1a3754718eabc8e5021f3c597693b0cdea0724
b2cfec092643607d9ab7d4f10e2b4865829fbcd9f613304d6a87a4c1defb1835
c3e0fd1a3754718eabc8e5021f3c597693b0cdea0724415e7b98b5d2ef0c2946
d4f10e2b4865829fbcd9f613304d6a87a4c1defb1835526f8ca9c6e3001d3a57
e5021f3c597693b0cdea0724415e7b98b5d2ef0c294663809dbad7f4112e4b68
f613304d6a87a4c1defb1835526f8ca9c6e3001d3a577491aecbe805223f5c79
0724415e7b98b5d2ef0c294663809dbad7f4112e4b6885a2bfdcf91633506d8a
1835526f8ca9c6e3001d3a577491aecbe805223f5c7996b3d0ed0a2744617e9b
294663809dbad7f4112e4b6885a2bfdcf91633506d8aa7c4e1fe1b3855728fac
3a577491aecbe805223f5c7996b3d0ed0a2744617e9bb8d5f20f2c496683a0bd
4b6885a2bfdcf91633506d8aa7c4e1fe1b3855728facc9e603203d5a7794b1ce
5c7996b3d0ed0a2744617e9bb8d5f20f2c496683a0bddaf714314e6b88a5c2df
6d8aa7c4e1fe1b3855728facc9e603203d5a7794b1ceeb0825425f7c99b6d3f0
7e9bb8d5f20f2c496683a0bddaf714314e6b88a5c2dffc193653708daac7e401
8facc9e603203d5a7794b1ceeb0825425f7c99b6d3f00d2a4764819ebbd8f512
a0bddaf714314e6b88a5c2dffc193653708daac7e4011e3b587592afcce90623
b1ceeb0825425f7c99b6d3f00d2a4764819ebbd8f5122f4c6986a3c0ddfa1734
c2dffc193653708daac7e4011e3b587592afcce90623405d7a97b4d1ee0b2845
d3f00d2a4764819ebbd8f5122f4c6986a3c0ddfa1734516e8ba8c5e2ff1c3956
e4011e3b587592afcce90623405d7a97b4d1ee0b2845627f9cb9d6f3102d4a67
f5122f4c6986a3c0ddfa1734516e8ba8c5e2ff1c39567390adcae704213e5b78
0623405d7a97b4d1ee0b2845627f9cb9d6f3102d4a6784a1bedbf815324f6c89
1734516e8ba8c5e2ff1c39567390adcae704213e5b7895b2cfec092643607d9a
2845627f9cb9d6f3102d4a6784a1bedbf815324f6c89a6c3e0fd1a3754718eab
39567390adcae704213e5b7895b2cfec092643607d9ab7d4f10e2b4865829fbc
4a6784a1bedbf815324f6c89a6c3e0fd1a3754718eabc8e5021f3c597693b0cd
5b7895b2cfec092643607d9ab7d4f10e2b4865829fbcd9f613304d6a87a4c1de
6c89a6c3e0fd1a3754718eabc8e5021f3c597693b0cdea0724415e7b98b5d2ef
7d9ab7d4f10e2b4865829fbcd9f613304d6a87a4c1defb1835526f8ca9c6e300
8eabc8e5021f3c597693b0cdea0724415e7b98b5d2ef0c294663809dbad7f411
9fbcd9f613304d6a87a4c1defb1835526f8ca9c6e3001d3a577491aecbe80522
b0cdea0724415e7b98b5d2ef0c294663809dbad7f4112e4b6885a2bfdcf91633
c1defb1835526f8ca9c6e3001d3a577491aecbe805223f5c7996b3d0ed0a2744
d2ef0c294663809dbad7f4112e4b6885a2bfdcf91633506d8aa7c4e1fe1b3855
e3001d3a577491aecbe805223f5c7996b3d0ed0a2744617e9bb8d5f20f2c4966
f4112e4b6885a2bfdcf91633506d8aa7c4e1fe1b3855728facc9e603203d5a77
05223f5c7996b3d0ed0a2744617e9bb8d5f20f2c496683a0bddaf714314e6b88
1633506d8aa7c4e1fe1b3855728facc9e603203d5a7794b1ceeb0825425f7c99
2744617e9bb8d5f20f2c496683a0bddaf714314e6b88a5c2dffc193653708daa
3855728facc9e603203d5a7794b1ceeb0825425f7c99b6d3f00d2a4764819ebb
496683a0bddaf714314e6b88a5c2dffc193653708daac7e4011e3b587592afcc
5a7794b1ceeb0825425f7c99b6d3f00d2a4764819ebbd8f5122f4c6986a3c0dd
6b88a5c2dffc193653708daac7e4011e3b587592afcce90623405d7a97b4d1ee
7c99b6d3f00d2a4764819ebbd8f5122f4c6986a3c0ddfa1734516e8ba8c5e2ff
8daac7e4011e3b587592afcce90623405d7a97b4d1ee0b2845627f9cb9d6f310
9ebbd8f5122f4c6986a3c0ddfa1734516e8ba8c5e2ff1c39567390adcae70421
afcce90623405d7a97b4d1ee0b2845627f9cb9d6f3102d4a6784a1bedbf81532
c0ddfa1734516e8ba8c5e2ff1c39567390adcae704213e5b7895b2cfec092643
d1ee0b2845627f9cb9d6f3102d4a6784a1bedbf815324f6c89a6c3e0fd1a3754
e2ff1c39567390adcae704213e5b7895b2cfec092643607d9ab7d4f10e2b4865
f3102d4a6784a1bedbf815324f6c89a6c3e0fd1a3754718eabc8e5021f3c5976
04213e5b7895b2cfec092643607d9ab7d4f10e2b4865829fbcd9f613304d6a87
15324f6c89a6c3e0fd1a3754718eabc8e5021f3c597693b0cdea0724415e7b98
2643607d9ab7d4f10e2b4865829fbcd9f613304d6a87a4c1defb1835526f8ca9
3754718eabc8e5021f3c597693b0cdea0724415e7b98b5d2ef0c294663809dba
4865829fbcd9f613304d6a87a4c1defb1835526f8ca9c6e3001d3a577491aecb
597693b0cdea0724415e7b98b5d2ef0c294663809dbad7f4112e4b6885a2bfdc
6a87a4c1defb1835526f8ca9c6e3001d3a577491aecbe805223f5c7996b3d0ed
7b98b5d2ef0c294663809dbad7f4112e4b6885a2bfdcf91633506d8aa7c4e1fe
8ca9c6e3001d3a577491aecbe805223f5c7996b3d0ed0a2744617e9bb8d5f20f
9dbad7f4112e4b6885a2bfdcf91633506d8aa7c4e1fe1b3855728facc9e60320
aecbe805223f5c7996b3d0ed0a2744617e9bb8d5f20f2c496683a0bddaf71431
bfdcf91633506d8aa7c4e1fe1b3855728facc9e603203d5a7794b1ceeb082542
d0ed0a2744617e9bb8d5f20f2c496683a0bddaf714314e6b88a5c2dffc193653
e1fe1b3855728facc9e603203d5a7794b1ceeb0825425f7c99b6d3f00d2a4764
f20f2c496683a0bddaf714314e6b88a5c2dffc193653708daac7e4011e3b5875
03203d5a7794b1ceeb0825425f7c99b6d3f00d2a4764819ebbd8f5122f4c6986
14314e6b88a5c2dffc193653708daac7e4011e3b587592afcce90623405d7a97
25425f7c99b6d3f00d2a4764819ebbd8f5122f4c6986a3c0ddfa1734516e8ba8
3653708daac7e4011e3b587592afcce90623405d7a97b4d1ee0b2845627f9cb9
4764819ebbd8f5122f4c6986a3c0ddfa1734516e8ba8c5e2ff1c39567390adca
587592afcce90623405d7a97b4d1ee0b2845627f9cb9d6f3102d4a6784a1bedb
6986a3c0ddfa1734516e8ba8c5e2ff1c39567390adcae704213e5b7895b2cfec
7a97b4d1ee0b2845627f9cb9d6f3102d4a6784a1bedbf815324f6c89a6c3e0fd
8ba8c5e2ff1c39567390adcae704213e5b7895b2cfec092643607d9ab7d4f10e
9cb9d6f3102d4a6784a1bedbf815324f6c89a6c3e0fd1a3754718eabc8e5021f
adcae704213e5b7895b2cfec092643607d9ab7d4f10e2b4865829fbcd9f61330
bedbf815324f6c89a6c3e0fd1a3754718eabc8e5021f3c597693b0cdea072441
cfec092643607d9ab7d4f10e2b4865829fbcd9f613304d6a87a4c1defb183552
e0fd1a3754718eabc8e5021f3c597693b0cdea0724415e7b98b5d2ef0c294663
f10e2b4865829fbcd9f613304d6a87a4c1defb1835526f8ca9c6e3001d3a5774
021f3c597693b0cdea0724415e7b98b5d2ef0c294663809dbad7f4112e4b6885
13304d6a87a4c1defb1835526f8ca9c6e3001d3a577491aecbe805223f5c7996
24415e7b98b5d2ef0c294663809dbad7f4112e4b6885a2bfdcf91633506d8aa7
35526f8ca9c6e3001d3a577491aecbe805223f5c7996b3d0ed0a2744617e9bb8
4663809dbad7f4112e4b6885a2bfdcf91633506d8aa7c4e1fe1b3855728facc9
577491aecbe805223f5c7996b3d0ed0a2744617e9bb8d5f20f2c496683a0bdda
6885a2bfdcf91633506d8aa7c4e1fe1b3855728facc9e603203d5a7794b1ceeb
7996b3d0ed0a2744617e9bb8d5f20f2c496683a0bddaf714314e6b88a5c2dffc
8aa7c4e1fe1b3855728facc9e603203d5a7794b1ceeb0825425f7c99b6d3f00d
9bb8d5f20f2c496683a0bddaf714314e6b88a5c2dffc193653708daac7e4011e
acc9e603203d5a7794b1ceeb0825425f7c99b6d3f00d2a4764819ebbd8f5122f
bddaf714314e6b88a5c2dffc193653708daac7e4011e3b587592afcce9062340
ceeb0825425f7c99b6d3f00d2a4764819ebbd8f5122f4c6986a3c0ddfa173451
dffc193653708daac7e4011e3b587592afcce90623405d7a97b4d1ee0b284562
f00d2a4764819ebbd8f5122f4c6986a3c0ddfa1734516e8ba8c5e2ff1c395673
011e3b587592afcce90623405d7a97b4d1ee0b2845627f9cb9d6f3102d4a6784
122f4c6986a3c0ddfa1734516e8ba8c5e2ff1c39567390adcae704213e5b7895
23405d7a97b4d1ee0b2845627f9cb9d6f3102d4a6784a1bedbf815324f6c89a6
34516e8ba8c5e2ff1c39567390adcae704213e5b7895b2cfec092643607d9ab7
45627f9cb9d6f3102d4a6784a1bedbf815324f6c89a6c3e0fd1a3754718eabc8
567390adcae704213e5b7895b2cfec092643607d9ab7d4f10e2b4865829fbcd9
6784a1bedbf815324f6c89a6c3e0fd1a3754718eabc8e5021f3c597693b0cdea
7895b2cfec092643607d9ab7d4f10e2b4865829fbcd9f613304d6a87a4c1defb
89a6c3e0fd1a3754718eabc8e5021f3c597693b0cdea0724415e7b98b5d2ef0c
9ab7d4f10e2b4865829fbcd9f613304d6a87a4c1defb1835526f8ca9c6e3001d
abc8e5021f3c597693b0cdea0724415e7b98b5d2ef0c294663809dbad7f4112e
bcd9f613304d6a87a4c1defb1835526f8ca9c6e3001d3a577491aecbe805223f
cdea0724415e7b98b5d2ef0c294663809dbad7f4112e4b6885a2bfdcf9163350
defb1835526f8ca9c6e3001d3a577491aecbe805223f5c7996b3d0ed0a274461
ef0c294663809dbad7f4112e4b6885a2bfdcf91633506d8aa7c4e1fe1b385572
001d3a577491aecbe805223f5c7996b3d0ed0a2744617e9bb8d5f20f2c496683
112e4b6885a2bfdcf91633506d8aa7c4e1fe1b3855728facc9e603203d5a7794
223f5c7996b3d0ed0a2744617e9bb8d5f20f2c496683a0bddaf714314e6b88a5
33506d8aa7c4e1fe1b3855728facc9e603203d5a7794b1ceeb0825425f7c99b6
44617e9bb8d5f20f2c496683a0bddaf714314e6b88a5c2dffc193653708daac7
55728facc9e603203d5a7794b1ceeb0825425f7c99b6d3f00d2a4764819ebbd8
6683a0bddaf714314e6b88a5c2dffc193653708daac7e4011e3b587592afcce9
7794b1ceeb0825425f7c99b6d3f00d2a4764819ebbd8f5122f4c6986a3c0ddfa
88a5c2dffc193653708daac7e4011e3b587592afcce90623405d7a97b4d1ee0b
99b6d3f00d2a4764819ebbd8f5122f4c6986a3c0ddfa1734516e8ba8c5e2ff1c
aac7e4011e3b587592afcce90623405d7a97b4d1ee0b2845627f9cb9d6f3102d
bbd8f5122f4c6986a3c0ddfa1734516e8ba8c5e2ff1c39567390adcae704213e
cce90623405d7a97b4d1ee0b2845627f9cb9d6f3102d4a6784a1bedbf815324f
ddfa1734516e8ba8c5e2ff1c39567390adcae704213e5b7895b2cfec09264360
ee0b2845627f9cb9d6f3102d4a6784a1bedbf815324f6c89a6c3e0fd1a375471
ff1c39567390adcae704213e5b7895b2cfec092643607d9ab7d4f10e2b486582
102d4a6784a1bedbf815324f6c89a6c3e0fd1a3754718eabc8e5021f3c597693
213e5b7895b2cfec092643607d9ab7d4f10e2b4865829fbcd9f613304d6a87a4
324f6c89a6c3e0fd1a3754718eabc8e5021f3c597693b0cdea0724415e7b98b5
43607d9ab7d4f10e2b4865829fbcd9f613304d6a87a4c1defb1835526f8ca9c6
54718eabc8e5021f3c597693b0cdea0724415e7b98b5d2ef0c294663809dbad7
65829fbcd9f613304d6a87a4c1defb1835526f8ca9c6e3001d3a577491aecbe8
7693b0cdea0724415e7b98b5d2ef0c294663809dbad7f4112e4b6885a2bfdcf9
87a4c1defb1835526f8ca9c6e3001d3a577491aecbe805223f5c7996b3d0ed0a
98b5d2ef0c294663809dbad7f4112e4b6885a2bfdcf91633506d8aa7c4e1fe1b
a9c6e3001d3a577491aecbe805223f5c7996b3d0ed0a2744617e9bb8d5f20f2c
bad7f4112e4b6885a2bfdcf91633506d8aa7c4e1fe1b3855728facc9e603203d
cbe805223f5c7996b3d0ed0a2744617e9bb8d5f20f2c496683a0bddaf714314e
dcf91633506d8aa7c4e1fe1b3855728facc9e603203d5a7794b1ceeb0825425f
ed0a2744617e9bb8d5f20f2c496683a0bddaf714314e6b88a5c2dffc19365370
fe1b3855728facc9e603203d5a7794b1ceeb0825425f7c99b6d3f00d2a476481
0f2c496683a0bddaf714314e6b88a5c2dffc193653708daac7e4011e3b587592
203d5a7794b1ceeb0825425f7c99b6d3f00d2a4764819ebbd8f5122f4c6986a3
314e6b88a5c2dffc193653708daac7e4011e3b587592afcce90623405d7a97b4
425f7c99b6d3f00d2a4764819ebbd8f5122f4c6986a3c0ddfa1734516e8ba8c5
53708daac7e4011e3b587592afcce90623405d7a97b4d1ee0b2845627f9cb9d6
64819ebbd8f5122f4c6986a3c0ddfa1734516e8ba8c5e2ff1c39567390adcae7
7592afcce90623405d7a97b4d1ee0b2845627f9cb9d6f3102d4a6784a1bedbf8
86a3c0ddfa1734516e8ba8c5e2ff1c39567390adcae704213e5b7895b2cfec09
97b4d1ee0b2845627f9cb9d6f3102d4a6784a1bedbf815324f6c89a6c3e0fd1a
a8c5e2ff1c39567390adcae704213e5b7895b2cfec092643607d9ab7d4f10e2b
b9d6f3102d4a6784a1bedbf815324f6c89a6c3e0fd1a3754718eabc8e5021f3c
cae704213e5b7895b2cfec092643607d9ab7d4f10e2b4865829fbcd9f613304d
dbf815324f6c89a6c3e0fd1a3754718eabc8e5021f3c597693b0cdea0724415e
ec092643607d9ab7d4f10e2b4865829fbcd9f613304d6a87a4c1defb1835526f
fd1a3754718eabc8e5021f3c597693b0cdea0724415e7b98b5d2ef0c29466380
0e2b4865829fbcd9f613304d6a87a4c1defb1835526f8ca9c6e3001d3a577491
1f3c597693b0cdea0724415e7b98b5d2ef0c294663809dbad7f4112e4b6885a2
304d6a87a4c1defb1835526f8ca9c6e3001d3a577491aecbe805223f5c7996b3
415e7b98b5d2ef0c294663809dbad7f4112e4b6885a2bfdcf91633506d8aa7c4
526f8ca9c6e3001d3a577491aecbe805223f5c7996b3d0ed0a2744617e9bb8d5
63809dbad7f4112e4b6885a2bfdcf91633506d8aa7c4e1fe1b3855728facc9e6
7491aecbe805223f5c7996b3d0ed0a2744617e9bb8d5f20f2c496683a0bddaf7
85a2bfdcf91633506d8aa7c4e1fe1b3855728facc9e603203d5a7794b1ceeb08
96b3d0ed0a2744617e9bb8d5f20f2c496683a0bddaf714314e6b88a5c2dffc19
a7c4e1fe1b3855728facc9e603203d5a7794b1ceeb0825425f7c99b6d3f00d2a
b8d5f20f2c496683a0bddaf714314e6b88a5c2dffc193653708daac7e4011e3b
c9e603203d5a7794b1ceeb0825425f7c99b6d3f00d2a4764819ebbd8f5122f4c
daf714314e6b88a5c2dffc193653708daac7e4011e3b587592afcce90623405d
eb0825425f7c99b6d3f00d2a4764819ebbd8f5122f4c6986a3c0ddfa1734516e
fc193653708daac7e4011e3b587592afcce90623405d7a97b4d1ee0b2845627f
0d2a4764819ebbd8f5122f4c6986a3c0ddfa1734516e8ba8c5e2ff1c39567390
1e3b587592afcce90623405d7a97b4d1ee0b2845627f9cb9d6f3102d4a6784a1
2f4c6986a3c0ddfa1734516e8ba8c5e2ff1c39567390adcae704213e5b7895b2
405d7a97b4d1ee0b2845627f9cb9d6f3102d4a6784a1bedbf815324f6c89a6c3
516e8ba8c5e2ff1c39567390adcae704213e5b7895b2cfec092643607d9ab7d4
627f9cb9d6f3102d4a6784a1bedbf815324f6c89a6c3e0fd1a3754718eabc8e5
7390adcae704213e5b7895b2cfec092643607d9ab7d4f10e2b4865829fbcd9f6
84a1bedbf815324f6c89a6c3e0fd1a3754718eabc8e5021f3c597693b0cdea07
95b2cfec092643607d9ab7d4f10e2b4865829fbcd9f613304d6a87a4c1defb18
a6c3e0fd1a3754718eabc8e5021f3c597693b0cdea0724415e7b98b5d2ef0c29
b7d4f10e2b4865829fbcd9f613304d6a87a4c1defb1835526f8ca9c6e3001d3a
c8e5021f3c597693b0cdea0724415e7b98b5d2ef0c294663809dbad7f4112e4b
d9f613304d6a87a4c1defb1835526f8ca9c6e3001d3a577491aecbe805223f5c
ea0724415e7b98b5d2ef0c294663809dbad7f4112e4b6885a2bfdcf91633506d
fb1835526f8ca9c6e3001d3a577491aecbe805223f5c7996b3d0ed0a2744617e
0c294663809dbad7f4112e4b6885a2bfdcf91633506d8aa7c4e1fe1b3855728f
1d3a577491aecbe805223f5c7996b3d0ed0a2744617e9bb8d5f20f2c496683a0
2e4b6885a2bfdcf91633506d8aa7c4e1fe1b3855728facc9e603203d5a7794b1
3f5c7996b3d0ed0a2744617e9bb8d5f20f2c496683a0bddaf714314e6b88a5c2
506d8aa7c4e1fe1b3855728facc9e603203d5a7794b1ceeb0825425f7c99b6d3
617e9bb8d5f20f2c496683a0bddaf714314e6b88a5c2dffc193653708daac7e4
728facc9e603203d5a7794b1ceeb0825425f7c99b6d3f00d2a4764819ebbd8f5
83a0bddaf714314e6b88a5c2dffc193653708daac7e4011e3b587592afcce906
94b1ceeb0825425f7c99b6d3f00d2a4764819ebbd8f5122f4c6986a3c0ddfa17
a5c2dffc193653708daac7e4011e3b587592afcce90623405d7a97b4d1ee0b28
b6d3f00d2a4764819ebbd8f5122f4c6986a3c0ddfa1734516e8ba8c5e2ff1c39
c7e4011e3b587592afcce90623405d7a97b4d1ee0b2845627f9cb9d6f3102d4a
d8f5122f4c6986a3c0ddfa1734516e8ba8c5e2ff1c39567390adcae704213e5b
e90623405d7a97b4d1ee0b2845627f9cb9d6f3102d4a6784a1bedbf815324f6c
fa1734516e8ba8c5e2ff1c39567390adcae704213e5b7895b2cfec092643607d
0b2845627f9cb9d6f3102d4a6784a1bedbf815324f6c89a6c3e0fd1a3754718e
1c39567390adcae704213e5b7895b2cfec092643607d9ab7d4f10e2b4865829f
2d4a6784a1bedbf815324f6c89a6c3e0fd1a3754718eabc8e5021f3c597693b0
3e5b7895b2cfec092643607d9ab7d4f10e2b4865829fbcd9f613304d6a87a4c1
4f6c89a6c3e0fd1a3754718eabc8e5021f3c597693b0cdea0724415e7b98b5d2
607d9ab7d4f10e2b4865829fbcd9f613304d6a87a4c1defb1835526f8ca9c6e3
718eabc8e5021f3c597693b0cdea0724415e7b98b5d2ef0c294663809dbad7f4
829fbcd9f613304d6a87a4c1defb1835526f8ca9c6e3001d3a577491aecbe805
93b0cdea0724415e7b98b5d2ef0c294663809dbad7f4112e4b6885a2bfdcf916
a4c1defb1835526f8ca9c6e3001d3a577491aecbe805223f5c7996b3d0ed0a27
b5d2ef0c294663809dbad7f4112e4b6885a2bfdcf91633506d8aa7c4e1fe1b38
c6e3001d3a577491aecbe805223f5c7996b3d0ed0a2744617e9bb8d5f20f2c49
d7f4112e4b6885a2bfdcf91633506d8aa7c4e1fe1b3855728facc9e603203d5a
e805223f5c7996b3d0ed0a2744617e9bb8d5f20f2c496683a0bddaf714314e6b
f91633506d8aa7c4e1fe1b3855728facc9e603203d5a7794b1ceeb0825425f7c
0a2744617e9bb8d5f20f2c496683a0bddaf714314e6b88a5c2dffc193653708d
1b3855728facc9e603203d5a7794b1ceeb0825425f7c99b6d3f00d2a4764819e
2c496683a0bddaf714314e6b88a5c2dffc193653708daac7e4011e3b587592af
3d5a7794b1ceeb0825425f7c99b6d3f00d2a4764819ebbd8f5122f4c6986a3c0
4e6b88a5c2dffc193653708daac7e4011e3b587592afcce90623405d7a97b4d1
5f7c99b6d3f00d2a4764819ebbd8f5122f4c6986a3c0ddfa1734516e8ba8c5e2
708daac7e4011e3b587592afcce90623405d7a97b4d1ee0b2845627f9cb9d6f3
819ebbd8f5122f4c6986a3c0ddfa1734516e8ba8c5e2ff1c39567390adcae704
92afcce90623405d7a97b4d1ee0b2845627f9cb9d6f3102d4a6784a1bedbf815
a3c0ddfa1734516e8ba8c5e2ff1c39567390adcae704213e5b7895b2cfec0926
b4d1ee0b2845627f9cb9d6f3102d4a6784a1bedbf815324f6c89a6c3e0fd1a37
c5e2ff1c39567390adcae704213e5b7895b2cfec092643607d9ab7d4f10e2b48
d6f3102d4a6784a1bedbf815324f6c89a6c3e0fd1a3754718eabc8e5021f3c59
e704213e5b7895b2cfec092643607d9ab7d4f10e2b4865829fbcd9f613304d6a
f815324f6c89a6c3e0fd1a3754718eabc8e5021f3c597693b0cdea0724415e7b
092643607d9ab7d4f10e2b4865829fbcd9f613304d6a87a4c1defb1835526f8c
1a3754718eabc8e5021f3c597693b0cdea0724415e7b98b5d2ef0c294663809d
2b4865829fbcd9f613304d6a87a4c1defb1835526f8ca9c6e3001d3a577491ae
3c597693b0cdea0724415e7b98b5d2ef0c294663809dbad7f4112e4b6885a2bf
4d6a87a4c1defb1835526f8ca9c6e3001d3a577491aecbe805223f5c7996b3d0
5e7b98b5d2ef0c294663809dbad7f4112e4b6885a2bfdcf91633506d8aa7c4e1
6f8ca9c6e3001d3a577491aecbe805223f5c7996b3d0ed0a2744617e9bb8d5f2
809dbad7f4112e4b6885a2bfdcf91633506d8aa7c4e1fe1b3855728facc9e603
91aecbe805223f5c7996b3d0ed0a2744617e9bb8d5f20f2c496683a0bddaf714
a2bfdcf91633506d8aa7c4e1fe1b3855728facc9e603203d5a7794b1ceeb0825
b3d0ed0a2744617e9bb8d5f20f2c496683a0bddaf714314e6b88a5c2dffc1936
c4e1fe1b3855728facc9e603203d5a7794b1ceeb0825425f7c99b6d3f00d2a47
d5f20f2c496683a0bddaf714314e6b88a5c2dffc193653708daac7e4011e3b58
e603203d5a7794b1ceeb0825425f7c99b6d3f00d2a4764819ebbd8f5122f4c69
f714314e6b88a5c2dffc193653708daac7e4011e3b587592afcce90623405d7a
0825425f7c99b6d3f00d2a4764819ebbd8f5122f4c6986a3c0ddfa1734516e8b
193653708daac7e4011e3b587592afcce90623405d7a97b4d1ee0b2845627f9c
2a4764819ebbd8f5122f4c6986a3c0ddfa1734516e8ba8c5e2ff1c39567390ad
3b587592afcce90623405d7a97b4d1ee0b2845627f9cb9d6f3102d4a6784a1be
4c6986a3c0ddfa1734516e8ba8c5e2ff1c39567390adcae704213e5b7895b2cf
5d7a97b4d1ee0b2845627f9cb9d6f3102d4a6784a1bedbf815324f6c89a6c3e0
6e8ba8c5e2ff1c39567390adcae704213e5b7895b2cfec092643607d9ab7d4f1
7f9cb9d6f3102d4a6784a1bedbf815324f6c89a6c3e0fd1a3754718eabc8e502
90adcae704213e5b7895b2cfec092643607d9ab7d4f10e2b4865829fbcd9f613
a1bedbf815324f6c89a6c3e0fd1a3754718eabc8e5021f3c597693b0cdea0724
b2cfec092643607d9ab7d4f10e2b4865829fbcd9f613304d6a87a4c1defb1835
c3e0fd1a3754718eabc8e5021f3c597693b0cdea0724415e7b98b5d2ef0c2946
d4f10e2b4865829fbcd9f613304d6a87a4c1defb1835526f8ca9c6e3001d3a57
e5021f3c597693b0cdea0724415e7b98b5d2ef0c294663809dbad7f4112e4b68
f613304d6a87a4c1defb1835526f8ca9c6e3001d3a577491aecbe805223f5c79
0724415e7b98b5d2ef0c294663809dbad7f4112e4b6885a2bfdcf91633506d8a
1835526f8ca9c6e3001d3a577491aecbe805223f5c7996b3d0ed0a2744617e9b
294663809dbad7f4112e4b6885a2bfdcf91633506d8aa7c4e1fe1b3855728fac
3a577491aecbe805223f5c7996b3d0ed0a2744617e9bb8d5f20f2c496683a0bd
4b6885a2bfdcf91633506d8aa7c4e1fe1b3855728facc9e603203d5a7794b1ce
5c7996b3d0ed0a2744617e9bb8d5f20f2c496683a0bddaf714314e6b88a5c2df
6d8aa7c4e1fe1b3855728facc9e603203d5a7794b1ceeb0825425f7c99b6d3f0
7e9bb8d5f20f2c496683a0bddaf714314e6b88a5c2dffc193653708daac7e401
8facc9e603203d5a7794b1ceeb0825425f7c99b6d3f00d2a4764819ebbd8f512
a0bddaf714314e6b88a5c2dffc193653708daac7e4011e3b587592afcce90623
b1ceeb0825425f7c99b6d3f00d2a4764819ebbd8f5122f4c6986a3c0ddfa1734
c2dffc193653708daac7e4011e3b587592afcce90623405d7a97b4d1ee0b2845
d3f00d2a4764819ebbd8f5122f4c6986a3c0ddfa1734516e8ba8c5e2ff1c3956
e4011e3b587592afcce90623405d7a97b4d1ee0b2845627f9cb9d6f3102d4a67
f5122f4c6986a3c0ddfa1734516e8ba8c5e2ff1c39567390adcae704213e5b78
0623405d7a97b4d1ee0b2845627f9cb9d6f3102d4a6784a1bedbf815324f6c89
1734516e8ba8c5e2ff1c39567390adcae704213e5b7895b2cfec092643607d9a
2845627f9cb9d6f3102d4a6784a1bedbf815324f6c89a6c3e0fd1a3754718eab
39567390adcae704213e5b7895b2cfec092643607d9ab7d4f10e2b4865829fbc
4a6784a1bedbf815324f6c89a6c3e0fd1a3754718eabc8e5021f3c597693b0cd
5b7895b2cfec092643607d9ab7d4f10e2b4865829fbcd9f613304d6a87a4c1de
6c89a6c3e0fd1a3754718eabc8e5021f3c597693b0cdea0724415e7b98b5d2ef
7d9ab7d4f10e2b4865829fbcd9f613304d6a87a4c1defb1835526f8ca9c6e300
8eabc8e5021f3c597693b0cdea0724415e7b98b5d2ef0c294663809dbad7f411
9fbcd9f613304d6a87a4c1defb1835526f8ca9c6e3001d3a577491aecbe80522
b0cdea0724415e7b98b5d2ef0c294663809dbad7f4112e4b6885a2bfdcf91633
c1defb1835526f8ca9c6e3001d3a577491aecbe805223f5c7996b3d0ed0a2744
d2ef0c294663809dbad7f4112e4b6885a2bfdcf91633506d8aa7c4e1fe1b3855
e3001d3a577491aecbe805223f5c7996b3d0ed0a2744617e9bb8d5f20f2c4966
f4112e4b6885a2bfdcf91633506d8aa7c4e1fe1b3855728facc9e603203d5a77
05223f5c7996b3d0ed0a2744617e9bb8d5f20f2c496683a0bddaf714314e6b88
1633506d8aa7c4e1fe1b3855728facc9e603203d5a7794b1ceeb0825425f7c99
2744617e9bb8d5f20f2c496683a0bddaf714314e6b88a5c2dffc193653708daa
3855728facc9e603203d5a7794b1ceeb0825425f7c99b6d3f00d2a4764819ebb
496683a0bddaf714314e6b88a5c2dffc193653708daac7e4011e3b587592afcc
5a7794b1ceeb0825425f7c99b6d3f00d2a4764819ebbd8f5122f4c6986a3c0dd
6b88a5c2dffc193653708daac7e4011e3b587592afcce90623405d7a97b4d1ee
7c99b6d3f00d2a4764819ebbd8f5122f4c6986a3c0ddfa1734516e8ba8c5e2ff
8daac7e4011e3b587592afcce90623405d7a97b4d1ee0b2845627f9cb9d6f310
9ebbd8f5122f4c6986a3c0ddfa1734516e8ba8c5e2ff1c39567390adcae70421
afcce90623405d7a97b4d1ee0b2845627f9cb9d6f3102d4a6784a1bedbf81532
c0ddfa1734516e8ba8c5e2ff1c39567390adcae704213e5b7895b2cfec092643
d1ee0b2845627f9cb9d6f3102d4a6784a1bedbf815324f6c89a6c3e0fd1a3754
e2ff1c39567390adcae704213e5b7895b2cfec092643607d9ab7d4f10e2b4865
f3102d4a6784a1bedbf815324f6c89a6c3e0fd1a3754718eabc8e5021f3c5976
04213e5b7895b2cfec092643607d9ab7d4f10e2b4865829fbcd9f613304d6a87
15324f6c89a6c3e0fd1a3754718eabc8e5021f3c597693b0cdea0724415e7b98
2643607d9ab7d4f10e2b4865829fbcd9f613304d6a87a4c1defb1835526f8ca9
3754718eabc8e5021f3c597693b0cdea0724415e7b98b5d2ef0c294663809dba
4865829fbcd9f613304d6a87a4c1defb1835526f8ca9c6e3001d3a577491aecb
597693b0cdea0724415e7b98b5d2ef0c294663809dbad7f4112e4b6885a2bfdc
6a87a4c1defb1835526f8ca9c6e3001d3a577491aecbe805223f5c7996b3d0ed
7b98b5d2ef0c294663809dbad7f4112e4b6885a2bfdcf91633506d8aa7c4e1fe
8ca9c6e3001d3a577491aecbe805223f5c7996b3d0ed0a2744617e9bb8d5f20f
9dbad7f4112e4b6885a2bfdcf91633506d8aa7c4e1fe1b3855728facc9e60320
aecbe805223f5c7996b3d0ed0a2744617e9bb8d5f20f2c496683a0bddaf71431
bfdcf91633506d8aa7c4e1fe1b3855728facc9e603203d5a7794b1ceeb082542
d0ed0a2744617e9bb8d5f20f2c496683a0bddaf714314e6b88a5c2dffc193653
e1fe1b3855728facc9e603203d5a7794b1ceeb0825425f7c99b6d3f00d2a4764
f20f2c496683a0bddaf714314e6b88a5c2dffc193653708daac7e4011e3b5875
03203d5a7794b1ceeb0825425f7c99b6d3f00d2a4764819ebbd8f5122f4c6986
14314e6b88a5c2dffc193653708daac7e4011e3b587592afcce90623405d7a97
25425f7c99b6d3f00d2a4764819ebbd8f5122f4c6986a3c0ddfa1734516e8ba8
3653708daac7e4011e3b587592afcce90623405d7a97b4d1ee0b2845627f9cb9
4764819ebbd8f5122f4c6986a3c0ddfa1734516e8ba8c5e2ff1c39567390adca
587592afcce90623405d7a97b4d1ee0b2845627f9cb9d6f3102d4a6784a1bedb
6986a3c0ddfa1734516e8ba8c5e2ff1c39567390adcae704213e5b7895b2cfec
7a97b4d1ee0b2845627f9cb9d6f3102d4a6784a1bedbf815324f6c89a6c3e0fd
8ba8c5e2ff1c39567390adcae704213e5b7895b2cfec092643607d9ab7d4f10e
9cb9d6f3102d4a6784a1bedbf815324f6c89a6c3e0fd1a3754718eabc8e5021f
adcae704213e5b7895b2cfec092643607d9ab7d4f10e2b4865829fbcd9f61330
bedbf815324f6c89a6c3e0fd1a3754718eabc8e5021f3c597693b0cdea072441
cfec092643607d9ab7d4f10e2b4865829fbcd9f613304d6a87a4c1defb183552
e0fd1a3754718eabc8e5021f3c597693b0cdea0724415e7b98b5d2ef0c294663
f10e2b4865829fbcd9f613304d6a87a4c1defb1835526f8ca9c6e3001d3a5774
021f3c597693b0cdea0724415e7b98b5d2ef0c294663809dbad7f4112e4b6885
13304d6a87a4c1defb1835526f8ca9c6e3001d3a577491aecbe805223f5c7996
24415e7b98b5d2ef0c294663809dbad7f4112e4b6885a2bfdcf91633506d8aa7
35526f8ca9c6e3001d3a577491aecbe805223f5c7996b3d0ed0a2744617e9bb8
4663809dbad7f4112e4b6885a2bfdcf91633506d8aa7c4e1fe1b3855728facc9
577491aecbe805223f5c7996b3d0ed0a2744617e9bb8d5f20f2c496683a0bdda
6885a2bfdcf91633506d8aa7c4e1fe1b3855728facc9e603203d5a7794b1ceeb
7996b3d0ed0a2744617e9bb8d5f20f2c496683a0bddaf714314e6b88a5c2dffc
8aa7c4e1fe1b3855728facc9e603203d5a7794b1ceeb0825425f7c99b6d3f00d
9bb8d5f20f2c496683a0bddaf714314e6b88a5c2dffc193653708daac7e4011e
acc9e603203d5a7794b1ceeb0825425f7c99b6d3f00d2a4764819ebbd8f5122f
bddaf714314e6b88a5c2dffc193653708daac7e4011e3b587592afcce9062340
ceeb0825425f7c99b6d3f00d2a4764819ebbd8f5122f4c6986a3c0ddfa173451
dffc193653708daac7e4011e3b587592afcce90623405d7a97b4d1ee0b284562
f00d2a4764819ebbd8f5122f4c6986a3c0ddfa1734516e8ba8c5e2ff1c395673
011e3b587592afcce90623405d7a97b4d1ee0b2845627f9cb9d6f3102d4a6784
122f4c6986a3c0ddfa1734516e8ba8c5e2ff1c39567390adcae704213e5b7895
23405d7a97b4d1ee0b2845627f9cb9d6f3102d4a6784a1bedbf815324f6c89a6
34516e8ba8c5e2ff1c39567390adcae704213e5b7895b2cfec092643607d9ab7
45627f9cb9d6f3102d4a6784a1bedbf815324f6c89a6c3e0fd1a3754718eabc8
567390adcae704213e5b7895b2cfec092643607d9ab7d4f10e2b4865829fbcd9
6784a1bedbf815324f6c89a6c3e0fd1a3754718eabc8e5021f3c597693b0cdea
7895b2cfec092643607d9ab7d4f10e2b4865829fbcd9f613304d6a87a4c1defb
89a6c3e0fd1a3754718eabc8e5021f3c597693b0cdea0724415e7b98b5d2ef0c
9ab7d4f10e2b4865829fbcd9f613304d6a87a4c1defb1835526f8ca9c6e3001d
abc8e5021f3c597693b0cdea0724415e7b98b5d2ef0c294663809dbad7f4112e
bcd9f613304d6a87a4c1defb1835526f8ca9c6e3001d3a577491aecbe805223f
cdea0724415e7b98b5d2ef0c294663809dbad7f4112e4b6885a2bfdcf9163350
defb1835526f8ca9c6e3001d3a577491aecbe805223f5c7996b3d0ed0a274461
ef0c294663809dbad7f4112e4b6885a2bfdcf91633506d8aa7c4e1fe1b385572
001d3a577491aecbe805223f5c7996b3d0ed0a2744617e9bb8d5f20f2c496683
112e4b6885a2bfdcf91633506d8aa7c4e1fe1b3855728facc9e603203d5a7794
223f5c7996b3d0ed0a2744617e9bb8d5f20f2c496683a0bddaf714314e6b88a5
33506d8aa7c4e1fe1b3855728facc9e603203d5a7794b1ceeb0825425f7c99b6
44617e9bb8d5f20f2c496683a0bddaf714314e6b88a5c2dffc193653708daac7
55728facc9e603203d5a7794b1ceeb0825425f7c99b6d3f00d2a4764819ebbd8
6683a0bddaf714314e6b88a5c2dffc193653708daac7e4011e3b587592afcce9
7794b1ceeb0825425f7c99b6d3f00d2a4764819ebbd8f5122f4c6986a3c0ddfa
88a5c2dffc193653708daac7e4011e3b587592afcce90623405d7a97b4d1ee0b
99b6d3f00d2a4764819ebbd8f5122f4c6986a3c0ddfa1734516e8ba8c5e2ff1c
aac7e4011e3b587592afcce90623405d7a97b4d1ee0b2845627f9cb9d6f3102d
bbd8f5122f4c6986a3c0ddfa1734516e8ba8c5e2ff1c39567390adcae704213e
cce90623405d7a97b4d1ee0b2845627f9cb9d6f3102d4a6784a1bedbf815324f
ddfa1734516e8ba8c5e2ff1c39567390adcae704213e5b7895b2cfec09264360
ee0b2845627f9cb9d6f3102d4a6784a1bedbf815324f6c89a6c3e0fd1a375471
ff1c39567390adcae704213e5b7895b2cfec092643607d9ab7d4f10e2b486582
102d4a6784a1bedbf815324f6c89a6c3e0fd1a3754718eabc8e5021f3c597693
213e5b7895b2cfec092643607d9ab7d4f10e2b4865829fbcd9f613304d6a87a4
324f6c89a6c3e0fd1a3754718eabc8e5021f3c597693b0cdea0724415e7b98b5
43607d9ab7d4f10e2b4865829fbcd9f613304d6a87a4c1defb1835526f8ca9c6
54718eabc8e5021f3c597693b0cdea0724415e7b98b5d2ef0c294663809dbad7
65829fbcd9f613304d6a87a4c1defb1835526f8ca9c6e3001d3a577491aecbe8
7693b0cdea0724415e7b98b5d2ef0c294663809dbad7f4112e4b6885a2bfdcf9
87a4c1defb1835526f8ca9c6e3001d3a577491aecbe805223f5c7996b3d0ed0a
98b5d2ef0c294663809dbad7f4112e4b6885a2bfdcf91633506d8aa7c4e1fe1b
a9c6e3001d3a577491aecbe805223f5c7996b3d0ed0a2744617e9bb8d5f20f2c
bad7f4112e4b6885a2bfdcf91633506d8aa7c4e1fe1b3855728facc9e603203d
cbe805223f5c7996b3d0ed0a2744617e9bb8d5f20f2c496683a0bddaf714314e
dcf91633506d8aa7c4e1fe1b3855728facc9e603203d5a7794b1ceeb0825425f
ed0a2744617e9bb8d5f20f2c496683a0bddaf714314e6b88a5c2dffc19365370
fe1b3855728facc9e603203d5a7794b1ceeb0825425f7c99b6d3f00d2a476481
0f2c496683a0bddaf714314e6b88a5c2dffc193653708daac7e4011e3b587592
203d5a7794b1ceeb0825425f7c99b6d3f00d2a4764819ebbd8f5122f4c6986a3
314e6b88a5c2dffc193653708daac7e4011e3b587592afcce90623405d7a97b4
425f7c99b6d3f00d2a4764819ebbd8f5122f4c6986a3c0ddfa1734516e8ba8c5
53708daac7e4011e3b587592afcce90623405d7a97b4d1ee0b2845627f9cb9d6
64819ebbd8f5122f4c6986a3c0ddfa1734516e8ba8c5e2ff1c39567390adcae7
7592afcce90623405d7a97b4d1ee0b2845627f9cb9d6f3102d4a6784a1bedbf8
86a3c0ddfa1734516e8ba8c5e2ff1c39567390adcae704213e5b7895b2cfec09
97b4d1ee0b2845627f9cb9d6f3102d4a6784a1bedbf815324f6c89a6c3e0fd1a
a8c5e2ff1c39567390adcae704213e5b7895b2cfec092643607d9ab7d4f10e2b
b9d6f3102d4a6784a1bedbf815324f6c89a6c3e0fd1a3754718eabc8e5021f3c
cae704213e5b7895b2cfec092643607d9ab7d4f10e2b4865829fbcd9f613304d
dbf815324f6c89a6c3e0fd1a3754718eabc8e5021f3c597693b0cdea0724415e
ec092643607d9ab7d4f10e2b4865829fbcd9f613304d6a87a4c1defb1835526f
fd1a3754718eabc8e5021f3c597693b0cdea0724415e7b98b5d2ef0c29466380
0e2b4865829fbcd9f613304d6a87a4c1defb1835526f8ca9c6e3001d3a577491
1f3c597693b0cdea0724415e7b98b5d2ef0c294663809dbad7f4112e4b6885a2
304d6a87a4c1defb1835526f8ca9c6e3001d3a577491aecbe805223f5c7996b3
415e7b98b5d2ef0c294663809dbad7f4112e4b6885a2bfdcf91633506d8aa7c4
526f8ca9c6e3001d3a577491aecbe805223f5c7996b3d0ed0a2744617e9bb8d5
63809dbad7f4112e4b6885a2bfdcf91633506d8aa7c4e1fe1b3855728facc9e6
7491aecbe805223f5c7996b3d0ed0a2744617e9bb8d5f20f2c496683a0bddaf7
85a2bfdcf91633506d8aa7c4e1fe1b3855728facc9e603203d5a7794b1ceeb08
96b3d0ed0a2744617e9bb8d5f20f2c496683a0bddaf714314e6b88a5c2dffc19
a7c4e1fe1b3855728facc9e603203d5a7794b1ceeb0825425f7c99b6d3f00d2a
b8d5f20f2c496683a0bddaf714314e6b88a5c2dffc193653708daac7e4011e3b
c9e603203d5a7794b1ceeb0825425f7c99b6d3f00d2a4764819ebbd8f5122f4c
daf714314e6b88a5c2dffc193653708daac7e4011e3b587592afcce90623405d
eb0825425f7c99b6d3f00d2a4764819ebbd8f5122f4c6986a3c0ddfa1734516e
fc193653708daac7e4011e3b587592afcce90623405d7a97b4d1ee0b2845627f
0d2a4764819ebbd8f5122f4c6986a3c0ddfa1734516e8ba8c5e2ff1c39567390
1e3b587592afcce90623405d7a97b4d1ee0b2845627f9cb9d6f3102d4a6784a1
2f4c6986a3c0ddfa1734516e8ba8c5e2ff1c39567390adcae704213e5b7895b2
405d7a97b4d1ee0b2845627f9cb9d6f3102d4a6784a1bedbf815324f6c89a6c3
516e8ba8c5e2ff1c39567390adcae704213e5b7895b2cfec092643607d9ab7d4
627f9cb9d6f3102d4a6784a1bedbf815324f6c89a6c3e0fd1a3754718eabc8e5
7390adcae704213e5b7895b2cfec092643607d9ab7d4f10e2b4865829fbcd9f6
84a1bedbf815324f6c89a6c3e0fd1a3754718eabc8e5021f3c597693b0cdea07
95b2cfec092643607d9ab7d4f10e2b4865829fbcd9f613304d6a87a4c1defb18
a6c3e0fd1a3754718eabc8e5021f3c597693b0cdea0724415e7b98b5d2ef0c29
b7d4f10e2b4865829fbcd9f613304d6a87a4c1defb1835526f8ca9c6e3001d3a
c8e5021f3c597693b0cdea0724415e7b98b5d2ef0c294663809dbad7f4112e4b
d9f613304d6a87a4c1defb1835526f8ca9c6e3001d3a577491aecbe805223f5c
ea0724415e7b98b5d2ef0c294663809dbad7f4112e4b6885a2bfdcf91633506d
fb1835526f8ca9c6e3001d3a577491aecbe805223f5c7996b3d0ed0a2744617e
0c294663809dbad7f4112e4b6885a2bfdcf91633506d8aa7c4e1fe1b3855728f
1d3a577491aecbe805223f5c7996b3d0ed0a2744617e9bb8d5f20f2c496683a0
2e4b6885a2bfdcf91633506d8aa7c4e1fe1b3855728facc9e603203d5a7794b1
3f5c7996b3d0ed0a2744617e9bb8d5f20f2c496683a0bddaf714314e6b88a5c2
506d8aa7c4e1fe1b3855728facc9e603203d5a7794b1ceeb0825425f7c99b6d3
617e9bb8d5f20f2c496683a0bddaf714314e6b88a5c2dffc193653708daac7e4
728facc9e603203d5a7794b1ceeb0825425f7c99b6d3f00d2a4764819ebbd8f5
83a0bddaf714314e6b88a5c2dffc193653708daac7e4011e3b587592afcce906
94b1ceeb0825425f7c99b6d3f00d2a4764819ebbd8f5122f4c6986a3c0ddfa17
a5c2dffc193653708daac7e4011e3b587592afcce90623405d7a97b4d1ee0b28
b6d3f00d2a4764819ebbd8f5122f4c6986a3c0ddfa1734516e8ba8c5e2ff1c39
c7e4011e3b587592afcce90623405d7a97b4d1ee0b2845627f9cb9d6f3102d4a
d8f5122f4c6986a3c0ddfa1734516e8ba8c5e2ff1c39567390adcae704213e5b
e90623405d7a97b4d1ee0b2845627f9cb9d6f3102d4a6784a1bedbf815324f6c
fa1734516e8ba8c5e2ff1c39567390adcae704213e5b7895b2cfec092643607d
0b2845627f9cb9d6f3102d4a6784a1bedbf815324f6c89a6c3e0fd1a3754718e
1c39567390adcae704213e5b7895b2cfec092643607d9ab7d4f10e2b4865829f
2d4a6784a1bedbf815324f6c89a6c3e0fd1a3754718eabc8e5021f3c597693b0
3e5b7895b2cfec092643607d9ab7d4f10e2b4865829fbcd9f613304d6a87a4c1
4f6c89a6c3e0fd1a3754718eabc8e5021f3c597693b0cdea0724415e7b98b5d2
607d9ab7d4f10e2b4865829fbcd9f613304d6a87a4c1defb1835526f8ca9c6e3
718eabc8e5021f3c597693b0cdea0724415e7b98b5d2ef0c294663809dbad7f4
829fbcd9f613304d6a87a4c1defb1835526f8ca9c6e3001d3a577491aecbe805
93b0cdea0724415e7b98b5d2ef0c294663809dbad7f4112e4b6885a2bfdcf916
a4c1defb1835526f8ca9c6e3001d3a577491aecbe805223f5c7996b3d0ed0a27
b5d2ef0c294663809dbad7f4112e4b6885a2bfdcf91633506d8aa7c4e1fe1b38
c6e3001d3a577491aecbe805223f5c7996b3d0ed0a2744617e9bb8d5f20f2c49
d7f4112e4b6885a2bfdcf91633506d8aa7c4e1fe1b3855728facc9e603203d5a
e805223f5c7996b3d0ed0a2744617e9bb8d5f20f2c496683a0bddaf714314e6b
f91633506d8aa7c4e1fe1b3855728facc9e603203d5a7794b1ceeb0825425f7c
0a2744617e9bb8d5f20f2c496683a0bddaf714314e6b88a5c2dffc193653708d
1b3855728facc9e603203d5a7794b1ceeb0825425f7c99b6d3f00d2a4764819e
2c496683a0bddaf714314e6b88a5c2dffc193653708daac7e4011e3b587592af
3d5a7794b1ceeb0825425f7c99b6d3f00d2a4764819ebbd8f5122f4c6986a3c0
4e6b88a5c2dffc193653708daac7e4011e3b587592afcce90623405d7a97b4d1
5f7c99b6d3f00d2a4764819ebbd8f5122f4c6986a3c0ddfa1734516e8ba8c5e2
708daac7e4011e3b587592afcce90623405d7a97b4d1ee0b2845627f9cb9d6f3
819ebbd8f5122f4c6986a3c0ddfa1734516e8ba8c5e2ff1c39567390adcae704
92afcce90623405d7a97b4d1ee0b2845627f9cb9d6f3102d4a6784a1bedbf815
a3c0ddfa1734516e8ba8c5e2ff1c39567390adcae704213e5b7895b2cfec0926
b4d1ee0b2845627f9cb9d6f3102d4a6784a1bedbf815324f6c89a6c3e0fd1a37
c5e2ff1c39567390adcae704213e5b7895b2cfec092643607d9ab7d4f10e2b48
d6f3102d4a6784a1bedbf815324f6c89a6c3e0fd1a3754718eabc8e5021f3c59
e704213e5b7895b2cfec092643607d9ab7d4f10e2b4865829fbcd9f613304d6a
f815324f6c89a6c3e0fd1a3754718eabc8e5021f3c597693b0cdea0724415e7b
092643607d9ab7d4f10e2b4865829fbcd9f613304d6a87a4c1defb1835526f8c
1a3754718eabc8e5021f3c597693b0cdea0724415e7b98b5d2ef0c294663809d
2b4865829fbcd9f613304d6a87a4c1defb1835526f8ca9c6e3001d3a577491ae
3c597693b0cdea0724415e7b98b5d2ef0c294663809dbad7f4112e4b6885a2bf
4d6a87a4c1defb1835526f8ca9c6e3001d3a577491aecbe805223f5c7996b3d0
5e7b98b5d2ef0c294663809dbad7f4112e4b6885a2bfdcf91633506d8aa7c4e1
6f8ca9c6e3001d3a577491aecbe805223f5c7996b3d0ed0a2744617e9bb8d5f2
809dbad7f4112e4b6885a2bfdcf91633506d8aa7c4e1fe1b3855728facc9e603
91aecbe805223f5c7996b3d0ed0a2744617e9bb8d5f20f2c496683a0bddaf714
a2bfdcf91633506d8aa7c4e1fe1b3855728facc9e603203d5a7794b1ceeb0825
b3d0ed0a2744617e9bb8d5f20f2c496683a0bddaf714314e6b88a5c2dffc1936
c4e1fe1b3855728facc9e603203d5a7794b1ceeb0825425f7c99b6d3f00d2a47
d5f20f2c496683a0bddaf714314e6b88a5c2dffc193653708daac7e4011e3b58
e603203d5a7794b1ceeb0825425f7c99b6d3f00d2a4764819ebbd8f5122f4c69
f714314e6b88a5c2dffc193653708daac7e4011e3b587592afcce90623405d7a
0825425f7c99b6d3f00d2a4764819ebbd8f5122f4c6986a3c0ddfa1734516e8b
193653708daac7e4011e3b587592afcce90623405d7a97b4d1ee0b2845627f9c
2a4764819ebbd8f5122f4c6986a3c0ddfa1734516e8ba8c5e2ff1c39567390ad
3b587592afcce90623405d7a97b4d1ee0b2845627f9cb9d6f3102d4a6784a1be
4c6986a3c0ddfa1734516e8ba8c5e2ff1c39567390adcae704213e5b7895b2cf
5d7a97b4d1ee0b2845627f9cb9d6f3102d4a6784a1bedbf815324f6c89a6c3e0
6e8ba8c5e2ff1c39567390adcae704213e5b7895b2cfec092643607d9ab7d4f1
7f9cb9d6f3102d4a6784a1bedbf815324f6c89a6c3e0fd1a3754718eabc8e502
90adcae704213e5b7895b2cfec092643607d9ab7d4f10e2b4865829fbcd9f613
a1bedbf815324f6c89a6c3e0fd1a3754718eabc8e5021f3c597693b0cdea0724
b2cfec092643607d9ab7d4f10e2b4865829fbcd9f613304d6a87a4c1defb1835
c3e0fd1a3754718eabc8e5021f3c597693b0cdea0724415e7b98b5d2ef0c2946
d4f10e2b4865829fbcd9f613304d6a87a4c1defb1835526f8ca9c6e3001d3a57
e5021f3c597693b0cdea0724415e7b98b5d2ef0c294663809dbad7f4112e4b68
f613304d6a87a4c1defb1835526f8ca9c6e3001d3a577491aecbe805223f5c79
0724415e7b98b5d2ef0c294663809dbad7f4112e4b6885a2bfdcf91633506d8a
1835526f8ca9c6e3001d3a577491aecbe805223f5c7996b3d0ed0a2744617e9b
294663809dbad7f4112e4b6885a2bfdcf91633506d8aa7c4e1fe1b3855728fac
3a577491aecbe805223f5c7996b3d0ed0a2744617e9bb8d5f20f2c496683a0bd
4b6885a2bfdcf91633506d8aa7c4e1fe1b3855728facc9e603203d5a7794b1ce
5c7996b3d0ed0a2744617e9bb8d5f20f2c496683a0bddaf714314e6b88a5c2df
6d8aa7c4e1fe1b3855728facc9e603203d5a7794b1ceeb0825425f7c99b6d3f0
7e9bb8d5f20f2c496683a0bddaf714314e6b88a5c2dffc193653708daac7e401
8facc9e603203d5a7794b1ceeb0825425f7c99b6d3f00d2a4764819ebbd8f512
a0bddaf714314e6b88a5c2dffc193653708daac7e4011e3b587592afcce90623
b1ceeb0825425f7c99b6d3f00d2a4764819ebbd8f5122f4c6986a3c0ddfa1734
c2dffc193653708daac7e4011e3b587592afcce90623405d7a97b4d1ee0b2845
d3f00d2a4764819ebbd8f5122f4c6986a3c0ddfa1734516e8ba8c5e2ff1c3956
e4011e3b587592afcce90623405d7a97b4d1ee0b2845627f9cb9d6f3102d4a67
f5122f4c6986a3c0ddfa1734516e8ba8c5e2ff1c39567390adcae704213e5b78
0623405d7a97b4d1ee0b2845627f9cb9d6f3102d4a6784a1bedbf815324f6c89
1734516e8ba8c5e2ff1c39567390adcae704213e5b7895b2cfec092643607d9a
2845627f9cb9d6f3102d4a6784a1bedbf815324f6c89a6c3e0fd1a3754718eab
39567390adcae704213e5b7895b2cfec092643607d9ab7d4f10e2b4865829fbc
4a6784a1bedbf815324f6c89a6c3e0fd1a3754718eabc8e5021f3c597693b0cd
5b7895b2cfec092643607d9ab7d4f10e2b4865829fbcd9f613304d6a87a4c1de
6c89a6c3e0fd1a3754718eabc8e5021f3c597693b0cdea0724415e7b98b5d2ef
7d9ab7d4f10e2b4865829fbcd9f613304d6a87a4c1defb1835526f8ca9c6e300
8eabc8e5021f3c597693b0cdea0724415e7b98b5d2ef0c294663809dbad7f411
9fbcd9f613304d6a87a4c1defb1835526f8ca9c6e3001d3a577491aecbe80522
b0cdea0724415e7b98b5d2ef0c294663809dbad7f4112e4b6885a2bfdcf91633
c1defb1835526f8ca9c6e3001d3a577491aecbe805223f5c7996b3d0ed0a2744
d2ef0c294663809dbad7f4112e4b6885a2bfdcf91633506d8aa7c4e1fe1b3855
e3001d3a577491aecbe805223f5c7996b3d0ed0a2744617e9bb8d5f20f2c4966
f4112e4b6885a2bfdcf91633506d8aa7c4e1fe1b3855728facc9e603203d5a77
05223f5c7996b3d0ed0a2744617e9bb8d5f20f2c496683a0bddaf714314e6b88
1633506d8aa7c4e1fe1b3855728facc9e603203d5a7794b1ceeb0825425f7c99
2744617e9bb8d5f20f2c496683a0bddaf714314e6b88a5c2dffc193653708daa
3855728facc9e603203d5a7794b1ceeb0825425f7c99b6d3f00d2a4764819ebb
496683a0bddaf714314e6b88a5c2dffc193653708daac7e4011e3b587592afcc
5a7794b1ceeb0825425f7c99b6d3f00d2a4764819ebbd8f5122f4c6986a3c0dd
6b88a5c2dffc193653708daac7e4011e3b587592afcce90623405d7a97b4d1ee
7c99b6d3f00d2a4764819ebbd8f5122f4c6986a3c0ddfa1734516e8ba8c5e2ff
8daac7e4011e3b587592afcce90623405d7a97b4d1ee0b2845627f9cb9d6f310
9ebbd8f5122f4c6986a3c0ddfa1734516e8ba8c5e2ff1c39567390adcae70421
afcce90623405d7a97b4d1ee0b2845627f9cb9d6f3102d4a6784a1bedbf81532
c0ddfa1734516e8ba8c5e2ff1c39567390adcae704213e5b7895b2cfec092643
d1ee0b2845627f9cb9d6f3102d4a6784a1bedbf815324f6c89a6c3e0fd1a3754
e2ff1c39567390adcae704213e5b7895b2cfec092643607d9ab7d4f10e2b4865
f3102d4a6784a1bedbf815324f6c89a6c3e0fd1a3754718eabc8e5021f3c5976
04213e5b7895b2cfec092643607d9ab7d4f10e2b4865829fbcd9f613304d6a87
15324f6c89a6c3e0fd1a3754718eabc8e5021f3c597693b0cdea0724415e7b98
2643607d9ab7d4f10e2b4865829fbcd9f613304d6a87a4c1defb1835526f8ca9
3754718eabc8e5021f3c597693b0cdea0724415e7b98b5d2ef0c294663809dba
4865829fbcd9f613304d6a87a4c1defb1835526f8ca9c6e3001d3a577491aecb
597693b0cdea0724415e7b98b5d2ef0c294663809dbad7f4112e4b6885a2bfdc
6a87a4c1defb1835526f8ca9c6e3001d3a577491aecbe805223f5c7996b3d0ed
7b98b5d2ef0c294663809dbad7f4112e4b6885a2bfdcf91633506d8aa7c4e1fe
8ca9c6e3001d3a577491aecbe805223f5c7996b3d0ed0a2744617e9bb8d5f20f
9dbad7f4112e4b6885a2bfdcf91633506d8aa7c4e1fe1b3855728facc9e60320
aecbe805223f5c7996b3d0ed0a2744617e9bb8d5f20f2c496683a0bddaf71431
bfdcf91633506d8aa7c4e1fe1b3855728facc9e603203d5a7794b1ceeb082542
d0ed0a2744617e9bb8d5f20f2c496683a0bddaf714314e6b88a5c2dffc193653
e1fe1b3855728facc9e603203d5a7794b1ceeb0825425f7c99b6d3f00d2a4764
f20f2c496683a0bddaf714314e6b88a5c2dffc193653708daac7e4011e3b5875
03203d5a7794b1ceeb0825425f7c99b6d3f00d2a4764819ebbd8f5122f4c6986
14314e6b88a5c2dffc193653708daac7e4011e3b587592afcce90623405d7a97
25425f7c99b6d3f00d2a4764819ebbd8f5122f4c6986a3c0ddfa1734516e8ba8
3653708daac7e4011e3b587592afcce90623405d7a97b4d1ee0b2845627f9cb9
4764819ebbd8f5122f4c6986a3c0ddfa1734516e8ba8c5e2ff1c39567390adca
587592afcce90623405d7a97b4d1ee0b2845627f9cb9d6f3102d4a6784a1bedb
6986a3c0ddfa1734516e8ba8c5e2ff1c39567390adcae704213e5b7895b2cfec
7a97b4d1ee0b2845627f9cb9d6f3102d4a6784a1bedbf815324f6c89a6c3e0fd
8ba8c5e2ff1c39567390adcae704213e5b7895b2cfec092643607d9ab7d4f10e
9cb9d6f3102d4a6784a1bedbf815324f6c89a6c3e0fd1a3754718eabc8e5021f
adcae704213e5b7895b2cfec092643607d9ab7d4f10e2b4865829fbcd9f61330
bedbf815324f6c89a6c3e0fd1a3754718eabc8e5021f3c597693b0cdea072441
cfec092643607d9ab7d4f10e2b4865829fbcd9f613304d6a87a4c1defb183552
e0fd1a3754718eabc8e5021f3c597693b0cdea0724415e7b98b5d2ef0c294663
f10e2b4865829fbcd9f613304d6a87a4c1defb1835526f8ca9c6e3001d3a5774
021f3c597693b0cdea0724415e7b98b5d2ef0c294663809dbad7f4112e4b6885
13304d6a87a4c1defb1835526f8ca9c6e3001d3a577491aecbe805223f5c7996
24415e7b98b5d2ef0c294663809dbad7f4112e4b6885a2bfdcf91633506d8aa7
35526f8ca9c6e3001d3a577491aecbe805223f5c7996b3d0ed0a2744617e9bb8
4663809dbad7f4112e4b6885a2bfdcf91633506d8aa7c4e1fe1b3855728facc9
577491aecbe805223f5c7996b3d0ed0a2744617e9bb8d5f20f2c496683a0bdda
6885a2bfdcf91633506d8aa7c4e1fe1b3855728facc9e603203d5a7794b1ceeb
7996b3d0ed0a2744617e9bb8d5f20f2c496683a0bddaf714314e6b88a5c2dffc
8aa7c4e1fe1b3855728facc9e603203d5a7794b1ceeb0825425f7c99b6d3f00d
9bb8d5f20f2c496683a0bddaf714314e6b88a5c2dffc193653708daac7e4011e
acc9e603203d5a7794b1ceeb0825425f7c99b6d3f00d2a4764819ebbd8f5122f
bddaf714314e6b88a5c2dffc193653708daac7e4011e3b587592afcce9062340
ceeb0825425f7c99b6d3f00d2a4764819ebbd8f5122f4c6986a3c0ddfa173451
dffc193653708daac7e4011e3b587592afcce90623405d7a97b4d1ee0b284562
f00d2a4764819ebbd8f5122f4c6986a3c0ddfa1734516e8ba8c5e2ff1c395673
011e3b587592afcce90623405d7a97b4d1ee0b2845627f9cb9d6f3102d4a6784
122f4c6986a3c0ddfa1734516e8ba8c5e2ff1c39567390adcae704213e5b7895
23405d7a97b4d1ee0b2845627f9cb9d6f3102d4a6784a1bedbf815324f6c89a6
34516e8ba8c5e2ff1c39567390adcae704213e5b7895b2cfec092643607d9ab7
45627f9cb9d6f3102d4a6784a1bedbf815324f6c89a6c3e0fd1a3754718eabc8
567390adcae704213e5b7895b2cfec092643607d9ab7d4f10e2b4865829fbcd9
6784a1bedbf815324f6c89a6c3e0fd1a3754718eabc8e5021f3c597693b0cdea
7895b2cfec092643607d9ab7d4f10e2b4865829fbcd9f613304d6a87a4c1defb
89a6c3e0fd1a3754718eabc8e5021f3c597693b0cdea0724415e7b98b5d2ef0c
9ab7d4f10e2b4865829fbcd9f613304d6a87a4c1defb1835526f8ca9c6e3001d
abc8e5021f3c597693b0cdea0724415e7b98b5d2ef0c294663809dbad7f4112e
bcd9f613304d6a87a4c1defb1835526f8ca9c6e3001d3a577491aecbe805223f
cdea0724415e7b98b5d2ef0c294663809dbad7f4112e4b6885a2bfdcf9163350
defb1835526f8ca9c6e3001d3a577491aecbe805223f5c7996b3d0ed0a274461
ef0c294663809dbad7f4112e4b6885a2bfdcf91633506d8aa7c4e1fe1b385572
001d3a577491aecbe805223f5c7996b3d0ed0a2744617e9bb8d5f20f2c496683
112e4b6885a2bfdcf91633506d8aa7c4e1fe1b3855728facc9e603203d5a7794
223f5c7996b3d0ed0a2744617e9bb8d5f20f2c496683a0bddaf714314e6b88a5
33506d8aa7c4e1fe1b3855728facc9e603203d5a7794b1ceeb0825425f7c99b6
44617e9bb8d5f20f2c496683a0bddaf714314e6b88a5c2dffc193653708daac7
55728facc9e603203d5a7794b1ceeb0825425f7c99b6d3f00d2a4764819ebbd8
6683a0bddaf714314e6b88a5c2dffc193653708daac7e4011e3b587592afcce9
7794b1ceeb0825425f7c99b6d3f00d2a4764819ebbd8f5122f4c6986a3c0ddfa
88a5c2dffc193653708daac7e4011e3b587592afcce90623405d7a97b4d1ee0b
99b6d3f00d2a4764819ebbd8f5122f4c6986a3c0ddfa1734516e8ba8c5e2ff1c
aac7e4011e3b587592afcce90623405d7a97b4d1ee0b2845627f9cb9d6f3102d
bbd8f5122f4c6986a3c0ddfa1734516e8ba8c5e2ff1c39567390adcae704213e
cce90623405d7a97b4d1ee0b2845627f9cb9d6f3102d4a6784a1bedbf815324f
ddfa1734516e8ba8c5e2ff1c39567390adcae704213e5b7895b2cfec09264360
ee0b2845627f9cb9d6f3102d4a6784a1bedbf815324f6c89a6c3e0fd1a375471
ff1c39567390adcae704213e5b7895b2cfec092643607d9ab7d4f10e2b486582
102d4a6784a1bedbf815324f6c89a6c3e0fd1a3754718eabc8e5021f3c597693
213e5b7895b2cfec092643607d9ab7d4f10e2b4865829fbcd9f613304d6a87a4
324f6c89a6c3e0fd1a3754718eabc8e5021f3c597693b0cdea0724415e7b98b5
43607d9ab7d4f10e2b4865829fbcd9f613304d6a87a4c1defb1835526f8ca9c6
54718eabc8e5021f3c597693b0cdea0724415e7b98b5d2ef0c294663809dbad7
65829fbcd9f613304d6a87a4c1defb1835526f8ca9c6e3001d3a577491aecbe8
7693b0cdea0724415e7b98b5d2ef0c294663809dbad7f4112e4b6885a2bfdcf9
87a4c1defb1835526f8ca9c6e3001d3a577491aecbe805223f5c7996b3d0ed0a
98b5d2ef0c294663809dbad7f4112e4b6885a2bfdcf91633506d8aa7c4e1fe1b
a9c6e3001d3a577491aecbe805223f5c7996b3d0ed0a2744617e9bb8d5f20f2c
bad7f4112e4b6885a2bfdcf91633506d8aa7c4e1fe1b3855728facc9e603203d
cbe805223f5c7996b3d0ed0a2744617e9bb8d5f20f2c496683a0bddaf714314e
dcf91633506d8aa7c4e1fe1b3855728facc9e603203d5a7794b1ceeb0825425f
ed0a2744617e9bb8d5f20f2c496683a0bddaf714314e6b88a5c2dffc19365370
fe1b3855728facc9e603203d5a7794b1ceeb0825425f7c99b6d3f00d2a476481
0f2c496683a0bddaf714314e6b88a5c2dffc193653708daac7e4011e3b587592
203d5a7794b1ceeb0825425f7c99b6d3f00d2a4764819ebbd8f5122f4c6986a3
314e6b88a5c2dffc193653708daac7e4011e3b587592afcce90623405d7a97b4
425f7c99b6d3f00d2a4764819ebbd8f5122f4c6986a3c0ddfa1734516e8ba8c5
53708daac7e4011e3b587592afcce90623405d7a97b4d1ee0b2845627f9cb9d6
64819ebbd8f5122f4c6986a3c0ddfa1734516e8ba8c5e2ff1c39567390adcae7
7592afcce90623405d7a97b4d1ee0b2845627f9cb9d6f3102d4a6784a1bedbf8
86a3c0ddfa1734516e8ba8c5e2ff1c39567390adcae704213e5b7895b2cfec09
97b4d1ee0b2845627f9cb9d6f3102d4a6784a1bedbf815324f6c89a6c3e0fd1a
a8c5e2ff1c39567390adcae704213e5b7895b2cfec092643607d9ab7d4f10e2b
b9d6f3102d4a6784a1bedbf815324f6c89a6c3e0fd1a3754718eabc8e5021f3c
cae704213e5b7895b2cfec092643607d9ab7d4f10e2b4865829fbcd9f613304d
dbf815324f6c89a6c3e0fd1a3754718eabc8e5021f3c597693b0cdea0724415e
ec092643607d9ab7d4f10e2b4865829fbcd9f613304d6a87a4c1defb1835526f
fd1a3754718eabc8e5021f3c597693b0cdea0724415e7b98b5d2ef0c29466380
0e2b4865829fbcd9f613304d6a87a4c1defb1835526f8ca9c6e3001d3a577491
1f3c597693b0cdea0724415e7b98b5d2ef0c294663809dbad7f4112e4b6885a2
304d6a87a4c1defb1835526f8ca9c6e3001d3a577491aecbe805223f5c7996b3
415e7b98b5d2ef0c294663809dbad7f4112e4b6885a2bfdcf91633506d8aa7c4
526f8ca9c6e3001d3a577491aecbe805223f5c7996b3d0ed0a2744617e9bb8d5
63809dbad7f4112e4b6885a2bfdcf91633506d8aa7c4e1fe1b3855728facc9e6
7491aecbe805223f5c7996b3d0ed0a2744617e9bb8d5f20f2c496683a0bddaf7
85a2bfdcf91633506d8aa7c4e1fe1b3855728facc9e603203d5a7794b1ceeb08
96b3d0ed0a2744617e9bb8d5f20f2c496683a0bddaf714314e6b88a5c2dffc19
a7c4e1fe1b3855728facc9e603203d5a7794b1ceeb0825425f7c99b6d3f00d2a
b8d5f20f2c496683a0bddaf714314e6b88a5c2dffc193653708daac7e4011e3b
c9e603203d5a7794b1ceeb0825425f7c99b6d3f00d2a4764819ebbd8f5122f4c
daf714314e6b88a5c2dffc193653708daac7e4011e3b587592afcce90623405d
eb0825425f7c99b6d3f00d2a4764819ebbd8f5122f4c6986a3c0ddfa1734516e
fc193653708daac7e4011e3b587592afcce90623405d7a97b4d1ee0b2845627f
0d2a4764819ebbd8f5122f4c6986a3c0ddfa1734516e8ba8c5e2ff1c39567390
1e3b587592afcce90623405d7a97b4d1ee0b2845627f9cb9d6f3102d4a6784a1
2f4c6986a3c0ddfa1734516e8ba8c5e2ff1c39567390adcae704213e5b7895b2
405d7a97b4d1ee0b2845627f9cb9d6f3102d4a6784a1bedbf815324f6c89a6c3
516e8ba8c5e2ff1c39567390adcae704213e5b7895b2cfec092643607d9ab7d4
627f9cb9d6f3102d4a6784a1bedbf815324f6c89a6c3e0fd1a3754718eabc8e5
7390adcae704213e5b7895b2cfec092643607d9ab7d4f10e2b4865829fbcd9f6
84a1bedbf815324f6c89a6c3e0fd1a3754718eabc8e5021f3c597693b0cdea07
95b2cfec092643607d9ab7d4f10e2b4865829fbcd9f613304d6a87a4c1defb18
a6c3e0fd1a3754718eabc8e5021f3c597693b0cdea0724415e7b98b5d2ef0c29
b7d4f10e2b4865829fbcd9f613304d6a87a4c1defb1835526f8ca9c6e3001d3a
c8e5021f3c597693b0cdea0724415e7b98b5d2ef0c294663809dbad7f4112e4b
d9f613304d6a87a4c1defb1835526f8ca9c6e3001d3a577491aecbe805223f5c
ea0724415e7b98b5d2ef0c294663809dbad7f4112e4b6885a2bfdcf91633506d
fb1835526f8ca9c6e3001d3a577491aecbe805223f5c7996b3d0ed0a2744617e
0c294663809dbad7f4112e4b6885a2bfdcf91633506d8aa7c4e1fe1b3855728f
1d3a577491aecbe805223f5c7996b3d0ed0a2744617e9bb8d5f20f2c496683a0
2e4b6885a2bfdcf91633506d8aa7c4e1fe1b3855728facc9e603203d5a7794b1
3f5c7996b3d0ed0a2744617e9bb8d5f20f2c496683a0bddaf714314e6b88a5c2
506d8aa7c4e1fe1b3855728facc9e603203d5a7794b1ceeb0825425f7c99b6d3
617e9bb8d5f20f2c496683a0bddaf714314e6b88a5c2dffc193653708daac7e4
728facc9e603203d5a7794b1ceeb0825425f7c99b6d3f00d2a4764819ebbd8f5
83a0bddaf714314e6b88a5c2dffc193653708daac7e4011e3b587592afcce906
94b1ceeb0825425f7c99b6d3f00d2a4764819ebbd8f5122f4c6986a3c0ddfa17
a5c2dffc193653708daac7e4011e3b587592afcce90623405d7a97b4d1ee0b28
b6d3f00d2a4764819ebbd8f5122f4c6986a3c0ddfa1734516e8ba8c5e2ff1c39
c7e4011e3b587592afcce90623405d7a97b4d1ee0b2845627f9cb9d6f3102d4a
d8f5122f4c6986a3c0ddfa1734516e8ba8c5e2ff1c39567390adcae704213e5b
e90623405d7a97b4d1ee0b2845627f9cb9d6f3102d4a6784a1bedbf815324f6c
fa1734516e8ba8c5e2ff1c39567390adcae704213e5b7895b2cfec092643607d
0b2845627f9cb9d6f3102d4a6784a1bedbf815324f6c89a6c3e0fd1a3754718e
1c39567390adcae704213e5b7895b2cfec092643607d9ab7d4f10e2b4865829f
2d4a6784a1bedbf815324f6c89a6c3e0fd1a3754718eabc8e5021f3c597693b0
3e5b7895b2cfec092643607d9ab7d4f10e2b4865829fbcd9f613304d6a87a4c1
4f6c89a6c3e0fd1a3754718eabc8e5021f3c597693b0cdea0724415e7b98b5d2
607d9ab7d4f10e2b4865829fbcd9f613304d6a87a4c1defb1835526f8ca9c6e3
718eabc8e5021f3c597693b0cdea0724415e7b98b5d2ef0c294663809dbad7f4
829fbcd9f613304d6a87a4c1defb1835526f8ca9c6e3001d3a577491aecbe805
93b0cdea0724415e7b98b5d2ef0c294663809dbad7f4112e4b6885a2bfdcf916
a4c1defb1835526f8ca9c6e3001d3a577491aecbe805223f5c7996b3d0ed0a27
b5d2ef0c294663809dbad7f4112e4b6885a2bfdcf91633506d8aa7c4e1fe1b38
c6e3001d3a577491aecbe805223f5c7996b3d0ed0a2744617e9bb8d5f20f2c49
d7f4112e4b6885a2bfdcf91633506d8aa7c4e1fe1b3855728facc9e603203d5a
e805223f5c7996b3d0ed0a2744617e9bb8d5f20f2c496683a0bddaf714314e6b
f91633506d8aa7c4e1fe1b3855728facc9e603203d5a7794b1ceeb0825425f7c
0a2744617e9bb8d5f20f2c496683a0bddaf714314e6b88a5c2dffc193653708d
1b3855728facc9e603203d5a7794b1ceeb0825425f7c99b6d3f00d2a4764819e
2c496683a0bddaf714314e6b88a5c2dffc193653708daac7e4011e3b587592af
3d5a7794b1ceeb0825425f7c99b6d3f00d2a4764819ebbd8f5122f4c6986a3c0
4e6b88a5c2dffc193653708daac7e4011e3b587592afcce90623405d7a97b4d1
5f7c99b6d3f00d2a4764819ebbd8f5122f4c6986a3c0ddfa1734516e8ba8c5e2
708daac7e4011e3b587592afcce90623405d7a97b4d1ee0b2845627f9cb9d6f3
819ebbd8f5122f4c6986a3c0ddfa1734516e8ba8c5e2ff1c39567390adcae704
92afcce90623405d7a97b4d1ee0b2845627f9cb9d6f3102d4a6784a1bedbf815
a3c0ddfa1734516e8ba8c5e2ff1c39567390adcae704213e5b7895b2cfec0926
b4d1ee0b2845627f9cb9d6f3102d4a6784a1bedbf815324f6c89a6c3e0fd1a37
c5e2ff1c39567390adcae704213e5b7895b2cfec092643607d9ab7d4f10e2b48
d6f3102d4a6784a1bedbf815324f6c89a6c3e0fd1a3754718eabc8e5021f3c59
e704213e5b7895b2cfec092643607d9ab7d4f10e2b4865829fbcd9f613304d6a
f815324f6c89a6c3e0fd1a3754718eabc8e5021f3c597693b0cdea0724415e7b
092643607d9ab7d4f10e2b4865829fbcd9f613304d6a87a4c1defb1835526f8c
1a3754718eabc8e5021f3c597693b0cdea0724415e7b98b5d2ef0c294663809d
2b4865829fbcd9f613304d6a87a4c1defb1835526f8ca9c6e3001d3a577491ae
3c597693b0cdea0724415e7b98b5d2ef0c294663809dbad7f4112e4b6885a2bf
4d6a87a4c1defb1835526f8ca9c6e3001d3a577491aecbe805223f5c7996b3d0
5e7b98b5d2ef0c294663809dbad7f4112e4b6885a2bfdcf91633506d8aa7c4e1
6f8ca9c6e3001d3a577491aecbe805223f5c7996b3d0ed0a2744617e9bb8d5f2
809dbad7f4112e4b6885a2bfdcf91633506d8aa7c4e1fe1b3855728facc9e603
91aecbe805223f5c7996b3d0ed0a2744617e9bb8d5f20f2c496683a0bddaf714
a2bfdcf91633506d8aa7c4e1fe1b3855728facc9e603203d5a7794b1ceeb0825
b3d0ed0a2744617e9bb8d5f20f2c496683a0bddaf714314e6b88a5c2dffc1936
c4e1fe1b3855728facc9e603203d5a7794b1ceeb0825425f7c99b6d3f00d2a47
d5f20f2c496683a0bddaf714314e6b88a5c2dffc193653708daac7e4011e3b58
e603203d5a7794b1ceeb0825425f7c99b6d3f00d2a4764819ebbd8f5122f4c69
f714314e6b88a5c2dffc193653708daac7e4011e3b587592afcce90623405d7a
0825425f7c99b6d3f00d2a4764819ebbd8f5122f4c6986a3c0ddfa1734516e8b
193653708daac7e4011e3b587592afcce90623405d7a97b4d1ee0b2845627f9c
2a4764819ebbd8f5122f4c6986a3c0ddfa1734516e8ba8c5e2ff1c39567390ad
3b587592afcce90623405d7a97b4d1ee0b2845627f9cb9d6f3102d4a6784a1be
4c6986a3c0ddfa1734516e8ba8c5e2ff1c39567390adcae704213e5b7895b2cf
5d7a97b4d1ee0b2845627f9cb9d6f3102d4a6784a1bedbf815324f6c89a6c3e0
6e8ba8c5e2ff1c39567390adcae704213e5b7895b2cfec092643607d9ab7d4f1
7f9cb9d6f3102d4a6784a1bedbf815324f6c89a6c3e0fd1a3754718eabc8e502
90adcae704213e5b7895b2cfec092643607d9ab7d4f10e2b4865829fbcd9f613
a1bedbf815324f6c89a6c3e0fd1a3754718eabc8e5021f3c597693b0cdea0724
b2cfec092643607d9ab7d4f10e2b4865829fbcd9f613304d6a87a4c1defb1835
c3e0fd1a3754718eabc8e5021f3c597693b0cdea0724415e7b98b5d2ef0c2946
d4f10e2b4865829fbcd9f613304d6a87a4c1defb1835526f8ca9c6e3001d3a57
e5021f3c597693b0cdea0724415e7b98b5d2ef0c294663809dbad7f4112e4b68
f613304d6a87a4c1defb1835526f8ca9c6e3001d3a577491aecbe805223f5c79
0724415e7b98b5d2ef0c294663809dbad7f4112e4b6885a2bfdcf91633506d8a
1835526f8ca9c6e3001d3a577491aecbe805223f5c7996b3d0ed0a2744617e9b
294663809dbad7f4112e4b6885a2bfdcf91633506d8aa7c4e1fe1b3855728fac
3a577491aecbe805223f5c7996b3d0ed0a2744617e9bb8d5f20f2c496683a0bd
4b6885a2bfdcf91633506d8aa7c4e1fe1b3855728facc9e603203d5a7794b1ce
5c7996b3d0ed0a2744617e9bb8d5f20f2c496683a0bddaf714314e6b88a5c2df
6d8aa7c4e1fe1b3855728facc9e603203d5a7794b1ceeb0825425f7c99b6d3f0
7e9bb8d5f20f2c496683a0bddaf714314e6b88a5c2dffc193653708daac7e401
8facc9e603203d5a7794b1ceeb0825425f7c99b6d3f00d2a4764819ebbd8f512
a0bddaf714314e6b88a5c2dffc193653708daac7e4011e3b587592afcce90623
b1ceeb0825425f7c99b6d3f00d2a4764819ebbd8f5122f4c6986a3c0ddfa1734
c2dffc193653708daac7e4011e3b587592afcce90623405d7a97b4d1ee0b2845
d3f00d2a4764819ebbd8f5122f4c6986a3c0ddfa1734516e8ba8c5e2ff1c3956
e4011e3b587592afcce90623405d7a97b4d1ee0b2845627f9cb9d6f3102d4a67
f5122f4c6986a3c0ddfa1734516e8ba8c5e2ff1c39567390adcae704213e5b78
0623405d7a97b4d1ee0b2845627f9cb9d6f3102d4a6784a1bedbf815324f6c89
1734516e8ba8c5e2ff1c39567390adcae704213e5b7895b2cfec092643607d9a
2845627f9cb9d6f3102d4a6784a1bedbf815324f6c89a6c3e0fd1a3754718eab
39567390adcae704213e5b7895b2cfec092643607d9ab7d4f10e2b4865829fbc
4a6784a1bedbf815324f6c89a6c3e0fd1a3754718eabc8e5021f3c597693b0cd
5b7895b2cfec092643607d9ab7d4f10e2b4865829fbcd9f613304d6a87a4c1de
6c89a6c3e0fd1a3754718eabc8e5021f3c597693b0cdea0724415e7b98b5d2ef
7d9ab7d4f10e2b4865829fbcd9f613304d6a87a4c1defb1835526f8ca9c6e300
8eabc8e5021f3c597693b0cdea0724415e7b98b5d2ef0c294663809dbad7f411
9fbcd9f613304d6a87a4c1defb1835526f8ca9c6e3001d3a577491aecbe80522
b0cdea0724415e7b98b5d2ef0c294663809dbad7f4112e4b6885a2bfdcf91633
c1defb1835526f8ca9c6e3001d3a577491aecbe805223f5c7996b3d0ed0a2744
d2ef0c294663809dbad7f4112e4b6885a2bfdcf91633506d8aa7c4e1fe1b3855
e3001d3a577491aecbe805223f5c7996b3d0ed0a2744617e9bb8d5f20f2c4966
f4112e4b6885a2bfdcf91633506d8aa7c4e1fe1b3855728facc9e603203d5a77
05223f5c7996b3d0ed0a2744617e9bb8d5f20f2c496683a0bddaf714314e6b88
1633506d8aa7c4e1fe1b3855728facc9e603203d5a7794b1ceeb0825425f7c99
2744617e9bb8d5f20f2c496683a0bddaf714314e6b88a5c2dffc193653708daa
3855728facc9e603203d5a7794b1ceeb0825425f7c99b6d3f00d2a4764819ebb
496683a0bddaf714314e6b88a5c2dffc193653708daac7e4011e3b587592afcc
5a7794b1ceeb0825425f7c99b6d3f00d2a4764819ebbd8f5122f4c6986a3c0dd
6b88a5c2dffc193653708daac7e4011e3b587592afcce90623405d7a97b4d1ee
7c99b6d3f00d2a4764819ebbd8f5122f4c6986a3c0ddfa1734516e8ba8c5e2ff
8daac7e4011e3b587592afcce90623405d7a97b4d1ee0b2845627f9cb9d6f310
9ebbd8f5122f4c6986a3c0ddfa1734516e8ba8c5e2ff1c39567390adcae70421
afcce90623405d7a97b4d1ee0b2845627f9cb9d6f3102d4a6784a1bedbf81532
c0ddfa1734516e8ba8c5e2ff1c39567390adcae704213e5b7895b2cfec092643
d1ee0b2845627f9cb9d6f3102d4a6784a1bedbf815324f6c89a6c3e0fd1a3754
e2ff1c39567390adcae704213e5b7895b2cfec092643607d9ab7d4f10e2b4865
f3102d4a6784a1bedbf815324f6c89a6c3e0fd1a3754718eabc8e5021f3c5976
04213e5b7895b2cfec092643607d9ab7d4f10e2b4865829fbcd9f613304d6a87
15324f6c89a6c3e0fd1a3754718eabc8e5021f3c597693b0cdea0724415e7b98
2643607d9ab7d4f10e2b4865829fbcd9f613304d6a87a4c1defb1835526f8ca9
3754718eabc8e5021f3c597693b0cdea0724415e7b98b5d2ef0c294663809dba
4865829fbcd9f613304d6a87a4c1defb1835526f8ca9c6e3001d3a577491aecb
597693b0cdea0724415e7b98b5d2ef0c294663809dbad7f4112e4b6885a2bfdc
6a87a4c1defb1835526f8ca9c6e3001d3a577491aecbe805223f5c7996b3d0ed
7b98b5d2ef0c294663809dbad7f4112e4b6885a2bfdcf91633506d8aa7c4e1fe
8ca9c6e3001d3a577491aecbe805223f5c7996b3d0ed0a2744617e9bb8d5f20f
9dbad7f4112e4b6885a2bfdcf91633506d8aa7c4e1fe1b3855728facc9e60320
aecbe805223f5c7996b3d0ed0a2744617e9bb8d5f20f2c496683a0bddaf71431
bfdcf91633506d8aa7c4e1fe1b3855728facc9e603203d5a7794b1ceeb082542
d0ed0a2744617e9bb8d5f20f2c496683a0bddaf714314e6b88a5c2dffc193653
e1fe1b3855728facc9e603203d5a7794b1ceeb0825425f7c99b6d3f00d2a4764
f20f2c496683a0bddaf714314e6b88a5c2dffc193653708daac7e4011e3b5875
03203d5a7794b1ceeb0825425f7c99b6d3f00d2a4764819ebbd8f5122f4c6986
14314e6b88a5c2dffc193653708daac7e4011e3b587592afcce90623405d7a97
25425f7c99b6d3f00d2a4764819ebbd8f5122f4c6986a3c0ddfa1734516e8ba8
3653708daac7e4011e3b587592afcce90623405d7a97b4d1ee0b2845627f9cb9
4764819ebbd8f5122f4c6986a3c0ddfa1734516e8ba8c5e2ff1c39567390adca
587592afcce90623405d7a97b4d1ee0b2845627f9cb9d6f3102d4a6784a1bedb
6986a3c0ddfa1734516e8ba8c5e2ff1c39567390adcae704213e5b7895b2cfec
7a97b4d1ee0b2845627f9cb9d6f3102d4a6784a1bedbf815324f6c89a6c3e0fd
8ba8c5e2ff1c39567390adcae704213e5b7895b2cfec092643607d9ab7d4f10e
9cb9d6f3102d4a6784a1bedbf815324f6c89a6c3e0fd1a3754718eabc8e5021f
adcae704213e5b7895b2cfec092643607d9ab7d4f10e2b4865829fbcd9f61330
bedbf815324f6c89a6c3e0fd1a3754718eabc8e5021f3c597693b0cdea072441
cfec092643607d9ab7d4f10e2b4865829fbcd9f613304d6a87a4c1defb183552
e0fd1a3754718eabc8e5021f3c597693b0cdea0724415e7b98b5d2ef0c294663
f10e2b4865829fbcd9f613304d6a87a4c1defb1835526f8ca9c6e3001d3a5774
021f3c597693b0cdea0724415e7b98b5d2ef0c294663809dbad7f4112e4b6885
13304d6a87a4c1defb1835526f8ca9c6e3001d3a577491aecbe805223f5c7996
24415e7b98b5d2ef0c294663809dbad7f4112e4b6885a2bfdcf91633506d8aa7
35526f8ca9c6e3001d3a577491aecbe805223f5c7996b3d0ed0a2744617e9bb8
4663809dbad7f4112e4b6885a2bfdcf91633506d8aa7c4e1fe1b3855728facc9
577491aecbe805223f5c7996b3d0ed0a2744617e9bb8d5f20f2c496683a0bdda
6885a2bfdcf91633506d8aa7c4e1fe1b3855728facc9e603203d5a7794b1ceeb
7996b3d0ed0a2744617e9bb8d5f20f2c496683a0bddaf714314e6b88a5c2dffc
8aa7c4e1fe1b3855728facc9e603203d5a7794b1ceeb0825425f7c99b6d3f00d
9bb8d5f20f2c496683a0bddaf714314e6b88a5c2dffc193653708daac7e4011e
acc9e603203d5a7794b1ceeb0825425f7c99b6d3f00d2a4764819ebbd8f5122f
bddaf714314e6b88a5c2dffc193653708daac7e4011e3b587592afcce9062340
ceeb0825425f7c99b6d3f00d2a4764819ebbd8f5122f4c6986a3c0ddfa173451
dffc193653708daac7e4011e3b587592afcce90623405d7a97b4d1ee0b284562
f00d2a4764819ebbd8f5122f4c6986a3c0ddfa1734516e8ba8c5e2ff1c395673
011e3b587592afcce90623405d7a97b4d1ee0b2845627f9cb9d6f3102d4a6784
122f4c6986a3c0ddfa1734516e8ba8c5e2ff1c39567390adcae704213e5b7895
23405d7a97b4d1ee0b2845627f9cb9d6f3102d4a6784a1bedbf815324f6c89a6
34516e8ba8c5e2ff1c39567390adcae704213e5b7895b2cfec092643607d9ab7
45627f9cb9d6f3102d4a6784a1bedbf815324f6c89a6c3e0fd1a3754718eabc8
567390adcae704213e5b7895b2cfec092643607d9ab7d4f10e2b4865829fbcd9
6784a1bedbf815324f6c89a6c3e0fd1a3754718eabc8e5021f3c597693b0cdea
7895b2cfec092643607d9ab7d4f10e2b4865829fbcd9f613304d6a87a4c1defb
89a6c3e0fd1a3754718eabc8e5021f3c597693b0cdea0724415e7b98b5d2ef0c
9ab7d4f10e2b4865829fbcd9f613304d6a87a4c1defb1835526f8ca9c6e3001d
abc8e5021f3c597693b0cdea0724415e7b98b5d2ef0c294663809dbad7f4112e
bcd9f613304d6a87a4c1defb1835526f8ca9c6e3001d3a577491aecbe805223f
cdea0724415e7b98b5d2ef0c294663809dbad7f4112e4b6885a2bfdcf9163350
defb1835526f8ca9c6e3001d3a577491aecbe805223f5c7996b3d0ed0a274461
ef0c294663809dbad7f4112e4b6885a2bfdcf91633506d8aa7c4e1fe1b385572
001d3a577491aecbe805223f5c7996b3d0ed0a2744617e9bb8d5f20f2c496683
112e4b6885a2bfdcf91633506d8aa7c4e1fe1b3855728facc9e603203d5a7794
223f5c7996b3d0ed0a2744617e9bb8d5f20f2c496683a0bddaf714314e6b88a5
33506d8aa7c4e1fe1b3855728facc9e603203d5a7794b1ceeb0825425f7c99b6
44617e9bb8d5f20f2c496683a0bddaf714314e6b88a5c2dffc193653708daac7
55728facc9e603203d5a7794b1ceeb0825425f7c99b6d3f00d2a4764819ebbd8
6683a0bddaf714314e6b88a5c2dffc193653708daac7e4011e3b587592afcce9
7794b1ceeb0825425f7c99b6d3f00d2a4764819ebbd8f5122f4c6986a3c0ddfa
88a5c2dffc193653708daac7e4011e3b587592afcce90623405d7a97b4d1ee0b
99b6d3f00d2a4764819ebbd8f5122f4c6986a3c0ddfa1734516e8ba8c5e2ff1c
aac7e4011e3b587592afcce90623405d7a97b4d1ee0b2845627f9cb9d6f3102d
bbd8f5122f4c6986a3c0ddfa1734516e8ba8c5e2ff1c39567390adcae704213e
cce90623405d7a97b4d1ee0b2845627f9cb9d6f3102d4a6784a1bedbf815324f
ddfa1734516e8ba8c5e2ff1c39567390adcae704213e5b7895b2cfec09264360
ee0b2845627f9cb9d6f3102d4a6784a1bedbf815324f6c89a6c3e0fd1a375471
ff1c39567390adcae704213e5b7895b2cfec092643607d9ab7d4f10e2b486582
102d4a6784a1bedbf815324f6c89a6c3e0fd1a3754718eabc8e5021f3c597693
213e5b7895b2cfec092643607d9ab7d4f10e2b4865829fbcd9f613304d6a87a4
324f6c89a6c3e0fd1a3754718eabc8e5021f3c597693b0cdea0724415e7b98b5
43607d9ab7d4f10e2b4865829fbcd9f613304d6a87a4c1defb1835526f8ca9c6
54718eabc8e5021f3c597693b0cdea0724415e7b98b5d2ef0c294663809dbad7
65829fbcd9f613304d6a87a4c1defb1835526f8ca9c6e3001d3a577491aecbe8
7693b0cdea0724415e7b98b5d2ef0c294663809dbad7f4112e4b6885a2bfdcf9
87a4c1defb1835526f8ca9c6e3001d3a577491aecbe805223f5c7996b3d0ed0a
98b5d2ef0c294663809dbad7f4112e4b6885a2bfdcf91633506d8aa7c4e1fe1b
a9c6e3001d3a577491aecbe805223f5c7996b3d0ed0a2744617e9bb8d5f20f2c
bad7f4112e4b6885a2bfdcf91633506d8aa7c4e1fe1b3855728facc9e603203d
cbe805223f5c7996b3d0ed0a2744617e9bb8d5f20f2c496683a0bddaf714314e
dcf91633506d8aa7c4e1fe1b3855728facc9e603203d5a7794b1ceeb0825425f
ed0a2744617e9bb8d5f20f2c496683a0bddaf714314e6b88a5c2dffc19365370
fe1b3855728facc9e603203d5a7794b1ceeb0825425f7c99b6d3f00d2a476481
0f2c496683a0bddaf714314e6b88a5c2dffc193653708daac7e4011e3b587592
203d5a7794b1ceeb0825425f7c99b6d3f00d2a4764819ebbd8f5122f4c6986a3
314e6b88a5c2dffc193653708daac7e4011e3b587592afcce90623405d7a97b4
425f7c99b6d3f00d2a4764819ebbd8f5122f4c6986a3c0ddfa1734516e8ba8c5
53708daac7e4011e3b587592afcce90623405d7a97b4d1ee0b2845627f9cb9d6
64819ebbd8f5122f4c6986a3c0ddfa1734516e8ba8c5e2ff1c39567390adcae7
7592afcce90623405d7a97b4d1ee0b2845627f9cb9d6f3102d4a6784a1bedbf8
86a3c0ddfa1734516e8ba8c5e2ff1c39567390adcae704213e5b7895b2cfec09
97b4d1ee0b2845627f9cb9d6f3102d4a6784a1bedbf815324f6c89a6c3e0fd1a
a8c5e2ff1c39567390adcae704213e5b7895b2cfec092643607d9ab7d4f10e2b
b9d6f3102d4a6784a1bedbf815324f6c89a6c3e0fd1a3754718eabc8e5021f3c
cae704213e5b7895b2cfec092643607d9ab7d4f10e2b4865829fbcd9f613304d
dbf815324f6c89a6c3e0fd1a3754718eabc8e5021f3c597693b0cdea0724415e
ec092643607d9ab7d4f10e2b4865829fbcd9f613304d6a87a4c1defb1835526f
fd1a3754718eabc8e5021f3c597693b0cdea0724415e7b98b5d2ef0c29466380
0e2b4865829fbcd9f613304d6a87a4c1defb1835526f8ca9c6e3001d3a577491
1f3c597693b0cdea0724415e7b98b5d2ef0c294663809dbad7f4112e4b6885a2
304d6a87a4c1defb1835526f8ca9c6e3001d3a577491aecbe805223f5c7996b3
415e7b98b5d2ef0c294663809dbad7f4112e4b6885a2bfdcf91633506d8aa7c4
526f8ca9c6e3001d3a577491aecbe805223f5c7996b3d0ed0a2744617e9bb8d5
63809dbad7f4112e4b6885a2bfdcf91633506d8aa7c4e1fe1b3855728facc9e6
7491aecbe805223f5c7996b3d0ed0a2744617e9bb8d5f20f2c496683a0bddaf7
85a2bfdcf91633506d8aa7c4e1fe1b3855728facc9e603203d5a7794b1ceeb08
96b3d0ed0a2744617e9bb8d5f20f2c496683a0bddaf714314e6b88a5c2dffc19
a7c4e1fe1b3855728facc9e603203d5a7794b1ceeb0825425f7c99b6d3f00d2a
b8d5f20f2c496683a0bddaf714314e6b88a5c2dffc193653708daac7e4011e3b
c9e603203d5a7794b1ceeb0825425f7c99b6d3f00d2a4764819ebbd8f5122f4c
daf714314e6b88a5c2dffc193653708daac7e4011e3b587592afcce90623405d
eb0825425f7c99b6d3f00d2a4764819ebbd8f5122f4c6986a3c0ddfa1734516e
fc193653708daac7e4011e3b587592afcce90623405d7a97b4d1ee0b2845627f
0d2a4764819ebbd8f5122f4c6986a3c0ddfa1734516e8ba8c5e2ff1c39567390
1e3b587592afcce90623405d7a97b4d1ee0b2845627f9cb9d6f3102d4a6784a1
2f4c6986a3c0ddfa1734516e8ba8c5e2ff1c39567390adcae704213e5b7895b2
405d7a97b4d1ee0b2845627f9cb9d6f3102d4a6784a1bedbf815324f6c89a6c3
516e8ba8c5e2ff1c39567390adcae704213e5b7895b2cfec092643607d9ab7d4
627f9cb9d6f3102d4a6784a1bedbf815324f6c89a6c3e0fd1a3754718eabc8e5
7390adcae704213e5b7895b2cfec092643607d9ab7d4f10e2b4865829fbcd9f6
84a1bedbf815324f6c89a6c3e0fd1a3754718eabc8e5021f3c597693b0cdea07
95b2cfec092643607d9ab7d4f10e2b4865829fbcd9f613304d6a87a4c1defb18
a6c3e0fd1a3754718eabc8e5021f3c597693b0cdea0724415e7b98b5d2ef0c29
b7d4f10e2b4865829fbcd9f613304d6a87a4c1defb1835526f8ca9c6e3001d3a
c8e5021f3c597693b0cdea0724415e7b98b5d2ef0c294663809dbad7f4112e4b
d9f613304d6a87a4c1defb1835526f8ca9c6e3001d3a577491aecbe805223f5c
ea0724415e7b98b5d2ef0c294663809dbad7f4112e4b6885a2bfdcf91633506d
fb1835526f8ca9c6e3001d3a577491aecbe805223f5c7996b3d0ed0a2744617e
0c294663809dbad7f4112e4b6885a2bfdcf91633506d8aa7c4e1fe1b3855728f
1d3a577491aecbe805223f5c7996b3d0ed0a2744617e9bb8d5f20f2c496683a0
2e4b6885a2bfdcf91633506d8aa7c4e1fe1b3855728facc9e603203d5a7794b1
3f5c7996b3d0ed0a2744617e9bb8d5f20f2c496683a0bddaf714314e6b88a5c2
506d8aa7c4e1fe1b3855728facc9e603203d5a7794b1ceeb0825425f7c99b6d3
617e9bb8d5f20f2c496683a0bddaf714314e6b88a5c2dffc193653708daac7e4
728facc9e603203d5a7794b1ceeb0825425f7c99b6d3f00d2a4764819ebbd8f5
83a0bddaf714314e6b88a5c2dffc193653708daac7e4011e3b587592afcce906
94b1ceeb0825425f7c99b6d3f00d2a4764819ebbd8f5122f4c6986a3c0ddfa17
a5c2dffc193653708daac7e4011e3b587592afcce90623405d7a97b4d1ee0b28
b6d3f00d2a4764819ebbd8f5122f4c6986a3c0ddfa1734516e8ba8c5e2ff1c39
c7e4011e3b587592afcce90623405d7a97b4d1ee0b2845627f9cb9d6f3102d4a
d8f5122f4c6986a3c0ddfa1734516e8ba8c5e2ff1c39567390adcae704213e5b
e90623405d7a97b4d1ee0b2845627f9cb9d6f3102d4a6784a1bedbf815324f6c
fa1734516e8ba8c5e2ff1c39567390adcae704213e5b7895b2cfec092643607d
0b2845627f9cb9d6f3102d4a6784a1bedbf815324f6c89a6c3e0fd1a3754718e
1c39567390adcae704213e5b7895b2cfec092643607d9ab7d4f10e2b4865829f
2d4a6784a1bedbf815324f6c89a6c3e0fd1a3754718eabc8e5021f3c597693b0
3e5b7895b2cfec092643607d9ab7d4f10e2b4865829fbcd9f613304d6a87a4c1
4f6c89a6c3e0fd1a3754718eabc8e5021f3c597693b0cdea0724415e7b98b5d2
607d9ab7d4f10e2b4865829fbcd9f613304d6a87a4c1defb1835526f8ca9c6e3
718eabc8e5021f3c597693b0cdea0724415e7b98b5d2ef0c294663809dbad7f4
829fbcd9f613304d6a87a4c1defb1835526f8ca9c6e3001d3a577491aecbe805
93b0cdea0724415e7b98b5d2ef0c294663809dbad7f4112e4b6885a2bfdcf916
a4c1defb1835526f8ca9c6e3001d3a577491aecbe805223f5c7996b3d0ed0a27
b5d2ef0c294663809dbad7f4112e4b6885a2bfdcf91633506d8aa7c4e1fe1b38
c6e3001d3a577491aecbe805223f5c7996b3d0ed0a2744617e9bb8d5f20f2c49
d7f4112e4b6885a2bfdcf91633506d8aa7c4e1fe1b3855728facc9e603203d5a
e805223f5c7996b3d0ed0a2744617e9bb8d5f20f2c496683a0bddaf714314e6b
f91633506d8aa7c4e1fe1b3855728facc9e603203d5a7794b1ceeb0825425f7c
0a2744617e9bb8d5f20f2c496683a0bddaf714314e6b88a5c2dffc193653708d
1b3855728facc9e603203d5a7794b1ceeb0825425f7c99b6d3f00d2a4764819e
2c496683a0bddaf714314e6b88a5c2dffc193653708daac7e4011e3b587592af
3d5a7794b1ceeb0825425f7c99b6d3f00d2a4764819ebbd8f5122f4c6986a3c0
4e6b88a5c2dffc193653708daac7e4011e3b587592afcce90623405d7a97b4d1
5f7c99b6d3f00d2a4764819ebbd8f5122f4c6986a3c0ddfa1734516e8ba8c5e2
708daac7e4011e3b587592afcce90623405d7a97b4d1ee0b2845627f9cb9d6f3
819ebbd8f5122f4c6986a3c0ddfa1734516e8ba8c5e2ff1c39567390adcae704
92afcce90623405d7a97b4d1ee0b2845627f9cb9d6f3102d4a6784a1bedbf815
a3c0ddfa1734516e8ba8c5e2ff1c39567390adcae704213e5b7895b2cfec0926
b4d1ee0b2845627f9cb9d6f3102d4a6784a1bedbf815324f6c89a6c3e0fd1a37
c5e2ff1c39567390adcae704213e5b7895b2cfec092643607d9ab7d4f10e2b48
d6f3102d4a6784a1bedbf815324f6c89a6c3e0fd1a3754718eabc8e5021f3c59
e704213e5b7895b2cfec092643607d9ab7d4f10e2b4865829fbcd9f613304d6a
f815324f6c89a6c3e0fd1a3754718eabc8e5021f3c597693b0cdea0724415e7b
092643607d9ab7d4f10e2b4865829fbcd9f613304d6a87a4c1defb1835526f8c
1a3754718eabc8e5021f3c597693b0cdea0724415e7b98b5d2ef0c294663809d
2b4865829fbcd9f613304d6a87a4c1defb1835526f8ca9c6e3001d3a577491ae
3c597693b0cdea0724415e7b98b5d2ef0c294663809dbad7f4112e4b6885a2bf
4d6a87a4c1defb1835526f8ca9c6e3001d3a577491aecbe805223f5c7996b3d0
5e7b98b5d2ef0c294663809dbad7f4112e4b6885a2bfdcf91633506d8aa7c4e1
6f8ca9c6e3001d3a577491aecbe805223f5c7996b3d0ed0a2744617e9bb8d5f2
809dbad7f4112e4b6885a2bfdcf91633506d8aa7c4e1fe1b3855728facc9e603
91aecbe805223f5c7996b3d0ed0a2744617e9bb8d5f20f2c496683a0bddaf714
a2bfdcf91633506d8aa7c4e1fe1b3855728facc9e603203d5a7794b1ceeb0825
b3d0ed0a2744617e9bb8d5f20f2c496683a0bddaf714314e6b88a5c2dffc1936
c4e1fe1b3855728facc9e603203d5a7794b1ceeb0825425f7c99b6d3f00d2a47
d5f20f2c496683a0bddaf714314e6b88a5c2dffc193653708daac7e4011e3b58
e603203d5a7794b1ceeb0825425f7c99b6d3f00d2a4764819ebbd8f5122f4c69
f714314e6b88a5c2dffc193653708daac7e4011e3b587592afcce90623405d7a
0825425f7c99b6d3f00d2a4764819ebbd8f5122f4c6986a3c0ddfa1734516e8b
193653708daac7e4011e3b587592afcce90623405d7a97b4d1ee0b2845627f9c
2a4764819ebbd8f5122f4c6986a3c0ddfa1734516e8ba8c5e2ff1c39567390ad
3b587592afcce90623405d7a97b4d1ee0b2845627f9cb9d6f3102d4a6784a1be
4c6986a3c0ddfa1734516e8ba8c5e2ff1c39567390adcae704213e5b7895b2cf
5d7a97b4d1ee0b2845627f9cb9d6f3102d4a6784a1bedbf815324f6c89a6c3e0
6e8ba8c5e2ff1c39567390adcae704213e5b7895b2cfec092643607d9ab7d4f1
7f9cb9d6f3102d4a6784a1bedbf815324f6c89a6c3e0fd1a3754718eabc8e502
90adcae704213e5b7895b2cfec092643607d9ab7d4f10e2b4865829fbcd9f613
a1bedbf815324f6c89a6c3e0fd1a3754718eabc8e5021f3c597693b0cdea0724
b2cfec092643607d9ab7d4f10e2b4865829fbcd9f613304d6a87a4c1defb1835
c3e0fd1a3754718eabc8e5021f3c597693b0cdea0724415e7b98b5d2ef0c2946
d4f10e2b4865829fbcd9f613304d6a87a4c1defb1835526f8ca9c6e3001d3a57
e5021f3c597693b0cdea0724415e7b98b5d2ef0c294663809dbad7f4112e4b68
f613304d6a87a4c1defb1835526f8ca9c6e3001d3a577491aecbe805223f5c79
0724415e7b98b5d2ef0c294663809dbad7f4112e4b6885a2bfdcf91633506d8a
1835526f8ca9c6e3001d3a577491aecbe805223f5c7996b3d0ed0a2744617e9b
294663809dbad7f4112e4b6885a2bfdcf91633506d8aa7c4e1fe1b3855728fac
3a577491aecbe805223f5c7996b3d0ed0a2744617e9bb8d5f20f2c496683a0bd
4b6885a2bfdcf91633506d8aa7c4e1fe1b3855728facc9e603203d5a7794b1ce
5c7996b3d0ed0a2744617e9bb8d5f20f2c496683a0bddaf714314e6b88a5c2df
6d8aa7c4e1fe1b3855728facc9e603203d5a7794b1ceeb0825425f7c99b6d3f0
7e9bb8d5f20f2c496683a0bddaf714314e6b88a5c2dffc193653708daac7e401
8facc9e603203d5a7794b1ceeb0825425f7c99b6d3f00d2a4764819ebbd8f512
a0bddaf714314e6b88a5c2dffc193653708daac7e4011e3b587592afcce90623
b1ceeb0825425f7c99b6d3f00d2a4764819ebbd8f5122f4c6986a3c0ddfa1734
c2dffc193653708daac7e4011e3b587592afcce90623405d7a97b4d1ee0b2845
d3f00d2a4764819ebbd8f5122f4c6986a3c0ddfa1734516e8ba8c5e2ff1c3956
e4011e3b587592afcce90623405d7a97b4d1ee0b2845627f9cb9d6f3102d4a67
f5122f4c6986a3c0ddfa1734516e8ba8c5e2ff1c39567390adcae704213e5b78
0623405d7a97b4d1ee0b2845627f9cb9d6f3102d4a6784a1bedbf815324f6c89
1734516e8ba8c5e2ff1c39567390adcae704213e5b7895b2cfec092643607d9a
2845627f9cb9d6f3102d4a6784a1bedbf815324f6c89a6c3e0fd1a3754718eab
39567390adcae704213e5b7895b2cfec092643607d9ab7d4f10e2b4865829fbc
4a6784a1bedbf815324f6c89a6c3e0fd1a3754718eabc8e5021f3c597693b0cd
5b7895b2cfec092643607d9ab7d4f10e2b4865829fbcd9f613304d6a87a4c1de
6c89a6c3e0fd1a3754718eabc8e5021f3c597693b0cdea0724415e7b98b5d2ef
7d9ab7d4f10e2b4865829fbcd9f613304d6a87a4c1defb1835526f8ca9c6e300
8eabc8e5021f3c597693b0cdea0724415e7b98b5d2ef0c294663809dbad7f411
9fbcd9f613304d6a87a4c1defb1835526f8ca9c6e3001d3a577491aecbe80522
b0cdea0724415e7b98b5d2ef0c294663809dbad7f4112e4b6885a2bfdcf91633
c1defb1835526f8ca9c6e3001d3a577491aecbe805223f5c7996b3d0ed0a2744
d2ef0c294663809dbad7f4112e4b6885a2bfdcf91633506d8aa7c4e1fe1b3855
e3001d3a577491aecbe805223f5c7996b3d0ed0a2744617e9bb8d5f20f2c4966
f4112e4b6885a2bfdcf91633506d8aa7c4e1fe1b3855728facc9e603203d5a77
05223f5c7996b3d0ed0a2744617e9bb8d5f20f2c496683a0bddaf714314e6b88
1633506d8aa7c4e1fe1b3855728facc9e603203d5a7794b1ceeb0825425f7c99
2744617e9bb8d5f20f2c496683a0bddaf714314e6b88a5c2dffc193653708daa
3855728facc9e603203d5a7794b1ceeb0825425f7c99b6d3f00d2a4764819ebb
496683a0bddaf714314e6b88a5c2dffc193653708daac7e4011e3b587592afcc
5a7794b1ceeb0825425f7c99b6d3f00d2a4764819ebbd8f5122f4c6986a3c0dd
6b88a5c2dffc193653708daac7e4011e3b587592afcce90623405d7a97b4d1ee
7c99b6d3f00d2a4764819ebbd8f5122f4c6986a3c0ddfa1734516e8ba8c5e2ff
8daac7e4011e3b587592afcce90623405d7a97b4d1ee0b2845627f9cb9d6f310
9ebbd8f5122f4c6986a3c0ddfa1734516e8ba8c5e2ff1c39567390adcae70421
afcce90623405d7a97b4d1ee0b2845627f9cb9d6f3102d4a6784a1bedbf81532
c0ddfa1734516e8ba8c5e2ff1c39567390adcae704213e5b7895b2cfec092643
d1ee0b2845627f9cb9d6f3102d4a6784a1bedbf815324f6c89a6c3e0fd1a3754
e2ff1c39567390adcae704213e5b7895b2cfec092643607d9ab7d4f10e2b4865
f3102d4a6784a1bedbf815324f6c89a6c3e0fd1a3754718eabc8e5021f3c5976
04213e5b7895b2cfec092643607d9ab7d4f10e2b4865829fbcd9f613304d6a87
15324f6c89a6c3e0fd1a3754718eabc8e5021f3c597693b0cdea0724415e7b98
2643607d9ab7d4f10e2b4865829fbcd9f613304d6a87a4c1defb1835526f8ca9
3754718eabc8e5021f3c597693b0cdea0724415e7b98b5d2ef0c294663809dba
4865829fbcd9f613304d6a87a4c1defb1835526f8ca9c6e3001d3a577491aecb
597693b0cdea0724415e7b98b5d2ef0c294663809dbad7f4112e4b6885a2bfdc
6a87a4c1defb1835526f8ca9c6e3001d3a577491aecbe805223f5c7996b3d0ed
7b98b5d2ef0c294663809dbad7f4112e4b6885a2bfdcf91633506d8aa7c4e1fe
8ca9c6e3001d3a577491aecbe805223f5c7996b3d0ed0a2744617e9bb8d5f20f
9dbad7f4112e4b6885a2bfdcf91633506d8aa7c4e1fe1b3855728facc9e60320
aecbe805223f5c7996b3d0ed0a2744617e9bb8d5f20f2c496683a0bddaf71431
bfdcf91633506d8aa7c4e1fe1b3855728facc9e603203d5a7794b1ceeb082542
d0ed0a2744617e9bb8d5f20f2c496683a0bddaf714314e6b88a5c2dffc193653
e1fe1b3855728facc9e603203d5a7794b1ceeb0825425f7c99b6d3f00d2a4764
f20f2c496683a0bddaf714314e6b88a5c2dffc193653708daac7e4011e3b5875
03203d5a7794b1ceeb0825425f7c99b6d3f00d2a4764819ebbd8f5122f4c6986
14314e6b88a5c2dffc193653708daac7e4011e3b587592afcce90623405d7a97
25425f7c99b6d3f00d2a4764819ebbd8f5122f4c6986a3c0ddfa1734516e8ba8
3653708daac7e4011e3b587592afcce90623405d7a97b4d1ee0b2845627f9cb9
4764819ebbd8f5122f4c6986a3c0ddfa1734516e8ba8c5e2ff1c39567390adca
587592afcce90623405d7a97b4d1ee0b2845627f9cb9d6f3102d4a6784a1bedb
6986a3c0ddfa1734516e8ba8c5e2ff1c39567390adcae704213e5b7895b2cfec
7a97b4d1ee0b2845627f9cb9d6f3102d4a6784a1bedbf815324f6c89a6c3e0fd
8ba8c5e2ff1c39567390adcae704213e5b7895b2cfec092643607d9ab7d4f10e
9cb9d6f3102d4a6784a1bedbf815324f6c89a6c3e0fd1a3754718eabc8e5021f
adcae704213e5b7895b2cfec092643607d9ab7d4f10e2b4865829fbcd9f61330
bedbf815324f6c89a6c3e0fd1a3754718eabc8e5021f3c597693b0cdea072441
cfec092643607d9ab7d4f10e2b4865829fbcd9f613304d6a87a4c1defb183552
e0fd1a3754718eabc8e5021f3c597693b0cdea0724415e7b98b5d2ef0c294663
f10e2b4865829fbcd9f613304d6a87a4c1defb1835526f8ca9c6e3001d3a5774
021f3c597693b0cdea0724415e7b98b5d2ef0c294663809dbad7f4112e4b6885
13304d6a87a4c1defb1835526f8ca9c6e3001d3a577491aecbe805223f5c7996
24415e7b98b5d2ef0c294663809dbad7f4112e4b6885a2bfdcf91633506d8aa7
35526f8ca9c6e3001d3a577491aecbe805223f5c7996b3d0ed0a2744617e9bb8
4663809dbad7f4112e4b6885a2bfdcf91633506d8aa7c4e1fe1b3855728facc9
577491aecbe805223f5c7996b3d0ed0a2744617e9bb8d5f20f2c496683a0bdda
6885a2bfdcf91633506d8aa7c4e1fe1b3855728facc9e603203d5a7794b1ceeb
7996b3d0ed0a2744617e9bb8d5f20f2c496683a0bddaf714314e6b88a5c2dffc
8aa7c4e1fe1b3855728facc9e603203d5a7794b1ceeb0825425f7c99b6d3f00d
9bb8d5f20f2c496683a0bddaf714314e6b88a5c2dffc193653708daac7e4011e
acc9e603203d5a7794b1ceeb0825425f7c99b6d3f00d2a4764819ebbd8f5122f
bddaf714314e6b88a5c2dffc193653708daac7e4011e3b587592afcce9062340
ceeb0825425f7c99b6d3f00d2a4764819ebbd8f5122f4c6986a3c0ddfa173451
dffc193653708daac7e4011e3b587592afcce90623405d7a97b4d1ee0b284562
f00d2a4764819ebbd8f5122f4c6986a3c0ddfa1734516e8ba8c5e2ff1c395673
011e3b587592afcce90623405d7a97b4d1ee0b2845627f9cb9d6f3102d4a6784
122f4c6986a3c0ddfa1734516e8ba8c5e2ff1c39567390adcae704213e5b7895
23405d7a97b4d1ee0b2845627f9cb9d6f3102d4a6784a1bedbf815324f6c89a6
34516e8ba8c5e2ff1c39567390adcae704213e5b7895b2cfec092643607d9ab7
45627f9cb9d6f3102d4a6784a1bedbf815324f6c89a6c3e0fd1a3754718eabc8
567390adcae704213e5b7895b2cfec092643607d9ab7d4f10e2b4865829fbcd9
6784a1bedbf815324f6c89a6c3e0fd1a3754718eabc8e5021f3c597693b0cdea
7895b2cfec092643607d9ab7d4f10e2b4865829fbcd9f613304d6a87a4c1defb
89a6c3e0fd1a3754718eabc8e5021f3c597693b0cdea0724415e7b98b5d2ef0c
9ab7d4f10e2b4865829fbcd9f613304d6a87a4c1defb1835526f8ca9c6e3001d
abc8e5021f3c597693b0cdea0724415e7b98b5d2ef0c294663809dbad7f4112e
bcd9f613304d6a87a4c1defb1835526f8ca9c6e3001d3a577491aecbe805223f
cdea0724415e7b98b5d2ef0c294663809dbad7f4112e4b6885a2bfdcf9163350
defb1835526f8ca9c6e3001d3a577491aecbe805223f5c7996b3d0ed0a274461
ef0c294663809dbad7f4112e4b6885a2bfdcf91633506d8aa7c4e1fe1b385572
001d3a577491aecbe805223f5c7996b3d0ed0a2744617e9bb8d5f20f2c496683
112e4b6885a2bfdcf91633506d8aa7c4e1fe1b3855728facc9e603203d5a7794
223f5c7996b3d0ed0a2744617e9bb8d5f20f2c496683a0bddaf714314e6b88a5
33506d8aa7c4e1fe1b3855728facc9e603203d5a7794b1ceeb0825425f7c99b6
44617e9bb8d5f20f2c496683a0bddaf714314e6b88a5c2dffc193653708daac7
55728facc9e603203d5a7794b1ceeb0825425f7c99b6d3f00d2a4764819ebbd8
6683a0bddaf714314e6b88a5c2dffc193653708daac7e4011e3b587592afcce9
7794b1ceeb0825425f7c99b6d3f00d2a4764819ebbd8f5122f4c6986a3c0ddfa
88a5c2dffc193653708daac7e4011e3b587592afcce90623405d7a97b4d1ee0b
99b6d3f00d2a4764819ebbd8f5122f4c6986a3c0ddfa1734516e8ba8c5e2ff1c
aac7e4011e3b587592afcce90623405d7a97b4d1ee0b2845627f9cb9d6f3102d
bbd8f5122f4c6986a3c0ddfa1734516e8ba8c5e2ff1c39567390adcae704213e
cce90623405d7a97b4d1ee0b2845627f9cb9d6f3102d4a6784a1bedbf815324f
ddfa1734516e8ba8c5e2ff1c39567390adcae704213e5b7895b2cfec09264360
ee0b2845627f9cb9d6f3102d4a6784a1bedbf815324f6c89a6c3e0fd1a375471
ff1c39567390adcae704213e5b7895b2cfec092643607d9ab7d4f10e2b486582
102d4a6784a1bedbf815324f6c89a6c3e0fd1a3754718eabc8e5021f3c597693
213e5b7895b2cfec092643607d9ab7d4f10e2b4865829fbcd9f613304d6a87a4
324f6c89a6c3e0fd1a3754718eabc8e5021f3c597693b0cdea0724415e7b98b5
43607d9ab7d4f10e2b4865829fbcd9f613304d6a87a4c1defb1835526f8ca9c6
54718eabc8e5021f3c597693b0cdea0724415e7b98b5d2ef0c294663809dbad7
65829fbcd9f613304d6a87a4c1defb1835526f8ca9c6e3001d3a577491aecbe8
7693b0cdea0724415e7b98b5d2ef0c294663809dbad7f4112e4b6885a2bfdcf9
87a4c1defb1835526f8ca9c6e3001d3a577491aecbe805223f5c7996b3d0ed0a
98b5d2ef0c294663809dbad7f4112e4b6885a2bfdcf91633506d8aa7c4e1fe1b
a9c6e3001d3a577491aecbe805223f5c7996b3d0ed0a2744617e9bb8d5f20f2c
bad7f4112e4b6885a2bfdcf91633506d8aa7c4e1fe1b3855728facc9e603203d
cbe805223f5c7996b3d0ed0a2744617e9bb8d5f20f2c496683a0bddaf714314e
dcf91633506d8aa7c4e1fe1b3855728facc9e603203d5a7794b1ceeb0825425f
ed0a2744617e9bb8d5f20f2c496683a0bddaf714314e6b88a5c2dffc19365370
fe1b3855728facc9e603203d5a7794b1ceeb0825425f7c99b6d3f00d2a476481
0f2c496683a0bddaf714314e6b88a5c2dffc193653708daac7e4011e3b587592
203d5a7794b1ceeb0825425f7c99b6d3f00d2a4764819ebbd8f5122f4c6986a3
314e6b88a5c2dffc193653708daac7e4011e3b587592afcce90623405d7a97b4
425f7c99b6d3f00d2a4764819ebbd8f5122f4c6986a3c0ddfa1734516e8ba8c5
53708daac7e4011e3b587592afcce90623405d7a97b4d1ee0b2845627f9cb9d6
64819ebbd8f5122f4c6986a3c0ddfa1734516e8ba8c5e2ff1c39567390adcae7
7592afcce90623405d7a97b4d1ee0b2845627f9cb9d6f3102d4a6784a1bedbf8
86a3c0ddfa1734516e8ba8c5e2ff1c39567390adcae704213e5b7895b2cfec09
97b4d1ee0b2845627f9cb9d6f3102d4a6784a1bedbf815324f6c89a6c3e0fd1a
a8c5e2ff1c39567390adcae704213e5b7895b2cfec092643607d9ab7d4f10e2b
b9d6f3102d4a6784a1bedbf815324f6c89a6c3e0fd1a3754718eabc8e5021f3c
cae704213e5b7895b2cfec092643607d9ab7d4f10e2b4865829fbcd9f613304d
dbf815324f6c89a6c3e0fd1a3754718eabc8e5021f3c597693b0cdea0724415e
ec092643607d9ab7d4f10e2b4865829fbcd9f613304d6a87a4c1defb1835526f
fd1a3754718eabc8e5021f3c597693b0cdea0724415e7b98b5d2ef0c29466380
0e2b4865829fbcd9f613304d6a87a4c1defb1835526f8ca9c6e3001d3a577491
1f3c597693b0cdea0724415e7b98b5d2ef0c294663809dbad7f4112e4b6885a2
304d6a87a4c1defb1835526f8ca9c6e3001d3a577491aecbe805223f5c7996b3
415e7b98b5d2ef0c294663809dbad7f4112e4b6885a2bfdcf91633506d8aa7c4
526f8ca9c6e3001d3a577491aecbe805223f5c7996b3d0ed0a2744617e9bb8d5
63809dbad7f4112e4b6885a2bfdcf91633506d8aa7c4e1fe1b3855728facc9e6
7491aecbe805223f5c7996b3d0ed0a2744617e9bb8d5f20f2c496683a0bddaf7
85a2bfdcf91633506d8aa7c4e1fe1b3855728facc9e603203d5a7794b1ceeb08
96b3d0ed0a2744617e9bb8d5f20f2c496683a0bddaf714314e6b88a5c2dffc19
a7c4e1fe1b3855728facc9e603203d5a7794b1ceeb0825425f7c99b6d3f00d2a
b8d5f20f2c496683a0bddaf714314e6b88a5c2dffc193653708daac7e4011e3b
c9e603203d5a7794b1ceeb0825425f7c99b6d3f00d2a4764819ebbd8f5122f4c
daf714314e6b88a5c2dffc193653708daac7e4011e3b587592afcce90623405d
eb0825425f7c99b6d3f00d2a4764819ebbd8f5122f4c6986a3c0ddfa1734516e
fc193653708daac7e4011e3b587592afcce90623405d7a97b4d1ee0b2845627f
0d2a4764819ebbd8f5122f4c6986a3c0ddfa1734516e8ba8c5e2ff1c39567390
1e3b587592afcce90623405d7a97b4d1ee0b2845627f9cb9d6f3102d4a6784a1
2f4c6986a3c0ddfa1734516e8ba8c5e2ff1c39567390adcae704213e5b7895b2
405d7a97b4d1ee0b2845627f9cb9d6f3102d4a6784a1bedbf815324f6c89a6c3
516e8ba8c5e2ff1c39567390adcae704213e5b7895b2cfec092643607d9ab7d4
627f9cb9d6f3102d4a6784a1bedbf815324f6c89a6c3e0fd1a3754718eabc8e5
7390adcae704213e5b7895b2cfec092643607d9ab7d4f10e2b4865829fbcd9f6
84a1bedbf815324f6c89a6c3e0fd1a3754718eabc8e5021f3c597693b0cdea07
95b2cfec092643607d9ab7d4f10e2b4865829fbcd9f613304d6a87a4c1defb18
a6c3e0fd1a3754718eabc8e5021f3c597693b0cdea0724415e7b98b5d2ef0c29
b7d4f10e2b4865829fbcd9f613304d6a87a4c1defb1835526f8ca9c6e3001d3a
c8e5021f3c597693b0cdea0724415e7b98b5d2ef0c294663809dbad7f4112e4b
d9f613304d6a87a4c1defb1835526f8ca9c6e3001d3a577491aecbe805223f5c
ea0724415e7b98b5d2ef0c294663809dbad7f4112e4b6885a2bfdcf91633506d
fb1835526f8ca9c6e3001d3a577491aecbe805223f5c7996b3d0ed0a2744617e
0c294663809dbad7f4112e4b6885a2bfdcf91633506d8aa7c4e1fe1b3855728f
1d3a577491aecbe805223f5c7996b3d0ed0a2744617e9bb8d5f20f2c496683a0
2e4b6885a2bfdcf91633506d8aa7c4e1fe1b3855728facc9e603203d5a7794b1
3f5c7996b3d0ed0a2744617e9bb8d5f20f2c496683a0bddaf714314e6b88a5c2
506d8aa7c4e1fe1b3855728facc9e603203d5a7794b1ceeb0825425f7c99b6d3
617e9bb8d5f20f2c496683a0bddaf714314e6b88a5c2dffc193653708daac7e4
728facc9e603203d5a7794b1ceeb0825425f7c99b6d3f00d2a4764819ebbd8f5
83a0bddaf714314e6b88a5c2dffc193653708daac7e4011e3b587592afcce906
94b1ceeb0825425f7c99b6d3f00d2a4764819ebbd8f5122f4c6986a3c0ddfa17
a5c2dffc193653708daac7e4011e3b587592afcce90623405d7a97b4d1ee0b28
b6d3f00d2a4764819ebbd8f5122f4c6986a3c0ddfa1734516e8ba8c5e2ff1c39
c7e4011e3b587592afcce90623405d7a97b4d1ee0b2845627f9cb9d6f3102d4a
d8f5122f4c6986a3c0ddfa1734516e8ba8c5e2ff1c39567390adcae704213e5b
e90623405d7a97b4d1ee0b2845627f9cb9d6f3102d4a6784a1bedbf815324f6c
fa1734516e8ba8c5e2ff1c39567390adcae704213e5b7895b2cfec092643607d
0b2845627f9cb9d6f3102d4a6784a1bedbf815324f6c89a6c3e0fd1a3754718e
1c39567390adcae704213e5b7895b2cfec092643607d9ab7d4f10e2b4865829f
2d4a6784a1bedbf815324f6c89a6c3e0fd1a3754718eabc8e5021f3c597693b0
3e5b7895b2cfec092643607d9ab7d4f10e2b4865829fbcd9f613304d6a87a4c1
4f6c89a6c3e0fd1a3754718eabc8e5021f3c597693b0cdea0724415e7b98b5d2
607d9ab7d4f10e2b4865829fbcd9f613304d6a87a4c1defb1835526f8ca9c6e3
718eabc8e5021f3c597693b0cdea0724415e7b98b5d2ef0c294663809dbad7f4
829fbcd9f613304d6a87a4c1defb1835526f8ca9c6e3001d3a577491aecbe805
93b0cdea0724415e7b98b5d2ef0c294663809dbad7f4112e4b6885a2bfdcf916
a4c1defb1835526f8ca9c6e3001d3a577491aecbe805223f5c7996b3d0ed0a27
b5d2ef0c294663809dbad7f4112e4b6885a2bfdcf91633506d8aa7c4e1fe1b38
c6e3001d3a577491aecbe805223f5c7996b3d0ed0a2744617e9bb8d5f20f2c49
d7f4112e4b6885a2bfdcf91633506d8aa7c4e1fe1b3855728facc9e603203d5a
e805223f5c7996b3d0ed0a2744617e9bb8d5f20f2c496683a0bddaf714314e6b
f91633506d8aa7c4e1fe1b3855728facc9e603203d5a7794b1ceeb0825425f7c
0a2744617e9bb8d5f20f2c496683a0bddaf714314e6b88a5c2dffc193653708d
1b3855728facc9e603203d5a7794b1ceeb0825425f7c99b6d3f00d2a4764819e
2c496683a0bddaf714314e6b88a5c2dffc193653708daac7e4011e3b587592af
3d5a7794b1ceeb0825425f7c99b6d3f00d2a4764819ebbd8f5122f4c6986a3c0
4e6b88a5c2dffc193653708daac7e4011e3b587592afcce90623405d7a97b4d1
5f7c99b6d3f00d2a4764819ebbd8f5122f4c6986a3c0ddfa1734516e8ba8c5e2
708daac7e4011e3b587592afcce90623405d7a97b4d1ee0b2845627f9cb9d6f3
819ebbd8f5122f4c6986a3c0ddfa1734516e8ba8c5e2ff1c39567390adcae704
92afcce90623405d7a97b4d1ee0b2845627f9cb9d6f3102d4a6784a1bedbf815
a3c0ddfa1734516e8ba8c5e2ff1c39567390adcae704213e5b7895b2cfec0926
b4d1ee0b2845627f9cb9d6f3102d4a6784a1bedbf815324f6c89a6c3e0fd1a37
c5e2ff1c39567390adcae704213e5b7895b2cfec092643607d9ab7d4f10e2b48
d6f3102d4a6784a1bedbf815324f6c89a6c3e0fd1a3754718eabc8e5021f3c59
e704213e5b7895b2cfec092643607d9ab7d4f10e2b4865829fbcd9f613304d6a
f815324f6c89a6c3e0fd1a3754718eabc8e5021f3c597693b0cdea0724415e7b
092643607d9ab7d4f10e2b4865829fbcd9f613304d6a87a4c1defb1835526f8c
1a3754718eabc8e5021f3c597693b0cdea0724415e7b98b5d2ef0c294663809d
2b4865829fbcd9f613304d6a87a4c1defb1835526f8ca9c6e3001d3a577491ae
3c597693b0cdea0724415e7b98b5d2ef0c294663809dbad7f4112e4b6885a2bf
4d6a87a4c1defb1835526f8ca9c6e3001d3a577491aecbe805223f5c7996b3d0
5e7b98b5d2ef0c294663809dbad7f4112e4b6885a2bfdcf91633506d8aa7c4e1
6f8ca9c6e3001d3a577491aecbe805223f5c7996b3d0ed0a2744617e9bb8d5f2
809dbad7f4112e4b6885a2bfdcf91633506d8aa7c4e1fe1b3855728facc9e603
91aecbe805223f5c7996b3d0ed0a2744617e9bb8d5f20f2c496683a0bddaf714
a2bfdcf91633506d8aa7c4e1fe1b3855728facc9e603203d5a7794b1ceeb0825
b3d0ed0a2744617e9bb8d5f20f2c496683a0bddaf714314e6b88a5c2dffc1936
c4e1fe1b3855728facc9e603203d5a7794b1ceeb0825425f7c99b6d3f00d2a47
d5f20f2c496683a0bddaf714314e6b88a5c2dffc193653708daac7e4011e3b58
e603203d5a7794b1ceeb0825425f7c99b6d3f00d2a4764819ebbd8f5122f4c69
f714314e6b88a5c2dffc193653708daac7e4011e3b587592afcce90623405d7a
0825425f7c99b6d3f00d2a4764819ebbd8f5122f4c6986a3c0ddfa1734516e8b
193653708daac7e4011e3b587592afcce90623405d7a97b4d1ee0b2845627f9c
2a4764819ebbd8f5122f4c6986a3c0ddfa1734516e8ba8c5e2ff1c39567390ad
3b587592afcce90623405d7a97b4d1ee0b2845627f9cb9d6f3102d4a6784a1be
4c6986a3c0ddfa1734516e8ba8c5e2ff1c39567390adcae704213e5b7895b2cf
5d7a97b4d1ee0b2845627f9cb9d6f3102d4a6784a1bedbf815324f6c89a6c3e0
6e8ba8c5e2ff1c39567390adcae704213e5b7895b2cfec092643607d9ab7d4f1
7f9cb9d6f3102d4a6784a1bedbf815324f6c89a6c3e0fd1a3754718eabc8e502
90adcae704213e5b7895b2cfec092643607d9ab7d4f10e2b4865829fbcd9f613
a1bedbf815324f6c89a6c3e0fd1a3754718eabc8e5021f3c597693b0cdea0724
b2cfec092643607d9ab7d4f10e2b4865829fbcd9f613304d6a87a4c1defb1835
c3e0fd1a3754718eabc8e5021f3c597693b0cdea0724415e7b98b5d2ef0c2946
d4f10e2b4865829fbcd9f613304d6a87a4c1defb1835526f8ca9c6e3001d3a57
e5021f3c597693b0cdea0724415e7b98b5d2ef0c294663809dbad7f4112e4b68
f613304d6a87a4c1defb1835526f8ca9c6e3001d3a577491aecbe805223f5c79
0724415e7b98b5d2ef0c294663809dbad7f4112e4b6885a2bfdcf91633506d8a
1835526f8ca9c6e3001d3a577491aecbe805223f5c7996b3d0ed0a2744617e9b
294663809dbad7f4112e4b6885a2bfdcf91633506d8aa7c4e1fe1b3855728fac
3a577491aecbe805223f5c7996b3d0ed0a2744617e9bb8d5f20f2c496683a0bd
4b6885a2bfdcf91633506d8aa7c4e1fe1b3855728facc9e603203d5a7794b1ce
5c7996b3d0ed0a2744617e9bb8d5f20f2c496683a0bddaf714314e6b88a5c2df
6d8aa7c4e1fe1b3855728facc9e603203d5a7794b1ceeb0825425f7c99b6d3f0
7e9bb8d5f20f2c496683a0bddaf714314e6b88a5c2dffc193653708daac7e401
8facc9e603203d5a7794b1ceeb0825425f7c99b6d3f00d2a4764819ebbd8f512
a0bddaf714314e6b88a5c2dffc193653708daac7e4011e3b587592afcce90623
b1ceeb0825425f7c99b6d3f00d2a4764819ebbd8f5122f4c6986a3c0ddfa1734
c2dffc193653708daac7e4011e3b587592afcce90623405d7a97b4d1ee0b2845
d3f00d2a4764819ebbd8f5122f4c6986a3c0ddfa1734516e8ba8c5e2ff1c3956
e4011e3b587592afcce90623405d7a97b4d1ee0b2845627f9cb9d6f3102d4a67
f5122f4c6986a3c0ddfa1734516e8ba8c5e2ff1c39567390adcae704213e5b78
0623405d7a97b4d1ee0b2845627f9cb9d6f3102d4a6784a1bedbf815324f6c89
1734516e8ba8c5e2ff1c39567390adcae704213e5b7895b2cfec092643607d9a
2845627f9cb9d6f3102d4a6784a1bedbf815324f6c89a6c3e0fd1a3754718eab
39567390adcae704213e5b7895b2cfec092643607d9ab7d4f10e2b4865829fbc
4a6784a1bedbf815324f6c89a6c3e0fd1a3754718eabc8e5021f3c597693b0cd
5b7895b2cfec092643607d9ab7d4f10e2b4865829fbcd9f613304d6a87a4c1de
6c89a6c3e0fd1a3754718eabc8e5021f3c597693b0cdea0724415e7b98b5d2ef
7d9ab7d4f10e2b4865829fbcd9f613304d6a87a4c1defb1835526f8ca9c6e300
8eabc8e5021f3c597693b0cdea0724415e7b98b5d2ef0c294663809dbad7f411
9fbcd9f613304d6a87a4c1defb1835526f8ca9c6e3001d3a577491aecbe80522
b0cdea0724415e7b98b5d2ef0c294663809dbad7f4112e4b6885a2bfdcf91633
c1defb1835526f8ca9c6e3001d3a577491aecbe805223f5c7996b3d0ed0a2744
d2ef0c294663809dbad7f4112e4b6885a2bfdcf91633506d8aa7c4e1fe1b3855
e3001d3a577491aecbe805223f5c7996b3d0ed0a2744617e9bb8d5f20f2c4966
f4112e4b6885a2bfdcf91633506d8aa7c4e1fe1b3855728facc9e603203d5a77
05223f5c7996b3d0ed0a2744617e9bb8d5f20f2c496683a0bddaf714314e6b88
1633506d8aa7c4e1fe1b3855728facc9e603203d5a7794b1ceeb0825425f7c99
2744617e9bb8d5f20f2c496683a0bddaf714314e6b88a5c2dffc193653708daa
3855728facc9e603203d5a7794b1ceeb0825425f7c99b6d3f00d2a4764819ebb
496683a0bddaf714314e6b88a5c2dffc193653708daac7e4011e3b587592afcc
5a7794b1ceeb0825425f7c99b6d3f00d2a4764819ebbd8f5122f4c6986a3c0dd
6b88a5c2dffc193653708daac7e4011e3b587592afcce90623405d7a97b4d1ee
7c99b6d3f00d2a4764819ebbd8f5122f4c6986a3c0ddfa1734516e8ba8c5e2ff
8daac7e4011e3b587592afcce90623405d7a97b4d1ee0b2845627f9cb9d6f310
9ebbd8f5122f4c6986a3c0ddfa1734516e8ba8c5e2ff1c39567390adcae70421
afcce90623405d7a97b4d1ee0b2845627f9cb9d6f3102d4a6784a1bedbf81532
c0ddfa1734516e8ba8c5e2ff1c39567390adcae704213e5b7895b2cfec092643
d1ee0b2845627f9cb9d6f3102d4a6784a1bedbf815324f6c89a6c3e0fd1a3754
e2ff1c39567390adcae704213e5b7895b2cfec092643607d9ab7d4f10e2b4865
f3102d4a6784a1bedbf815324f6c89a6c3e0fd1a3754718eabc8e5021f3c5976
04213e5b7895b2cfec092643607d9ab7d4f10e2b4865829fbcd9f613304d6a87
15324f6c89a6c3e0fd1a3754718eabc8e5021f3c597693b0cdea0724415e7b98
2643607d9ab7d4f10e2b4865829fbcd9f613304d6a87a4c1defb1835526f8ca9
3754718eabc8e5021f3c597693b0cdea0724415e7b98b5d2ef0c294663809dba
4865829fbcd9f613304d6a87a4c1defb1835526f8ca9c6e3001d3a577491aecb
597693b0cdea0724415e7b98b5d2ef0c294663809dbad7f4112e4b6885a2bfdc
6a87a4c1defb1835526f8ca9c6e3001d3a577491aecbe805223f5c7996b3d0ed
7b98b5d2ef0c294663809dbad7f4112e4b6885a2bfdcf91633506d8aa7c4e1fe
8ca9c6e3001d3a577491aecbe805223f5c7996b3d0ed0a2744617e9bb8d5f20f
9dbad7f4112e4b6885a2bfdcf91633506d8aa7c4e1fe1b3855728facc9e60320
aecbe805223f5c7996b3d0ed0a2744617e9bb8d5f20f2c496683a0bddaf71431
bfdcf91633506d8aa7c4e1fe1b3855728facc9e603203d5a7794b1ceeb082542
d0ed0a2744617e9bb8d5f20f2c496683a0bddaf714314e6b88a5c2dffc193653
e1fe1b3855728facc9e603203d5a7794b1ceeb0825425f7c99b6d3f00d2a4764
f20f2c496683a0bddaf714314e6b88a5c2dffc193653708daac7e4011e3b5875
03203d5a7794b1ceeb0825425f7c99b6d3f00d2a4764819ebbd8f5122f4c6986
14314e6b88a5c2dffc193653708daac7e4011e3b587592afcce90623405d7a97
25425f7c99b6d3f00d2a4764819ebbd8f5122f4c6986a3c0ddfa1734516e8ba8
3653708daac7e4011e3b587592afcce90623405d7a97b4d1ee0b2845627f9cb9
4764819ebbd8f5122f4c6986a3c0ddfa1734516e8ba8c5e2ff1c39567390adca
587592afcce90623405d7a97b4d1ee0b2845627f9cb9d6f3102d4a6784a1bedb
6986a3c0ddfa1734516e8ba8c5e2ff1c39567390adcae704213e5b7895b2cfec
7a97b4d1ee0b2845627f9cb9d6f3102d4a6784a1bedbf815324f6c89a6c3e0fd
8ba8c5e2ff1c39567390adcae704213e5b7895b2cfec092643607d9ab7d4f10e
9cb9d6f3102d4a6784a1bedbf815324f6c89a6c3e0fd1a3754718eabc8e5021f
adcae704213e5b7895b2cfec092643607d9ab7d4f10e2b4865829fbcd9f61330
bedbf815324f6c89a6c3e0fd1a3754718eabc8e5021f3c597693b0cdea072441
cfec092643607d9ab7d4f10e2b4865829fbcd9f613304d6a87a4c1defb183552
e0fd1a3754718eabc8e5021f3c597693b0cdea0724415e7b98b5d2ef0c294663
f10e2b4865829fbcd9f613304d6a87a4c1defb1835526f8ca9c6e3001d3a5774
021f3c597693b0cdea0724415e7b98b5d2ef0c294663809dbad7f4112e4b6885
13304d6a87a4c1defb1835526f8ca9c6e3001d3a577491aecbe805223f5c7996
24415e7b98b5d2ef0c294663809dbad7f4112e4b6885a2bfdcf91633506d8aa7
35526f8ca9c6e3001d3a577491aecbe805223f5c7996b3d0ed0a2744617e9bb8
4663809dbad7f4112e4b6885a2bfdcf91633506d8aa7c4e1fe1b3855728facc9
577491aecbe805223f5c7996b3d0ed0a2744617e9bb8d5f20f2c496683a0bdda
6885a2bfdcf91633506d8aa7c4e1fe1b3855728facc9e603203d5a7794b1ceeb
7996b3d0ed0a2744617e9bb8d5f20f2c496683a0bddaf714314e6b88a5c2dffc
8aa7c4e1fe1b3855728facc9e603203d5a7794b1ceeb0825425f7c99b6d3f00d
9bb8d5f20f2c496683a0bddaf714314e6b88a5c2dffc193653708daac7e4011e
acc9e603203d5a7794b1ceeb0825425f7c99b6d3f00d2a4764819ebbd8f5122f
bddaf714314e6b88a5c2dffc193653708daac7e4011e3b587592afcce9062340
ceeb0825425f7c99b6d3f00d2a4764819ebbd8f5122f4c6986a3c0ddfa173451
dffc193653708daac7e4011e3b587592afcce90623405d7a97b4d1ee0b284562
f00d2a4764819ebbd8f5122f4c6986a3c0ddfa1734516e8ba8c5e2ff1c395673
011e3b587592afcce90623405d7a97b4d1ee0b2845627f9cb9d6f3102d4a6784
122f4c6986a3c0ddfa1734516e8ba8c5e2ff1c39567390adcae704213e5b7895
23405d7a97b4d1ee0b2845627f9cb9d6f3102d4a6784a1bedbf815324f6c89a6
34516e8ba8c5e2ff1c39567390adcae704213e5b7895b2cfec092643607d9ab7
45627f9cb9d6f3102d4a6784a1bedbf815324f6c89a6c3e0fd1a3754718eabc8
567390adcae704213e5b7895b2cfec092643607d9ab7d4f10e2b4865829fbcd9
6784a1bedbf815324f6c89a6c3e0fd1a3754718eabc8e5021f3c597693b0cdea
7895b2cfec092643607d9ab7d4f10e2b4865829fbcd9f613304d6a87a4c1defb
89a6c3e0fd1a3754718eabc8e5021f3c597693b0cdea0724415e7b98b5d2ef0c
9ab7d4f10e2b4865829fbcd9f613304d6a87a4c1defb1835526f8ca9c6e3001d
abc8e5021f3c597693b0cdea0724415e7b98b5d2ef0c294663809dbad7f4112e
bcd9f613304d6a87a4c1defb1835526f8ca9c6e3001d3a577491aecbe805223f
cdea0724415e7b98b5d2ef0c294663809dbad7f4112e4b6885a2bfdcf9163350
defb1835526f8ca9c6e3001d3a577491aecbe805223f5c7996b3d0ed0a274461
ef0c294663809dbad7f4112e4b6885a2bfdcf91633506d8aa7c4e1fe1b385572
001d3a577491aecbe805223f5c7996b3d0ed0a2744617e9bb8d5f20f2c496683
112e4b6885a2bfdcf91633506d8aa7c4e1fe1b3855728facc9e603203d5a7794
223f5c7996b3d0ed0a2744617e9bb8d5f20f2c496683a0bddaf714314e6b88a5
33506d8aa7c4e1fe1b3855728facc9e603203d5a7794b1ceeb0825425f7c99b6
44617e9bb8d5f20f2c496683a0bddaf714314e6b88a5c2dffc193653708daac7
55728facc9e603203d5a7794b1ceeb0825425f7c99b6d3f00d2a4764819ebbd8
6683a0bddaf714314e6b88a5c2dffc193653708daac7e4011e3b587592afcce9
7794b1ceeb0825425f7c99b6d3f00d2a4764819ebbd8f5122f4c6986a3c0ddfa
88a5c2dffc193653708daac7e4011e3b587592afcce90623405d7a97b4d1ee0b
99b6d3f00d2a4764819ebbd8f5122f4c6986a3c0ddfa1734516e8ba8c5e2ff1c
aac7e4011e3b587592afcce90623405d7a97b4d1ee0b2845627f9cb9d6f3102d
bbd8f5122f4c6986a3c0ddfa1734516e8ba8c5e2ff1c39567390adcae704213e
cce90623405d7a97b4d1ee0b2845627f9cb9d6f3102d4a6784a1bedbf815324f
ddfa1734516e8ba8c5e2ff1c39567390adcae704213e5b7895b2cfec09264360
ee0b2845627f9cb9d6f3102d4a6784a1bedbf815324f6c89a6c3e0fd1a375471
ff1c39567390adcae704213e5b7895b2cfec092643607d9ab7d4f10e2b486582
102d4a6784a1bedbf815324f6c89a6c3e0fd1a3754718eabc8e5021f3c597693
213e5b7895b2cfec092643607d9ab7d4f10e2b4865829fbcd9f613304d6a87a4
324f6c89a6c3e0fd1a3754718eabc8e5021f3c597693b0cdea0724415e7b98b5
43607d9ab7d4f10e2b4865829fbcd9f613304d6a87a4c1defb1835526f8ca9c6
54718eabc8e5021f3c597693b0cdea0724415e7b98b5d2ef0c294663809dbad7
65829fbcd9f613304d6a87a4c1defb1835526f8ca9c6e3001d3a577491aecbe8
7693b0cdea0724415e7b98b5d2ef0c294663809dbad7f4112e4b6885a2bfdcf9
87a4c1defb1835526f8ca9c6e3001d3a577491aecbe805223f5c7996b3d0ed0a
98b5d2ef0c294663809dbad7f4112e4b6885a2bfdcf91633506d8aa7c4e1fe1b
a9c6e3001d3a577491aecbe805223f5c7996b3d0ed0a2744617e9bb8d5f20f2c
bad7f4112e4b6885a2bfdcf91633506d8aa7c4e1fe1b3855728facc9e603203d
cbe805223f5c7996b3d0ed0a2744617e9bb8d5f20f2c496683a0bddaf714314e
dcf91633506d8aa7c4e1fe1b3855728facc9e603203d5a7794b1ceeb0825425f
ed0a2744617e9bb8d5f20f2c496683a0bddaf714314e6b88a5c2dffc19365370
fe1b3855728facc9e603203d5a7794b1ceeb0825425f7c99b6d3f00d2a476481
0f2c496683a0bddaf714314e6b88a5c2dffc193653708daac7e4011e3b587592
203d5a7794b1ceeb0825425f7c99b6d3f00d2a4764819ebbd8f5122f4c6986a3
314e6b88a5c2dffc193653708daac7e4011e3b587592afcce90623405d7a97b4
425f7c99b6d3f00d2a4764819ebbd8f5122f4c6986a3c0ddfa1734516e8ba8c5
53708daac7e4011e3b587592afcce90623405d7a97b4d1ee0b2845627f9cb9d6
64819ebbd8f5122f4c6986a3c0ddfa1734516e8ba8c5e2ff1c39567390adcae7
7592afcce90623405d7a97b4d1ee0b2845627f9cb9d6f3102d4a6784a1bedbf8
86a3c0ddfa1734516e8ba8c5e2ff1c39567390adcae704213e5b7895b2cfec09
97b4d1ee0b2845627f9cb9d6f3102d4a6784a1bedbf815324f6c89a6c3e0fd1a
a8c5e2ff1c39567390adcae704213e5b7895b2cfec092643607d9ab7d4f10e2b
b9d6f3102d4a6784a1bedbf815324f6c89a6c3e0fd1a3754718eabc8e5021f3c
cae704213e5b7895b2cfec092643607d9ab7d4f10e2b4865829fbcd9f613304d
dbf815324f6c89a6c3e0fd1a3754718eabc8e5021f3c597693b0cdea0724415e
ec092643607d9ab7d4f10e2b4865829fbcd9f613304d6a87a4c1defb1835526f
fd1a3754718eabc8e5021f3c597693b0cdea0724415e7b98b5d2ef0c29466380
0e2b4865829fbcd9f613304d6a87a4c1defb1835526f8ca9c6e3001d3a577491
1f3c597693b0cdea0724415e7b98b5d2ef0c294663809dbad7f4112e4b6885a2
304d6a87a4c1defb1835526f8ca9c6e3001d3a577491aecbe805223f5c7996b3
415e7b98b5d2ef0c294663809dbad7f4112e4b6885a2bfdcf91633506d8aa7c4
526f8ca9c6e3001d3a577491aecbe805223f5c7996b3d0ed0a2744617e9bb8d5
63809dbad7f4112e4b6885a2bfdcf91633506d8aa7c4e1fe1b3855728facc9e6
7491aecbe805223f5c7996b3d0ed0a2744617e9bb8d5f20f2c496683a0bddaf7
85a2bfdcf91633506d8aa7c4e1fe1b3855728facc9e603203d5a7794b1ceeb08
96b3d0ed0a2744617e9bb8d5f20f2c496683a0bddaf714314e6b88a5c2dffc19
a7c4e1fe1b3855728facc9e603203d5a7794b1ceeb0825425f7c99b6d3f00d2a
b8d5f20f2c496683a0bddaf714314e6b88a5c2dffc193653708daac7e4011e3b
c9e603203d5a7794b1ceeb0825425f7c99b6d3f00d2a4764819ebbd8f5122f4c
daf714314e6b88a5c2dffc193653708daac7e4011e3b587592afcce90623405d
eb0825425f7c99b6d3f00d2a4764819ebbd8f5122f4c6986a3c0ddfa1734516e
fc193653708daac7e4011e3b587592afcce90623405d7a97b4d1ee0b2845627f
0d2a4764819ebbd8f5122f4c6986a3c0ddfa1734516e8ba8c5e2ff1c39567390
1e3b587592afcce90623405d7a97b4d1ee0b2845627f9cb9d6f3102d4a6784a1
2f4c6986a3c0ddfa1734516e8ba8c5e2ff1c39567390adcae704213e5b7895b2
405d7a97b4d1ee0b2845627f9cb9d6f3102d4a6784a1bedbf815324f6c89a6c3
516e8ba8c5e2ff1c39567390adcae704213e5b7895b2cfec092643607d9ab7d4
627f9cb9d6f3102d4a6784a1bedbf815324f6c89a6c3e0fd1a3754718eabc8e5
7390adcae704213e5b7895b2cfec092643607d9ab7d4f10e2b4865829fbcd9f6
84a1bedbf815324f6c89a6c3e0fd1a3754718eabc8e5021f3c597693b0cdea07
95b2cfec092643607d9ab7d4f10e2b4865829fbcd9f613304d6a87a4c1defb18
a6c3e0fd1a3754718eabc8e5021f3c597693b0cdea0724415e7b98b5d2ef0c29
b7d4f10e2b4865829fbcd9f613304d6a87a4c1defb1835526f8ca9c6e3001d3a
c8e5021f3c597693b0cdea0724415e7b98b5d2ef0c294663809dbad7f4112e4b
d9f613304d6a87a4c1defb1835526f8ca9c6e3001d3a577491aecbe805223f5c
ea0724415e7b98b5d2ef0c294663809dbad7f4112e4b6885a2bfdcf91633506d
fb1835526f8ca9c6e3001d3a577491aecbe805223f5c7996b3d0ed0a2744617e
0c294663809dbad7f4112e4b6885a2bfdcf91633506d8aa7c4e1fe1b3855728f
1d3a577491aecbe805223f5c7996b3d0ed0a2744617e9bb8d5f20f2c496683a0
2e4b6885a2bfdcf91633506d8aa7c4e1fe1b3855728facc9e603203d5a7794b1
3f5c7996b3d0ed0a2744617e9bb8d5f20f2c496683a0bddaf714314e6b88a5c2
506d8aa7c4e1fe1b3855728facc9e603203d5a7794b1ceeb0825425f7c99b6d3
617e9bb8d5f20f2c496683a0bddaf714314e6b88a5c2dffc193653708daac7e4
728facc9e603203d5a7794b1ceeb0825425f7c99b6d3f00d2a4764819ebbd8f5
83a0bddaf714314e6b88a5c2dffc193653708daac7e4011e3b587592afcce906
94b1ceeb0825425f7c99b6d3f00d2a4764819ebbd8f5122f4c6986a3c0ddfa17
a5c2dffc193653708daac7e4011e3b587592afcce90623405d7a97b4d1ee0b28
b6d3f00d2a4764819ebbd8f5122f4c6986a3c0ddfa1734516e8ba8c5e2ff1c39
c7e4011e3b587592afcce90623405d7a97b4d1ee0b2845627f9cb9d6f3102d4a
d8f5122f4c6986a3c0ddfa1734516e8ba8c5e2ff1c39567390adcae704213e5b
e90623405d7a97b4d1ee0b2845627f9cb9d6f3102d4a6784a1bedbf815324f6c
fa1734516e8ba8c5e2ff1c39567390adcae704213e5b7895b2cfec092643607d
0b2845627f9cb9d6f3102d4a6784a1bedbf815324f6c89a6c3e0fd1a3754718e
1c39567390adcae704213e5b7895b2cfec092643607d9ab7d4f10e2b4865829f
2d4a6784a1bedbf815324f6c89a6c3e0fd1a3754718eabc8e5021f3c597693b0
3e5b7895b2cfec092643607d9ab7d4f10e2b4865829fbcd9f613304d6a87a4c1
4f6c89a6c3e0fd1a3754718eabc8e5021f3c597693b0cdea0724415e7b98b5d2
607d9ab7d4f10e2b4865829fbcd9f613304d6a87a4c1defb1835526f8ca9c6e3
718eabc8e5021f3c597693b0cdea0724415e7b98b5d2ef0c294663809dbad7f4
829fbcd9f613304d6a87a4c1defb1835526f8ca9c6e3001d3a577491aecbe805
93b0cdea0724415e7b98b5d2ef0c294663809dbad7f4112e4b6885a2bfdcf916
a4c1defb1835526f8ca9c6e3001d3a577491aecbe805223f5c7996b3d0ed0a27
b5d2ef0c294663809dbad7f4112e4b6885a2bfdcf91633506d8aa7c4e1fe1b38
c6e3001d3a577491aecbe805223f5c7996b3d0ed0a2744617e9bb8d5f20f2c49
d7f4112e4b6885a2bfdcf91633506d8aa7c4e1fe1b3855728facc9e603203d5a
e805223f5c7996b3d0ed0a2744617e9bb8d5f20f2c496683a0bddaf714314e6b
f91633506d8aa7c4e1fe1b3855728facc9e603203d5a7794b1ceeb0825425f7c
0a2744617e9bb8d5f20f2c496683a0bddaf714314e6b88a5c2dffc193653708d
1b3855728facc9e603203d5a7794b1ceeb0825425f7c99b6d3f00d2a4764819e
2c496683a0bddaf714314e6b88a5c2dffc193653708daac7e4011e3b587592af
3d5a7794b1ceeb0825425f7c99b6d3f00d2a4764819ebbd8f5122f4c6986a3c0
4e6b88a5c2dffc193653708daac7e4011e3b587592afcce90623405d7a97b4d1
5f7c99b6d3f00d2a4764819ebbd8f5122f4c6986a3c0ddfa1734516e8ba8c5e2
708daac7e4011e3b587592afcce90623405d7a97b4d1ee0b2845627f9cb9d6f3
819ebbd8f5122f4c6986a3c0ddfa1734516e8ba8c5e2ff1c39567390adcae704
92afcce90623405d7a97b4d1ee0b2845627f9cb9d6f3102d4a6784a1bedbf815
a3c0ddfa1734516e8ba8c5e2ff1c39567390adcae704213e5b7895b2cfec0926
b4d1ee0b2845627f9cb9d6f3102d4a6784a1bedbf815324f6c89a6c3e0fd1a37
c5e2ff1c39567390adcae704213e5b7895b2cfec092643607d9ab7d4f10e2b48
d6f3102d4a6784a1bedbf815324f6c89a6c3e0fd1a3754718eabc8e5021f3c59
e704213e5b7895b2cfec092643607d9ab7d4f10e2b4865829fbcd9f613304d6a
f815324f6c89a6c3e0fd1a3754718eabc8e5021f3c597693b0cdea0724415e7b
092643607d9ab7d4f10e2b4865829fbcd9f613304d6a87a4c1defb1835526f8c
1a3754718eabc8e5021f3c597693b0cdea0724415e7b98b5d2ef0c294663809d
2b4865829fbcd9f613304d6a87a4c1defb1835526f8ca9c6e3001d3a577491ae
3c597693b0cdea0724415e7b98b5d2ef0c294663809dbad7f4112e4b6885a2bf
4d6a87a4c1defb1835526f8ca9c6e3001d3a577491aecbe805223f5c7996b3d0
5e7b98b5d2ef0c294663809dbad7f4112e4b6885a2bfdcf91633506d8aa7c4e1
6f8ca9c6e3001d3a577491aecbe805223f5c7996b3d0ed0a2744617e9bb8d5f2
809dbad7f4112e4b6885a2bfdcf91633506d8aa7c4e1fe1b3855728facc9e603
91aecbe805223f5c7996b3d0ed0a2744617e9bb8d5f20f2c496683a0bddaf714
a2bfdcf91633506d8aa7c4e1fe1b3855728facc9e603203d5a7794b1ceeb0825
b3d0ed0a2744617e9bb8d5f20f2c496683a0bddaf714314e6b88a5c2dffc1936
c4e1fe1b3855728facc9e603203d5a7794b1ceeb0825425f7c99b6d3f00d2a47
d5f20f2c496683a0bddaf714314e6b88a5c2dffc193653708daac7e4011e3b58
e603203d5a7794b1ceeb0825425f7c99b6d3f00d2a4764819ebbd8f5122f4c69
f714314e6b88a5c2dffc193653708daac7e4011e3b587592afcce90623405d7a
0825425f7c99b6d3f00d2a4764819ebbd8f5122f4c6986a3c0ddfa1734516e8b
193653708daac7e4011e3b587592afcce90623405d7a97b4d1ee0b2845627f9c
2a4764819ebbd8f5122f4c6986a3c0ddfa1734516e8ba8c5e2ff1c39567390ad
3b587592afcce90623405d7a97b4d1ee0b2845627f9cb9d6f3102d4a6784a1be
4c6986a3c0ddfa1734516e8ba8c5e2ff1c39567390adcae704213e5b7895b2cf
5d7a97b4d1ee0b2845627f9cb9d6f3102d4a6784a1bedbf815324f6c89a6c3e0
6e8ba8c5e2ff1c39567390adcae704213e5b7895b2cfec092643607d9ab7d4f1
7f9cb9d6f3102d4a6784a1bedbf815324f6c89a6c3e0fd1a3754718eabc8e502
90adcae704213e5b7895b2cfec092643607d9ab7d4f10e2b4865829fbcd9f613
a1bedbf815324f6c89a6c3e0fd1a3754718eabc8e5021f3c597693b0cdea0724
b2cfec092643607d9ab7d4f10e2b4865829fbcd9f613304d6a87a4c1defb1835
c3e0fd1a3754718eabc8e5021f3c597693b0cdea0724415e7b98b5d2ef0c2946
d4f10e2b4865829fbcd9f613304d6a87a4c1defb1835526f8ca9c6e3001d3a57
e5021f3c597693b0cdea0724415e7b98b5d2ef0c294663809dbad7f4112e4b68
f613304d6a87a4c1defb1835526f8ca9c6e3001d3a577491aecbe805223f5c79
0724415e7b98b5d2ef0c294663809dbad7f4112e4b6885a2bfdcf91633506d8a
1835526f8ca9c6e3001d3a577491aecbe805223f5c7996b3d0ed0a2744617e9b
294663809dbad7f4112e4b6885a2bfdcf91633506d8aa7c4e1fe1b3855728fac
3a577491aecbe805223f5c7996b3d0ed0a2744617e9bb8d5f20f2c496683a0bd
4b6885a2bfdcf91633506d8aa7c4e1fe1b3855728facc9e603203d5a7794b1ce
5c7996b3d0ed0a2744617e9bb8d5f20f2c496683a0bddaf714314e6b88a5c2df
6d8aa7c4e1fe1b3855728facc9e603203d5a7794b1ceeb0825425f7c99b6d3f0
7e9bb8d5f20f2c496683a0bddaf714314e6b88a5c2dffc193653708daac7e401
8facc9e603203d5a7794b1ceeb0825425f7c99b6d3f00d2a4764819ebbd8f512
a0bddaf714314e6b88a5c2dffc193653708daac7e4011e3b587592afcce90623
b1ceeb0825425f7c99b6d3f00d2a4764819ebbd8f5122f4c6986a3c0ddfa1734
c2dffc193653708daac7e4011e3b587592afcce90623405d7a97b4d1ee0b2845
d3f00d2a4764819ebbd8f5122f4c6986a3c0ddfa1734516e8ba8c5e2ff1c3956
e4011e3b587592afcce90623405d7a97b4d1ee0b2845627f9cb9d6f3102d4a67
f5122f4c6986a3c0ddfa1734516e8ba8c5e2ff1c39567390adcae704213e5b78
0623405d7a97b4d1ee0b2845627f9cb9d6f3102d4a6784a1bedbf815324f6c89
1734516e8ba8c5e2ff1c39567390adcae704213e5b7895b2cfec092643607d9a
2845627f9cb9d6f3102d4a6784a1bedbf815324f6c89a6c3e0fd1a3754718eab
39567390adcae704213e5b7895b2cfec092643607d9ab7d4f10e2b4865829fbc
4a6784a1bedbf815324f6c89a6c3e0fd1a3754718eabc8e5021f3c597693b0cd
5b7895b2cfec092643607d9ab7d4f10e2b4865829fbcd9f613304d6a87a4c1de
6c89a6c3e0fd1a3754718eabc8e5021f3c597693b0cdea0724415e7b98b5d2ef
7d9ab7d4f10e2b4865829fbcd9f613304d6a87a4c1defb1835526f8ca9c6e300
8eabc8e5021f3c597693b0cdea0724415e7b98b5d2ef0c294663809dbad7f411
9fbcd9f613304d6a87a4c1defb1835526f8ca9c6e3001d3a577491aecbe80522
b0cdea0724415e7b98b5d2ef0c294663809dbad7f4112e4b6885a2bfdcf91633
c1defb1835526f8ca9c6e3001d3a577491aecbe805223f5c7996b3d0ed0a2744
d2ef0c294663809dbad7f4112e4b6885a2bfdcf91633506d8aa7c4e1fe1b3855
e3001d3a577491aecbe805223f5c7996b3d0ed0a2744617e9bb8d5f20f2c4966
f4112e4b6885a2bfdcf91633506d8aa7c4e1fe1b3855728facc9e603203d5a77
05223f5c7996b3d0ed0a2744617e9bb8d5f20f2c496683a0bddaf714314e6b88
1633506d8aa7c4e1fe1b3855728facc9e603203d5a7794b1ceeb0825425f7c99
2744617e9bb8d5f20f2c496683a0bddaf714314e6b88a5c2dffc193653708daa
3855728facc9e603203d5a7794b1ceeb0825425f7c99b6d3f00d2a4764819ebb
496683a0bddaf714314e6b88a5c2dffc193653708daac7e4011e3b587592afcc
5a7794b1ceeb0825425f7c99b6d3f00d2a4764819ebbd8f5122f4c6986a3c0dd
6b88a5c2dffc193653708daac7e4011e3b587592afcce90623405d7a97b4d1ee
7c99b6d3f00d2a4764819ebbd8f5122f4c6986a3c0ddfa1734516e8ba8c5e2ff
8daac7e4011e3b587592afcce90623405d7a97b4d1ee0b2845627f9cb9d6f310
9ebbd8f5122f4c6986a3c0ddfa1734516e8ba8c5e2ff1c39567390adcae70421
afcce90623405d7a97b4d1ee0b2845627f9cb9d6f3102d4a6784a1bedbf81532
c0ddfa1734516e8ba8c5e2ff1c39567390adcae704213e5b7895b2cfec092643
d1ee0b2845627f9cb9d6f3102d4a6784a1bedbf815324f6c89a6c3e0fd1a3754
e2ff1c39567390adcae704213e5b7895b2cfec092643607d9ab7d4f10e2b4865
f3102d4a6784a1bedbf815324f6c89a6c3e0fd1a3754718eabc8e5021f3c5976
04213e5b7895b2cfec092643607d9ab7d4f10e2b4865829fbcd9f613304d6a87
15324f6c89a6c3e0fd1a3754718eabc8e5021f3c597693b0cdea0724415e7b98
2643607d9ab7d4f10e2b4865829fbcd9f613304d6a87a4c1defb1835526f8ca9
3754718eabc8e5021f3c597693b0cdea0724415e7b98b5d2ef0c294663809dba
4865829fbcd9f613304d6a87a4c1defb1835526f8ca9c6e3001d3a577491aecb
597693b0cdea0724415e7b98b5d2ef0c294663809dbad7f4112e4b6885a2bfdc
6a87a4c1defb1835526f8ca9c6e3001d3a577491aecbe805223f5c7996b3d0ed
7b98b5d2ef0c294663809dbad7f4112e4b6885a2bfdcf91633506d8aa7c4e1fe
8ca9c6e3001d3a577491aecbe805223f5c7996b3d0ed0a2744617e9bb8d5f20f
9dbad7f4112e4b6885a2bfdcf91633506d8aa7c4e1fe1b3855728facc9e60320
aecbe805223f5c7996b3d0ed0a2744617e9bb8d5f20f2c496683a0bddaf71431
bfdcf91633506d8aa7c4e1fe1b3855728facc9e603203d5a7794b1ceeb082542
d0ed0a2744617e9bb8d5f20f2c496683a0bddaf714314e6b88a5c2dffc193653
e1fe1b3855728facc9e603203d5a7794b1ceeb0825425f7c99b6d3f00d2a4764
f20f2c496683a0bddaf714314e6b88a5c2dffc193653708daac7e4011e3b5875
03203d5a7794b1ceeb0825425f7c99b6d3f00d2a4764819ebbd8f5122f4c6986
14314e6b88a5c2dffc193653708daac7e4011e3b587592afcce90623405d7a97
25425f7c99b6d3f00d2a4764819ebbd8f5122f4c6986a3c0ddfa1734516e8ba8
3653708daac7e4011e3b587592afcce90623405d7a97b4d1ee0b2845627f9cb9
4764819ebbd8f5122f4c6986a3c0ddfa1734516e8ba8c5e2ff1c39567390adca
587592afcce90623405d7a97b4d1ee0b2845627f9cb9d6f3102d4a6784a1bedb
6986a3c0ddfa1734516e8ba8c5e2ff1c39567390adcae704213e5b7895b2cfec
7a97b4d1ee0b2845627f9cb9d6f3102d4a6784a1bedbf815324f6c89a6c3e0fd
8ba8c5e2ff1c39567390adcae704213e5b7895b2cfec092643607d9ab7d4f10e
9cb9d6f3102d4a6784a1bedbf815324f6c89a6c3e0fd1a3754718eabc8e5021f
adcae704213e5b7895b2cfec092643607d9ab7d4f10e2b4865829fbcd9f61330
bedbf815324f6c89a6c3e0fd1a3754718eabc8e5021f3c597693b0cdea072441
cfec092643607d9ab7d4f10e2b4865829fbcd9f613304d6a87a4c1defb183552
e0fd1a3754718eabc8e5021f3c597693b0cdea0724415e7b98b5d2ef0c294663
f10e2b4865829fbcd9f613304d6a87a4c1defb1835526f8ca9c6e3001d3a5774
021f3c597693b0cdea0724415e7b98b5d2ef0c294663809dbad7f4112e4b6885
13304d6a87a4c1defb1835526f8ca9c6e3001d3a577491aecbe805223f5c7996
24415e7b98b5d2ef0c294663809dbad7f4112e4b6885a2bfdcf91633506d8aa7
35526f8ca9c6e3001d3a577491aecbe805223f5c7996b3d0ed0a2744617e9bb8
4663809dbad7f4112e4b6885a2bfdcf91633506d8aa7c4e1fe1b3855728facc9
577491aecbe805223f5c7996b3d0ed0a2744617e9bb8d5f20f2c496683a0bdda
6885a2bfdcf91633506d8aa7c4e1fe1b3855728facc9e603203d5a7794b1ceeb
7996b3d0ed0a2744617e9bb8d5f20f2c496683a0bddaf714314e6b88a5c2dffc
8aa7c4e1fe1b3855728facc9e603203d5a7794b1ceeb0825425f7c99b6d3f00d
9bb8d5f20f2c496683a0bddaf714314e6b88a5c2dffc193653708daac7e4011e
acc9e603203d5a7794b1ceeb0825425f7c99b6d3f00d2a4764819ebbd8f5122f
bddaf714314e6b88a5c2dffc193653708daac7e4011e3b587592afcce9062340
ceeb0825425f7c99b6d3f00d2a4764819ebbd8f5122f4c6986a3c0ddfa173451
dffc193653708daac7e4011e3b587592afcce90623405d7a97b4d1ee0b284562
f00d2a4764819ebbd8f5122f4c6986a3c0ddfa1734516e8ba8c5e2ff1c395673
011e3b587592afcce90623405d7a97b4d1ee0b2845627f9cb9d6f3102d4a6784
122f4c6986a3c0ddfa1734516e8ba8c5e2ff1c39567390adcae704213e5b7895
23405d7a97b4d1ee0b2845627f9cb9d6f3102d4a6784a1bedbf815324f6c89a6
34516e8ba8c5e2ff1c39567390adcae704213e5b7895b2cfec092643607d9ab7
45627f9cb9d6f3102d4a6784a1bedbf815324f6c89a6c3e0fd1a3754718eabc8
567390adcae704213e5b7895b2cfec092643607d9ab7d4f10e2b4865829fbcd9
6784a1bedbf815324f6c89a6c3e0fd1a3754718eabc8e5021f3c597693b0cdea
7895b2cfec092643607d9ab7d4f10e2b4865829fbcd9f613304d6a87a4c1defb
89a6c3e0fd1a3754718eabc8e5021f3c597693b0cdea0724415e7b98b5d2ef0c
9ab7d4f10e2b4865829fbcd9f613304d6a87a4c1defb1835526f8ca9c6e3001d
abc8e5021f3c597693b0cdea0724415e7b98b5d2ef0c294663809dbad7f4112e
bcd9f613304d6a87a4c1defb1835526f8ca9c6e3001d3a577491aecbe805223f
cdea0724415e7b98b5d2ef0c294663809dbad7f4112e4b6885a2bfdcf9163350
defb1835526f8ca9c6e3001d3a577491aecbe805223f5c7996b3d0ed0a274461
ef0c294663809dbad7f4112e4b6885a2bfdcf91633506d8aa7c4e1fe1b385572
001d3a577491aecbe805223f5c7996b3d0ed0a2744617e9bb8d5f20f2c496683
112e4b6885a2bfdcf91633506d8aa7c4e1fe1b3855728facc9e603203d5a7794
223f5c7996b3d0ed0a2744617e9bb8d5f20f2c496683a0bddaf714314e6b88a5
33506d8aa7c4e1fe1b3855728facc9e603203d5a7794b1ceeb0825425f7c99b6
44617e9bb8d5f20f2c496683a0bddaf714314e6b88a5c2dffc193653708daac7
55728facc9e603203d5a7794b1ceeb0825425f7c99b6d3f00d2a4764819ebbd8
6683a0bddaf714314e6b88a5c2dffc193653708daac7e4011e3b587592afcce9
7794b1ceeb0825425f7c99b6d3f00d2a4764819ebbd8f5122f4c6986a3c0ddfa
88a5c2dffc193653708daac7e4011e3b587592afcce90623405d7a97b4d1ee0b
99b6d3f00d2a4764819ebbd8f5122f4c6986a3c0ddfa1734516e8ba8c5e2ff1c
aac7e4011e3b587592afcce90623405d7a97b4d1ee0b2845627f9cb9d6f3102d
bbd8f5122f4c6986a3c0ddfa1734516e8ba8c5e2ff1c39567390adcae704213e
cce90623405d7a97b4d1ee0b2845627f9cb9d6f3102d4a6784a1bedbf815324f
ddfa1734516e8ba8c5e2ff1c39567390adcae704213e5b7895b2cfec09264360
ee0b2845627f9cb9d6f3102d4a6784a1bedbf815324f6c89a6c3e0fd1a375471
ff1c39567390adcae704213e5b7895b2cfec092643607d9ab7d4f10e2b486582
102d4a6784a1bedbf815324f6c89a6c3e0fd1a3754718eabc8e5021f3c597693
213e5b7895b2cfec092643607d9ab7d4f10e2b4865829fbcd9f613304d6a87a4
324f6c89a6c3e0fd1a3754718eabc8e5021f3c597693b0cdea0724415e7b98b5
43607d9ab7d4f10e2b4865829fbcd9f613304d6a87a4c1defb1835526f8ca9c6
54718eabc8e5021f3c597693b0cdea0724415e7b98b5d2ef0c294663809dbad7
65829fbcd9f613304d6a87a4c1defb1835526f8ca9c6e3001d3a577491aecbe8
7693b0cdea0724415e7b98b5d2ef0c294663809dbad7f4112e4b6885a2bfdcf9
87a4c1defb1835526f8ca9c6e3001d3a577491aecbe805223f5c7996b3d0ed0a
98b5d2ef0c294663809dbad7f4112e4b6885a2bfdcf91633506d8aa7c4e1fe1b
a9c6e3001d3a577491aecbe805223f5c7996b3d0ed0a2744617e9bb8d5f20f2c
bad7f4112e4b6885a2bfdcf91633506d8aa7c4e1fe1b3855728facc9e603203d
cbe805223f5c7996b3d0ed0a2744617e9bb8d5f20f2c496683a0bddaf714314e
dcf91633506d8aa7c4e1fe1b3855728facc9e603203d5a7794b1ceeb0825425f
ed0a2744617e9bb8d5f20f2c496683a0bddaf714314e6b88a5c2dffc19365370
fe1b3855728facc9e603203d5a7794b1ceeb0825425f7c99b6d3f00d2a476481
0f2c496683a0bddaf714314e6b88a5c2dffc193653708daac7e4011e3b587592
203d5a7794b1ceeb0825425f7c99b6d3f00d2a4764819ebbd8f5122f4c6986a3
314e6b88a5c2dffc193653708daac7e4011e3b587592afcce90623405d7a97b4
425f7c99b6d3f00d2a4764819ebbd8f5122f4c6986a3c0ddfa1734516e8ba8c5
53708daac7e4011e3b587592afcce90623405d7a97b4d1ee0b2845627f9cb9d6
64819ebbd8f5122f4c6986a3c0ddfa1734516e8ba8c5e2ff1c39567390adcae7
7592afcce90623405d7a97b4d1ee0b2845627f9cb9d6f3102d4a6784a1bedbf8
86a3c0ddfa1734516e8ba8c5e2ff1c39567390adcae704213e5b7895b2cfec09
97b4d1ee0b2845627f9cb9d6f3102d4a6784a1bedbf815324f6c89a6c3e0fd1a
a8c5e2ff1c39567390adcae704213e5b7895b2cfec092643607d9ab7d4f10e2b
b9d6f3102d4a6784a1bedbf815324f6c89a6c3e0fd1a3754718eabc8e5021f3c
cae704213e5b7895b2cfec092643607d9ab7d4f10e2b4865829fbcd9f613304d
dbf815324f6c89a6c3e0fd1a3754718eabc8e5021f3c597693b0cdea0724415e
ec092643607d9ab7d4f10e2b4865829fbcd9f613304d6a87a4c1defb1835526f
fd1a3754718eabc8e5021f3c597693b0cdea0724415e7b98b5d2ef0c29466380
0e2b4865829fbcd9f613304d6a87a4c1defb1835526f8ca9c6e3001d3a577491
1f3c597693b0cdea0724415e7b98b5d2ef0c294663809dbad7f4112e4b6885a2
304d6a87a4c1defb1835526f8ca9c6e3001d3a577491aecbe805223f5c7996b3
415e7b98b5d2ef0c294663809dbad7f4112e4b6885a2bfdcf91633506d8aa7c4
526f8ca9c6e3001d3a577491aecbe805223f5c7996b3d0ed0a2744617e9bb8d5
63809dbad7f4112e4b6885a2bfdcf91633506d8aa7c4e1fe1b3855728facc9e6
7491aecbe805223f5c7996b3d0ed0a2744617e9bb8d5f20f2c496683a0bddaf7
85a2bfdcf91633506d8aa7c4e1fe1b3855728facc9e603203d5a7794b1ceeb08
96b3d0ed0a2744617e9bb8d5f20f2c496683a0bddaf714314e6b88a5c2dffc19
a7c4e1fe1b3855728facc9e603203d5a7794b1ceeb0825425f7c99b6d3f00d2a
b8d5f20f2c496683a0bddaf714314e6b88a5c2dffc193653708daac7e4011e3b
c9e603203d5a7794b1ceeb0825425f7c99b6d3f00d2a4764819ebbd8f5122f4c
daf714314e6b88a5c2dffc193653708daac7e4011e3b587592afcce90623405d
eb0825425f7c99b6d3f00d2a4764819ebbd8f5122f4c6986a3c0ddfa1734516e
fc193653708daac7e4011e3b587592afcce90623405d7a97b4d1ee0b2845627f
0d2a4764819ebbd8f5122f4c6986a3c0ddfa1734516e8ba8c5e2ff1c39567390
1e3b587592afcce90623405d7a97b4d1ee0b2845627f9cb9d6f3102d4a6784a1
2f4c6986a3c0ddfa1734516e8ba8c5e2ff1c39567390adcae704213e5b7895b2
405d7a97b4d1ee0b2845627f9cb9d6f3102d4a6784a1bedbf815324f6c89a6c3
516e8ba8c5e2ff1c39567390adcae704213e5b7895b2cfec092643607d9ab7d4
627f9cb9d6f3102d4a6784a1bedbf815324f6c89a6c3e0fd1a3754718eabc8e5
7390adcae704213e5b7895b2cfec092643607d9ab7d4f10e2b4865829fbcd9f6
84a1bedbf815324f6c89a6c3e0fd1a3754718eabc8e5021f3c597693b0cdea07
95b2cfec092643607d9ab7d4f10e2b4865829fbcd9f613304d6a87a4c1defb18
a6c3e0fd1a3754718eabc8e5021f3c597693b0cdea0724415e7b98b5d2ef0c29
b7d4f10e2b4865829fbcd9f613304d6a87a4c1defb1835526f8ca9c6e3001d3a
c8e5021f3c597693b0cdea0724415e7b98b5d2ef0c294663809dbad7f4112e4b
d9f613304d6a87a4c1defb1835526f8ca9c6e3001d3a577491aecbe805223f5c
ea0724415e7b98b5d2ef0c294663809dbad7f4112e4b6885a2bfdcf91633506d
fb1835526f8ca9c6e3001d3a577491aecbe805223f5c7996b3d0ed0a2744617e
0c294663809dbad7f4112e4b6885a2bfdcf91633506d8aa7c4e1fe1b3855728f
1d3a577491aecbe805223f5c7996b3d0ed0a2744617e9bb8d5f20f2c496683a0
2e4b6885a2bfdcf91633506d8aa7c4e1fe1b3855728facc9e603203d5a7794b1
3f5c7996b3d0ed0a2744617e9bb8d5f20f2c496683a0bddaf714314e6b88a5c2
506d8aa7c4e1fe1b3855728facc9e603203d5a7794b1ceeb0825425f7c99b6d3
617e9bb8d5f20f2c496683a0bddaf714314e6b88a5c2dffc193653708daac7e4
728facc9e603203d5a7794b1ceeb0825425f7c99b6d3f00d2a4764819ebbd8f5
83a0bddaf714314e6b88a5c2dffc193653708daac7e4011e3b587592afcce906
94b1ceeb0825425f7c99b6d3f00d2a4764819ebbd8f5122f4c6986a3c0ddfa17
a5c2dffc193653708daac7e4011e3b587592afcce90623405d7a97b4d1ee0b28
b6d3f00d2a4764819ebbd8f5122f4c6986a3c0ddfa1734516e8ba8c5e2ff1c39
c7e4011e3b587592afcce90623405d7a97b4d1ee0b2845627f9cb9d6f3102d4a
d8f5122f4c6986a3c0ddfa1734516e8ba8c5e2ff1c39567390adcae704213e5b
e90623405d7a97b4d1ee0b2845627f9cb9d6f3102d4a6784a1bedbf815324f6c
fa1734516e8ba8c5e2ff1c39567390adcae704213e5b7895b2cfec092643607d
0b2845627f9cb9d6f3102d4a6784a1bedbf815324f6c89a6c3e0fd1a3754718e
1c39567390adcae704213e5b7895b2cfec092643607d9ab7d4f10e2b4865829f
2d4a6784a1bedbf815324f6c89a6c3e0fd1a3754718eabc8e5021f3c597693b0
3e5b7895b2cfec092643607d9ab7d4f10e2b4865829fbcd9f613304d6a87a4c1
4f6c89a6c3e0fd1a3754718eabc8e5021f3c597693b0cdea0724415e7b98b5d2
607d9ab7d4f10e2b4865829fbcd9f613304d6a87a4c1defb1835526f8ca9c6e3
718eabc8e5021f3c597693b0cdea0724415e7b98b5d2ef0c294663809dbad7f4
829fbcd9f613304d6a87a4c1defb1835526f8ca9c6e3001d3a577491aecbe805
93b0cdea0724415e7b98b5d2ef0c294663809dbad7f4112e4b6885a2bfdcf916
a4c1defb1835526f8ca9c6e3001d3a577491aecbe805223f5c7996b3d0ed0a27
b5d2ef0c294663809dbad7f4112e4b6885a2bfdcf91633506d8aa7c4e1fe1b38
c6e3001d3a577491aecbe805223f5c7996b3d0ed0a2744617e9bb8d5f20f2c49
d7f4112e4b6885a2bfdcf91633506d8aa7c4e1fe1b3855728facc9e603203d5a
e805223f5c7996b3d0ed0a2744617e9bb8d5f20f2c496683a0bddaf714314e6b
f91633506d8aa7c4e1fe1b3855728facc9e603203d5a7794b1ceeb0825425f7c
0a2744617e9bb8d5f20f2c496683a0bddaf714314e6b88a5c2dffc193653708d
1b3855728facc9e603203d5a7794b1ceeb0825425f7c99b6d3f00d2a4764819e
2c496683a0bddaf714314e6b88a5c2dffc193653708daac7e4011e3b587592af
3d5a7794b1ceeb0825425f7c99b6d3f00d2a4764819ebbd8f5122f4c6986a3c0
4e6b88a5c2dffc193653708daac7e4011e3b587592afcce90623405d7a97b4d1
5f7c99b6d3f00d2a4764819ebbd8f5122f4c6986a3c0ddfa1734516e8ba8c5e2
708daac7e4011e3b587592afcce90623405d7a97b4d1ee0b2845627f9cb9d6f3
819ebbd8f5122f4c6986a3c0ddfa1734516e8ba8c5e2ff1c39567390adcae704
92afcce90623405d7a97b4d1ee0b2845627f9cb9d6f3102d4a6784a1bedbf815
a3c0ddfa1734516e8ba8c5e2ff1c39567390adcae704213e5b7895b2cfec0926
b4d1ee0b2845627f9cb9d6f3102d4a6784a1bedbf815324f6c89a6c3e0fd1a37
c5e2ff1c39567390adcae704213e5b7895b2cfec092643607d9ab7d4f10e2b48
d6f3102d4a6784a1bedbf815324f6c89a6c3e0fd1a3754718eabc8e5021f3c59
e704213e5b7895b2cfec092643607d9ab7d4f10e2b4865829fbcd9f613304d6a
f815324f6c89a6c3e0fd1a3754718eabc8e5021f3c597693b0cdea0724415e7b
092643607d9ab7d4f10e2b4865829fbcd9f613304d6a87a4c1defb1835526f8c
1a3754718eabc8e5021f3c597693b0cdea0724415e7b98b5d2ef0c294663809d
2b4865829fbcd9f613304d6a87a4c1defb1835526f8ca9c6e3001d3a577491ae
3c597693b0cdea0724415e7b98b5d2ef0c294663809dbad7f4112e4b6885a2bf
4d6a87a4c1defb1835526f8ca9c6e3001d3a577491aecbe805223f5c7996b3d0
5e7b98b5d2ef0c294663809dbad7f4112e4b6885a2bfdcf91633506d8aa7c4e1
6f8ca9c6e3001d3a577491aecbe805223f5c7996b3d0ed0a2744617e9bb8d5f2
809dbad7f4112e4b6885a2bfdcf91633506d8aa7c4e1fe1b3855728facc9e603
91aecbe805223f5c7996b3d0ed0a2744617e9bb8d5f20f2c496683a0bddaf714
a2bfdcf91633506d8aa7c4e1fe1b3855728facc9e603203d5a7794b1ceeb0825
b3d0ed0a2744617e9bb8d5f20f2c496683a0bddaf714314e6b88a5c2dffc1936
c4e1fe1b3855728facc9e603203d5a7794b1ceeb0825425f7c99b6d3f00d2a47
d5f20f2c496683a0bddaf714314e6b88a5c2dffc193653708daac7e4011e3b58
e603203d5a7794b1ceeb0825425f7c99b6d3f00d2a4764819ebbd8f5122f4c69
f714314e6b88a5c2dffc193653708daac7e4011e3b587592afcce90623405d7a
0825425f7c99b6d3f00d2a4764819ebbd8f5122f4c6986a3c0ddfa1734516e8b
193653708daac7e4011e3b587592afcce90623405d7a97b4d1ee0b2845627f9c
2a4764819ebbd8f5122f4c6986a3c0ddfa1734516e8ba8c5e2ff1c39567390ad
3b587592afcce90623405d7a97b4d1ee0b2845627f9cb9d6f3102d4a6784a1be
4c6986a3c0ddfa1734516e8ba8c5e2ff1c39567390adcae704213e5b7895b2cf
5d7a97b4d1ee0b2845627f9cb9d6f3102d4a6784a1bedbf815324f6c89a6c3e0
6e8ba8c5e2ff1c39567390adcae704213e5b7895b2cfec092643607d9ab7d4f1
7f9cb9d6f3102d4a6784a1bedbf815324f6c89a6c3e0fd1a3754718eabc8e502
90adcae704213e5b7895b2cfec092643607d9ab7d4f10e2b4865829fbcd9f613
a1bedbf815324f6c89a6c3e0fd1a3754718eabc8e5021f3c597693b0cdea0724
b2cfec092643607d9ab7d4f10e2b4865829fbcd9f613304d6a87a4c1defb1835
c3e0fd1a3754718eabc8e5021f3c597693b0cdea0724415e7b98b5d2ef0c2946
d4f10e2b4865829fbcd9f613304d6a87a4c1defb1835526f8ca9c6e3001d3a57
e5021f3c597693b0cdea0724415e7b98b5d2ef0c294663809dbad7f4112e4b68
f613304d6a87a4c1defb1835526f8ca9c6e3001d3a577491aecbe805223f5c79
0724415e7b98b5d2ef0c294663809dbad7f4112e4b6885a2bfdcf91633506d8a
1835526f8ca9c6e3001d3a577491aecbe805223f5c7996b3d0ed0a2744617e9b
294663809dbad7f4112e4b6885a2bfdcf91633506d8aa7c4e1fe1b3855728fac
3a577491aecbe805223f5c7996b3d0ed0a2744617e9bb8d5f20f2c496683a0bd
4b6885a2bfdcf91633506d8aa7c4e1fe1b3855728facc9e603203d5a7794b1ce
5c7996b3d0ed0a2744617e9bb8d5f20f2c496683a0bddaf714314e6b88a5c2df
6d8aa7c4e1fe1b3855728facc9e603203d5a7794b1ceeb0825425f7c99b6d3f0
7e9bb8d5f20f2c496683a0bddaf714314e6b88a5c2dffc193653708daac7e401
8facc9e603203d5a7794b1ceeb0825425f7c99b6d3f00d2a4764819ebbd8f512
a0bddaf714314e6b88a5c2dffc193653708daac7e4011e3b587592afcce90623
b1ceeb0825425f7c99b6d3f00d2a4764819ebbd8f5122f4c6986a3c0ddfa1734
c2dffc193653708daac7e4011e3b587592afcce90623405d7a97b4d1ee0b2845
d3f00d2a4764819ebbd8f5122f4c6986a3c0ddfa1734516e8ba8c5e2ff1c3956
e4011e3b587592afcce90623405d7a97b4d1ee0b2845627f9cb9d6f3102d4a67
f5122f4c6986a3c0ddfa1734516e8ba8c5e2ff1c39567390adcae704213e5b78
0623405d7a97b4d1ee0b2845627f9cb9d6f3102d4a6784a1bedbf815324f6c89
1734516e8ba8c5e2ff1c39567390adcae704213e5b7895b2cfec092643607d9a
2845627f9cb9d6f3102d4a6784a1bedbf815324f6c89a6c3e0fd1a3754718eab
39567390adcae704213e5b7895b2cfec092643607d9ab7d4f10e2b4865829fbc
4a6784a1bedbf815324f6c89a6c3e0fd1a3754718eabc8e5021f3c597693b0cd
5b7895b2cfec092643607d9ab7d4f10e2b4865829fbcd9f613304d6a87a4c1de
6c89a6c3e0fd1a3754718eabc8e5021f3c597693b0cdea0724415e7b98b5d2ef
7d9ab7d4f10e2b4865829fbcd9f613304d6a87a4c1defb1835526f8ca9c6e300
8eabc8e5021f3c597693b0cdea0724415e7b98b5d2ef0c294663809dbad7f411
9fbcd9f613304d6a87a4c1defb1835526f8ca9c6e3001d3a577491aecbe80522
b0cdea0724415e7b98b5d2ef0c294663809dbad7f4112e4b6885a2bfdcf91633
c1defb1835526f8ca9c6e3001d3a577491aecbe805223f5c7996b3d0ed0a2744
d2ef0c294663809dbad7f4112e4b6885a2bfdcf91633506d8aa7c4e1fe1b3855
e3001d3a577491aecbe805223f5c7996b3d0ed0a2744617e9bb8d5f20f2c4966
f4112e4b6885a2bfdcf91633506d8aa7c4e1fe1b3855728facc9e603203d5a77
05223f5c7996b3d0ed0a2744617e9bb8d5f20f2c496683a0bddaf714314e6b88
1633506d8aa7c4e1fe1b3855728facc9e603203d5a7794b1ceeb0825425f7c99
2744617e9bb8d5f20f2c496683a0bddaf714314e6b88a5c2dffc193653708daa
3855728facc9e603203d5a7794b1ceeb0825425f7c99b6d3f00d2a4764819ebb
496683a0bddaf714314e6b88a5c2dffc193653708daac7e4011e3b587592afcc
5a7794b1ceeb0825425f7c99b6d3f00d2a4764819ebbd8f5122f4c6986a3c0dd
6b88a5c2dffc193653708daac7e4011e3b587592afcce90623405d7a97b4d1ee
7c99b6d3f00d2a4764819ebbd8f5122f4c6986a3c0ddfa1734516e8ba8c5e2ff
8daac7e4011e3b587592afcce90623405d7a97b4d1ee0b2845627f9cb9d6f310
9ebbd8f5122f4c6986a3c0ddfa1734516e8ba8c5e2ff1c39567390adcae70421
afcce90623405d7a97b4d1ee0b2845627f9cb9d6f3102d4a6784a1bedbf81532
c0ddfa1734516e8ba8c5e2ff1c39567390adcae704213e5b7895b2cfec092643
d1ee0b2845627f9cb9d6f3102d4a6784a1bedbf815324f6c89a6c3e0fd1a3754
e2ff1c39567390adcae704213e5b7895b2cfec092643607d9ab7d4f10e2b4865
f3102d4a6784a1bedbf815324f6c89a6c3e0fd1a3754718eabc8e5021f3c5976
04213e5b7895b2cfec092643607d9ab7d4f10e2b4865829fbcd9f613304d6a87
15324f6c89a6c3e0fd1a3754718eabc8e5021f3c597693b0cdea0724415e7b98
2643607d9ab7d4f10e2b4865829fbcd9f613304d6a87a4c1defb1835526f8ca9
3754718eabc8e5021f3c597693b0cdea0724415e7b98b5d2ef0c294663809dba
4865829fbcd9f613304d6a87a4c1defb1835526f8ca9c6e3001d3a577491aecb
597693b0cdea0724415e7b98b5d2ef0c294663809dbad7f4112e4b6885a2bfdc
6a87a4c1defb1835526f8ca9c6e3001d3a577491aecbe805223f5c7996b3d0ed
7b98b5d2ef0c294663809dbad7f4112e4b6885a2bfdcf91633506d8aa7c4e1fe
8ca9c6e3001d3a577491aecbe805223f5c7996b3d0ed0a2744617e9bb8d5f20f
9dbad7f4112e4b6885a2bfdcf91633506d8aa7c4e1fe1b3855728facc9e60320
aecbe805223f5c7996b3d0ed0a2744617e9bb8d5f20f2c496683a0bddaf71431
bfdcf91633506d8aa7c4e1fe1b3855728facc9e603203d5a7794b1ceeb082542
d0ed0a2744617e9bb8d5f20f2c496683a0bddaf714314e6b88a5c2dffc193653
e1fe1b3855728facc9e603203d5a7794b1ceeb0825425f7c99b6d3f00d2a4764
f20f2c496683a0bddaf714314e6b88a5c2dffc193653708daac7e4011e3b5875
03203d5a7794b1ceeb0825425f7c99b6d3f00d2a4764819ebbd8f5122f4c6986
14314e6b88a5c2dffc193653708daac7e4011e3b587592afcce90623405d7a97
25425f7c99b6d3f00d2a4764819ebbd8f5122f4c6986a3c0ddfa1734516e8ba8
3653708daac7e4011e3b587592afcce90623405d7a97b4d1ee0b2845627f9cb9
4764819ebbd8f5122f4c6986a3c0ddfa1734516e8ba8c5e2ff1c39567390adca
587592afcce90623405d7a97b4d1ee0b2845627f9cb9d6f3102d4a6784a1bedb
6986a3c0ddfa1734516e8ba8c5e2ff1c39567390adcae704213e5b7895b2cfec
7a97b4d1ee0b2845627f9cb9d6f3102d4a6784a1bedbf815324f6c89a6c3e0fd
8ba8c5e2ff1c39567390adcae704213e5b7895b2cfec092643607d9ab7d4f10e
9cb9d6f3102d4a6784a1bedbf815324f6c89a6c3e0fd1a3754718eabc8e5021f
adcae704213e5b7895b2cfec092643607d9ab7d4f10e2b4865829fbcd9f61330
bedbf815324f6c89a6c3e0fd1a3754718eabc8e5021f3c597693b0cdea072441
cfec092643607d9ab7d4f10e2b4865829fbcd9f613304d6a87a4c1defb183552
e0fd1a3754718eabc8e5021f3c597693b0cdea0724415e7b98b5d2ef0c294663
f10e2b4865829fbcd9f613304d6a87a4c1defb1835526f8ca9c6e3001d3a5774
021f3c597693b0cdea0724415e7b98b5d2ef0c294663809dbad7f4112e4b6885
13304d6a87a4c1defb1835526f8ca9c6e3001d3a577491aecbe805223f5c7996
24415e7b98b5d2ef0c294663809dbad7f4112e4b6885a2bfdcf91633506d8aa7
35526f8ca9c6e3001d3a577491aecbe805223f5c7996b3d0ed0a2744617e9bb8
4663809dbad7f4112e4b6885a2bfdcf91633506d8aa7c4e1fe1b3855728facc9
577491aecbe805223f5c7996b3d0ed0a2744617e9bb8d5f20f2c496683a0bdda
6885a2bfdcf91633506d8aa7c4e1fe1b3855728facc9e603203d5a7794b1ceeb
7996b3d0ed0a2744617e9bb8d5f20f2c496683a0bddaf714314e6b88a5c2dffc
8aa7c4e1fe1b3855728facc9e603203d5a7794b1ceeb0825425f7c99b6d3f00d
9bb8d5f20f2c496683a0bddaf714314e6b88a5c2dffc193653708daac7e4011e
acc9e603203d5a7794b1ceeb0825425f7c99b6d3f00d2a4764819ebbd8f5122f
bddaf714314e6b88a5c2dffc193653708daac7e4011e3b587592afcce9062340
ceeb0825425f7c99b6d3f00d2a4764819ebbd8f5122f4c6986a3c0ddfa173451
dffc193653708daac7e4011e3b587592afcce90623405d7a97b4d1ee0b284562
f00d2a4764819ebbd8f5122f4c6986a3c0ddfa1734516e8ba8c5e2ff1c395673
011e3b587592afcce90623405d7a97b4d1ee0b2845627f9cb9d6f3102d4a6784
122f4c6986a3c0ddfa1734516e8ba8c5e2ff1c39567390adcae704213e5b7895
23405d7a97b4d1ee0b2845627f9cb9d6f3102d4a6784a1bedbf815324f6c89a6
34516e8ba8c5e2ff1c39567390adcae704213e5b7895b2cfec092643607d9ab7
45627f9cb9d6f3102d4a6784a1bedbf815324f6c89a6c3e0fd1a3754718eabc8
567390adcae704213e5b7895b2cfec092643607d9ab7d4f10e2b4865829fbcd9
6784a1bedbf815324f6c89a6c3e0fd1a3754718eabc8e5021f3c597693b0cdea
7895b2cfec092643607d9ab7d4f10e2b4865829fbcd9f613304d6a87a4c1defb
89a6c3e0fd1a3754718eabc8e5021f3c597693b0cdea0724415e7b98b5d2ef0c
9ab7d4f10e2b4865829fbcd9f613304d6a87a4c1defb1835526f8ca9c6e3001d
abc8e5021f3c597693b0cdea0724415e7b98b5d2ef0c294663809dbad7f4112e
bcd9f613304d6a87a4c1defb1835526f8ca9c6e3001d3a577491aecbe805223f
cdea0724415e7b98b5d2ef0c294663809dbad7f4112e4b6885a2bfdcf9163350
defb1835526f8ca9c6e3001d3a577491aecbe805223f5c7996b3d0ed0a274461
ef0c294663809dbad7f4112e4b6885a2bfdcf91633506d8aa7c4e1fe1b385572
001d3a577491aecbe805223f5c7996b3d0ed0a2744617e9bb8d5f20f2c496683
112e4b6885a2bfdcf91633506d8aa7c4e1fe1b3855728facc9e603203d5a7794
223f5c7996b3d0ed0a2744617e9bb8d5f20f2c496683a0bddaf714314e6b88a5
33506d8aa7c4e1fe1b3855728facc9e603203d5a7794b1ceeb0825425f7c99b6
44617e9bb8d5f20f2c496683a0bddaf714314e6b88a5c2dffc193653708daac7
55728facc9e603203d5a7794b1ceeb0825425f7c99b6d3f00d2a4764819ebbd8
6683a0bddaf714314e6b88a5c2dffc193653708daac7e4011e3b587592afcce9
7794b1ceeb0825425f7c99b6d3f00d2a4764819ebbd8f5122f4c6986a3c0ddfa
88a5c2dffc193653708daac7e4011e3b587592afcce90623405d7a97b4d1ee0b
99b6d3f00d2a4764819ebbd8f5122f4c6986a3c0ddfa1734516e8ba8c5e2ff1c
aac7e4011e3b587592afcce90623405d7a97b4d1ee0b2845627f9cb9d6f3102d
bbd8f5122f4c6986a3c0ddfa1734516e8ba8c5e2ff1c39567390adcae704213e
cce90623405d7a97b4d1ee0b2845627f9cb9d6f3102d4a6784a1bedbf815324f
ddfa1734516e8ba8c5e2ff1c39567390adcae704213e5b7895b2cfec09264360
ee0b2845627f9cb9d6f3102d4a6784a1bedbf815324f6c89a6c3e0fd1a375471
ff1c39567390adcae704213e5b7895b2cfec092643607d9ab7d4f10e2b486582
102d4a6784a1bedbf815324f6c89a6c3e0fd1a3754718eabc8e5021f3c597693
213e5b7895b2cfec092643607d9ab7d4f10e2b4865829fbcd9f613304d6a87a4
324f6c89a6c3e0fd1a3754718eabc8e5021f3c597693b0cdea0724415e7b98b5
43607d9ab7d4f10e2b4865829fbcd9f613304d6a87a4c1defb1835526f8ca9c6
54718eabc8e5021f3c597693b0cdea0724415e7b98b5d2ef0c294663809dbad7
65829fbcd9f613304d6a87a4c1defb1835526f8ca9c6e3001d3a577491aecbe8
7693b0cdea0724415e7b98b5d2ef0c294663809dbad7f4112e4b6885a2bfdcf9
87a4c1defb1835526f8ca9c6e3001d3a577491aecbe805223f5c7996b3d0ed0a
98b5d2ef0c294663809dbad7f4112e4b6885a2bfdcf91633506d8aa7c4e1fe1b
a9c6e3001d3a577491aecbe805223f5c7996b3d0ed0a2744617e9bb8d5f20f2c
bad7f4112e4b6885a2bfdcf91633506d8aa7c4e1fe1b3855728facc9e603203d
cbe805223f5c7996b3d0ed0a2744617e9bb8d5f20f2c496683a0bddaf714314e
dcf91633506d8aa7c4e1fe1b3855728facc9e603203d5a7794b1ceeb0825425f
ed0a2744617e9bb8d5f20f2c496683a0bddaf714314e6b88a5c2dffc19365370
fe1b3855728facc9e603203d5a7794b1ceeb0825425f7c99b6d3f00d2a476481
0f2c496683a0bddaf714314e6b88a5c2dffc193653708daac7e4011e3b587592
203d5a7794b1ceeb0825425f7c99b6d3f00d2a4764819ebbd8f5122f4c6986a3
314e6b88a5c2dffc193653708daac7e4011e3b587592afcce90623405d7a97b4
425f7c99b6d3f00d2a4764819ebbd8f5122f4c6986a3c0ddfa1734516e8ba8c5
53708daac7e4011e3b587592afcce90623405d7a97b4d1ee0b2845627f9cb9d6
64819ebbd8f5122f4c6986a3c0ddfa1734516e8ba8c5e2ff1c39567390adcae7
7592afcce90623405d7a97b4d1ee0b2845627f9cb9d6f3102d4a6784a1bedbf8
86a3c0ddfa1734516e8ba8c5e2ff1c39567390adcae704213e5b7895b2cfec09
97b4d1ee0b2845627f9cb9d6f3102d4a6784a1bedbf815324f6c89a6c3e0fd1a
a8c5e2ff1c39567390adcae704213e5b7895b2cfec092643607d9ab7d4f10e2b
b9d6f3102d4a6784a1bedbf815324f6c89a6c3e0fd1a3754718eabc8e5021f3c
cae704213e5b7895b2cfec092643607d9ab7d4f10e2b4865829fbcd9f613304d
dbf815324f6c89a6c3e0fd1a3754718eabc8e5021f3c597693b0cdea0724415e
ec092643607d9ab7d4f10e2b4865829fbcd9f613304d6a87a4c1defb1835526f
fd1a3754718eabc8e5021f3c597693b0cdea0724415e7b98b5d2ef0c29466380
0e2b4865829fbcd9f613304d6a87a4c1defb1835526f8ca9c6e3001d3a577491
1f3c597693b0cdea0724415e7b98b5d2ef0c294663809dbad7f4112e4b6885a2
304d6a87a4c1defb1835526f8ca9c6e3001d3a577491aecbe805223f5c7996b3
415e7b98b5d2ef0c294663809dbad7f4112e4b6885a2bfdcf91633506d8aa7c4
526f8ca9c6e3001d3a577491aecbe805223f5c7996b3d0ed0a2744617e9bb8d5
63809dbad7f4112e4b6885a2bfdcf91633506d8aa7c4e1fe1b3855728facc9e6
7491aecbe805223f5c7996b3d0ed0a2744617e9bb8d5f20f2c496683a0bddaf7
85a2bfdcf91633506d8aa7c4e1fe1b3855728facc9e603203d5a7794b1ceeb08
96b3d0ed0a2744617e9bb8d5f20f2c496683a0bddaf714314e6b88a5c2dffc19
a7c4e1fe1b3855728facc9e603203d5a7794b1ceeb0825425f7c99b6d3f00d2a
b8d5f20f2c496683a0bddaf714314e6b88a5c2dffc193653708daac7e4011e3b
c9e603203d5a7794b1ceeb0825425f7c99b6d3f00d2a4764819ebbd8f5122f4c
daf714314e6b88a5c2dffc193653708daac7e4011e3b587592afcce90623405d
eb0825425f7c99b6d3f00d2a4764819ebbd8f5122f4c6986a3c0ddfa1734516e
fc193653708daac7e4011e3b587592afcce90623405d7a97b4d1ee0b2845627f
0d2a4764819ebbd8f5122f4c6986a3c0ddfa1734516e8ba8c5e2ff1c39567390
1e3b587592afcce90623405d7a97b4d1ee0b2845627f9cb9d6f3102d4a6784a1
2f4c6986a3c0ddfa1734516e8ba8c5e2ff1c39567390adcae704213e5b7895b2
405d7a97b4d1ee0b2845627f9cb9d6f3102d4a6784a1bedbf815324f6c89a6c3
516e8ba8c5e2ff1c39567390adcae704213e5b7895b2cfec092643607d9ab7d4
627f9cb9d6f3102d4a6784a1bedbf815324f6c89a6c3e0fd1a3754718eabc8e5
7390adcae704213e5b7895b2cfec092643607d9ab7d4f10e2b4865829fbcd9f6
84a1bedbf815324f6c89a6c3e0fd1a3754718eabc8e5021f3c597693b0cdea07
95b2cfec092643607d9ab7d4f10e2b4865829fbcd9f613304d6a87a4c1defb18
a6c3e0fd1a3754718eabc8e5021f3c597693b0cdea0724415e7b98b5d2ef0c29
b7d4f10e2b4865829fbcd9f613304d6a87a4c1defb1835526f8ca9c6e3001d3a
c8e5021f3c597693b0cdea0724415e7b98b5d2ef0c294663809dbad7f4112e4b
d9f613304d6a87a4c1defb1835526f8ca9c6e3001d3a577491aecbe805223f5c
ea0724415e7b98b5d2ef0c294663809dbad7f4112e4b6885a2bfdcf91633506d
fb1835526f8ca9c6e3001d3a577491aecbe805223f5c7996b3d0ed0a2744617e
0c294663809dbad7f4112e4b6885a2bfdcf91633506d8aa7c4e1fe1b3855728f
1d3a577491aecbe805223f5c7996b3d0ed0a2744617e9bb8d5f20f2c496683a0
2e4b6885a2bfdcf91633506d8aa7c4e1fe1b3855728facc9e603203d5a7794b1
3f5c7996b3d0ed0a2744617e9bb8d5f20f2c496683a0bddaf714314e6b88a5c2
506d8aa7c4e1fe1b3855728facc9e603203d5a7794b1ceeb0825425f7c99b6d3
617e9bb8d5f20f2c496683a0bddaf714314e6b88a5c2dffc193653708daac7e4
728facc9e603203d5a7794b1ceeb0825425f7c99b6d3f00d2a4764819ebbd8f5
83a0bddaf714314e6b88a5c2dffc193653708daac7e4011e3b587592afcce906
94b1ceeb0825425f7c99b6d3f00d2a4764819ebbd8f5122f4c6986a3c0ddfa17
a5c2dffc193653708daac7e4011e3b587592afcce90623405d7a97b4d1ee0b28
b6d3f00d2a4764819ebbd8f5122f4c6986a3c0ddfa1734516e8ba8c5e2ff1c39
c7e4011e3b587592afcce90623405d7a97b4d1ee0b2845627f9cb9d6f3102d4a
d8f5122f4c6986a3c0ddfa1734516e8ba8c5e2ff1c39567390adcae704213e5b
e90623405d7a97b4d1ee0b2845627f9cb9d6f3102d4a6784a1bedbf815324f6c
fa1734516e8ba8c5e2ff1c39567390adcae704213e5b7895b2cfec092643607d
0b2845627f9cb9d6f3102d4a6784a1bedbf815324f6c89a6c3e0fd1a3754718e
1c39567390adcae704213e5b7895b2cfec092643607d9ab7d4f10e2b4865829f
2d4a6784a1bedbf815324f6c89a6c3e0fd1a3754718eabc8e5021f3c597693b0
3e5b7895b2cfec092643607d9ab7d4f10e2b4865829fbcd9f613304d6a87a4c1
4f6c89a6c3e0fd1a3754718eabc8e5021f3c597693b0cdea0724415e7b98b5d2
607d9ab7d4f10e2b4865829fbcd9f613304d6a87a4c1defb1835526f8ca9c6e3
718eabc8e5021f3c597693b0cdea0724415e7b98b5d2ef0c294663809dbad7f4
829fbcd9f613304d6a87a4c1defb1835526f8ca9c6e3001d3a577491aecbe805
93b0cdea0724415e7b98b5d2ef0c294663809dbad7f4112e4b6885a2bfdcf916
a4c1defb1835526f8ca9c6e3001d3a577491aecbe805223f5c7996b3d0ed0a27
b5d2ef0c294663809dbad7f4112e4b6885a2bfdcf91633506d8aa7c4e1fe1b38
c6e3001d3a577491aecbe805223f5c7996b3d0ed0a2744617e9bb8d5f20f2c49
d7f4112e4b6885a2bfdcf91633506d8aa7c4e1fe1b3855728facc9e603203d5a
e805223f5c7996b3d0ed0a2744617e9bb8d5f20f2c496683a0bddaf714314e6b
f91633506d8aa7c4e1fe1b3855728facc9e603203d5a7794b1ceeb0825425f7c
0a2744617e9bb8d5f20f2c496683a0bddaf714314e6b88a5c2dffc193653708d
1b3855728facc9e603203d5a7794b1ceeb0825425f7c99b6d3f00d2a4764819e
2c496683a0bddaf714314e6b88a5c2dffc193653708daac7e4011e3b587592af
3d5a7794b1ceeb0825425f7c99b6d3f00d2a4764819ebbd8f5122f4c6986a3c0
4e6b88a5c2dffc193653708daac7e4011e3b587592afcce90623405d7a97b4d1
5f7c99b6d3f00d2a4764819ebbd8f5122f4c6986a3c0ddfa1734516e8ba8c5e2
708daac7e4011e3b587592afcce90623405d7a97b4d1ee0b2845627f9cb9d6f3
819ebbd8f5122f4c6986a3c0ddfa1734516e8ba8c5e2ff1c39567390adcae704
92afcce90623405d7a97b4d1ee0b2845627f9cb9d6f3102d4a6784a1bedbf815
a3c0ddfa1734516e8ba8c5e2ff1c39567390adcae704213e5b7895b2cfec0926
b4d1ee0b2845627f9cb9d6f3102d4a6784a1bedbf815324f6c89a6c3e0fd1a37
c5e2ff1c39567390adcae704213e5b7895b2cfec092643607d9ab7d4f10e2b48
d6f3102d4a6784a1bedbf815324f6c89a6c3e0fd1a3754718eabc8e5021f3c59
e704213e5b7895b2cfec092643607d9ab7d4f10e2b4865829fbcd9f613304d6a
f815324f6c89a6c3e0fd1a3754718eabc8e5021f3c597693b0cdea0724415e7b
092643607d9ab7d4f10e2b4865829fbcd9f613304d6a87a4c1defb1835526f8c
1a3754718eabc8e5021f3c597693b0cdea0724415e7b98b5d2ef0c294663809d
2b4865829fbcd9f613304d6a87a4c1defb1835526f8ca9c6e3001d3a577491ae
3c597693b0cdea0724415e7b98b5d2ef0c294663809dbad7f4112e4b6885a2bf
4d6a87a4c1defb1835526f8ca9c6e3001d3a577491aecbe805223f5c7996b3d0
5e7b98b5d2ef0c294663809dbad7f4112e4b6885a2bfdcf91633506d8aa7c4e1
6f8ca9c6e3001d3a577491aecbe805223f5c7996b3d0ed0a2744617e9bb8d5f2
809dbad7f4112e4b6885a2bfdcf91633506d8aa7c4e1fe1b3855728facc9e603
91aecbe805223f5c7996b3d0ed0a2744617e9bb8d5f20f2c496683a0bddaf714
a2bfdcf91633506d8aa7c4e1fe1b3855728facc9e603203d5a7794b1ceeb0825
b3d0ed0a2744617e9bb8d5f20f2c496683a0bddaf714314e6b88a5c2dffc1936
c4e1fe1b3855728facc9e603203d5a7794b1ceeb0825425f7c99b6d3f00d2a47
d5f20f2c496683a0bddaf714314e6b88a5c2dffc193653708daac7e4011e3b58
e603203d5a7794b1ceeb0825425f7c99b6d3f00d2a4764819ebbd8f5122f4c69
f714314e6b88a5c2dffc193653708daac7e4011e3b587592afcce90623405d7a
0825425f7c99b6d3f00d2a4764819ebbd8f5122f4c6986a3c0ddfa1734516e8b
193653708daac7e4011e3b587592afcce90623405d7a97b4d1ee0b2845627f9c
2a4764819ebbd8f5122f4c6986a3c0ddfa1734516e8ba8c5e2ff1c39567390ad
3b587592afcce90623405d7a97b4d1ee0b2845627f9cb9d6f3102d4a6784a1be
4c6986a3c0ddfa1734516e8ba8c5e2ff1c39567390adcae704213e5b7895b2cf
5d7a97b4d1ee0b2845627f9cb9d6f3102d4a6784a1bedbf815324f6c89a6c3e0
6e8ba8c5e2ff1c39567390adcae704213e5b7895b2cfec092643607d9ab7d4f1
7f9cb9d6f3102d4a6784a1bedbf815324f6c89a6c3e0fd1a3754718eabc8e502
90adcae704213e5b7895b2cfec092643607d9ab7d4f10e2b4865829fbcd9f613
a1bedbf815324f6c89a6c3e0fd1a3754718eabc8e5021f3c597693b0cdea0724
b2cfec092643607d9ab7d4f10e2b4865829fbcd9f613304d6a87a4c1defb1835
c3e0fd1a3754718eabc8e5021f3c597693b0cdea0724415e7b98b5d2ef0c2946
d4f10e2b4865829fbcd9f613304d6a87a4c1defb1835526f8ca9c6e3001d3a57
e5021f3c597693b0cdea0724415e7b98b5d2ef0c294663809dbad7f4112e4b68
f613304d6a87a4c1defb1835526f8ca9c6e3001d3a577491aecbe805223f5c79
0724415e7b98b5d2ef0c294663809dbad7f4112e4b6885a2bfdcf91633506d8a
1835526f8ca9c6e3001d3a577491aecbe805223f5c7996b3d0ed0a2744617e9b
294663809dbad7f4112e4b6885a2bfdcf91633506d8aa7c4e1fe1b3855728fac
3a577491aecbe805223f5c7996b3d0ed0a2744617e9bb8d5f20f2c496683a0bd
4b6885a2bfdcf91633506d8aa7c4e1fe1b3855728facc9e603203d5a7794b1ce
5c7996b3d0ed0a2744617e9bb8d5f20f2c496683a0bddaf714314e6b88a5c2df
6d8aa7c4e1fe1b3855728facc9e603203d5a7794b1ceeb0825425f7c99b6d3f0
7e9bb8d5f20f2c496683a0bddaf714314e6b88a5c2dffc193653708daac7e401
8facc9e603203d5a7794b1ceeb0825425f7c99b6d3f00d2a4764819ebbd8f512
a0bddaf714314e6b88a5c2dffc193653708daac7e4011e3b587592afcce90623
b1ceeb0825425f7c99b6d3f00d2a4764819ebbd8f5122f4c6986a3c0ddfa1734
c2dffc193653708daac7e4011e3b587592afcce90623405d7a97b4d1ee0b2845
d3f00d2a4764819ebbd8f5122f4c6986a3c0ddfa1734516e8ba8c5e2ff1c3956
e4011e3b587592afcce90623405d7a97b4d1ee0b2845627f9cb9d6f3102d4a67
f5122f4c6986a3c0ddfa1734516e8ba8c5e2ff1c39567390adcae704213e5b78
0623405d7a97b4d1ee0b2845627f9cb9d6f3102d4a6784a1bedbf815324f6c89
1734516e8ba8c5e2ff1c39567390adcae704213e5b7895b2cfec092643607d9a
2845627f9cb9d6f3102d4a6784a1bedbf815324f6c89a6c3e0fd1a3754718eab
39567390adcae704213e5b7895b2cfec092643607d9ab7d4f10e2b4865829fbc
4a6784a1bedbf815324f6c89a6c3e0fd1a3754718eabc8e5021f3c597693b0cd
5b7895b2cfec092643607d9ab7d4f10e2b4865829fbcd9f613304d6a87a4c1de
6c89a6c3e0fd1a3754718eabc8e5021f3c597693b0cdea0724415e7b98b5d2ef
7d9ab7d4f10e2b4865829fbcd9f613304d6a87a4c1defb1835526f8ca9c6e300
8eabc8e5021f3c597693b0cdea0724415e7b98b5d2ef0c294663809dbad7f411
9fbcd9f613304d6a87a4c1defb1835526f8ca9c6e3001d3a577491aecbe80522
b0cdea0724415e7b98b5d2ef0c294663809dbad7f4112e4b6885a2bfdcf91633
c1defb1835526f8ca9c6e3001d3a577491aecbe805223f5c7996b3d0ed0a2744
d2ef0c294663809dbad7f4112e4b6885a2bfdcf91633506d8aa7c4e1fe1b3855
e3001d3a577491aecbe805223f5c7996b3d0ed0a2744617e9bb8d5f20f2c4966
f4112e4b6885a2bfdcf91633506d8aa7c4e1fe1b3855728facc9e603203d5a77
05223f5c7996b3d0ed0a2744617e9bb8d5f20f2c496683a0bddaf714314e6b88
1633506d8aa7c4e1fe1b3855728facc9e603203d5a7794b1ceeb0825425f7c99
2744617e9bb8d5f20f2c496683a0bddaf714314e6b88a5c2dffc193653708daa
3855728facc9e603203d5a7794b1ceeb0825425f7c99b6d3f00d2a4764819ebb
496683a0bddaf714314e6b88a5c2dffc193653708daac7e4011e3b587592afcc
5a7794b1ceeb0825425f7c99b6d3f00d2a4764819ebbd8f5122f4c6986a3c0dd
6b88a5c2dffc193653708daac7e4011e3b587592afcce90623405d7a97b4d1ee
7c99b6d3f00d2a4764819ebbd8f5122f4c6986a3c0ddfa1734516e8ba8c5e2ff
8daac7e4011e3b587592afcce90623405d7a97b4d1ee0b2845627f9cb9d6f310
9ebbd8f5122f4c6986a3c0ddfa1734516e8ba8c5e2ff1c39567390adcae70421
afcce90623405d7a97b4d1ee0b2845627f9cb9d6f3102d4a6784a1bedbf81532
c0ddfa1734516e8ba8c5e2ff1c39567390adcae704213e5b7895b2cfec092643
d1ee0b2845627f9cb9d6f3102d4a6784a1bedbf815324f6c89a6c3e0fd1a3754
e2ff1c39567390adcae704213e5b7895b2cfec092643607d9ab7d4f10e2b4865
f3102d4a6784a1bedbf815324f6c89a6c3e0fd1a3754718eabc8e5021f3c5976
04213e5b7895b2cfec092643607d9ab7d4f10e2b4865829fbcd9f613304d6a87
15324f6c89a6c3e0fd1a3754718eabc8e5021f3c597693b0cdea0724415e7b98
2643607d9ab7d4f10e2b4865829fbcd9f613304d6a87a4c1defb1835526f8ca9
3754718eabc8e5021f3c597693b0cdea0724415e7b98b5d2ef0c294663809dba
4865829fbcd9f613304d6a87a4c1defb1835526f8ca9c6e3001d3a577491aecb
597693b0cdea0724415e7b98b5d2ef0c294663809dbad7f4112e4b6885a2bfdc
6a87a4c1defb1835526f8ca9c6e3001d3a577491aecbe805223f5c7996b3d0ed
7b98b5d2ef0c294663809dbad7f4112e4b6885a2bfdcf91633506d8aa7c4e1fe
8ca9c6e3001d3a577491aecbe805223f5c7996b3d0ed0a2744617e9bb8d5f20f
9dbad7f4112e4b6885a2bfdcf91633506d8aa7c4e1fe1b3855728facc9e60320
aecbe805223f5c7996b3d0ed0a2744617e9bb8d5f20f2c496683a0bddaf71431
bfdcf91633506d8aa7c4e1fe1b3855728facc9e603203d5a7794b1ceeb082542
d0ed0a2744617e9bb8d5f20f2c496683a0bddaf714314e6b88a5c2dffc193653
e1fe1b3855728facc9e603203d5a7794b1ceeb0825425f7c99b6d3f00d2a4764
f20f2c496683a0bddaf714314e6b88a5c2dffc193653708daac7e4011e3b5875
03203d5a7794b1ceeb0825425f7c99b6d3f00d2a4764819ebbd8f5122f4c6986
14314e6b88a5c2dffc193653708daac7e4011e3b587592afcce90623405d7a97
25425f7c99b6d3f00d2a4764819ebbd8f5122f4c6986a3c0ddfa1734516e8ba8
3653708daac7e4011e3b587592afcce90623405d7a97b4d1ee0b2845627f9cb9
4764819ebbd8f5122f4c6986a3c0ddfa1734516e8ba8c5e2ff1c39567390adca
587592afcce90623405d7a97b4d1ee0b2845627f9cb9d6f3102d4a6784a1bedb
6986a3c0ddfa1734516e8ba8c5e2ff1c39567390adcae704213e5b7895b2cfec
7a97b4d1ee0b2845627f9cb9d6f3102d4a6784a1bedbf815324f6c89a6c3e0fd
8ba8c5e2ff1c39567390adcae704213e5b7895b2cfec092643607d9ab7d4f10e
9cb9d6f3102d4a6784a1bedbf815324f6c89a6c3e0fd1a3754718eabc8e5021f
adcae704213e5b7895b2cfec092643607d9ab7d4f10e2b4865829fbcd9f61330
bedbf815324f6c89a6c3e0fd1a3754718eabc8e5021f3c597693b0cdea072441
cfec092643607d9ab7d4f10e2b4865829fbcd9f613304d6a87a4c1defb183552
e0fd1a3754718eabc8e5021f3c597693b0cdea0724415e7b98b5d2ef0c294663
f10e2b4865829fbcd9f613304d6a87a4c1defb1835526f8ca9c6e3001d3a5774
021f3c597693b0cdea0724415e7b98b5d2ef0c294663809dbad7f4112e4b6885
13304d6a87a4c1defb1835526f8ca9c6e3001d3a577491aecbe805223f5c7996
24415e7b98b5d2ef0c294663809dbad7f4112e4b6885a2bfdcf91633506d8aa7
35526f8ca9c6e3001d3a577491aecbe805223f5c7996b3d0ed0a2744617e9bb8
4663809dbad7f4112e4b6885a2bfdcf91633506d8aa7c4e1fe1b3855728facc9
577491aecbe805223f5c7996b3d0ed0a2744617e9bb8d5f20f2c496683a0bdda
6885a2bfdcf91633506d8aa7c4e1fe1b3855728facc9e603203d5a7794b1ceeb
7996b3d0ed0a2744617e9bb8d5f20f2c496683a0bddaf714314e6b88a5c2dffc
8aa7c4e1fe1b3855728facc9e603203d5a7794b1ceeb0825425f7c99b6d3f00d
9bb8d5f20f2c496683a0bddaf714314e6b88a5c2dffc193653708daac7e4011e
acc9e603203d5a7794b1ceeb0825425f7c99b6d3f00d2a4764819ebbd8f5122f
bddaf714314e6b88a5c2dffc193653708daac7e4011e3b587592afcce9062340
ceeb0825425f7c99b6d3f00d2a4764819ebbd8f5122f4c6986a3c0ddfa173451
dffc193653708daac7e4011e3b587592afcce90623405d7a97b4d1ee0b284562
f00d2a4764819ebbd8f5122f4c6986a3c0ddfa1734516e8ba8c5e2ff1c395673
011e3b587592afcce90623405d7a97b4d1ee0b2845627f9cb9d6f3102d4a6784
122f4c6986a3c0ddfa1734516e8ba8c5e2ff1c39567390adcae704213e5b7895
23405d7a97b4d1ee0b2845627f9cb9d6f3102d4a6784a1bedbf815324f6c89a6
34516e8ba8c5e2ff1c39567390adcae704213e5b7895b2cfec092643607d9ab7
45627f9cb9d6f3102d4a6784a1bedbf815324f6c89a6c3e0fd1a3754718eabc8
567390adcae704213e5b7895b2cfec092643607d9ab7d4f10e2b4865829fbcd9
6784a1bedbf815324f6c89a6c3e0fd1a3754718eabc8e5021f3c597693b0cdea
7895b2cfec092643607d9ab7d4f10e2b4865829fbcd9f613304d6a87a4c1defb
89a6c3e0fd1a3754718eabc8e5021f3c597693b0cdea0724415e7b98b5d2ef0c
9ab7d4f10e2b4865829fbcd9f613304d6a87a4c1defb1835526f8ca9c6e3001d
abc8e5021f3c597693b0cdea0724415e7b98b5d2ef0c294663809dbad7f4112e
bcd9f613304d6a87a4c1defb1835526f8ca9c6e3001d3a577491aecbe805223f
cdea0724415e7b98b5d2ef0c294663809dbad7f4112e4b6885a2bfdcf9163350
defb1835526f8ca9c6e3001d3a577491aecbe805223f5c7996b3d0ed0a274461
ef0c294663809dbad7f4112e4b6885a2bfdcf91633506d8aa7c4e1fe1b385572
001d3a577491aecbe805223f5c7996b3d0ed0a2744617e9bb8d5f20f2c496683
112e4b6885a2bfdcf91633506d8aa7c4e1fe1b3855728facc9e603203d5a7794
223f5c7996b3d0ed0a2744617e9bb8d5f20f2c496683a0bddaf714314e6b88a5
33506d8aa7c4e1fe1b3855728facc9e603203d5a7794b1ceeb0825425f7c99b6
44617e9bb8d5f20f2c496683a0bddaf714314e6b88a5c2dffc193653708daac7
55728facc9e603203d5a7794b1ceeb0825425f7c99b6d3f00d2a4764819ebbd8
6683a0bddaf714314e6b88a5c2dffc193653708daac7e4011e3b587592afcce9
7794b1ceeb0825425f7c99b6d3f00d2a4764819ebbd8f5122f4c6986a3c0ddfa
88a5c2dffc193653708daac7e4011e3b587592afcce90623405d7a97b4d1ee0b
99b6d3f00d2a4764819ebbd8f5122f4c6986a3c0ddfa1734516e8ba8c5e2ff1c
aac7e4011e3b587592afcce90623405d7a97b4d1ee0b2845627f9cb9d6f3102d
bbd8f5122f4c6986a3c0ddfa1734516e8ba8c5e2ff1c39567390adcae704213e
cce90623405d7a97b4d1ee0b2845627f9cb9d6f3102d4a6784a1bedbf815324f
ddfa1734516e8ba8c5e2ff1c39567390adcae704213e5b7895b2cfec09264360
ee0b2845627f9cb9d6f3102d4a6784a1bedbf815324f6c89a6c3e0fd1a375471
ff1c39567390adcae704213e5b7895b2cfec092643607d9ab7d4f10e2b486582
102d4a6784a1bedbf815324f6c89a6c3e0fd1a3754718eabc8e5021f3c597693
213e5b7895b2cfec092643607d9ab7d4f10e2b4865829fbcd9f613304d6a87a4
324f6c89a6c3e0fd1a3754718eabc8e5021f3c597693b0cdea0724415e7b98b5
43607d9ab7d4f10e2b4865829fbcd9f613304d6a87a4c1defb1835526f8ca9c6
54718eabc8e5021f3c597693b0cdea0724415e7b98b5d2ef0c294663809dbad7
65829fbcd9f613304d6a87a4c1defb1835526f8ca9c6e3001d3a577491aecbe8
7693b0cdea0724415e7b98b5d2ef0c294663809dbad7f4112e4b6885a2bfdcf9
87a4c1defb1835526f8ca9c6e3001d3a577491aecbe805223f5c7996b3d0ed0a
98b5d2ef0c294663809dbad7f4112e4b6885a2bfdcf91633506d8aa7c4e1fe1b
a9c6e3001d3a577491aecbe805223f5c7996b3d0ed0a2744617e9bb8d5f20f2c
bad7f4112e4b6885a2bfdcf91633506d8aa7c4e1fe1b3855728facc9e603203d
cbe805223f5c7996b3d0ed0a2744617e9bb8d5f20f2c496683a0bddaf714314e
dcf91633506d8aa7c4e1fe1b3855728facc9e603203d5a7794b1ceeb0825425f
ed0a2744617e9bb8d5f20f2c496683a0bddaf714314e6b88a5c2dffc19365370
fe1b3855728facc9e603203d5a7794b1ceeb0825425f7c99b6d3f00d2a476481
0f2c496683a0bddaf714314e6b88a5c2dffc193653708daac7e4011e3b587592
203d5a7794b1ceeb0825425f7c99b6d3f00d2a4764819ebbd8f5122f4c6986a3
314e6b88a5c2dffc193653708daac7e4011e3b587592afcce90623405d7a97b4
425f7c99b6d3f00d2a4764819ebbd8f5122f4c6986a3c0ddfa1734516e8ba8c5
53708daac7e4011e3b587592afcce90623405d7a97b4d1ee0b2845627f9cb9d6
64819ebbd8f5122f4c6986a3c0ddfa1734516e8ba8c5e2ff1c39567390adcae7
7592afcce90623405d7a97b4d1ee0b2845627f9cb9d6f3102d4a6784a1bedbf8
86a3c0ddfa1734516e8ba8c5e2ff1c39567390adcae704213e5b7895b2cfec09
97b4d1ee0b2845627f9cb9d6f3102d4a6784a1bedbf815324f6c89a6c3e0fd1a
a8c5e2ff1c39567390adcae704213e5b7895b2cfec092643607d9ab7d4f10e2b
b9d6f3102d4a6784a1bedbf815324f6c89a6c3e0fd1a3754718eabc8e5021f3c
cae704213e5b7895b2cfec092643607d9ab7d4f10e2b4865829fbcd9f613304d
dbf815324f6c89a6c3e0fd1a3754718eabc8e5021f3c597693b0cdea0724415e
ec092643607d9ab7d4f10e2b4865829fbcd9f613304d6a87a4c1defb1835526f
fd1a3754718eabc8e5021f3c597693b0cdea0724415e7b98b5d2ef0c29466380
0e2b4865829fbcd9f613304d6a87a4c1defb1835526f8ca9c6e3001d3a577491
1f3c597693b0cdea0724415e7b98b5d2ef0c294663809dbad7f4112e4b6885a2
304d6a87a4c1defb1835526f8ca9c6e3001d3a577491aecbe805223f5c7996b3
415e7b98b5d2ef0c294663809dbad7f4112e4b6885a2bfdcf91633506d8aa7c4
526f8ca9c6e3001d3a577491aecbe805223f5c7996b3d0ed0a2744617e9bb8d5
63809dbad7f4112e4b6885a2bfdcf91633506d8aa7c4e1fe1b3855728facc9e6
7491aecbe805223f5c7996b3d0ed0a2744617e9bb8d5f20f2c496683a0bddaf7
85a2bfdcf91633506d8aa7c4e1fe1b3855728facc9e603203d5a7794b1ceeb08
96b3d0ed0a2744617e9bb8d5f20f2c496683a0bddaf714314e6b88a5c2dffc19
a7c4e1fe1b3855728facc9e603203d5a7794b1ceeb0825425f7c99b6d3f00d2a
b8d5f20f2c496683a0bddaf714314e6b88a5c2dffc193653708daac7e4011e3b
c9e603203d5a7794b1ceeb0825425f7c99b6d3f00d2a4764819ebbd8f5122f4c
daf714314e6b88a5c2dffc193653708daac7e4011e3b587592afcce90623405d
eb0825425f7c99b6d3f00d2a4764819ebbd8f5122f4c6986a3c0ddfa1734516e
fc193653708daac7e4011e3b587592afcce90623405d7a97b4d1ee0b2845627f
0d2a4764819ebbd8f5122f4c6986a3c0ddfa1734516e8ba8c5e2ff1c39567390
1e3b587592afcce90623405d7a97b4d1ee0b2845627f9cb9d6f3102d4a6784a1
2f4c6986a3c0ddfa1734516e8ba8c5e2ff1c39567390adcae704213e5b7895b2
405d7a97b4d1ee0b2845627f9cb9d6f3102d4a6784a1bedbf815324f6c89a6c3
516e8ba8c5e2ff1c39567390adcae704213e5b7895b2cfec092643607d9ab7d4
627f9cb9d6f3102d4a6784a1bedbf815324f6c89a6c3e0fd1a3754718eabc8e5
7390adcae704213e5b7895b2cfec092643607d9ab7d4f10e2b4865829fbcd9f6
84a1bedbf815324f6c89a6c3e0fd1a3754718eabc8e5021f3c597693b0cdea07
95b2cfec092643607d9ab7d4f10e2b4865829fbcd9f613304d6a87a4c1defb18
a6c3e0fd1a3754718eabc8e5021f3c597693b0cdea0724415e7b98b5d2ef0c29
b7d4f10e2b4865829fbcd9f613304d6a87a4c1defb1835526f8ca9c6e3001d3a
c8e5021f3c597693b0cdea0724415e7b98b5d2ef0c294663809dbad7f4112e4b
d9f613304d6a87a4c1defb1835526f8ca9c6e3001d3a577491aecbe805223f5c
ea0724415e7b98b5d2ef0c294663809dbad7f4112e4b6885a2bfdcf91633506d
fb1835526f8ca9c6e3001d3a577491aecbe805223f5c7996b3d0ed0a2744617e
0c294663809dbad7f4112e4b6885a2bfdcf91633506d8aa7c4e1fe1b3855728f
1d3a577491aecbe805223f5c7996b3d0ed0a2744617e9bb8d5f20f2c496683a0
2e4b6885a2bfdcf91633506d8aa7c4e1fe1b3855728facc9e603203d5a7794b1
3f5c7996b3d0ed0a2744617e9bb8d5f20f2c496683a0bddaf714314e6b88a5c2
506d8aa7c4e1fe1b3855728facc9e603203d5a7794b1ceeb0825425f7c99b6d3
617e9bb8d5f20f2c496683a0bddaf714314e6b88a5c2dffc193653708daac7e4
728facc9e603203d5a7794b1ceeb0825425f7c99b6d3f00d2a4764819ebbd8f5
83a0bddaf714314e6b88a5c2dffc193653708daac7e4011e3b587592afcce906
94b1ceeb0825425f7c99b6d3f00d2a4764819ebbd8f5122f4c6986a3c0ddfa17
a5c2dffc193653708daac7e4011e3b587592afcce90623405d7a97b4d1ee0b28
b6d3f00d2a4764819ebbd8f5122f4c6986a3c0ddfa1734516e8ba8c5e2ff1c39
c7e4011e3b587592afcce90623405d7a97b4d1ee0b2845627f9cb9d6f3102d4a
d8f5122f4c6986a3c0ddfa1734516e8ba8c5e2ff1c39567390adcae704213e5b
e90623405d7a97b4d1ee0b2845627f9cb9d6f3102d4a6784a1bedbf815324f6c
fa1734516e8ba8c5e2ff1c39567390adcae704213e5b7895b2cfec092643607d
0b2845627f9cb9d6f3102d4a6784a1bedbf815324f6c89a6c3e0fd1a3754718e
1c39567390adcae704213e5b7895b2cfec092643607d9ab7d4f10e2b4865829f
2d4a6784a1bedbf815324f6c89a6c3e0fd1a3754718eabc8e5021f3c597693b0
3e5b7895b2cfec092643607d9ab7d4f10e2b4865829fbcd9f613304d6a87a4c1
4f6c89a6c3e0fd1a3754718eabc8e5021f3c597693b0cdea0724415e7b98b5d2
607d9ab7d4f10e2b4865829fbcd9f613304d6a87a4c1defb1835526f8ca9c6e3
718eabc8e5021f3c597693b0cdea0724415e7b98b5d2ef0c294663809dbad7f4
829fbcd9f613304d6a87a4c1defb1835526f8ca9c6e3001d3a577491aecbe805
93b0cdea0724415e7b98b5d2ef0c294663809dbad7f4112e4b6885a2bfdcf916
a4c1defb1835526f8ca9c6e3001d3a577491aecbe805223f5c7996b3d0ed0a27
b5d2ef0c294663809dbad7f4112e4b6885a2bfdcf91633506d8aa7c4e1fe1b38
c6e3001d3a577491aecbe805223f5c7996b3d0ed0a2744617e9bb8d5f20f2c49
d7f4112e4b6885a2bfdcf91633506d8aa7c4e1fe1b3855728facc9e603203d5a
e805223f5c7996b3d0ed0a2744617e9bb8d5f20f2c496683a0bddaf714314e6b
f91633506d8aa7c4e1fe1b3855728facc9e603203d5a7794b1ceeb0825425f7c
0a2744617e9bb8d5f20f2c496683a0bddaf714314e6b88a5c2dffc193653708d
1b3855728facc9e603203d5a7794b1ceeb0825425f7c99b6d3f00d2a4764819e
2c496683a0bddaf714314e6b88a5c2dffc193653708daac7e4011e3b587592af
3d5a7794b1ceeb0825425f7c99b6d3f00d2a4764819ebbd8f5122f4c6986a3c0
4e6b88a5c2dffc193653708daac7e4011e3b587592afcce90623405d7a97b4d1
5f7c99b6d3f00d2a4764819ebbd8f5122f4c6986a3c0ddfa1734516e8ba8c5e2
708daac7e4011e3b587592afcce90623405d7a97b4d1ee0b2845627f9cb9d6f3
819ebbd8f5122f4c6986a3c0ddfa1734516e8ba8c5e2ff1c39567390adcae704
92afcce90623405d7a97b4d1ee0b2845627f9cb9d6f3102d4a6784a1bedbf815
a3c0ddfa1734516e8ba8c5e2ff1c39567390adcae704213e5b7895b2cfec0926
b4d1ee0b2845627f9cb9d6f3102d4a6784a1bedbf815324f6c89a6c3e0fd1a37
c5e2ff1c39567390adcae704213e5b7895b2cfec092643607d9ab7d4f10e2b48
d6f3102d4a6784a1bedbf815324f6c89a6c3e0fd1a3754718eabc8e5021f3c59
e704213e5b7895b2cfec092643607d9ab7d4f10e2b4865829fbcd9f613304d6a
f815324f6c89a6c3e0fd1a3754718eabc8e5021f3c597693b0cdea0724415e7b
092643607d9ab7d4f10e2b4865829fbcd9f613304d6a87a4c1defb1835526f8c
1a3754718eabc8e5021f3c597693b0cdea0724415e7b98b5d2ef0c294663809d
2b4865829fbcd9f613304d6a87a4c1defb1835526f8ca9c6e3001d3a577491ae
3c597693b0cdea0724415e7b98b5d2ef0c294663809dbad7f4112e4b6885a2bf
4d6a87a4c1defb1835526f8ca9c6e3001d3a577491aecbe805223f5c7996b3d0
5e7b98b5d2ef0c294663809dbad7f4112e4b6885a2bfdcf91633506d8aa7c4e1
6f8ca9c6e3001d3a577491aecbe805223f5c7996b3d0ed0a2744617e9bb8d5f2
809dbad7f4112e4b6885a2bfdcf91633506d8aa7c4e1fe1b3855728facc9e603
91aecbe805223f5c7996b3d0ed0a2744617e9bb8d5f20f2c496683a0bddaf714
a2bfdcf91633506d8aa7c4e1fe1b3855728facc9e603203d5a7794b1ceeb0825
b3d0ed0a2744617e9bb8d5f20f2c496683a0bddaf714314e6b88a5c2dffc1936
c4e1fe1b3855728facc9e603203d5a7794b1ceeb0825425f7c99b6d3f00d2a47
d5f20f2c496683a0bddaf714314e6b88a5c2dffc193653708daac7e4011e3b58
e603203d5a7794b1ceeb0825425f7c99b6d3f00d2a4764819ebbd8f5122f4c69
f714314e6b88a5c2dffc193653708daac7e4011e3b587592afcce90623405d7a
0825425f7c99b6d3f00d2a4764819ebbd8f5122f4c6986a3c0ddfa1734516e8b
193653708daac7e4011e3b587592afcce90623405d7a97b4d1ee0b2845627f9c
2a4764819ebbd8f5122f4c6986a3c0ddfa1734516e8ba8c5e2ff1c39567390ad
3b587592afcce90623405d7a97b4d1ee0b2845627f9cb9d6f3102d4a6784a1be
4c6986a3c0ddfa1734516e8ba8c5e2ff1c39567390adcae704213e5b7895b2cf
5d7a97b4d1ee0b2845627f9cb9d6f3102d4a6784a1bedbf815324f6c89a6c3e0
6e8ba8c5e2ff1c39567390adcae704213e5b7895b2cfec092643607d9ab7d4f1
7f9cb9d6f3102d4a6784a1bedbf815324f6c89a6c3e0fd1a3754718eabc8e502
90adcae704213e5b7895b2cfec092643607d9ab7d4f10e2b4865829fbcd9f613
a1bedbf815324f6c89a6c3e0fd1a3754718eabc8e5021f3c597693b0cdea0724
b2cfec092643607d9ab7d4f10e2b4865829fbcd9f613304d6a87a4c1defb1835
c3e0fd1a3754718eabc8e5021f3c597693b0cdea0724415e7b98b5d2ef0c2946
d4f10e2b4865829fbcd9f613304d6a87a4c1defb1835526f8ca9c6e3001d3a57
e5021f3c597693b0cdea0724415e7b98b5d2ef0c294663809dbad7f4112e4b68
f613304d6a87a4c1defb1835526f8ca9c6e3001d3a577491aecbe805223f5c79
0724415e7b98b5d2ef0c294663809dbad7f4112e4b6885a2bfdcf91633506d8a
1835526f8ca9c6e3001d3a577491aecbe805223f5c7996b3d0ed0a2744617e9b
294663809dbad7f4112e4b6885a2bfdcf91633506d8aa7c4e1fe1b3855728fac
3a577491aecbe805223f5c7996b3d0ed0a2744617e9bb8d5f20f2c496683a0bd
4b6885a2bfdcf91633506d8aa7c4e1fe1b3855728facc9e603203d5a7794b1ce
5c7996b3d0ed0a2744617e9bb8d5f20f2c496683a0bddaf714314e6b88a5c2df
6d8aa7c4e1fe1b3855728facc9e603203d5a7794b1ceeb0825425f7c99b6d3f0
7e9bb8d5f20f2c496683a0bddaf714314e6b88a5c2dffc193653708daac7e401
8facc9e603203d5a7794b1ceeb0825425f7c99b6d3f00d2a4764819ebbd8f512
a0bddaf714314e6b88a5c2dffc193653708daac7e4011e3b587592afcce90623
b1ceeb0825425f7c99b6d3f00d2a4764819ebbd8f5122f4c6986a3c0ddfa1734
c2dffc193653708daac7e4011e3b587592afcce90623405d7a97b4d1ee0b2845
d3f00d2a4764819ebbd8f5122f4c6986a3c0ddfa1734516e8ba8c5e2ff1c3956
e4011e3b587592afcce90623405d7a97b4d1ee0b2845627f9cb9d6f3102d4a67
f5122f4c6986a3c0ddfa1734516e8ba8c5e2ff1c39567390adcae704213e5b78
0623405d7a97b4d1ee0b2845627f9cb9d6f3102d4a6784a1bedbf815324f6c89
1734516e8ba8c5e2ff1c39567390adcae704213e5b7895b2cfec092643607d9a
2845627f9cb9d6f3102d4a6784a1bedbf815324f6c89a6c3e0fd1a3754718eab
39567390adcae704213e5b7895b2cfec092643607d9ab7d4f10e2b4865829fbc
4a6784a1bedbf815324f6c89a6c3e0fd1a3754718eabc8e5021f3c597693b0cd
5b7895b2cfec092643607d9ab7d4f10e2b4865829fbcd9f613304d6a87a4c1de
6c89a6c3e0fd1a3754718eabc8e5021f3c597693b0cdea0724415e7b98b5d2ef
7d9ab7d4f10e2b4865829fbcd9f613304d6a87a4c1defb1835526f8ca9c6e300
8eabc8e5021f3c597693b0cdea0724415e7b98b5d2ef0c294663809dbad7f411
9fbcd9f613304d6a87a4c1defb1835526f8ca9c6e3001d3a577491aecbe80522
b0cdea0724415e7b98b5d2ef0c294663809dbad7f4112e4b6885a2bfdcf91633
c1defb1835526f8ca9c6e3001d3a577491aecbe805223f5c7996b3d0ed0a2744
d2ef0c294663809dbad7f4112e4b6885a2bfdcf91633506d8aa7c4e1fe1b3855
e3001d3a577491aecbe805223f5c7996b3d0ed0a2744617e9bb8d5f20f2c4966
f4112e4b6885a2bfdcf91633506d8aa7c4e1fe1b3855728facc9e603203d5a77
05223f5c7996b3d0ed0a2744617e9bb8d5f20f2c496683a0bddaf714314e6b88
1633506d8aa7c4e1fe1b3855728facc9e603203d5a7794b1ceeb0825425f7c99
2744617e9bb8d5f20f2c496683a0bddaf714314e6b88a5c2dffc193653708daa
3855728facc9e603203d5a7794b1ceeb0825425f7c99b6d3f00d2a4764819ebb
496683a0bddaf714314e6b88a5c2dffc193653708daac7e4011e3b587592afcc
5a7794b1ceeb0825425f7c99b6d3f00d2a4764819ebbd8f5122f4c6986a3c0dd
6b88a5c2dffc193653708daac7e4011e3b587592afcce90623405d7a97b4d1ee
7c99b6d3f00d2a4764819ebbd8f5122f4c6986a3c0ddfa1734516e8ba8c5e2ff
8daac7e4011e3b587592afcce90623405d7a97b4d1ee0b2845627f9cb9d6f310
9ebbd8f5122f4c6986a3c0ddfa1734516e8ba8c5e2ff1c39567390adcae70421
afcce90623405d7a97b4d1ee0b2845627f9cb9d6f3102d4a6784a1bedbf81532
c0ddfa1734516e8ba8c5e2ff1c39567390adcae704213e5b7895b2cfec092643
d1ee0b2845627f9cb9d6f3102d4a6784a1bedbf815324f6c89a6c3e0fd1a3754
e2ff1c39567390adcae704213e5b7895b2cfec092643607d9ab7d4f10e2b4865
f3102d4a6784a1bedbf815324f6c89a6c3e0fd1a3754718eabc8e5021f3c5976
04213e5b7895b2cfec092643607d9ab7d4f10e2b4865829fbcd9f613304d6a87
15324f6c89a6c3e0fd1a3754718eabc8e5021f3c597693b0cdea0724415e7b98
2643607d9ab7d4f10e2b4865829fbcd9f613304d6a87a4c1defb1835526f8ca9
3754718eabc8e5021f3c597693b0cdea0724415e7b98b5d2ef0c294663809dba
4865829fbcd9f613304d6a87a4c1defb1835526f8ca9c6e3001d3a577491aecb
597693b0cdea0724415e7b98b5d2ef0c294663809dbad7f4112e4b6885a2bfdc
6a87a4c1defb1835526f8ca9c6e3001d3a577491aecbe805223f5c7996b3d0ed
7b98b5d2ef0c294663809dbad7f4112e4b6885a2bfdcf91633506d8aa7c4e1fe
8ca9c6e3001d3a577491aecbe805223f5c7996b3d0ed0a2744617e9bb8d5f20f
9dbad7f4112e4b6885a2bfdcf91633506d8aa7c4e1fe1b3855728facc9e60320
aecbe805223f5c7996b3d0ed0a2744617e9bb8d5f20f2c496683a0bddaf71431
bfdcf91633506d8aa7c4e1fe1b3855728facc9e603203d5a7794b1ceeb082542
d0ed0a2744617e9bb8d5f20f2c496683a0bddaf714314e6b88a5c2dffc193653
e1fe1b3855728facc9e603203d5a7794b1ceeb0825425f7c99b6d3f00d2a4764
f20f2c496683a0bddaf714314e6b88a5c2dffc193653708daac7e4011e3b5875
03203d5a7794b1ceeb0825425f7c99b6d3f00d2a4764819ebbd8f5122f4c6986
14314e6b88a5c2dffc193653708daac7e4011e3b587592afcce90623405d7a97
25425f7c99b6d3f00d2a4764819ebbd8f5122f4c6986a3c0ddfa1734516e8ba8
3653708daac7e4011e3b587592afcce90623405d7a97b4d1ee0b2845627f9cb9
4764819ebbd8f5122f4c6986a3c0ddfa1734516e8ba8c5e2ff1c39567390adca
587592afcce90623405d7a97b4d1ee0b2845627f9cb9d6f3102d4a6784a1bedb
6986a3c0ddfa1734516e8ba8c5e2ff1c39567390adcae704213e5b7895b2cfec
7a97b4d1ee0b2845627f9cb9d6f3102d4a6784a1bedbf815324f6c89a6c3e0fd
8ba8c5e2ff1c39567390adcae704213e5b7895b2cfec092643607d9ab7d4f10e
9cb9d6f3102d4a6784a1bedbf815324f6c89a6c3e0fd1a3754718eabc8e5021f
adcae704213e5b7895b2cfec092643607d9ab7d4f10e2b4865829fbcd9f61330
bedbf815324f6c89a6c3e0fd1a3754718eabc8e5021f3c597693b0cdea072441
cfec092643607d9ab7d4f10e2b4865829fbcd9f613304d6a87a4c1defb183552
e0fd1a3754718eabc8e5021f3c597693b0cdea0724415e7b98b5d2ef0c294663
f10e2b4865829fbcd9f613304d6a87a4c1defb1835526f8ca9c6e3001d3a5774
021f3c597693b0cdea0724415e7b98b5d2ef0c294663809dbad7f4112e4b6885
13304d6a87a4c1defb1835526f8ca9c6e3001d3a577491aecbe805223f5c7996
24415e7b98b5d2ef0c294663809dbad7f4112e4b6885a2bfdcf91633506d8aa7
35526f8ca9c6e3001d3a577491aecbe805223f5c7996b3d0ed0a2744617e9bb8
4663809dbad7f4112e4b6885a2bfdcf91633506d8aa7c4e1fe1b3855728facc9
577491aecbe805223f5c7996b3d0ed0a2744617e9bb8d5f20f2c496683a0bdda
6885a2bfdcf91633506d8aa7c4e1fe1b3855728facc9e603203d5a7794b1ceeb
7996b3d0ed0a2744617e9bb8d5f20f2c496683a0bddaf714314e6b88a5c2dffc
8aa7c4e1fe1b3855728facc9e603203d5a7794b1ceeb0825425f7c99b6d3f00d
9bb8d5f20f2c496683a0bddaf714314e6b88a5c2dffc193653708daac7e4011e
acc9e603203d5a7794b1ceeb0825425f7c99b6d3f00d2a4764819ebbd8f5122f
bddaf714314e6b88a5c2dffc193653708daac7e4011e3b587592afcce9062340
ceeb0825425f7c99b6d3f00d2a4764819ebbd8f5122f4c6986a3c0ddfa173451
dffc193653708daac7e4011e3b587592afcce90623405d7a97b4d1ee0b284562
f00d2a4764819ebbd8f5122f4c6986a3c0ddfa1734516e8ba8c5e2ff1c395673
011e3b587592afcce90623405d7a97b4d1ee0b2845627f9cb9d6f3102d4a6784
122f4c6986a3c0ddfa1734516e8ba8c5e2ff1c39567390adcae704213e5b7895
23405d7a97b4d1ee0b2845627f9cb9d6f3102d4a6784a1bedbf815324f6c89a6
34516e8ba8c5e2ff1c39567390adcae704213e5b7895b2cfec092643607d9ab7
45627f9cb9d6f3102d4a6784a1bedbf815324f6c89a6c3e0fd1a3754718eabc8
567390adcae704213e5b7895b2cfec092643607d9ab7d4f10e2b4865829fbcd9
6784a1bedbf815324f6c89a6c3e0fd1a3754718eabc8e5021f3c597693b0cdea
7895b2cfec092643607d9ab7d4f10e2b4865829fbcd9f613304d6a87a4c1defb
89a6c3e0fd1a3754718eabc8e5021f3c597693b0cdea0724415e7b98b5d2ef0c
9ab7d4f10e2b4865829fbcd9f613304d6a87a4c1defb1835526f8ca9c6e3001d
abc8e5021f3c597693b0cdea0724415e7b98b5d2ef0c294663809dbad7f4112e
bcd9f613304d6a87a4c1defb1835526f8ca9c6e3001d3a577491aecbe805223f
cdea0724415e7b98b5d2ef0c294663809dbad7f4112e4b6885a2bfdcf9163350
defb1835526f8ca9c6e3001d3a577491aecbe805223f5c7996b3d0ed0a274461
ef0c294663809dbad7f4112e4b6885a2bfdcf91633506d8aa7c4e1fe1b385572
001d3a577491aecbe805223f5c7996b3d0ed0a2744617e9bb8d5f20f2c496683
112e4b6885a2bfdcf91633506d8aa7c4e1fe1b3855728facc9e603203d5a7794
223f5c7996b3d0ed0a2744617e9bb8d5f20f2c496683a0bddaf714314e6b88a5
33506d8aa7c4e1fe1b3855728facc9e603203d5a7794b1ceeb0825425f7c99b6
44617e9bb8d5f20f2c496683a0bddaf714314e6b88a5c2dffc193653708daac7
55728facc9e603203d5a7794b1ceeb0825425f7c99b6d3f00d2a4764819ebbd8
6683a0bddaf714314e6b88a5c2dffc193653708daac7e4011e3b587592afcce9
7794b1ceeb0825425f7c99b6d3f00d2a4764819ebbd8f5122f4c6986a3c0ddfa
88a5c2dffc193653708daac7e4011e3b587592afcce90623405d7a97b4d1ee0b
99b6d3f00d2a4764819ebbd8f5122f4c6986a3c0ddfa1734516e8ba8c5e2ff1c
aac7e4011e3b587592afcce90623405d7a97b4d1ee0b2845627f9cb9d6f3102d
bbd8f5122f4c6986a3c0ddfa1734516e8ba8c5e2ff1c39567390adcae704213e
cce90623405d7a97b4d1ee0b2845627f9cb9d6f3102d4a6784a1bedbf815324f
ddfa1734516e8ba8c5e2ff1c39567390adcae704213e5b7895b2cfec09264360
ee0b2845627f9cb9d6f3102d4a6784a1bedbf815324f6c89a6c3e0fd1a375471
ff1c39567390adcae704213e5b7895b2cfec092643607d9ab7d4f10e2b486582
102d4a6784a1bedbf815324f6c89a6c3e0fd1a3754718eabc8e5021f3c597693
213e5b7895b2cfec092643607d9ab7d4f10e2b4865829fbcd9f613304d6a87a4
324f6c89a6c3e0fd1a3754718eabc8e5021f3c597693b0cdea0724415e7b98b5
43607d9ab7d4f10e2b4865829fbcd9f613304d6a87a4c1defb1835526f8ca9c6
54718eabc8e5021f3c597693b0cdea0724415e7b98b5d2ef0c294663809dbad7
65829fbcd9f613304d6a87a4c1defb1835526f8ca9c6e3001d3a577491aecbe8
7693b0cdea0724415e7b98b5d2ef0c294663809dbad7f4112e4b6885a2bfdcf9
87a4c1defb1835526f8ca9c6e3001d3a577491aecbe805223f5c7996b3d0ed0a
98b5d2ef0c294663809dbad7f4112e4b6885a2bfdcf91633506d8aa7c4e1fe1b
a9c6e3001d3a577491aecbe805223f5c7996b3d0ed0a2744617e9bb8d5f20f2c
bad7f4112e4b6885a2bfdcf91633506d8aa7c4e1fe1b3855728facc9e603203d
cbe805223f5c7996b3d0ed0a2744617e9bb8d5f20f2c496683a0bddaf714314e
dcf91633506d8aa7c4e1fe1b3855728facc9e603203d5a7794b1ceeb0825425f
ed0a2744617e9bb8d5f20f2c496683a0bddaf714314e6b88a5c2dffc19365370
fe1b3855728facc9e603203d5a7794b1ceeb0825425f7c99b6d3f00d2a476481
0f2c496683a0bddaf714314e6b88a5c2dffc193653708daac7e4011e3b587592
203d5a7794b1ceeb0825425f7c99b6d3f00d2a4764819ebbd8f5122f4c6986a3
314e6b88a5c2dffc193653708daac7e4011e3b587592afcce90623405d7a97b4
425f7c99b6d3f00d2a4764819ebbd8f5122f4c6986a3c0ddfa1734516e8ba8c5
53708daac7e4011e3b587592afcce90623405d7a97b4d1ee0b2845627f9cb9d6
64819ebbd8f5122f4c6986a3c0ddfa1734516e8ba8c5e2ff1c39567390adcae7
7592afcce90623405d7a97b4d1ee0b2845627f9cb9d6f3102d4a6784a1bedbf8
86a3c0ddfa1734516e8ba8c5e2ff1c39567390adcae704213e5b7895b2cfec09
97b4d1ee0b2845627f9cb9d6f3102d4a6784a1bedbf815324f6c89a6c3e0fd1a
a8c5e2ff1c39567390adcae704213e5b7895b2cfec092643607d9ab7d4f10e2b
b9d6f3102d4a6784a1bedbf815324f6c89a6c3e0fd1a3754718eabc8e5021f3c
cae704213e5b7895b2cfec092643607d9ab7d4f10e2b4865829fbcd9f613304d
dbf815324f6c89a6c3e0fd1a3754718eabc8e5021f3c597693b0cdea0724415e
ec092643607d9ab7d4f10e2b4865829fbcd9f613304d6a87a4c1defb1835526f
fd1a3754718eabc8e5021f3c597693b0cdea0724415e7b98b5d2ef0c29466380
0e2b4865829fbcd9f613304d6a87a4c1defb1835526f8ca9c6e3001d3a577491
1f3c597693b0cdea0724415e7b98b5d2ef0c294663809dbad7f4112e4b6885a2
304d6a87a4c1defb1835526f8ca9c6e3001d3a577491aecbe805223f5c7996b3
415e7b98b5d2ef0c294663809dbad7f4112e4b6885a2bfdcf91633506d8aa7c4
526f8ca9c6e3001d3a577491aecbe805223f5c7996b3d0ed0a2744617e9bb8d5
63809dbad7f4112e4b6885a2bfdcf91633506d8aa7c4e1fe1b3855728facc9e6
7491aecbe805223f5c7996b3d0ed0a2744617e9bb8d5f20f2c496683a0bddaf7
85a2bfdcf91633506d8aa7c4e1fe1b3855728facc9e603203d5a7794b1ceeb08
96b3d0ed0a2744617e9bb8d5f20f2c496683a0bddaf714314e6b88a5c2dffc19
a7c4e1fe1b3855728facc9e603203d5a7794b1ceeb0825425f7c99b6d3f00d2a
b8d5f20f2c496683a0bddaf714314e6b88a5c2dffc193653708daac7e4011e3b
c9e603203d5a7794b1ceeb0825425f7c99b6d3f00d2a4764819ebbd8f5122f4c
daf714314e6b88a5c2dffc193653708daac7e4011e3b587592afcce90623405d
eb0825425f7c99b6d3f00d2a4764819ebbd8f5122f4c6986a3c0ddfa1734516e
fc193653708daac7e4011e3b587592afcce90623405d7a97b4d1ee0b2845627f
0d2a4764819ebbd8f5122f4c6986a3c0ddfa1734516e8ba8c5e2ff1c39567390
1e3b587592afcce90623405d7a97b4d1ee0b2845627f9cb9d6f3102d4a6784a1
2f4c6986a3c0ddfa1734516e8ba8c5e2ff1c39567390adcae704213e5b7895b2
405d7a97b4d1ee0b2845627f9cb9d6f3102d4a6784a1bedbf815324f6c89a6c3
516e8ba8c5e2ff1c39567390adcae704213e5b7895b2cfec092643607d9ab7d4
627f9cb9d6f3102d4a6784a1bedbf815324f6c89a6c3e0fd1a3754718eabc8e5
7390adcae704213e5b7895b2cfec092643607d9ab7d4f10e2b4865829fbcd9f6
84a1bedbf815324f6c89a6c3e0fd1a3754718eabc8e5021f3c597693b0cdea07
95b2cfec092643607d9ab7d4f10e2b4865829fbcd9f613304d6a87a4c1defb18
a6c3e0fd1a3754718eabc8e5021f3c597693b0cdea0724415e7b98b5d2ef0c29
b7d4f10e2b4865829fbcd9f613304d6a87a4c1defb1835526f8ca9c6e3001d3a
c8e5021f3c597693b0cdea0724415e7b98b5d2ef0c294663809dbad7f4112e4b
d9f613304d6a87a4c1defb1835526f8ca9c6e3001d3a577491aecbe805223f5c
ea0724415e7b98b5d2ef0c294663809dbad7f4112e4b6885a2bfdcf91633506d
fb1835526f8ca9c6e3001d3a577491aecbe805223f5c7996b3d0ed0a2744617e
0c294663809dbad7f4112e4b6885a2bfdcf91633506d8aa7c4e1fe1b3855728f
1d3a577491aecbe805223f5c7996b3d0ed0a2744617e9bb8d5f20f2c496683a0
2e4b6885a2bfdcf91633506d8aa7c4e1fe1b3855728facc9e603203d5a7794b1
3f5c7996b3d0ed0a2744617e9bb8d5f20f2c496683a0bddaf714314e6b88a5c2
506d8aa7c4e1fe1b3855728facc9e603203d5a7794b1ceeb0825425f7c99b6d3
617e9bb8d5f20f2c496683a0bddaf714314e6b88a5c2dffc193653708daac7e4
728facc9e603203d5a7794b1ceeb0825425f7c99b6d3f00d2a4764819ebbd8f5
83a0bddaf714314e6b88a5c2dffc193653708daac7e4011e3b587592afcce906
94b1ceeb0825425f7c99b6d3f00d2a4764819ebbd8f5122f4c6986a3c0ddfa17
a5c2dffc193653708daac7e4011e3b587592afcce90623405d7a97b4d1ee0b28
b6d3f00d2a4764819ebbd8f5122f4c6986a3c0ddfa1734516e8ba8c5e2ff1c39
c7e4011e3b587592afcce90623405d7a97b4d1ee0b2845627f9cb9d6f3102d4a
d8f5122f4c6986a3c0ddfa1734516e8ba8c5e2ff1c39567390adcae704213e5b
e90623405d7a97b4d1ee0b2845627f9cb9d6f3102d4a6784a1bedbf815324f6c
fa1734516e8ba8c5e2ff1c39567390adcae704213e5b7895b2cfec092643607d
0b2845627f9cb9d6f3102d4a6784a1bedbf815324f6c89a6c3e0fd1a3754718e
1c39567390adcae704213e5b7895b2cfec092643607d9ab7d4f10e2b4865829f
2d4a6784a1bedbf815324f6c89a6c3e0fd1a3754718eabc8e5021f3c597693b0
3e5b7895b2cfec092643607d9ab7d4f10e2b4865829fbcd9f613304d6a87a4c1
4f6c89a6c3e0fd1a3754718eabc8e5021f3c597693b0cdea0724415e7b98b5d2
607d9ab7d4f10e2b4865829fbcd9f613304d6a87a4c1defb1835526f8ca9c6e3
718eabc8e5021f3c597693b0cdea0724415e7b98b5d2ef0c294663809dbad7f4
829fbcd9f613304d6a87a4c1defb1835526f8ca9c6e3001d3a577491aecbe805
93b0cdea0724415e7b98b5d2ef0c294663809dbad7f4112e4b6885a2bfdcf916
a4c1defb1835526f8ca9c6e3001d3a577491aecbe805223f5c7996b3d0ed0a27
b5d2ef0c294663809dbad7f4112e4b6885a2bfdcf91633506d8aa7c4e1fe1b38
c6e3001d3a577491aecbe805223f5c7996b3d0ed0a2744617e9bb8d5f20f2c49
d7f4112e4b6885a2bfdcf91633506d8aa7c4e1fe1b3855728facc9e603203d5a
e805223f5c7996b3d0ed0a2744617e9bb8d5f20f2c496683a0bddaf714314e6b
f91633506d8aa7c4e1fe1b3855728facc9e603203d5a7794b1ceeb0825425f7c
0a2744617e9bb8d5f20f2c496683a0bddaf714314e6b88a5c2dffc193653708d
1b3855728facc9e603203d5a7794b1ceeb0825425f7c99b6d3f00d2a4764819e
2c496683a0bddaf714314e6b88a5c2dffc193653708daac7e4011e3b587592af
3d5a7794b1ceeb0825425f7c99b6d3f00d2a4764819ebbd8f5122f4c6986a3c0
4e6b88a5c2dffc193653708daac7e4011e3b587592afcce90623405d7a97b4d1
5f7c99b6d3f00d2a4764819ebbd8f5122f4c6986a3c0ddfa1734516e8ba8c5e2
708daac7e4011e3b587592afcce90623405d7a97b4d1ee0b2845627f9cb9d6f3
819ebbd8f5122f4c6986a3c0ddfa1734516e8ba8c5e2ff1c39567390adcae704
92afcce90623405d7a97b4d1ee0b2845627f9cb9d6f3102d4a6784a1bedbf815
a3c0ddfa1734516e8ba8c5e2ff1c39567390adcae704213e5b7895b2cfec0926
b4d1ee0b2845627f9cb9d6f3102d4a6784a1bedbf815324f6c89a6c3e0fd1a37
c5e2ff1c39567390adcae704213e5b7895b2cfec092643607d9ab7d4f10e2b48
d6f3102d4a6784a1bedbf815324f6c89a6c3e0fd1a3754718eabc8e5021f3c59
e704213e5b7895b2cfec092643607d9ab7d4f10e2b4865829fbcd9f613304d6a
f815324f6c89a6c3e0fd1a3754718eabc8e5021f3c597693b0cdea0724415e7b
092643607d9ab7d4f10e2b4865829fbcd9f613304d6a87a4c1defb1835526f8c
1a3754718eabc8e5021f3c597693b0cdea0724415e7b98b5d2ef0c294663809d
2b4865829fbcd9f613304d6a87a4c1defb1835526f8ca9c6e3001d3a577491ae
3c597693b0cdea0724415e7b98b5d2ef0c294663809dbad7f4112e4b6885a2bf
4d6a87a4c1defb1835526f8ca9c6e3001d3a577491aecbe805223f5c7996b3d0
5e7b98b5d2ef0c294663809dbad7f4112e4b6885a2bfdcf91633506d8aa7c4e1
6f8ca9c6e3001d3a577491aecbe805223f5c7996b3d0ed0a2744617e9bb8d5f2
809dbad7f4112e4b6885a2bfdcf91633506d8aa7c4e1fe1b3855728facc9e603
91aecbe805223f5c7996b3d0ed0a2744617e9bb8d5f20f2c496683a0bddaf714
a2bfdcf91633506d8aa7c4e1fe1b3855728facc9e603203d5a7794b1ceeb0825
b3d0ed0a2744617e9bb8d5f20f2c496683a0bddaf714314e6b88a5c2dffc1936
c4e1fe1b3855728facc9e603203d5a7794b1ceeb0825425f7c99b6d3f00d2a47
d5f20f2c496683a0bddaf714314e6b88a5c2dffc193653708daac7e4011e3b58
e603203d5a7794b1ceeb0825425f7c99b6d3f00d2a4764819ebbd8f5122f4c69
f714314e6b88a5c2dffc193653708daac7e4011e3b587592afcce90623405d7a
0825425f7c99b6d3f00d2a4764819ebbd8f5122f4c6986a3c0ddfa1734516e8b
193653708daac7e4011e3b587592afcce90623405d7a97b4d1ee0b2845627f9c
2a4764819ebbd8f5122f4c6986a3c0ddfa1734516e8ba8c5e2ff1c39567390ad
3b587592afcce90623405d7a97b4d1ee0b2845627f9cb9d6f3102d4a6784a1be
4c6986a3c0ddfa1734516e8ba8c5e2ff1c39567390adcae704213e5b7895b2cf
5d7a97b4d1ee0b2845627f9cb9d6f3102d4a6784a1bedbf815324f6c89a6c3e0
6e8ba8c5e2ff1c39567390adcae704213e5b7895b2cfec092643607d9ab7d4f1
7f9cb9d6f3102d4a6784a1bedbf815324f6c89a6c3e0fd1a3754718eabc8e502
90adcae704213e5b7895b2cfec092643607d9ab7d4f10e2b4865829fbcd9f613
a1bedbf815324f6c89a6c3e0fd1a3754718eabc8e5021f3c597693b0cdea0724
b2cfec092643607d9ab7d4f10e2b4865829fbcd9f613304d6a87a4c1defb1835
c3e0fd1a3754718eabc8e5021f3c597693b0cdea0724415e7b98b5d2ef0c2946
d4f10e2b4865829fbcd9f613304d6a87a4c1defb1835526f8ca9c6e3001d3a57
e5021f3c597693b0cdea0724415e7b98b5d2ef0c294663809dbad7f4112e4b68
f613304d6a87a4c1defb1835526f8ca9c6e3001d3a577491aecbe805223f5c79
0724415e7b98b5d2ef0c294663809dbad7f4112e4b6885a2bfdcf91633506d8a
1835526f8ca9c6e3001d3a577491aecbe805223f5c7996b3d0ed0a2744617e9b
294663809dbad7f4112e4b6885a2bfdcf91633506d8aa7c4e1fe1b3855728fac
3a577491aecbe805223f5c7996b3d0ed0a2744617e9bb8d5f20f2c496683a0bd
4b6885a2bfdcf91633506d8aa7c4e1fe1b3855728facc9e603203d5a7794b1ce
5c7996b3d0ed0a2744617e9bb8d5f20f2c496683a0bddaf714314e6b88a5c2df
6d8aa7c4e1fe1b3855728facc9e603203d5a7794b1ceeb0825425f7c99b6d3f0
7e9bb8d5f20f2c496683a0bddaf714314e6b88a5c2dffc193653708daac7e401
8facc9e603203d5a7794b1ceeb0825425f7c99b6d3f00d2a4764819ebbd8f512
a0bddaf714314e6b88a5c2dffc193653708daac7e4011e3b587592afcce90623
b1ceeb0825425f7c99b6d3f00d2a4764819ebbd8f5122f4c6986a3c0ddfa1734
c2dffc193653708daac7e4011e3b587592afcce90623405d7a97b4d1ee0b2845
d3f00d2a4764819ebbd8f5122f4c6986a3c0ddfa1734516e8ba8c5e2ff1c3956
e4011e3b587592afcce90623405d7a97b4d1ee0b2845627f9cb9d6f3102d4a67
f5122f4c6986a3c0ddfa1734516e8ba8c5e2ff1c39567390adcae704213e5b78
0623405d7a97b4d1ee0b2845627f9cb9d6f3102d4a6784a1bedbf815324f6c89
1734516e8ba8c5e2ff1c39567390adcae704213e5b7895b2cfec092643607d9a
2845627f9cb9d6f3102d4a6784a1bedbf815324f6c89a6c3e0fd1a3754718eab
39567390adcae704213e5b7895b2cfec092643607d9ab7d4f10e2b4865829fbc
4a6784a1bedbf815324f6c89a6c3e0fd1a3754718eabc8e5021f3c597693b0cd
5b7895b2cfec092643607d9ab7d4f10e2b4865829fbcd9f613304d6a87a4c1de
6c89a6c3e0fd1a3754718eabc8e5021f3c597693b0cdea0724415e7b98b5d2ef
7d9ab7d4f10e2b4865829fbcd9f613304d6a87a4c1defb1835526f8ca9c6e300
8eabc8e5021f3c597693b0cdea0724415e7b98b5d2ef0c294663809dbad7f411
9fbcd9f613304d6a87a4c1defb1835526f8ca9c6e3001d3a577491aecbe80522
b0cdea0724415e7b98b5d2ef0c294663809dbad7f4112e4b6885a2bfdcf91633
c1defb1835526f8ca9c6e3001d3a577491aecbe805223f5c7996b3d0ed0a2744
d2ef0c294663809dbad7f4112e4b6885a2bfdcf91633506d8aa7c4e1fe1b3855
e3001d3a577491aecbe805223f5c7996b3d0ed0a2744617e9bb8d5f20f2c4966
f4112e4b6885a2bfdcf91633506d8aa7c4e1fe1b3855728facc9e603203d5a77
05223f5c7996b3d0ed0a2744617e9bb8d5f20f2c496683a0bddaf714314e6b88
1633506d8aa7c4e1fe1b3855728facc9e603203d5a7794b1ceeb0825425f7c99
2744617e9bb8d5f20f2c496683a0bddaf714314e6b88a5c2dffc193653708daa
3855728facc9e603203d5a7794b1ceeb0825425f7c99b6d3f00d2a4764819ebb
496683a0bddaf714314e6b88a5c2dffc193653708daac7e4011e3b587592afcc
5a7794b1ceeb0825425f7c99b6d3f00d2a4764819ebbd8f5122f4c6986a3c0dd
6b88a5c2dffc193653708daac7e4011e3b587592afcce90623405d7a97b4d1ee
7c99b6d3f00d2a4764819ebbd8f5122f4c6986a3c0ddfa1734516e8ba8c5e2ff
8daac7e4011e3b587592afcce90623405d7a97b4d1ee0b2845627f9cb9d6f310
9ebbd8f5122f4c6986a3c0ddfa1734516e8ba8c5e2ff1c39567390adcae70421
afcce90623405d7a97b4d1ee0b2845627f9cb9d6f3102d4a6784a1bedbf81532
c0ddfa1734516e8ba8c5e2ff1c39567390adcae704213e5b7895b2cfec092643
d1ee0b2845627f9cb9d6f3102d4a6784a1bedbf815324f6c89a6c3e0fd1a3754
e2ff1c39567390adcae704213e5b7895b2cfec092643607d9ab7d4f10e2b4865
f3102d4a6784a1bedbf815324f6c89a6c3e0fd1a3754718eabc8e5021f3c5976
04213e5b7895b2cfec092643607d9ab7d4f10e2b4865829fbcd9f613304d6a87
15324f6c89a6c3e0fd1a3754718eabc8e5021f3c597693b0cdea0724415e7b98
2643607d9ab7d4f10e2b4865829fbcd9f613304d6a87a4c1defb1835526f8ca9
3754718eabc8e5021f3c597693b0cdea0724415e7b98b5d2ef0c294663809dba
4865829fbcd9f613304d6a87a4c1defb1835526f8ca9c6e3001d3a577491aecb
597693b0cdea0724415e7b98b5d2ef0c294663809dbad7f4112e4b6885a2bfdc
6a87a4c1defb1835526f8ca9c6e3001d3a577491aecbe805223f5c7996b3d0ed
7b98b5d2ef0c294663809dbad7f4112e4b6885a2bfdcf91633506d8aa7c4e1fe
8ca9c6e3001d3a577491aecbe805223f5c7996b3d0ed0a2744617e9bb8d5f20f
9dbad7f4112e4b6885a2bfdcf91633506d8aa7c4e1fe1b3855728facc9e60320
aecbe805223f5c7996b3d0ed0a2744617e9bb8d5f20f2c496683a0bddaf71431
bfdcf91633506d8aa7c4e1fe1b3855728facc9e603203d5a7794b1ceeb082542
d0ed0a2744617e9bb8d5f20f2c496683a0bddaf714314e6b88a5c2dffc193653
e1fe1b3855728facc9e603203d5a7794b1ceeb0825425f7c99b6d3f00d2a4764
f20f2c496683a0bddaf714314e6b88a5c2dffc193653708daac7e4011e3b5875
03203d5a7794b1ceeb0825425f7c99b6d3f00d2a4764819ebbd8f5122f4c6986
14314e6b88a5c2dffc193653708daac7e4011e3b587592afcce90623405d7a97
25425f7c99b6d3f00d2a4764819ebbd8f5122f4c6986a3c0ddfa1734516e8ba8
3653708daac7e4011e3b587592afcce90623405d7a97b4d1ee0b2845627f9cb9
4764819ebbd8f5122f4c6986a3c0ddfa1734516e8ba8c5e2ff1c39567390adca
587592afcce90623405d7a97b4d1ee0b2845627f9cb9d6f3102d4a6784a1bedb
6986a3c0ddfa1734516e8ba8c5e2ff1c39567390adcae704213e5b7895b2cfec
7a97b4d1ee0b2845627f9cb9d6f3102d4a6784a1bedbf815324f6c89a6c3e0fd
8ba8c5e2ff1c39567390adcae704213e5b7895b2cfec092643607d9ab7d4f10e
9cb9d6f3102d4a6784a1bedbf815324f6c89a6c3e0fd1a3754718eabc8e5021f
adcae704213e5b7895b2cfec092643607d9ab7d4f10e2b4865829fbcd9f61330
bedbf815324f6c89a6c3e0fd1a3754718eabc8e5021f3c597693b0cdea072441
cfec092643607d9ab7d4f10e2b4865829fbcd9f613304d6a87a4c1defb183552
e0fd1a3754718eabc8e5021f3c597693b0cdea0724415e7b98b5d2ef0c294663
f10e2b4865829fbcd9f613304d6a87a4c1defb1835526f8ca9c6e3001d3a5774
021f3c597693b0cdea0724415e7b98b5d2ef0c294663809dbad7f4112e4b6885
13304d6a87a4c1defb1835526f8ca9c6e3001d3a577491aecbe805223f5c7996
24415e7b98b5d2ef0c294663809dbad7f4112e4b6885a2bfdcf91633506d8aa7
35526f8ca9c6e3001d3a577491aecbe805223f5c7996b3d0ed0a2744617e9bb8
4663809dbad7f4112e4b6885a2bfdcf91633506d8aa7c4e1fe1b3855728facc9
577491aecbe805223f5c7996b3d0ed0a2744617e9bb8d5f20f2c496683a0bdda
6885a2bfdcf91633506d8aa7c4e1fe1b3855728facc9e603203d5a7794b1ceeb
7996b3d0ed0a2744617e9bb8d5f20f2c496683a0bddaf714314e6b88a5c2dffc
8aa7c4e1fe1b3855728facc9e603203d5a7794b1ceeb0825425f7c99b6d3f00d
9bb8d5f20f2c496683a0bddaf714314e6b88a5c2dffc193653708daac7e4011e
acc9e603203d5a7794b1ceeb0825425f7c99b6d3f00d2a4764819ebbd8f5122f
bddaf714314e6b88a5c2dffc193653708daac7e4011e3b587592afcce9062340
ceeb0825425f7c99b6d3f00d2a4764819ebbd8f5122f4c6986a3c0ddfa173451
dffc193653708daac7e4011e3b587592afcce90623405d7a97b4d1ee0b284562
f00d2a4764819ebbd8f5122f4c6986a3c0ddfa1734516e8ba8c5e2ff1c395673
011e3b587592afcce90623405d7a97b4d1ee0b2845627f9cb9d6f3102d4a6784
122f4c6986a3c0ddfa1734516e8ba8c5e2ff1c39567390adcae704213e5b7895
23405d7a97b4d1ee0b2845627f9cb9d6f3102d4a6784a1bedbf815324f6c89a6
34516e8ba8c5e2ff1c39567390adcae704213e5b7895b2cfec092643607d9ab7
45627f9cb9d6f3102d4a6784a1bedbf815324f6c89a6c3e0fd1a3754718eabc8
567390adcae704213e5b7895b2cfec092643607d9ab7d4f10e2b4865829fbcd9
6784a1bedbf815324f6c89a6c3e0fd1a3754718eabc8e5021f3c597693b0cdea
7895b2cfec092643607d9ab7d4f10e2b4865829fbcd9f613304d6a87a4c1defb
89a6c3e0fd1a3754718eabc8e5021f3c597693b0cdea0724415e7b98b5d2ef0c
9ab7d4f10e2b4865829fbcd9f613304d6a87a4c1defb1835526f8ca9c6e3001d
abc8e5021f3c597693b0cdea0724415e7b98b5d2ef0c294663809dbad7f4112e
bcd9f613304d6a87a4c1defb1835526f8ca9c6e3001d3a577491aecbe805223f
cdea0724415e7b98b5d2ef0c294663809dbad7f4112e4b6885a2bfdcf9163350
defb1835526f8ca9c6e3001d3a577491aecbe805223f5c7996b3d0ed0a274461
ef0c294663809dbad7f4112e4b6885a2bfdcf91633506d8aa7c4e1fe1b385572
001d3a577491aecbe805223f5c7996b3d0ed0a2744617e9bb8d5f20f2c496683
112e4b6885a2bfdcf91633506d8aa7c4e1fe1b3855728facc9e603203d5a7794
223f5c7996b3d0ed0a2744617e9bb8d5f20f2c496683a0bddaf714314e6b88a5
33506d8aa7c4e1fe1b3855728facc9e603203d5a7794b1ceeb0825425f7c99b6
44617e9bb8d5f20f2c496683a0bddaf714314e6b88a5c2dffc193653708daac7
55728facc9e603203d5a7794b1ceeb0825425f7c99b6d3f00d2a4764819ebbd8
6683a0bddaf714314e6b88a5c2dffc193653708daac7e4011e3b587592afcce9
7794b1ceeb0825425f7c99b6d3f00d2a4764819ebbd8f5122f4c6986a3c0ddfa
88a5c2dffc193653708daac7e4011e3b587592afcce90623405d7a97b4d1ee0b
99b6d3f00d2a4764819ebbd8f5122f4c6986a3c0ddfa1734516e8ba8c5e2ff1c
aac7e4011e3b587592afcce90623405d7a97b4d1ee0b2845627f9cb9d6f3102d
bbd8f5122f4c6986a3c0ddfa1734516e8ba8c5e2ff1c39567390adcae704213e
cce90623405d7a97b4d1ee0b2845627f9cb9d6f3102d4a6784a1bedbf815324f
ddfa1734516e8ba8c5e2ff1c39567390adcae704213e5b7895b2cfec09264360
ee0b2845627f9cb9d6f3102d4a6784a1bedbf815324f6c89a6c3e0fd1a375471
ff1c39567390adcae704213e5b7895b2cfec092643607d9ab7d4f10e2b486582
102d4a6784a1bedbf815324f6c89a6c3e0fd1a3754718eabc8e5021f3c597693
213e5b7895b2cfec092643607d9ab7d4f10e2b4865829fbcd9f613304d6a87a4
324f6c89a6c3e0fd1a3754718eabc8e5021f3c597693b0cdea0724415e7b98b5
43607d9ab7d4f10e2b4865829fbcd9f613304d6a87a4c1defb1835526f8ca9c6
54718eabc8e5021f3c597693b0cdea0724415e7b98b5d2ef0c294663809dbad7
65829fbcd9f613304d6a87a4c1defb1835526f8ca9c6e3001d3a577491aecbe8
7693b0cdea0724415e7b98b5d2ef0c294663809dbad7f4112e4b6885a2bfdcf9
87a4c1defb1835526f8ca9c6e3001d3a577491aecbe805223f5c7996b3d0ed0a
98b5d2ef0c294663809dbad7f4112e4b6885a2bfdcf91633506d8aa7c4e1fe1b
a9c6e3001d3a577491aecbe805223f5c7996b3d0ed0a2744617e9bb8d5f20f2c
bad7f4112e4b6885a2bfdcf91633506d8aa7c4e1fe1b3855728facc9e603203d
cbe805223f5c7996b3d0ed0a2744617e9bb8d5f20f2c496683a0bddaf714314e
dcf91633506d8aa7c4e1fe1b3855728facc9e603203d5a7794b1ceeb0825425f
ed0a2744617e9bb8d5f20f2c496683a0bddaf714314e6b88a5c2dffc19365370
fe1b3855728facc9e603203d5a7794b1ceeb0825425f7c99b6d3f00d2a476481
0f2c496683a0bddaf714314e6b88a5c2dffc193653708daac7e4011e3b587592
203d5a7794b1ceeb0825425f7c99b6d3f00d2a4764819ebbd8f5122f4c6986a3
314e6b88a5c2dffc193653708daac7e4011e3b587592afcce90623405d7a97b4
425f7c99b6d3f00d2a4764819ebbd8f5122f4c6986a3c0ddfa1734516e8ba8c5
53708daac7e4011e3b587592afcce90623405d7a97b4d1ee0b2845627f9cb9d6
64819ebbd8f5122f4c6986a3c0ddfa1734516e8ba8c5e2ff1c39567390adcae7
7592afcce90623405d7a97b4d1ee0b2845627f9cb9d6f3102d4a6784a1bedbf8
86a3c0ddfa1734516e8ba8c5e2ff1c39567390adcae704213e5b7895b2cfec09
97b4d1ee0b2845627f9cb9d6f3102d4a6784a1bedbf815324f6c89a6c3e0fd1a
a8c5e2ff1c39567390adcae704213e5b7895b2cfec092643607d9ab7d4f10e2b
b9d6f3102d4a6784a1bedbf815324f6c89a6c3e0fd1a3754718eabc8e5021f3c
cae704213e5b7895b2cfec092643607d9ab7d4f10e2b4865829fbcd9f613304d
dbf815324f6c89a6c3e0fd1a3754718eabc8e5021f3c597693b0cdea0724415e
ec092643607d9ab7d4f10e2b4865829fbcd9f613304d6a87a4c1defb1835526f
fd1a3754718eabc8e5021f3c597693b0cdea0724415e7b98b5d2ef0c29466380
0e2b4865829fbcd9f613304d6a87a4c1defb1835526f8ca9c6e3001d3a577491
1f3c597693b0cdea0724415e7b98b5d2ef0c294663809dbad7f4112e4b6885a2
304d6a87a4c1defb1835526f8ca9c6e3001d3a577491aecbe805223f5c7996b3
415e7b98b5d2ef0c294663809dbad7f4112e4b6885a2bfdcf91633506d8aa7c4
526f8ca9c6e3001d3a577491aecbe805223f5c7996b3d0ed0a2744617e9bb8d5
63809dbad7f4112e4b6885a2bfdcf91633506d8aa7c4e1fe1b3855728facc9e6
7491aecbe805223f5c7996b3d0ed0a2744617e9bb8d5f20f2c496683a0bddaf7
85a2bfdcf91633506d8aa7c4e1fe1b3855728facc9e603203d5a7794b1ceeb08
96b3d0ed0a2744617e9bb8d5f20f2c496683a0bddaf714314e6b88a5c2dffc19
a7c4e1fe1b3855728facc9e603203d5a7794b1ceeb0825425f7c99b6d3f00d2a
b8d5f20f2c496683a0bddaf714314e6b88a5c2dffc193653708daac7e4011e3b
c9e603203d5a7794b1ceeb0825425f7c99b6d3f00d2a4764819ebbd8f5122f4c
daf714314e6b88a5c2dffc193653708daac7e4011e3b587592afcce90623405d
eb0825425f7c99b6d3f00d2a4764819ebbd8f5122f4c6986a3c0ddfa1734516e
fc193653708daac7e4011e3b587592afcce90623405d7a97b4d1ee0b2845627f
0d2a4764819ebbd8f5122f4c6986a3c0ddfa1734516e8ba8c5e2ff1c39567390
1e3b587592afcce90623405d7a97b4d1ee0b2845627f9cb9d6f3102d4a6784a1
2f4c6986a3c0ddfa1734516e8ba8c5e2ff1c39567390adcae704213e5b7895b2
405d7a97b4d1ee0b2845627f9cb9d6f3102d4a6784a1bedbf815324f6c89a6c3
516e8ba8c5e2ff1c39567390adcae704213e5b7895b2cfec092643607d9ab7d4
627f9cb9d6f3102d4a6784a1bedbf815324f6c89a6c3e0fd1a3754718eabc8e5
7390adcae704213e5b7895b2cfec092643607d9ab7d4f10e2b4865829fbcd9f6
84a1bedbf815324f6c89a6c3e0fd1a3754718eabc8e5021f3c597693b0cdea07
95b2cfec092643607d9ab7d4f10e2b4865829fbcd9f613304d6a87a4c1defb18
a6c3e0fd1a3754718eabc8e5021f3c597693b0cdea0724415e7b98b5d2ef0c29
b7d4f10e2b4865829fbcd9f613304d6a87a4c1defb1835526f8ca9c6e3001d3a
c8e5021f3c597693b0cdea0724415e7b98b5d2ef0c294663809dbad7f4112e4b
d9f613304d6a87a4c1defb1835526f8ca9c6e3001d3a577491aecbe805223f5c
ea0724415e7b98b5d2ef0c294663809dbad7f4112e4b6885a2bfdcf91633506d
fb1835526f8ca9c6e3001d3a577491aecbe805223f5c7996b3d0ed0a2744617e
0c294663809dbad7f4112e4b6885a2bfdcf91633506d8aa7c4e1fe1b3855728f
1d3a577491aecbe805223f5c7996b3d0ed0a2744617e9bb8d5f20f2c496683a0
2e4b6885a2bfdcf91633506d8aa7c4e1fe1b3855728facc9e603203d5a7794b1
3f5c7996b3d0ed0a2744617e9bb8d5f20f2c496683a0bddaf714314e6b88a5c2
506d8aa7c4e1fe1b3855728facc9e603203d5a7794b1ceeb0825425f7c99b6d3
617e9bb8d5f20f2c496683a0bddaf714314e6b88a5c2dffc193653708daac7e4
728facc9e603203d5a7794b1ceeb0825425f7c99b6d3f00d2a4764819ebbd8f5
83a0bddaf714314e6b88a5c2dffc193653708daac7e4011e3b587592afcce906
94b1ceeb0825425f7c99b6d3f00d2a4764819ebbd8f5122f4c6986a3c0ddfa17
a5c2dffc193653708daac7e4011e3b587592afcce90623405d7a97b4d1ee0b28
b6d3f00d2a4764819ebbd8f5122f4c6986a3c0ddfa1734516e8ba8c5e2ff1c39
c7e4011e3b587592afcce90623405d7a97b4d1ee0b2845627f9cb9d6f3102d4a
d8f5122f4c6986a3c0ddfa1734516e8ba8c5e2ff1c39567390adcae704213e5b
e90623405d7a97b4d1ee0b2845627f9cb9d6f3102d4a6784a1bedbf815324f6c
fa1734516e8ba8c5e2ff1c39567390adcae704213e5b7895b2cfec092643607d
0b2845627f9cb9d6f3102d4a6784a1bedbf815324f6c89a6c3e0fd1a3754718e
1c39567390adcae704213e5b7895b2cfec092643607d9ab7d4f10e2b4865829f
2d4a6784a1bedbf815324f6c89a6c3e0fd1a3754718eabc8e5021f3c597693b0
3e5b7895b2cfec092643607d9ab7d4f10e2b4865829fbcd9f613304d6a87a4c1
4f6c89a6c3e0fd1a3754718eabc8e5021f3c597693b0cdea0724415e7b98b5d2
607d9ab7d4f10e2b4865829fbcd9f613304d6a87a4c1defb1835526f8ca9c6e3
718eabc8e5021f3c597693b0cdea0724415e7b98b5d2ef0c294663809dbad7f4
829fbcd9f613304d6a87a4c1defb1835526f8ca9c6e3001d3a577491aecbe805
93b0cdea0724415e7b98b5d2ef0c294663809dbad7f4112e4b6885a2bfdcf916
a4c1defb1835526f8ca9c6e3001d3a577491aecbe805223f5c7996b3d0ed0a27
b5d2ef0c294663809dbad7f4112e4b6885a2bfdcf91633506d8aa7c4e1fe1b38
c6e3001d3a577491aecbe805223f5c7996b3d0ed0a2744617e9bb8d5f20f2c49
d7f4112e4b6885a2bfdcf91633506d8aa7c4e1fe1b3855728facc9e603203d5a
e805223f5c7996b3d0ed0a2744617e9bb8d5f20f2c496683a0bddaf714314e6b
f91633506d8aa7c4e1fe1b3855728facc9e603203d5a7794b1ceeb0825425f7c
0a2744617e9bb8d5f20f2c496683a0bddaf714314e6b88a5c2dffc193653708d
1b3855728facc9e603203d5a7794b1ceeb0825425f7c99b6d3f00d2a4764819e
2c496683a0bddaf714314e6b88a5c2dffc193653708daac7e4011e3b587592af
3d5a7794b1ceeb0825425f7c99b6d3f00d2a4764819ebbd8f5122f4c6986a3c0
4e6b88a5c2dffc193653708daac7e4011e3b587592afcce90623405d7a97b4d1
5f7c99b6d3f00d2a4764819ebbd8f5122f4c6986a3c0ddfa1734516e8ba8c5e2
708daac7e4011e3b587592afcce90623405d7a97b4d1ee0b2845627f9cb9d6f3
819ebbd8f5122f4c6986a3c0ddfa1734516e8ba8c5e2ff1c39567390adcae704
92afcce90623405d7a97b4d1ee0b2845627f9cb9d6f3102d4a6784a1bedbf815
a3c0ddfa1734516e8ba8c5e2ff1c39567390adcae704213e5b7895b2cfec0926
b4d1ee0b2845627f9cb9d6f3102d4a6784a1bedbf815324f6c89a6c3e0fd1a37
c5e2ff1c39567390adcae704213e5b7895b2cfec092643607d9ab7d4f10e2b48
d6f3102d4a6784a1bedbf815324f6c89a6c3e0fd1a3754718eabc8e5021f3c59
e704213e5b7895b2cfec092643607d9ab7d4f10e2b4865829fbcd9f613304d6a
f815324f6c89a6c3e0fd1a3754718eabc8e5021f3c597693b0cdea0724415e7b
092643607d9ab7d4f10e2b4865829fbcd9f613304d6a87a4c1defb1835526f8c
1a3754718eabc8e5021f3c597693b0cdea0724415e7b98b5d2ef0c294663809d
2b4865829fbcd9f613304d6a87a4c1defb1835526f8ca9c6e3001d3a577491ae
3c597693b0cdea0724415e7b98b5d2ef0c294663809dbad7f4112e4b6885a2bf
4d6a87a4c1defb1835526f8ca9c6e3001d3a577491aecbe805223f5c7996b3d0
5e7b98b5d2ef0c294663809dbad7f4112e4b6885a2bfdcf91633506d8aa7c4e1
6f8ca9c6e3001d3a577491aecbe805223f5c7996b3d0ed0a2744617e9bb8d5f2
809dbad7f4112e4b6885a2bfdcf91633506d8aa7c4e1fe1b3855728facc9e603
91aecbe805223f5c7996b3d0ed0a2744617e9bb8d5f20f2c496683a0bddaf714
a2bfdcf91633506d8aa7c4e1fe1b3855728facc9e603203d5a7794b1ceeb0825
b3d0ed0a2744617e9bb8d5f20f2c496683a0bddaf714314e6b88a5c2dffc1936
c4e1fe1b3855728facc9e603203d5a7794b1ceeb0825425f7c99b6d3f00d2a47
d5f20f2c496683a0bddaf714314e6b88a5c2dffc193653708daac7e4011e3b58
e603203d5a7794b1ceeb0825425f7c99b6d3f00d2a4764819ebbd8f5122f4c69
f714314e6b88a5c2dffc193653708daac7e4011e3b587592afcce90623405d7a
0825425f7c99b6d3f00d2a4764819ebbd8f5122f4c6986a3c0ddfa1734516e8b
193653708daac7e4011e3b587592afcce90623405d7a97b4d1ee0b2845627f9c
2a4764819ebbd8f5122f4c6986a3c0ddfa1734516e8ba8c5e2ff1c39567390ad
3b587592afcce90623405d7a97b4d1ee0b2845627f9cb9d6f3102d4a6784a1be
4c6986a3c0ddfa1734516e8ba8c5e2ff1c39567390adcae704213e5b7895b2cf
5d7a97b4d1ee0b2845627f9cb9d6f3102d4a6784a1bedbf815324f6c89a6c3e0
6e8ba8c5e2ff1c39567390adcae704213e5b7895b2cfec092643607d9ab7d4f1
7f9cb9d6f3102d4a6784a1bedbf815324f6c89a6c3e0fd1a3754718eabc8e502
90adcae704213e5b7895b2cfec092643607d9ab7d4f10e2b4865829fbcd9f613
a1bedbf815324f6c89a6c3e0fd1a3754718eabc8e5021f3c597693b0cdea0724
b2cfec092643607d9ab7d4f10e2b4865829fbcd9f613304d6a87a4c1defb1835
c3e0fd1a3754718eabc8e5021f3c597693b0cdea0724415e7b98b5d2ef0c2946
d4f10e2b4865829fbcd9f613304d6a87a4c1defb1835526f8ca9c6e3001d3a57
e5021f3c597693b0cdea0724415e7b98b5d2ef0c294663809dbad7f4112e4b68
f613304d6a87a4c1defb1835526f8ca9c6e3001d3a577491aecbe805223f5c79
0724415e7b98b5d2ef0c294663809dbad7f4112e4b6885a2bfdcf91633506d8a
1835526f8ca9c6e3001d3a577491aecbe805223f5c7996b3d0ed0a2744617e9b
294663809dbad7f4112e4b6885a2bfdcf91633506d8aa7c4e1fe1b3855728fac
3a577491aecbe805223f5c7996b3d0ed0a2744617e9bb8d5f20f2c496683a0bd
4b6885a2bfdcf91633506d8aa7c4e1fe1b3855728facc9e603203d5a7794b1ce
5c7996b3d0ed0a2744617e9bb8d5f20f2c496683a0bddaf714314e6b88a5c2df
6d8aa7c4e1fe1b3855728facc9e603203d5a7794b1ceeb0825425f7c99b6d3f0
7e9bb8d5f20f2c496683a0bddaf714314e6b88a5c2dffc193653708daac7e401
8facc9e603203d5a7794b1ceeb0825425f7c99b6d3f00d2a4764819ebbd8f512
a0bddaf714314e6b88a5c2dffc193653708daac7e4011e3b587592afcce90623
b1ceeb0825425f7c99b6d3f00d2a4764819ebbd8f5122f4c6986a3c0ddfa1734
c2dffc193653708daac7e4011e3b587592afcce90623405d7a97b4d1ee0b2845
d3f00d2a4764819ebbd8f5122f4c6986a3c0ddfa1734516e8ba8c5e2ff1c3956
e4011e3b587592afcce90623405d7a97b4d1ee0b2845627f9cb9d6f3102d4a67
f5122f4c6986a3c0ddfa1734516e8ba8c5e2ff1c39567390adcae704213e5b78
0623405d7a97b4d1ee0b2845627f9cb9d6f3102d4a6784a1bedbf815324f6c89
1734516e8ba8c5e2ff1c39567390adcae704213e5b7895b2cfec092643607d9a
2845627f9cb9d6f3102d4a6784a1bedbf815324f6c89a6c3e0fd1a3754718eab
39567390adcae704213e5b7895b2cfec092643607d9ab7d4f10e2b4865829fbc
4a6784a1bedbf815324f6c89a6c3e0fd1a3754718eabc8e5021f3c597693b0cd
5b7895b2cfec092643607d9ab7d4f10e2b4865829fbcd9f613304d6a87a4c1de
6c89a6c3e0fd1a3754718eabc8e5021f3c597693b0cdea0724415e7b98b5d2ef
7d9ab7d4f10e2b4865829fbcd9f613304d6a87a4c1defb1835526f8ca9c6e300
8eabc8e5021f3c597693b0cdea0724415e7b98b5d2ef0c294663809dbad7f411
9fbcd9f613304d6a87a4c1defb1835526f8ca9c6e3001d3a577491aecbe80522
b0cdea0724415e7b98b5d2ef0c294663809dbad7f4112e4b6885a2bfdcf91633
c1defb1835526f8ca9c6e3001d3a577491aecbe805223f5c7996b3d0ed0a2744
d2ef0c294663809dbad7f4112e4b6885a2bfdcf91633506d8aa7c4e1fe1b3855
e3001d3a577491aecbe805223f5c7996b3d0ed0a2744617e9bb8d5f20f2c4966
f4112e4b6885a2bfdcf91633506d8aa7c4e1fe1b3855728facc9e603203d5a77
05223f5c7996b3d0ed0a2744617e9bb8d5f20f2c496683a0bddaf714314e6b88
1633506d8aa7c4e1fe1b3855728facc9e603203d5a7794b1ceeb0825425f7c99
2744617e9bb8d5f20f2c496683a0bddaf714314e6b88a5c2dffc193653708daa
3855728facc9e603203d5a7794b1ceeb0825425f7c99b6d3f00d2a4764819ebb
496683a0bddaf714314e6b88a5c2dffc193653708daac7e4011e3b587592afcc
5a7794b1ceeb0825425f7c99b6d3f00d2a4764819ebbd8f5122f4c6986a3c0dd
6b88a5c2dffc193653708daac7e4011e3b587592afcce90623405d7a97b4d1ee
7c99b6d3f00d2a4764819ebbd8f5122f4c6986a3c0ddfa1734516e8ba8c5e2ff
8daac7e4011e3b587592afcce90623405d7a97b4d1ee0b2845627f9cb9d6f310
9ebbd8f5122f4c6986a3c0ddfa1734516e8ba8c5e2ff1c39567390adcae70421
afcce90623405d7a97b4d1ee0b2845627f9cb9d6f3102d4a6784a1bedbf81532
c0ddfa1734516e8ba8c5e2ff1c39567390adcae704213e5b7895b2cfec092643
d1ee0b2845627f9cb9d6f3102d4a6784a1bedbf815324f6c89a6c3e0fd1a3754
e2ff1c39567390adcae704213e5b7895b2cfec092643607d9ab7d4f10e2b4865
f3102d4a6784a1bedbf815324f6c89a6c3e0fd1a3754718eabc8e5021f3c5976
04213e5b7895b2cfec092643607d9ab7d4f10e2b4865829fbcd9f613304d6a87
15324f6c89a6c3e0fd1a3754718eabc8e5021f3c597693b0cdea0724415e7b98
2643607d9ab7d4f10e2b4865829fbcd9f613304d6a87a4c1defb1835526f8ca9
3754718eabc8e5021f3c597693b0cdea0724415e7b98b5d2ef0c294663809dba
4865829fbcd9f613304d6a87a4c1defb1835526f8ca9c6e3001d3a577491aecb
597693b0cdea0724415e7b98b5d2ef0c294663809dbad7f4112e4b6885a2bfdc
6a87a4c1defb1835526f8ca9c6e3001d3a577491aecbe805223f5c7996b3d0ed
7b98b5d2ef0c294663809dbad7f4112e4b6885a2bfdcf91633506d8aa7c4e1fe
8ca9c6e3001d3a577491aecbe805223f5c7996b3d0ed0a2744617e9bb8d5f20f
9dbad7f4112e4b6885a2bfdcf91633506d8aa7c4e1fe1b3855728facc9e60320
aecbe805223f5c7996b3d0ed0a2744617e9bb8d5f20f2c496683a0bddaf71431
bfdcf91633506d8aa7c4e1fe1b3855728facc9e603203d5a7794b1ceeb082542
d0ed0a2744617e9bb8d5f20f2c496683a0bddaf714314e6b88a5c2dffc193653
e1fe1b3855728facc9e603203d5a7794b1ceeb0825425f7c99b6d3f00d2a4764
f20f2c496683a0bddaf714314e6b88a5c2dffc193653708daac7e4011e3b5875
03203d5a7794b1ceeb0825425f7c99b6d3f00d2a4764819ebbd8f5122f4c6986
14314e6b88a5c2dffc193653708daac7e4011e3b587592afcce90623405d7a97
25425f7c99b6d3f00d2a4764819ebbd8f5122f4c6986a3c0ddfa1734516e8ba8
3653708daac7e4011e3b587592afcce90623405d7a97b4d1ee0b2845627f9cb9
4764819ebbd8f5122f4c6986a3c0ddfa1734516e8ba8c5e2ff1c39567390adca
587592afcce90623405d7a97b4d1ee0b2845627f9cb9d6f3102d4a6784a1bedb
6986a3c0ddfa1734516e8ba8c5e2ff1c39567390adcae704213e5b7895b2cfec
7a97b4d1ee0b2845627f9cb9d6f3102d4a6784a1bedbf815324f6c89a6c3e0fd
8ba8c5e2ff1c39567390adcae704213e5b7895b2cfec092643607d9ab7d4f10e
9cb9d6f3102d4a6784a1bedbf815324f6c89a6c3e0fd1a3754718eabc8e5021f
adcae704213e5b7895b2cfec092643607d9ab7d4f10e2b4865829fbcd9f61330
bedbf815324f6c89a6c3e0fd1a3754718eabc8e5021f3c597693b0cdea072441
cfec092643607d9ab7d4f10e2b4865829fbcd9f613304d6a87a4c1defb183552
e0fd1a3754718eabc8e5021f3c597693b0cdea0724415e7b98b5d2ef0c294663
f10e2b4865829fbcd9f613304d6a87a4c1defb1835526f8ca9c6e3001d3a5774
021f3c597693b0cdea0724415e7b98b5d2ef0c294663809dbad7f4112e4b6885
13304d6a87a4c1defb1835526f8ca9c6e3001d3a577491aecbe805223f5c7996
24415e7b98b5d2ef0c294663809dbad7f4112e4b6885a2bfdcf91633506d8aa7
35526f8ca9c6e3001d3a577491aecbe805223f5c7996b3d0ed0a2744617e9bb8
4663809dbad7f4112e4b6885a2bfdcf91633506d8aa7c4e1fe1b3855728facc9
577491aecbe805223f5c7996b3d0ed0a2744617e9bb8d5f20f2c496683a0bdda
6885a2bfdcf91633506d8aa7c4e1fe1b3855728facc9e603203d5a7794b1ceeb
7996b3d0ed0a2744617e9bb8d5f20f2c496683a0bddaf714314e6b88a5c2dffc
8aa7c4e1fe1b3855728facc9e603203d5a7794b1ceeb0825425f7c99b6d3f00d
9bb8d5f20f2c496683a0bddaf714314e6b88a5c2dffc193653708daac7e4011e
acc9e603203d5a7794b1ceeb0825425f7c99b6d3f00d2a4764819ebbd8f5122f
bddaf714314e6b88a5c2dffc193653708daac7e4011e3b587592afcce9062340
ceeb0825425f7c99b6d3f00d2a4764819ebbd8f5122f4c6986a3c0ddfa173451
dffc193653708daac7e4011e3b587592afcce90623405d7a97b4d1ee0b284562
f00d2a4764819ebbd8f5122f4c6986a3c0ddfa1734516e8ba8c5e2ff1c395673
011e3b587592afcce90623405d7a97b4d1ee0b2845627f9cb9d6f3102d4a6784
122f4c6986a3c0ddfa1734516e8ba8c5e2ff1c39567390adcae704213e5b7895
23405d7a97b4d1ee0b2845627f9cb9d6f3102d4a6784a1bedbf815324f6c89a6
34516e8ba8c5e2ff1c39567390adcae704213e5b7895b2cfec092643607d9ab7
45627f9cb9d6f3102d4a6784a1bedbf815324f6c89a6c3e0fd1a3754718eabc8
567390adcae704213e5b7895b2cfec092643607d9ab7d4f10e2b4865829fbcd9
6784a1bedbf815324f6c89a6c3e0fd1a3754718eabc8e5021f3c597693b0cdea
7895b2cfec092643607d9ab7d4f10e2b4865829fbcd9f613304d6a87a4c1defb
89a6c3e0fd1a3754718eabc8e5021f3c597693b0cdea0724415e7b98b5d2ef0c
9ab7d4f10e2b4865829fbcd9f613304d6a87a4c1defb1835526f8ca9c6e3001d
abc8e5021f3c597693b0cdea0724415e7b98b5d2ef0c294663809dbad7f4112e
bcd9f613304d6a87a4c1defb1835526f8ca9c6e3001d3a577491aecbe805223f
cdea0724415e7b98b5d2ef0c294663809dbad7f4112e4b6885a2bfdcf9163350
defb1835526f8ca9c6e3001d3a577491aecbe805223f5c7996b3d0ed0a274461
ef0c294663809dbad7f4112e4b6885a2bfdcf91633506d8aa7c4e1fe1b385572
001d3a577491aecbe805223f5c7996b3d0ed0a2744617e9bb8d5f20f2c496683
112e4b6885a2bfdcf91633506d8aa7c4e1fe1b3855728facc9e603203d5a7794
223f5c7996b3d0ed0a2744617e9bb8d5f20f2c496683a0bddaf714314e6b88a5
33506d8aa7c4e1fe1b3855728facc9e603203d5a7794b1ceeb0825425f7c99b6
44617e9bb8d5f20f2c496683a0bddaf714314e6b88a5c2dffc193653708daac7
55728facc9e603203d5a7794b1ceeb0825425f7c99b6d3f00d2a4764819ebbd8
6683a0bddaf714314e6b88a5c2dffc193653708daac7e4011e3b587592afcce9
7794b1ceeb0825425f7c99b6d3f00d2a4764819ebbd8f5122f4c6986a3c0ddfa
88a5c2dffc193653708daac7e4011e3b587592afcce90623405d7a97b4d1ee0b
99b6d3f00d2a4764819ebbd8f5122f4c6986a3c0ddfa1734516e8ba8c5e2ff1c
aac7e4011e3b587592afcce90623405d7a97b4d1ee0b2845627f9cb9d6f3102d
bbd8f5122f4c6986a3c0ddfa1734516e8ba8c5e2ff1c39567390adcae704213e
cce90623405d7a97b4d1ee0b2845627f9cb9d6f3102d4a6784a1bedbf815324f
ddfa1734516e8ba8c5e2ff1c39567390adcae704213e5b7895b2cfec09264360
ee0b2845627f9cb9d6f3102d4a6784a1bedbf815324f6c89a6c3e0fd1a375471
ff1c39567390adcae704213e5b7895b2cfec092643607d9ab7d4f10e2b486582
102d4a6784a1bedbf815324f6c89a6c3e0fd1a3754718eabc8e5021f3c597693
213e5b7895b2cfec092643607d9ab7d4f10e2b4865829fbcd9f613304d6a87a4
324f6c89a6c3e0fd1a3754718eabc8e5021f3c597693b0cdea0724415e7b98b5
43607d9ab7d4f10e2b4865829fbcd9f613304d6a87a4c1defb1835526f8ca9c6
54718eabc8e5021f3c597693b0cdea0724415e7b98b5d2ef0c294663809dbad7
65829fbcd9f613304d6a87a4c1defb1835526f8ca9c6e3001d3a577491aecbe8
7693b0cdea0724415e7b98b5d2ef0c294663809dbad7f4112e4b6885a2bfdcf9
87a4c1defb1835526f8ca9c6e3001d3a577491aecbe805223f5c7996b3d0ed0a
98b5d2ef0c294663809dbad7f4112e4b6885a2bfdcf91633506d8aa7c4e1fe1b
a9c6e3001d3a577491aecbe805223f5c7996b3d0ed0a2744617e9bb8d5f20f2c
bad7f4112e4b6885a2bfdcf91633506d8aa7c4e1fe1b3855728facc9e603203d
cbe805223f5c7996b3d0ed0a2744617e9bb8d5f20f2c496683a0bddaf714314e
dcf91633506d8aa7c4e1fe1b3855728facc9e603203d5a7794b1ceeb0825425f
ed0a2744617e9bb8d5f20f2c496683a0bddaf714314e6b88a5c2dffc19365370
fe1b3855728facc9e603203d5a7794b1ceeb0825425f7c99b6d3f00d2a476481
0f2c496683a0bddaf714314e6b88a5c2dffc193653708daac7e4011e3b587592
203d5a7794b1ceeb0825425f7c99b6d3f00d2a4764819ebbd8f5122f4c6986a3
314e6b88a5c2dffc193653708daac7e4011e3b587592afcce90623405d7a97b4
425f7c99b6d3f00d2a4764819ebbd8f5122f4c6986a3c0ddfa1734516e8ba8c5
53708daac7e4011e3b587592afcce90623405d7a97b4d1ee0b2845627f9cb9d6
64819ebbd8f5122f4c6986a3c0ddfa1734516e8ba8c5e2ff1c39567390adcae7
7592afcce90623405d7a97b4d1ee0b2845627f9cb9d6f3102d4a6784a1bedbf8
86a3c0ddfa1734516e8ba8c5e2ff1c39567390adcae704213e5b7895b2cfec09
97b4d1ee0b2845627f9cb9d6f3102d4a6784a1bedbf815324f6c89a6c3e0fd1a
a8c5e2ff1c39567390adcae704213e5b7895b2cfec092643607d9ab7d4f10e2b
b9d6f3102d4a6784a1bedbf815324f6c89a6c3e0fd1a3754718eabc8e5021f3c
cae704213e5b7895b2cfec092643607d9ab7d4f10e2b4865829fbcd9f613304d
dbf815324f6c89a6c3e0fd1a3754718eabc8e5021f3c597693b0cdea0724415e
ec092643607d9ab7d4f10e2b4865829fbcd9f613304d6a87a4c1defb1835526f
fd1a3754718eabc8e5021f3c597693b0cdea0724415e7b98b5d2ef0c29466380
0e2b4865829fbcd9f613304d6a87a4c1defb1835526f8ca9c6e3001d3a577491
1f3c597693b0cdea0724415e7b98b5d2ef0c294663809dbad7f4112e4b6885a2
304d6a87a4c1defb1835526f8ca9c6e3001d3a577491aecbe805223f5c7996b3
415e7b98b5d2ef0c294663809dbad7f4112e4b6885a2bfdcf91633506d8aa7c4
526f8ca9c6e3001d3a577491aecbe805223f5c7996b3d0ed0a2744617e9bb8d5
63809dbad7f4112e4b6885a2bfdcf91633506d8aa7c4e1fe1b3855728facc9e6
7491aecbe805223f5c7996b3d0ed0a2744617e9bb8d5f20f2c496683a0bddaf7
85a2bfdcf91633506d8aa7c4e1fe1b3855728facc9e603203d5a7794b1ceeb08
96b3d0ed0a2744617e9bb8d5f20f2c496683a0bddaf714314e6b88a5c2dffc19
a7c4e1fe1b3855728facc9e603203d5a7794b1ceeb0825425f7c99b6d3f00d2a
b8d5f20f2c496683a0bddaf714314e6b88a5c2dffc193653708daac7e4011e3b
c9e603203d5a7794b1ceeb0825425f7c99b6d3f00d2a4764819ebbd8f5122f4c
daf714314e6b88a5c2dffc193653708daac7e4011e3b587592afcce90623405d
eb0825425f7c99b6d3f00d2a4764819ebbd8f5122f4c6986a3c0ddfa1734516e
fc193653708daac7e4011e3b587592afcce90623405d7a97b4d1ee0b2845627f
0d2a4764819ebbd8f5122f4c6986a3c0ddfa1734516e8ba8c5e2ff1c39567390
1e3b587592afcce90623405d7a97b4d1ee0b2845627f9cb9d6f3102d4a6784a1
2f4c6986a3c0ddfa1734516e8ba8c5e2ff1c39567390adcae704213e5b7895b2
405d7a97b4d1ee0b2845627f9cb9d6f3102d4a6784a1bedbf815324f6c89a6c3
516e8ba8c5e2ff1c39567390adcae704213e5b7895b2cfec092643607d9ab7d4
627f9cb9d6f3102d4a6784a1bedbf815324f6c89a6c3e0fd1a3754718eabc8e5
7390adcae704213e5b7895b2cfec092643607d9ab7d4f10e2b4865829fbcd9f6
84a1bedbf815324f6c89a6c3e0fd1a3754718eabc8e5021f3c597693b0cdea07
95b2cfec092643607d9ab7d4f10e2b4865829fbcd9f613304d6a87a4c1defb18
a6c3e0fd1a3754718eabc8e5021f3c597693b0cdea0724415e7b98b5d2ef0c29
b7d4f10e2b4865829fbcd9f613304d6a87a4c1defb1835526f8ca9c6e3001d3a
c8e5021f3c597693b0cdea0724415e7b98b5d2ef0c294663809dbad7f4112e4b
d9f613304d6a87a4c1defb1835526f8ca9c6e3001d3a577491aecbe805223f5c
ea0724415e7b98b5d2ef0c294663809dbad7f4112e4b6885a2bfdcf91633506d
fb1835526f8ca9c6e3001d3a577491aecbe805223f5c7996b3d0ed0a2744617e
0c294663809dbad7f4112e4b6885a2bfdcf91633506d8aa7c4e1fe1b3855728f
1d3a577491aecbe805223f5c7996b3d0ed0a2744617e9bb8d5f20f2c496683a0
2e4b6885a2bfdcf91633506d8aa7c4e1fe1b3855728facc9e603203d5a7794b1
3f5c7996b3d0ed0a2744617e9bb8d5f20f2c496683a0bddaf714314e6b88a5c2
506d8aa7c4e1fe1b3855728facc9e603203d5a7794b1ceeb0825425f7c99b6d3
617e9bb8d5f20f2c496683a0bddaf714314e6b88a5c2dffc193653708daac7e4
728facc9e603203d5a7794b1ceeb0825425f7c99b6d3f00d2a4764819ebbd8f5
83a0bddaf714314e6b88a5c2dffc193653708daac7e4011e3b587592afcce906
94b1ceeb0825425f7c99b6d3f00d2a4764819ebbd8f5122f4c6986a3c0ddfa17
a5c2dffc193653708daac7e4011e3b587592afcce90623405d7a97b4d1ee0b28
b6d3f00d2a4764819ebbd8f5122f4c6986a3c0ddfa1734516e8ba8c5e2ff1c39
c7e4011e3b587592afcce90623405d7a97b4d1ee0b2845627f9cb9d6f3102d4a
d8f5122f4c6986a3c0ddfa1734516e8ba8c5e2ff1c39567390adcae704213e5b
e90623405d7a97b4d1ee0b2845627f9cb9d6f3102d4a6784a1bedbf815324f6c
fa1734516e8ba8c5e2ff1c39567390adcae704213e5b7895b2cfec092643607d
0b2845627f9cb9d6f3102d4a6784a1bedbf815324f6c89a6c3e0fd1a3754718e
1c39567390adcae704213e5b7895b2cfec092643607d9ab7d4f10e2b4865829f
2d4a6784a1bedbf815324f6c89a6c3e0fd1a3754718eabc8e5021f3c597693b0
3e5b7895b2cfec092643607d9ab7d4f10e2b4865829fbcd9f613304d6a87a4c1
4f6c89a6c3e0fd1a3754718eabc8e5021f3c597693b0cdea0724415e7b98b5d2
607d9ab7d4f10e2b4865829fbcd9f613304d6a87a4c1defb1835526f8ca9c6e3
718eabc8e5021f3c597693b0cdea0724415e7b98b5d2ef0c294663809dbad7f4
829fbcd9f613304d6a87a4c1defb1835526f8ca9c6e3001d3a577491aecbe805
93b0cdea0724415e7b98b5d2ef0c294663809dbad7f4112e4b6885a2bfdcf916
a4c1defb1835526f8ca9c6e3001d3a577491aecbe805223f5c7996b3d0ed0a27
b5d2ef0c294663809dbad7f4112e4b6885a2bfdcf91633506d8aa7c4e1fe1b38
c6e3001d3a577491aecbe805223f5c7996b3d0ed0a2744617e9bb8d5f20f2c49
d7f4112e4b6885a2bfdcf91633506d8aa7c4e1fe1b3855728facc9e603203d5a
e805223f5c7996b3d0ed0a2744617e9bb8d5f20f2c496683a0bddaf714314e6b
f91633506d8aa7c4e1fe1b3855728facc9e603203d5a7794b1ceeb0825425f7c
0a2744617e9bb8d5f20f2c496683a0bddaf714314e6b88a5c2dffc193653708d
1b3855728facc9e603203d5a7794b1ceeb0825425f7c99b6d3f00d2a4764819e
2c496683a0bddaf714314e6b88a5c2dffc193653708daac7e4011e3b587592af
3d5a7794b1ceeb0825425f7c99b6d3f00d2a4764819ebbd8f5122f4c6986a3c0
4e6b88a5c2dffc193653708daac7e4011e3b587592afcce90623405d7a97b4d1
5f7c99b6d3f00d2a4764819ebbd8f5122f4c6986a3c0ddfa1734516e8ba8c5e2
708daac7e4011e3b587592afcce90623405d7a97b4d1ee0b2845627f9cb9d6f3
819ebbd8f5122f4c6986a3c0ddfa1734516e8ba8c5e2ff1c39567390adcae704
92afcce90623405d7a97b4d1ee0b2845627f9cb9d6f3102d4a6784a1bedbf815
a3c0ddfa1734516e8ba8c5e2ff1c39567390adcae704213e5b7895b2cfec0926
b4d1ee0b2845627f9cb9d6f3102d4a6784a1bedbf815324f6c89a6c3e0fd1a37
c5e2ff1c39567390adcae704213e5b7895b2cfec092643607d9ab7d4f10e2b48
d6f3102d4a6784a1bedbf815324f6c89a6c3e0fd1a3754718eabc8e5021f3c59
e704213e5b7895b2cfec092643607d9ab7d4f10e2b4865829fbcd9f613304d6a
f815324f6c89a6c3e0fd1a3754718eabc8e5021f3c597693b0cdea0724415e7b
092643607d9ab7d4f10e2b4865829fbcd9f613304d6a87a4c1defb1835526f8c
1a3754718eabc8e5021f3c597693b0cdea0724415e7b98b5d2ef0c294663809d
2b4865829fbcd9f613304d6a87a4c1defb1835526f8ca9c6e3001d3a577491ae
3c597693b0cdea0724415e7b98b5d2ef0c294663809dbad7f4112e4b6885a2bf
4d6a87a4c1defb1835526f8ca9c6e3001d3a577491aecbe805223f5c7996b3d0
5e7b98b5d2ef0c294663809dbad7f4112e4b6885a2bfdcf91633506d8aa7c4e1
6f8ca9c6e3001d3a577491aecbe805223f5c7996b3d0ed0a2744617e9bb8d5f2
809dbad7f4112e4b6885a2bfdcf91633506d8aa7c4e1fe1b3855728facc9e603
91aecbe805223f5c7996b3d0ed0a2744617e9bb8d5f20f2c496683a0bddaf714
a2bfdcf91633506d8aa7c4e1fe1b3855728facc9e603203d5a7794b1ceeb0825
b3d0ed0a2744617e9bb8d5f20f2c496683a0bddaf714314e6b88a5c2dffc1936
c4e1fe1b3855728facc9e603203d5a7794b1ceeb0825425f7c99b6d3f00d2a47
d5f20f2c496683a0bddaf714314e6b88a5c2dffc193653708daac7e4011e3b58
e603203d5a7794b1ceeb0825425f7c99b6d3f00d2a4764819ebbd8f5122f4c69
f714314e6b88a5c2dffc193653708daac7e4011e3b587592afcce90623405d7a
0825425f7c99b6d3f00d2a4764819ebbd8f5122f4c6986a3c0ddfa1734516e8b
193653708daac7e4011e3b587592afcce90623405d7a97b4d1ee0b2845627f9c
2a4764819ebbd8f5122f4c6986a3c0ddfa1734516e8ba8c5e2ff1c39567390ad
3b587592afcce90623405d7a97b4d1ee0b2845627f9cb9d6f3102d4a6784a1be
4c6986a3c0ddfa1734516e8ba8c5e2ff1c39567390adcae704213e5b7895b2cf
5d7a97b4d1ee0b2845627f9cb9d6f3102d4a6784a1bedbf815324f6c89a6c3e0
6e8ba8c5e2ff1c39567390adcae704213e5b7895b2cfec092643607d9ab7d4f1
7f9cb9d6f3102d4a6784a1bedbf815324f6c89a6c3e0fd1a3754718eabc8e502
90adcae704213e5b7895b2cfec092643607d9ab7d4f10e2b4865829fbcd9f613
a1bedbf815324f6c89a6c3e0fd1a3754718eabc8e5021f3c597693b0cdea0724
b2cfec092643607d9ab7d4f10e2b4865829fbcd9f613304d6a87a4c1defb1835
c3e0fd1a3754718eabc8e5021f3c597693b0cdea0724415e7b98b5d2ef0c2946
d4f10e2b4865829fbcd9f613304d6a87a4c1defb1835526f8ca9c6e3001d3a57
e5021f3c597693b0cdea0724415e7b98b5d2ef0c294663809dbad7f4112e4b68
f613304d6a87a4c1defb1835526f8ca9c6e3001d3a577491aecbe805223f5c79
0724415e7b98b5d2ef0c294663809dbad7f4112e4b6885a2bfdcf91633506d8a
1835526f8ca9c6e3001d3a577491aecbe805223f5c7996b3d0ed0a2744617e9b
294663809dbad7f4112e4b6885a2bfdcf91633506d8aa7c4e1fe1b3855728fac
3a577491aecbe805223f5c7996b3d0ed0a2744617e9bb8d5f20f2c496683a0bd
4b6885a2bfdcf91633506d8aa7c4e1fe1b3855728facc9e603203d5a7794b1ce
5c7996b3d0ed0a2744617e9bb8d5f20f2c496683a0bddaf714314e6b88a5c2df
6d8aa7c4e1fe1b3855728facc9e603203d5a7794b1ceeb0825425f7c99b6d3f0
7e9bb8d5f20f2c496683a0bddaf714314e6b88a5c2dffc193653708daac7e401
8facc9e603203d5a7794b1ceeb0825425f7c99b6d3f00d2a4764819ebbd8f512
a0bddaf714314e6b88a5c2dffc193653708daac7e4011e3b587592afcce90623
b1ceeb0825425f7c99b6d3f00d2a4764819ebbd8f5122f4c6986a3c0ddfa1734
c2dffc193653708daac7e4011e3b587592afcce90623405d7a97b4d1ee0b2845
d3f00d2a4764819ebbd8f5122f4c6986a3c0ddfa1734516e8ba8c5e2ff1c3956
e4011e3b587592afcce90623405d7a97b4d1ee0b2845627f9cb9d6f3102d4a67
f5122f4c6986a3c0ddfa1734516e8ba8c5e2ff1c39567390adcae704213e5b78
0623405d7a97b4d1ee0b2845627f9cb9d6f3102d4a6784a1bedbf815324f6c89
1734516e8ba8c5e2ff1c39567390adcae704213e5b7895b2cfec092643607d9a
2845627f9cb9d6f3102d4a6784a1bedbf815324f6c89a6c3e0fd1a3754718eab
39567390adcae704213e5b7895b2cfec092643607d9ab7d4f10e2b4865829fbc
4a6784a1bedbf815324f6c89a6c3e0fd1a3754718eabc8e5021f3c597693b0cd
5b7895b2cfec092643607d9ab7d4f10e2b4865829fbcd9f613304d6a87a4c1de
6c89a6c3e0fd1a3754718eabc8e5021f3c597693b0cdea0724415e7b98b5d2ef
7d9ab7d4f10e2b4865829fbcd9f613304d6a87a4c1defb1835526f8ca9c6e300
8eabc8e5021f3c597693b0cdea0724415e7b98b5d2ef0c294663809dbad7f411
9fbcd9f613304d6a87a4c1defb1835526f8ca9c6e3001d3a577491aecbe80522
b0cdea0724415e7b98b5d2ef0c294663809dbad7f4112e4b6885a2bfdcf91633
c1defb1835526f8ca9c6e3001d3a577491aecbe805223f5c7996b3d0ed0a2744
d2ef0c294663809dbad7f4112e4b6885a2bfdcf91633506d8aa7c4e1fe1b3855
e3001d3a577491aecbe805223f5c7996b3d0ed0a2744617e9bb8d5f20f2c4966
f4112e4b6885a2bfdcf91633506d8aa7c4e1fe1b3855728facc9e603203d5a77
05223f5c7996b3d0ed0a2744617e9bb8d5f20f2c496683a0bddaf714314e6b88
1633506d8aa7c4e1fe1b3855728facc9e603203d5a7794b1ceeb0825425f7c99
2744617e9bb8d5f20f2c496683a0bddaf714314e6b88a5c2dffc193653708daa
3855728facc9e603203d5a7794b1ceeb0825425f7c99b6d3f00d2a4764819ebb
496683a0bddaf714314e6b88a5c2dffc193653708daac7e4011e3b587592afcc
5a7794b1ceeb0825425f7c99b6d3f00d2a4764819ebbd8f5122f4c6986a3c0dd
6b88a5c2dffc193653708daac7e4011e3b587592afcce90623405d7a97b4d1ee
7c99b6d3f00d2a4764819ebbd8f5122f4c6986a3c0ddfa1734516e8ba8c5e2ff
8daac7e4011e3b587592afcce90623405d7a97b4d1ee0b2845627f9cb9d6f310
9ebbd8f5122f4c6986a3c0ddfa1734516e8ba8c5e2ff1c39567390adcae70421
afcce90623405d7a97b4d1ee0b2845627f9cb9d6f3102d4a6784a1bedbf81532
c0ddfa1734516e8ba8c5e2ff1c39567390adcae704213e5b7895b2cfec092643
d1ee0b2845627f9cb9d6f3102d4a6784a1bedbf815324f6c89a6c3e0fd1a3754
e2ff1c39567390adcae704213e5b7895b2cfec092643607d9ab7d4f10e2b4865
f3102d4a6784a1bedbf815324f6c89a6c3e0fd1a3754718eabc8e5021f3c5976
04213e5b7895b2cfec092643607d9ab7d4f10e2b4865829fbcd9f613304d6a87
15324f6c89a6c3e0fd1a3754718eabc8e5021f3c597693b0cdea0724415e7b98
2643607d9ab7d4f10e2b4865829fbcd9f613304d6a87a4c1defb1835526f8ca9
3754718eabc8e5021f3c597693b0cdea0724415e7b98b5d2ef0c294663809dba
4865829fbcd9f613304d6a87a4c1defb1835526f8ca9c6e3001d3a577491aecb
597693b0cdea0724415e7b98b5d2ef0c294663809dbad7f4112e4b6885a2bfdc
6a87a4c1defb1835526f8ca9c6e3001d3a577491aecbe805223f5c7996b3d0ed
7b98b5d2ef0c294663809dbad7f4112e4b6885a2bfdcf91633506d8aa7c4e1fe
8ca9c6e3001d3a577491aecbe805223f5c7996b3d0ed0a2744617e9bb8d5f20f
9dbad7f4112e4b6885a2bfdcf91633506d8aa7c4e1fe1b3855728facc9e60320
aecbe805223f5c7996b3d0ed0a2744617e9bb8d5f20f2c496683a0bddaf71431
bfdcf91633506d8aa7c4e1fe1b3855728facc9e603203d5a7794b1ceeb082542
d0ed0a2744617e9bb8d5f20f2c496683a0bddaf714314e6b88a5c2dffc193653
e1fe1b3855728facc9e603203d5a7794b1ceeb0825425f7c99b6d3f00d2a4764
f20f2c496683a0bddaf714314e6b88a5c2dffc193653708daac7e4011e3b5875
03203d5a7794b1ceeb0825425f7c99b6d3f00d2a4764819ebbd8f5122f4c6986
14314e6b88a5c2dffc193653708daac7e4011e3b587592afcce90623405d7a97
25425f7c99b6d3f00d2a4764819ebbd8f5122f4c6986a3c0ddfa1734516e8ba8
3653708daac7e4011e3b587592afcce90623405d7a97b4d1ee0b2845627f9cb9
4764819ebbd8f5122f4c6986a3c0ddfa1734516e8ba8c5e2ff1c39567390adca
587592afcce90623405d7a97b4d1ee0b2845627f9cb9d6f3102d4a6784a1bedb
6986a3c0ddfa1734516e8ba8c5e2ff1c39567390adcae704213e5b7895b2cfec
7a97b4d1ee0b2845627f9cb9d6f3102d4a6784a1bedbf815324f6c89a6c3e0fd
8ba8c5e2ff1c39567390adcae704213e5b7895b2cfec092643607d9ab7d4f10e
9cb9d6f3102d4a6784a1bedbf815324f6c89a6c3e0fd1a3754718eabc8e5021f
adcae704213e5b7895b2cfec092643607d9ab7d4f10e2b4865829fbcd9f61330
bedbf815324f6c89a6c3e0fd1a3754718eabc8e5021f3c597693b0cdea072441
cfec092643607d9ab7d4f10e2b4865829fbcd9f613304d6a87a4c1defb183552
e0fd1a3754718eabc8e5021f3c597693b0cdea0724415e7b98b5d2ef0c294663
f10e2b4865829fbcd9f613304d6a87a4c1defb1835526f8ca9c6e3001d3a5774
021f3c597693b0cdea0724415e7b98b5d2ef0c294663809dbad7f4112e4b6885
13304d6a87a4c1defb1835526f8ca9c6e3001d3a577491aecbe805223f5c7996
24415e7b98b5d2ef0c294663809dbad7f4112e4b6885a2bfdcf91633506d8aa7
35526f8ca9c6e3001d3a577491aecbe805223f5c7996b3d0ed0a2744617e9bb8
4663809dbad7f4112e4b6885a2bfdcf91633506d8aa7c4e1fe1b3855728facc9
577491aecbe805223f5c7996b3d0ed0a2744617e9bb8d5f20f2c496683a0bdda
6885a2bfdcf91633506d8aa7c4e1fe1b3855728facc9e603203d5a7794b1ceeb
7996b3d0ed0a2744617e9bb8d5f20f2c496683a0bddaf714314e6b88a5c2dffc
8aa7c4e1fe1b3855728facc9e603203d5a7794b1ceeb0825425f7c99b6d3f00d
9bb8d5f20f2c496683a0bddaf714314e6b88a5c2dffc193653708daac7e4011e
acc9e603203d5a7794b1ceeb0825425f7c99b6d3f00d2a4764819ebbd8f5122f
bddaf714314e6b88a5c2dffc193653708daac7e4011e3b587592afcce9062340
ceeb0825425f7c99b6d3f00d2a4764819ebbd8f5122f4c6986a3c0ddfa173451
dffc193653708daac7e4011e3b587592afcce90623405d7a97b4d1ee0b284562
f00d2a4764819ebbd8f5122f4c6986a3c0ddfa1734516e8ba8c5e2ff1c395673
011e3b587592afcce90623405d7a97b4d1ee0b2845627f9cb9d6f3102d4a6784
122f4c6986a3c0ddfa1734516e8ba8c5e2ff1c39567390adcae704213e5b7895
23405d7a97b4d1ee0b2845627f9cb9d6f3102d4a6784a1bedbf815324f6c89a6
34516e8ba8c5e2ff1c39567390adcae704213e5b7895b2cfec092643607d9ab7
45627f9cb9d6f3102d4a6784a1bedbf815324f6c89a6c3e0fd1a3754718eabc8
567390adcae704213e5b7895b2cfec092643607d9ab7d4f10e2b4865829fbcd9
6784a1bedbf815324f6c89a6c3e0fd1a3754718eabc8e5021f3c597693b0cdea
7895b2cfec092643607d9ab7d4f10e2b4865829fbcd9f613304d6a87a4c1defb
89a6c3e0fd1a3754718eabc8e5021f3c597693b0cdea0724415e7b98b5d2ef0c
9ab7d4f10e2b4865829fbcd9f613304d6a87a4c1defb1835526f8ca9c6e3001d
abc8e5021f3c597693b0cdea0724415e7b98b5d2ef0c294663809dbad7f4112e
bcd9f613304d6a87a4c1defb1835526f8ca9c6e3001d3a577491aecbe805223f
cdea0724415e7b98b5d2ef0c294663809dbad7f4112e4b6885a2bfdcf9163350
defb1835526f8ca9c6e3001d3a577491aecbe805223f5c7996b3d0ed0a274461
ef0c294663809dbad7f4112e4b6885a2bfdcf91633506d8aa7c4e1fe1b385572
001d3a577491aecbe805223f5c7996b3d0ed0a2744617e9bb8d5f20f2c496683
112e4b6885a2bfdcf91633506d8aa7c4e1fe1b3855728facc9e603203d5a7794
223f5c7996b3d0ed0a2744617e9bb8d5f20f2c496683a0bddaf714314e6b88a5
33506d8aa7c4e1fe1b3855728facc9e603203d5a7794b1ceeb0825425f7c99b6
44617e9bb8d5f20f2c496683a0bddaf714314e6b88a5c2dffc193653708daac7
55728facc9e603203d5a7794b1ceeb0825425f7c99b6d3f00d2a4764819ebbd8
6683a0bddaf714314e6b88a5c2dffc193653708daac7e4011e3b587592afcce9
7794b1ceeb0825425f7c99b6d3f00d2a4764819ebbd8f5122f4c6986a3c0ddfa
88a5c2dffc193653708daac7e4011e3b587592afcce90623405d7a97b4d1ee0b
99b6d3f00d2a4764819ebbd8f5122f4c6986a3c0ddfa1734516e8ba8c5e2ff1c
aac7e4011e3b587592afcce90623405d7a97b4d1ee0b2845627f9cb9d6f3102d
bbd8f5122f4c6986a3c0ddfa1734516e8ba8c5e2ff1c39567390adcae704213e
cce90623405d7a97b4d1ee0b2845627f9cb9d6f3102d4a6784a1bedbf815324f
ddfa1734516e8ba8c5e2ff1c39567390adcae704213e5b7895b2cfec09264360
ee0b2845627f9cb9d6f3102d4a6784a1bedbf815324f6c89a6c3e0fd1a375471
ff1c39567390adcae704213e5b7895b2cfec092643607d9ab7d4f10e2b486582
102d4a6784a1bedbf815324f6c89a6c3e0fd1a3754718eabc8e5021f3c597693
213e5b7895b2cfec092643607d9ab7d4f10e2b4865829fbcd9f613304d6a87a4
324f6c89a6c3e0fd1a3754718eabc8e5021f3c597693b0cdea0724415e7b98b5
43607d9ab7d4f10e2b4865829fbcd9f613304d6a87a4c1defb1835526f8ca9c6
54718eabc8e5021f3c597693b0cdea0724415e7b98b5d2ef0c294663809dbad7
65829fbcd9f613304d6a87a4c1defb1835526f8ca9c6e3001d3a577491aecbe8
7693b0cdea0724415e7b98b5d2ef0c294663809dbad7f4112e4b6885a2bfdcf9
87a4c1defb1835526f8ca9c6e3001d3a577491aecbe805223f5c7996b3d0ed0a
98b5d2ef0c294663809dbad7f4112e4b6885a2bfdcf91633506d8aa7c4e1fe1b
a9c6e3001d3a577491aecbe805223f5c7996b3d0ed0a2744617e9bb8d5f20f2c
bad7f4112e4b6885a2bfdcf91633506d8aa7c4e1fe1b3855728facc9e603203d
cbe805223f5c7996b3d0ed0a2744617e9bb8d5f20f2c496683a0bddaf714314e
dcf91633506d8aa7c4e1fe1b3855728facc9e603203d5a7794b1ceeb0825425f
ed0a2744617e9bb8d5f20f2c496683a0bddaf714314e6b88a5c2dffc19365370
fe1b3855728facc9e603203d5a7794b1ceeb0825425f7c99b6d3f00d2a476481
0f2c496683a0bddaf714314e6b88a5c2dffc193653708daac7e4011e3b587592
203d5a7794b1ceeb0825425f7c99b6d3f00d2a4764819ebbd8f5122f4c6986a3
314e6b88a5c2dffc193653708daac7e4011e3b587592afcce90623405d7a97b4
425f7c99b6d3f00d2a4764819ebbd8f5122f4c6986a3c0ddfa1734516e8ba8c5
53708daac7e4011e3b587592afcce90623405d7a97b4d1ee0b2845627f9cb9d6
64819ebbd8f5122f4c6986a3c0ddfa1734516e8ba8c5e2ff1c39567390adcae7
7592afcce90623405d7a97b4d1ee0b2845627f9cb9d6f3102d4a6784a1bedbf8
86a3c0ddfa1734516e8ba8c5e2ff1c39567390adcae704213e5b7895b2cfec09
97b4d1ee0b2845627f9cb9d6f3102d4a6784a1bedbf815324f6c89a6c3e0fd1a
a8c5e2ff1c39567390adcae704213e5b7895b2cfec092643607d9ab7d4f10e2b
b9d6f3102d4a6784a1bedbf815324f6c89a6c3e0fd1a3754718eabc8e5021f3c
cae704213e5b7895b2cfec092643607d9ab7d4f10e2b4865829fbcd9f613304d
dbf815324f6c89a6c3e0fd1a3754718eabc8e5021f3c597693b0cdea0724415e
ec092643607d9ab7d4f10e2b4865829fbcd9f613304d6a87a4c1defb1835526f
fd1a3754718eabc8e5021f3c597693b0cdea0724415e7b98b5d2ef0c29466380
0e2b4865829fbcd9f613304d6a87a4c1defb1835526f8ca9c6e3001d3a577491
1f3c597693b0cdea0724415e7b98b5d2ef0c294663809dbad7f4112e4b6885a2
304d6a87a4c1defb1835526f8ca9c6e3001d3a577491aecbe805223f5c7996b3
415e7b98b5d2ef0c294663809dbad7f4112e4b6885a2bfdcf91633506d8aa7c4
526f8ca9c6e3001d3a577491aecbe805223f5c7996b3d0ed0a2744617e9bb8d5
63809dbad7f4112e4b6885a2bfdcf91633506d8aa7c4e1fe1b3855728facc9e6
7491aecbe805223f5c7996b3d0ed0a2744617e9bb8d5f20f2c496683a0bddaf7
85a2bfdcf91633506d8aa7c4e1fe1b3855728facc9e603203d5a7794b1ceeb08
96b3d0ed0a2744617e9bb8d5f20f2c496683a0bddaf714314e6b88a5c2dffc19
a7c4e1fe1b3855728facc9e603203d5a7794b1ceeb0825425f7c99b6d3f00d2a
b8d5f20f2c496683a0bddaf714314e6b88a5c2dffc193653708daac7e4011e3b
c9e603203d5a7794b1ceeb0825425f7c99b6d3f00d2a4764819ebbd8f5122f4c
daf714314e6b88a5c2dffc193653708daac7e4011e3b587592afcce90623405d
eb0825425f7c99b6d3f00d2a4764819ebbd8f5122f4c6986a3c0ddfa1734516e
fc193653708daac7e4011e3b587592afcce90623405d7a97b4d1ee0b2845627f
0d2a4764819ebbd8f5122f4c6986a3c0ddfa1734516e8ba8c5e2ff1c39567390
1e3b587592afcce90623405d7a97b4d1ee0b2845627f9cb9d6f3102d4a6784a1
2f4c6986a3c0ddfa1734516e8ba8c5e2ff1c39567390adcae704213e5b7895b2
405d7a97b4d1ee0b2845627f9cb9d6f3102d4a6784a1bedbf815324f6c89a6c3
516e8ba8c5e2ff1c39567390adcae704213e5b7895b2cfec092643607d9ab7d4
627f9cb9d6f3102d4a6784a1bedbf815324f6c89a6c3e0fd1a3754718eabc8e5
7390adcae704213e5b7895b2cfec092643607d9ab7d4f10e2b4865829fbcd9f6
84a1bedbf815324f6c89a6c3e0fd1a3754718eabc8e5021f3c597693b0cdea07
95b2cfec092643607d9ab7d4f10e2b4865829fbcd9f613304d6a87a4c1defb18
a6c3e0fd1a3754718eabc8e5021f3c597693b0cdea0724415e7b98b5d2ef0c29
b7d4f10e2b4865829fbcd9f613304d6a87a4c1defb1835526f8ca9c6e3001d3a
c8e5021f3c597693b0cdea0724415e7b98b5d2ef0c294663809dbad7f4112e4b
d9f613304d6a87a4c1defb1835526f8ca9c6e3001d3a577491aecbe805223f5c
ea0724415e7b98b5d2ef0c294663809dbad7f4112e4b6885a2bfdcf91633506d
fb1835526f8ca9c6e3001d3a577491aecbe805223f5c7996b3d0ed0a2744617e
0c294663809dbad7f4112e4b6885a2bfdcf91633506d8aa7c4e1fe1b3855728f
1d3a577491aecbe805223f5c7996b3d0ed0a2744617e9bb8d5f20f2c496683a0
2e4b6885a2bfdcf91633506d8aa7c4e1fe1b3855728facc9e603203d5a7794b1
3f5c7996b3d0ed0a2744617e9bb8d5f20f2c496683a0bddaf714314e6b88a5c2
506d8aa7c4e1fe1b3855728facc9e603203d5a7794b1ceeb0825425f7c99b6d3
617e9bb8d5f20f2c496683a0bddaf714314e6b88a5c2dffc193653708daac7e4
728facc9e603203d5a7794b1ceeb0825425f7c99b6d3f00d2a4764819ebbd8f5
83a0bddaf714314e6b88a5c2dffc193653708daac7e4011e3b587592afcce906
94b1ceeb0825425f7c99b6d3f00d2a4764819ebbd8f5122f4c6986a3c0ddfa17
a5c2dffc193653708daac7e4011e3b587592afcce90623405d7a97b4d1ee0b28
b6d3f00d2a4764819ebbd8f5122f4c6986a3c0ddfa1734516e8ba8c5e2ff1c39
c7e4011e3b587592afcce90623405d7a97b4d1ee0b2845627f9cb9d6f3102d4a
d8f5122f4c6986a3c0ddfa1734516e8ba8c5e2ff1c39567390adcae704213e5b
e90623405d7a97b4d1ee0b2845627f9cb9d6f3102d4a6784a1bedbf815324f6c
fa1734516e8ba8c5e2ff1c39567390adcae704213e5b7895b2cfec092643607d
0b2845627f9cb9d6f3102d4a6784a1bedbf815324f6c89a6c3e0fd1a3754718e
1c39567390adcae704213e5b7895b2cfec092643607d9ab7d4f10e2b4865829f
2d4a6784a1bedbf815324f6c89a6c3e0fd1a3754718eabc8e5021f3c597693b0
3e5b7895b2cfec092643607d9ab7d4f10e2b4865829fbcd9f613304d6a87a4c1
4f6c89a6c3e0fd1a3754718eabc8e5021f3c597693b0cdea0724415e7b98b5d2
607d9ab7d4f10e2b4865829fbcd9f613304d6a87a4c1defb1835526f8ca9c6e3
718eabc8e5021f3c597693b0cdea0724415e7b98b5d2ef0c294663809dbad7f4
829fbcd9f613304d6a87a4c1defb1835526f8ca9c6e3001d3a577491aecbe805
93b0cdea0724415e7b98b5d2ef0c294663809dbad7f4112e4b6885a2bfdcf916
a4c1defb1835526f8ca9c6e3001d3a577491aecbe805223f5c7996b3d0ed0a27
b5d2ef0c294663809dbad7f4112e4b6885a2bfdcf91633506d8aa7c4e1fe1b38
c6e3001d3a577491aecbe805223f5c7996b3d0ed0a2744617e9bb8d5f20f2c49
d7f4112e4b6885a2bfdcf91633506d8aa7c4e1fe1b3855728facc9e603203d5a
e805223f5c7996b3d0ed0a2744617e9bb8d5f20f2c496683a0bddaf714314e6b
f91633506d8aa7c4e1fe1b3855728facc9e603203d5a7794b1ceeb0825425f7c
0a2744617e9bb8d5f20f2c496683a0bddaf714314e6b88a5c2dffc193653708d
1b3855728facc9e603203d5a7794b1ceeb0825425f7c99b6d3f00d2a4764819e
2c496683a0bddaf714314e6b88a5c2dffc193653708daac7e4011e3b587592af
3d5a7794b1ceeb0825425f7c99b6d3f00d2a4764819ebbd8f5122f4c6986a3c0
4e6b88a5c2dffc193653708daac7e4011e3b587592afcce90623405d7a97b4d1
5f7c99b6d3f00d2a4764819ebbd8f5122f4c6986a3c0ddfa1734516e8ba8c5e2
708daac7e4011e3b587592afcce90623405d7a97b4d1ee0b2845627f9cb9d6f3
819ebbd8f5122f4c6986a3c0ddfa1734516e8ba8c5e2ff1c39567390adcae704
92afcce90623405d7a97b4d1ee0b2845627f9cb9d6f3102d4a6784a1bedbf815
a3c0ddfa1734516e8ba8c5e2ff1c39567390adcae704213e5b7895b2cfec0926
b4d1ee0b2845627f9cb9d6f3102d4a6784a1bedbf815324f6c89a6c3e0fd1a37
c5e2ff1c39567390adcae704213e5b7895b2cfec092643607d9ab7d4f10e2b48
d6f3102d4a6784a1bedbf815324f6c89a6c3e0fd1a3754718eabc8e5021f3c59
e704213e5b7895b2cfec092643607d9ab7d4f10e2b4865829fbcd9f613304d6a
f815324f6c89a6c3e0fd1a3754718eabc8e5021f3c597693b0cdea0724415e7b
092643607d9ab7d4f10e2b4865829fbcd9f613304d6a87a4c1defb1835526f8c
1a3754718eabc8e5021f3c597693b0cdea0724415e7b98b5d2ef0c294663809d
2b4865829fbcd9f613304d6a87a4c1defb1835526f8ca9c6e3001d3a577491ae
3c597693b0cdea0724415e7b98b5d2ef0c294663809dbad7f4112e4b6885a2bf
4d6a87a4c1defb1835526f8ca9c6e3001d3a577491aecbe805223f5c7996b3d0
5e7b98b5d2ef0c294663809dbad7f4112e4b6885a2bfdcf91633506d8aa7c4e1
6f8ca9c6e3001d3a577491aecbe805223f5c7996b3d0ed0a2744617e9bb8d5f2
809dbad7f4112e4b6885a2bfdcf91633506d8aa7c4e1fe1b3855728facc9e603
91aecbe805223f5c7996b3d0ed0a2744617e9bb8d5f20f2c496683a0bddaf714
a2bfdcf91633506d8aa7c4e1fe1b3855728facc9e603203d5a7794b1ceeb0825
b3d0ed0a2744617e9bb8d5f20f2c496683a0bddaf714314e6b88a5c2dffc1936
c4e1fe1b3855728facc9e603203d5a7794b1ceeb0825425f7c99b6d3f00d2a47
d5f20f2c496683a0bddaf714314e6b88a5c2dffc193653708daac7e4011e3b58
e603203d5a7794b1ceeb0825425f7c99b6d3f00d2a4764819ebbd8f5122f4c69
f714314e6b88a5c2dffc193653708daac7e4011e3b587592afcce90623405d7a
0825425f7c99b6d3f00d2a4764819ebbd8f5122f4c6986a3c0ddfa1734516e8b
193653708daac7e4011e3b587592afcce90623405d7a97b4d1ee0b2845627f9c
2a4764819ebbd8f5122f4c6986a3c0ddfa1734516e8ba8c5e2ff1c39567390ad
3b587592afcce90623405d7a97b4d1ee0b2845627f9cb9d6f3102d4a6784a1be
4c6986a3c0ddfa1734516e8ba8c5e2ff1c39567390adcae704213e5b7895b2cf
5d7a97b4d1ee0b2845627f9cb9d6f3102d4a6784a1bedbf815324f6c89a6c3e0
6e8ba8c5e2ff1c39567390adcae704213e5b7895b2cfec092643607d9ab7d4f1
7f9cb9d6f3102d4a6784a1bedbf815324f6c89a6c3e0fd1a3754718eabc8e502
90adcae704213e5b7895b2cfec092643607d9ab7d4f10e2b4865829fbcd9f613
a1bedbf815324f6c89a6c3e0fd1a3754718eabc8e5021f3c597693b0cdea0724
b2cfec092643607d9ab7d4f10e2b4865829fbcd9f613304d6a87a4c1defb1835
c3e0fd1a3754718eabc8e5021f3c597693b0cdea0724415e7b98b5d2ef0c2946
d4f10e2b4865829fbcd9f613304d6a87a4c1defb1835526f8ca9c6e3001d3a57
e5021f3c597693b0cdea0724415e7b98b5d2ef0c294663809dbad7f4112e4b68
f613304d6a87a4c1defb1835526f8ca9c6e3001d3a577491aecbe805223f5c79
0724415e7b98b5d2ef0c294663809dbad7f4112e4b6885a2bfdcf91633506d8a
1835526f8ca9c6e3001d3a577491aecbe805223f5c7996b3d0ed0a2744617e9b
294663809dbad7f4112e4b6885a2bfdcf91633506d8aa7c4e1fe1b3855728fac
3a577491aecbe805223f5c7996b3d0ed0a2744617e9bb8d5f20f2c496683a0bd
4b6885a2bfdcf91633506d8aa7c4e1fe1b3855728facc9e603203d5a7794b1ce
5c7996b3d0ed0a2744617e9bb8d5f20f2c496683a0bddaf714314e6b88a5c2df
6d8aa7c4e1fe1b3855728facc9e603203d5a7794b1ceeb0825425f7c99b6d3f0
7e9bb8d5f20f2c496683a0bddaf714314e6b88a5c2dffc193653708daac7e401
8facc9e603203d5a7794b1ceeb0825425f7c99b6d3f00d2a4764819ebbd8f512
a0bddaf714314e6b88a5c2dffc193653708daac7e4011e3b587592afcce90623
b1ceeb0825425f7c99b6d3f00d2a4764819ebbd8f5122f4c6986a3c0ddfa1734
c2dffc193653708daac7e4011e3b587592afcce90623405d7a97b4d1ee0b2845
d3f00d2a4764819ebbd8f5122f4c6986a3c0ddfa1734516e8ba8c5e2ff1c3956
e4011e3b587592afcce90623405d7a97b4d1ee0b2845627f9cb9d6f3102d4a67
f5122f4c6986a3c0ddfa1734516e8ba8c5e2ff1c39567390adcae704213e5b78
0623405d7a97b4d1ee0b2845627f9cb9d6f3102d4a6784a1bedbf815324f6c89
1734516e8ba8c5e2ff1c39567390adcae704213e5b7895b2cfec092643607d9a
2845627f9cb9d6f3102d4a6784a1bedbf815324f6c89a6c3e0fd1a3754718eab
39567390adcae704213e5b7895b2cfec092643607d9ab7d4f10e2b4865829fbc
4a6784a1bedbf815324f6c89a6c3e0fd1a3754718eabc8e5021f3c597693b0cd
5b7895b2cfec092643607d9ab7d4f10e2b4865829fbcd9f613304d6a87a4c1de
6c89a6c3e0fd1a3754718eabc8e5021f3c597693b0cdea0724415e7b98b5d2ef
7d9ab7d4f10e2b4865829fbcd9f613304d6a87a4c1defb1835526f8ca9c6e300
8eabc8e5021f3c597693b0cdea0724415e7b98b5d2ef0c294663809dbad7f411
9fbcd9f613304d6a87a4c1defb1835526f8ca9c6e3001d3a577491aecbe80522
b0cdea0724415e7b98b5d2ef0c294663809dbad7f4112e4b6885a2bfdcf91633
c1defb1835526f8ca9c6e3001d3a577491aecbe805223f5c7996b3d0ed0a2744
d2ef0c294663809dbad7f4112e4b6885a2bfdcf91633506d8aa7c4e1fe1b3855
e3001d3a577491aecbe805223f5c7996b3d0ed0a2744617e9bb8d5f20f2c4966
f4112e4b6885a2bfdcf91633506d8aa7c4e1fe1b3855728facc9e603203d5a77
05223f5c7996b3d0ed0a2744617e9bb8d5f20f2c496683a0bddaf714314e6b88
1633506d8aa7c4e1fe1b3855728facc9e603203d5a7794b1ceeb0825425f7c99
2744617e9bb8d5f20f2c496683a0bddaf714314e6b88a5c2dffc193653708daa
3855728facc9e603203d5a7794b1ceeb0825425f7c99b6d3f00d2a4764819ebb
496683a0bddaf714314e6b88a5c2dffc193653708daac7e4011e3b587592afcc
5a7794b1ceeb0825425f7c99b6d3f00d2a4764819ebbd8f5122f4c6986a3c0dd
6b88a5c2dffc193653708daac7e4011e3b587592afcce90623405d7a97b4d1ee
7c99b6d3f00d2a4764819ebbd8f5122f4c6986a3c0ddfa1734516e8ba8c5e2ff
8daac7e4011e3b587592afcce90623405d7a97b4d1ee0b2845627f9cb9d6f310
9ebbd8f5122f4c6986a3c0ddfa1734516e8ba8c5e2ff1c39567390adcae70421
afcce90623405d7a97b4d1ee0b2845627f9cb9d6f3102d4a6784a1bedbf81532
c0ddfa1734516e8ba8c5e2ff1c39567390adcae704213e5b7895b2cfec092643
d1ee0b2845627f9cb9d6f3102d4a6784a1bedbf815324f6c89a6c3e0fd1a3754
e2ff1c39567390adcae704213e5b7895b2cfec092643607d9ab7d4f10e2b4865
f3102d4a6784a1bedbf815324f6c89a6c3e0fd1a3754718eabc8e5021f3c5976
04213e5b7895b2cfec092643607d9ab7d4f10e2b4865829fbcd9f613304d6a87
15324f6c89a6c3e0fd1a3754718eabc8e5021f3c597693b0cdea0724415e7b98
2643607d9ab7d4f10e2b4865829fbcd9f613304d6a87a4c1defb1835526f8ca9
3754718eabc8e5021f3c597693b0cdea0724415e7b98b5d2ef0c294663809dba
4865829fbcd9f613304d6a87a4c1defb1835526f8ca9c6e3001d3a577491aecb
597693b0cdea0724415e7b98b5d2ef0c294663809dbad7f4112e4b6885a2bfdc
6a87a4c1defb1835526f8ca9c6e3001d3a577491aecbe805223f5c7996b3d0ed
7b98b5d2ef0c294663809dbad7f4112e4b6885a2bfdcf91633506d8aa7c4e1fe
8ca9c6e3001d3a577491aecbe805223f5c7996b3d0ed0a2744617e9bb8d5f20f
9dbad7f4112e4b6885a2bfdcf91633506d8aa7c4e1fe1b3855728facc9e60320
aecbe805223f5c7996b3d0ed0a2744617e9bb8d5f20f2c496683a0bddaf71431
bfdcf91633506d8aa7c4e1fe1b3855728facc9e603203d5a7794b1ceeb082542
d0ed0a2744617e9bb8d5f20f2c496683a0bddaf714314e6b88a5c2dffc193653
e1fe1b3855728facc9e603203d5a7794b1ceeb0825425f7c99b6d3f00d2a4764
f20f2c496683a0bddaf714314e6b88a5c2dffc193653708daac7e4011e3b5875
03203d5a7794b1ceeb0825425f7c99b6d3f00d2a4764819ebbd8f5122f4c6986
14314e6b88a5c2dffc193653708daac7e4011e3b587592afcce90623405d7a97
25425f7c99b6d3f00d2a4764819ebbd8f5122f4c6986a3c0ddfa1734516e8ba8
3653708daac7e4011e3b587592afcce90623405d7a97b4d1ee0b2845627f9cb9
4764819ebbd8f5122f4c6986a3c0ddfa1734516e8ba8c5e2ff1c39567390adca
587592afcce90623405d7a97b4d1ee0b2845627f9cb9d6f3102d4a6784a1bedb
6986a3c0ddfa1734516e8ba8c5e2ff1c39567390adcae704213e5b7895b2cfec
7a97b4d1ee0b2845627f9cb9d6f3102d4a6784a1bedbf815324f6c89a6c3e0fd
8ba8c5e2ff1c39567390adcae704213e5b7895b2cfec092643607d9ab7d4f10e
9cb9d6f3102d4a6784a1bedbf815324f6c89a6c3e0fd1a3754718eabc8e5021f
adcae704213e5b7895b2cfec092643607d9ab7d4f10e2b4865829fbcd9f61330
bedbf815324f6c89a6c3e0fd1a3754718eabc8e5021f3c597693b0cdea072441
cfec092643607d9ab7d4f10e2b4865829fbcd9f613304d6a87a4c1defb183552
e0fd1a3754718eabc8e5021f3c597693b0cdea0724415e7b98b5d2ef0c294663
f10e2b4865829fbcd9f613304d6a87a4c1defb1835526f8ca9c6e3001d3a5774
021f3c597693b0cdea0724415e7b98b5d2ef0c294663809dbad7f4112e4b6885
13304d6a87a4c1defb1835526f8ca9c6e3001d3a577491aecbe805223f5c7996
24415e7b98b5d2ef0c294663809dbad7f4112e4b6885a2bfdcf91633506d8aa7
35526f8ca9c6e3001d3a577491aecbe805223f5c7996b3d0ed0a2744617e9bb8
4663809dbad7f4112e4b6885a2bfdcf91633506d8aa7c4e1fe1b3855728facc9
577491aecbe805223f5c7996b3d0ed0a2744617e9bb8d5f20f2c496683a0bdda
6885a2bfdcf91633506d8aa7c4e1fe1b3855728facc9e603203d5a7794b1ceeb
7996b3d0ed0a2744617e9bb8d5f20f2c496683a0bddaf714314e6b88a5c2dffc
8aa7c4e1fe1b3855728facc9e603203d5a7794b1ceeb0825425f7c99b6d3f00d
9bb8d5f20f2c496683a0bddaf714314e6b88a5c2dffc193653708daac7e4011e
acc9e603203d5a7794b1ceeb0825425f7c99b6d3f00d2a4764819ebbd8f5122f
bddaf714314e6b88a5c2dffc193653708daac7e4011e3b587592afcce9062340
ceeb0825425f7c99b6d3f00d2a4764819ebbd8f5122f4c6986a3c0ddfa173451
dffc193653708daac7e4011e3b587592afcce90623405d7a97b4d1ee0b284562
f00d2a4764819ebbd8f5122f4c6986a3c0ddfa1734516e8ba8c5e2ff1c395673
011e3b587592afcce90623405d7a97b4d1ee0b2845627f9cb9d6f3102d4a6784
122f4c6986a3c0ddfa1734516e8ba8c5e2ff1c39567390adcae704213e5b7895
23405d7a97b4d1ee0b2845627f9cb9d6f3102d4a6784a1bedbf815324f6c89a6
34516e8ba8c5e2ff1c39567390adcae704213e5b7895b2cfec092643607d9ab7
45627f9cb9d6f3102d4a6784a1bedbf815324f6c89a6c3e0fd1a3754718eabc8
567390adcae704213e5b7895b2cfec092643607d9ab7d4f10e2b4865829fbcd9
6784a1bedbf815324f6c89a6c3e0fd1a3754718eabc8e5021f3c597693b0cdea
7895b2cfec092643607d9ab7d4f10e2b4865829fbcd9f613304d6a87a4c1defb
89a6c3e0fd1a3754718eabc8e5021f3c597693b0cdea0724415e7b98b5d2ef0c
9ab7d4f10e2b4865829fbcd9f613304d6a87a4c1defb1835526f8ca9c6e3001d
abc8e5021f3c597693b0cdea0724415e7b98b5d2ef0c294663809dbad7f4112e
bcd9f613304d6a87a4c1defb1835526f8ca9c6e3001d3a577491aecbe805223f
cdea0724415e7b98b5d2ef0c294663809dbad7f4112e4b6885a2bfdcf9163350
defb1835526f8ca9c6e3001d3a577491aecbe805223f5c7996b3d0ed0a274461
ef0c294663809dbad7f4112e4b6885a2bfdcf91633506d8aa7c4e1fe1b385572
001d3a577491aecbe805223f5c7996b3d0ed0a2744617e9bb8d5f20f2c496683
112e4b6885a2bfdcf91633506d8aa7c4e1fe1b3855728facc9e603203d5a7794
223f5c7996b3d0ed0a2744617e9bb8d5f20f2c496683a0bddaf714314e6b88a5
33506d8aa7c4e1fe1b3855728facc9e603203d5a7794b1ceeb0825425f7c99b6
44617e9bb8d5f20f2c496683a0bddaf714314e6b88a5c2dffc193653708daac7
55728facc9e603203d5a7794b1ceeb0825425f7c99b6d3f00d2a4764819ebbd8
6683a0bddaf714314e6b88a5c2dffc193653708daac7e4011e3b587592afcce9
7794b1ceeb0825425f7c99b6d3f00d2a4764819ebbd8f5122f4c6986a3c0ddfa
88a5c2dffc193653708daac7e4011e3b587592afcce90623405d7a97b4d1ee0b
99b6d3f00d2a4764819ebbd8f5122f4c6986a3c0ddfa1734516e8ba8c5e2ff1c
aac7e4011e3b587592afcce90623405d7a97b4d1ee0b2845627f9cb9d6f3102d
bbd8f5122f4c6986a3c0ddfa1734516e8ba8c5e2ff1c39567390adcae704213e
cce90623405d7a97b4d1ee0b2845627f9cb9d6f3102d4a6784a1bedbf815324f
ddfa1734516e8ba8c5e2ff1c39567390adcae704213e5b7895b2cfec09264360
ee0b2845627f9cb9d6f3102d4a6784a1bedbf815324f6c89a6c3e0fd1a375471
ff1c39567390adcae704213e5b7895b2cfec092643607d9ab7d4f10e2b486582
102d4a6784a1bedbf815324f6c89a6c3e0fd1a3754718eabc8e5021f3c597693
213e5b7895b2cfec092643607d9ab7d4f10e2b4865829fbcd9f613304d6a87a4
324f6c89a6c3e0fd1a3754718eabc8e5021f3c597693b0cdea0724415e7b98b5
43607d9ab7d4f10e2b4865829fbcd9f613304d6a87a4c1defb1835526f8ca9c6
54718eabc8e5021f3c597693b0cdea0724415e7b98b5d2ef0c294663809dbad7
65829fbcd9f613304d6a87a4c1defb1835526f8ca9c6e3001d3a577491aecbe8
7693b0cdea0724415e7b98b5d2ef0c294663809dbad7f4112e4b6885a2bfdcf9
87a4c1defb1835526f8ca9c6e3001d3a577491aecbe805223f5c7996b3d0ed0a
98b5d2ef0c294663809dbad7f4112e4b6885a2bfdcf91633506d8aa7c4e1fe1b
a9c6e3001d3a577491aecbe805223f5c7996b3d0ed0a2744617e9bb8d5f20f2c
bad7f4112e4b6885a2bfdcf91633506d8aa7c4e1fe1b3855728facc9e603203d
cbe805223f5c7996b3d0ed0a2744617e9bb8d5f20f2c496683a0bddaf714314e
dcf91633506d8aa7c4e1fe1b3855728facc9e603203d5a7794b1ceeb0825425f
ed0a2744617e9bb8d5f20f2c496683a0bddaf714314e6b88a5c2dffc19365370
fe1b3855728facc9e603203d5a7794b1ceeb0825425f7c99b6d3f00d2a476481
0f2c496683a0bddaf714314e6b88a5c2dffc193653708daac7e4011e3b587592
203d5a7794b1ceeb0825425f7c99b6d3f00d2a4764819ebbd8f5122f4c6986a3
314e6b88a5c2dffc193653708daac7e4011e3b587592afcce90623405d7a97b4
425f7c99b6d3f00d2a4764819ebbd8f5122f4c6986a3c0ddfa1734516e8ba8c5
53708daac7e4011e3b587592afcce90623405d7a97b4d1ee0b2845627f9cb9d6
64819ebbd8f5122f4c6986a3c0ddfa1734516e8ba8c5e2ff1c39567390adcae7
7592afcce90623405d7a97b4d1ee0b2845627f9cb9d6f3102d4a6784a1bedbf8
86a3c0ddfa1734516e8ba8c5e2ff1c39567390adcae704213e5b7895b2cfec09
97b4d1ee0b2845627f9cb9d6f3102d4a6784a1bedbf815324f6c89a6c3e0fd1a
a8c5e2ff1c39567390adcae704213e5b7895b2cfec092643607d9ab7d4f10e2b
b9d6f3102d4a6784a1bedbf815324f6c89a6c3e0fd1a3754718eabc8e5021f3c
cae704213e5b7895b2cfec092643607d9ab7d4f10e2b4865829fbcd9f613304d
dbf815324f6c89a6c3e0fd1a3754718eabc8e5021f3c597693b0cdea0724415e
ec092643607d9ab7d4f10e2b4865829fbcd9f613304d6a87a4c1defb1835526f
fd1a3754718eabc8e5021f3c597693b0cdea0724415e7b98b5d2ef0c29466380
0e2b4865829fbcd9f613304d6a87a4c1defb1835526f8ca9c6e3001d3a577491
1f3c597693b0cdea0724415e7b98b5d2ef0c294663809dbad7f4112e4b6885a2
304d6a87a4c1defb1835526f8ca9c6e3001d3a577491aecbe805223f5c7996b3
415e7b98b5d2ef0c294663809dbad7f4112e4b6885a2bfdcf91633506d8aa7c4
526f8ca9c6e3001d3a577491aecbe805223f5c7996b3d0ed0a2744617e9bb8d5
63809dbad7f4112e4b6885a2bfdcf91633506d8aa7c4e1fe1b3855728facc9e6
7491aecbe805223f5c7996b3d0ed0a2744617e9bb8d5f20f2c496683a0bddaf7
85a2bfdcf91633506d8aa7c4e1fe1b3855728facc9e603203d5a7794b1ceeb08
96b3d0ed0a2744617e9bb8d5f20f2c496683a0bddaf714314e6b88a5c2dffc19
a7c4e1fe1b3855728facc9e603203d5a7794b1ceeb0825425f7c99b6d3f00d2a
b8d5f20f2c496683a0bddaf714314e6b88a5c2dffc193653708daac7e4011e3b
c9e603203d5a7794b1ceeb0825425f7c99b6d3f00d2a4764819ebbd8f5122f4c
daf714314e6b88a5c2dffc193653708daac7e4011e3b587592afcce90623405d
eb0825425f7c99b6d3f00d2a4764819ebbd8f5122f4c6986a3c0ddfa1734516e
fc193653708daac7e4011e3b587592afcce90623405d7a97b4d1ee0b2845627f
0d2a4764819ebbd8f5122f4c6986a3c0ddfa1734516e8ba8c5e2ff1c39567390
1e3b587592afcce90623405d7a97b4d1ee0b2845627f9cb9d6f3102d4a6784a1
2f4c6986a3c0ddfa1734516e8ba8c5e2ff1c39567390adcae704213e5b7895b2
405d7a97b4d1ee0b2845627f9cb9d6f3102d4a6784a1bedbf815324f6c89a6c3
516e8ba8c5e2ff1c39567390adcae704213e5b7895b2cfec092643607d9ab7d4
627f9cb9d6f3102d4a6784a1bedbf815324f6c89a6c3e0fd1a3754718eabc8e5
7390adcae704213e5b7895b2cfec092643607d9ab7d4f10e2b4865829fbcd9f6
84a1bedbf815324f6c89a6c3e0fd1a3754718eabc8e5021f3c597693b0cdea07
95b2cfec092643607d9ab7d4f10e2b4865829fbcd9f613304d6a87a4c1defb18
a6c3e0fd1a3754718eabc8e5021f3c597693b0cdea0724415e7b98b5d2ef0c29
b7d4f10e2b4865829fbcd9f613304d6a87a4c1defb1835526f8ca9c6e3001d3a
c8e5021f3c597693b0cdea0724415e7b98b5d2ef0c294663809dbad7f4112e4b
d9f613304d6a87a4c1defb1835526f8ca9c6e3001d3a577491aecbe805223f5c
ea0724415e7b98b5d2ef0c294663809dbad7f4112e4b6885a2bfdcf91633506d
fb1835526f8ca9c6e3001d3a577491aecbe805223f5c7996b3d0ed0a2744617e
0c294663809dbad7f4112e4b6885a2bfdcf91633506d8aa7c4e1fe1b3855728f
1d3a577491aecbe805223f5c7996b3d0ed0a2744617e9bb8d5f20f2c496683a0
2e4b6885a2bfdcf91633506d8aa7c4e1fe1b3855728facc9e603203d5a7794b1
3f5c7996b3d0ed0a2744617e9bb8d5f20f2c496683a0bddaf714314e6b88a5c2
506d8aa7c4e1fe1b3855728facc9e603203d5a7794b1ceeb0825425f7c99b6d3
617e9bb8d5f20f2c496683a0bddaf714314e6b88a5c2dffc193653708daac7e4
728facc9e603203d5a7794b1ceeb0825425f7c99b6d3f00d2a4764819ebbd8f5
83a0bddaf714314e6b88a5c2dffc193653708daac7e4011e3b587592afcce906
94b1ceeb0825425f7c99b6d3f00d2a4764819ebbd8f5122f4c6986a3c0ddfa17
a5c2dffc193653708daac7e4011e3b587592afcce90623405d7a97b4d1ee0b28
b6d3f00d2a4764819ebbd8f5122f4c6986a3c0ddfa1734516e8ba8c5e2ff1c39
c7e4011e3b587592afcce90623405d7a97b4d1ee0b2845627f9cb9d6f3102d4a
d8f5122f4c6986a3c0ddfa1734516e8ba8c5e2ff1c39567390adcae704213e5b
e90623405d7a97b4d1ee0b2845627f9cb9d6f3102d4a6784a1bedbf815324f6c
fa1734516e8ba8c5e2ff1c39567390adcae704213e5b7895b2cfec092643607d
0b2845627f9cb9d6f3102d4a6784a1bedbf815324f6c89a6c3e0fd1a3754718e
1c39567390adcae704213e5b7895b2cfec092643607d9ab7d4f10e2b4865829f
2d4a6784a1bedbf815324f6c89a6c3e0fd1a3754718eabc8e5021f3c597693b0
3e5b7895b2cfec092643607d9ab7d4f10e2b4865829fbcd9f613304d6a87a4c1
4f6c89a6c3e0fd1a3754718eabc8e5021f3c597693b0cdea0724415e7b98b5d2
607d9ab7d4f10e2b4865829fbcd9f613304d6a87a4c1defb1835526f8ca9c6e3
718eabc8e5021f3c597693b0cdea0724415e7b98b5d2ef0c294663809dbad7f4
829fbcd9f613304d6a87a4c1defb1835526f8ca9c6e3001d3a577491aecbe805
93b0cdea0724415e7b98b5d2ef0c294663809dbad7f4112e4b6885a2bfdcf916
a4c1defb1835526f8ca9c6e3001d3a577491aecbe805223f5c7996b3d0ed0a27
b5d2ef0c294663809dbad7f4112e4b6885a2bfdcf91633506d8aa7c4e1fe1b38
c6e3001d3a577491aecbe805223f5c7996b3d0ed0a2744617e9bb8d5f20f2c49
d7f4112e4b6885a2bfdcf91633506d8aa7c4e1fe1b3855728facc9e603203d5a
e805223f5c7996b3d0ed0a2744617e9bb8d5f20f2c496683a0bddaf714314e6b
f91633506d8aa7c4e1fe1b3855728facc9e603203d5a7794b1ceeb0825425f7c
0a2744617e9bb8d5f20f2c496683a0bddaf714314e6b88a5c2dffc193653708d
1b3855728facc9e603203d5a7794b1ceeb0825425f7c99b6d3f00d2a4764819e
2c496683a0bddaf714314e6b88a5c2dffc193653708daac7e4011e3b587592af
3d5a7794b1ceeb0825425f7c99b6d3f00d2a4764819ebbd8f5122f4c6986a3c0
4e6b88a5c2dffc193653708daac7e4011e3b587592afcce90623405d7a97b4d1
5f7c99b6d3f00d2a4764819ebbd8f5122f4c6986a3c0ddfa1734516e8ba8c5e2
708daac7e4011e3b587592afcce90623405d7a97b4d1ee0b2845627f9cb9d6f3
819ebbd8f5122f4c6986a3c0ddfa1734516e8ba8c5e2ff1c39567390adcae704
92afcce90623405d7a97b4d1ee0b2845627f9cb9d6f3102d4a6784a1bedbf815
a3c0ddfa1734516e8ba8c5e2ff1c39567390adcae704213e5b7895b2cfec0926
b4d1ee0b2845627f9cb9d6f3102d4a6784a1bedbf815324f6c89a6c3e0fd1a37
c5e2ff1c39567390adcae704213e5b7895b2cfec092643607d9ab7d4f10e2b48
d6f3102d4a6784a1bedbf815324f6c89a6c3e0fd1a3754718eabc8e5021f3c59
e704213e5b7895b2cfec092643607d9ab7d4f10e2b4865829fbcd9f613304d6a
f815324f6c89a6c3e0fd1a3754718eabc8e5021f3c597693b0cdea0724415e7b
092643607d9ab7d4f10e2b4865829fbcd9f613304d6a87a4c1defb1835526f8c
1a3754718eabc8e5021f3c597693b0cdea0724415e7b98b5d2ef0c294663809d
2b4865829fbcd9f613304d6a87a4c1defb1835526f8ca9c6e3001d3a577491ae
3c597693b0cdea0724415e7b98b5d2ef0c294663809dbad7f4112e4b6885a2bf
4d6a87a4c1defb1835526f8ca9c6e3001d3a577491aecbe805223f5c7996b3d0
5e7b98b5d2ef0c294663809dbad7f4112e4b6885a2bfdcf91633506d8aa7c4e1
6f8ca9c6e3001d3a577491aecbe805223f5c7996b3d0ed0a2744617e9bb8d5f2
809dbad7f4112e4b6885a2bfdcf91633506d8aa7c4e1fe1b3855728facc9e603
91aecbe805223f5c7996b3d0ed0a2744617e9bb8d5f20f2c496683a0bddaf714
a2bfdcf91633506d8aa7c4e1fe1b3855728facc9e603203d5a7794b1ceeb0825
b3d0ed0a2744617e9bb8d5f20f2c496683a0bddaf714314e6b88a5c2dffc1936
c4e1fe1b3855728facc9e603203d5a7794b1ceeb0825425f7c99b6d3f00d2a47
d5f20f2c496683a0bddaf714314e6b88a5c2dffc193653708daac7e4011e3b58
e603203d5a7794b1ceeb0825425f7c99b6d3f00d2a4764819ebbd8f5122f4c69
f714314e6b88a5c2dffc193653708daac7e4011e3b587592afcce90623405d7a
0825425f7c99b6d3f00d2a4764819ebbd8f5122f4c6986a3c0ddfa1734516e8b
193653708daac7e4011e3b587592afcce90623405d7a97b4d1ee0b2845627f9c
2a4764819ebbd8f5122f4c6986a3c0ddfa1734516e8ba8c5e2ff1c39567390ad
3b587592afcce90623405d7a97b4d1ee0b2845627f9cb9d6f3102d4a6784a1be
4c6986a3c0ddfa1734516e8ba8c5e2ff1c39567390adcae704213e5b7895b2cf
5d7a97b4d1ee0b2845627f9cb9d6f3102d4a6784a1bedbf815324f6c89a6c3e0
6e8ba8c5e2ff1c39567390adcae704213e5b7895b2cfec092643607d9ab7d4f1
7f9cb9d6f3102d4a6784a1bedbf815324f6c89a6c3e0fd1a3754718eabc8e502
90adcae704213e5b7895b2cfec092643607d9ab7d4f10e2b4865829fbcd9f613
a1bedbf815324f6c89a6c3e0fd1a3754718eabc8e5021f3c597693b0cdea0724
b2cfec092643607d9ab7d4f10e2b4865829fbcd9f613304d6a87a4c1defb1835
c3e0fd1a3754718eabc8e5021f3c597693b0cdea0724415e7b98b5d2ef0c2946
d4f10e2b4865829fbcd9f613304d6a87a4c1defb1835526f8ca9c6e3001d3a57
e5021f3c597693b0cdea0724415e7b98b5d2ef0c294663809dbad7f4112e4b68
f613304d6a87a4c1defb1835526f8ca9c6e3001d3a577491aecbe805223f5c79
0724415e7b98b5d2ef0c294663809dbad7f4112e4b6885a2bfdcf91633506d8a
1835526f8ca9c6e3001d3a577491aecbe805223f5c7996b3d0ed0a2744617e9b
294663809dbad7f4112e4b6885a2bfdcf91633506d8aa7c4e1fe1b3855728fac
3a577491aecbe805223f5c7996b3d0ed0a2744617e9bb8d5f20f2c496683a0bd
4b6885a2bfdcf91633506d8aa7c4e1fe1b3855728facc9e603203d5a7794b1ce
5c7996b3d0ed0a2744617e9bb8d5f20f2c496683a0bddaf714314e6b88a5c2df
6d8aa7c4e1fe1b3855728facc9e603203d5a7794b1ceeb0825425f7c99b6d3f0
7e9bb8d5f20f2c496683a0bddaf714314e6b88a5c2dffc193653708daac7e401
8facc9e603203d5a7794b1ceeb0825425f7c99b6d3f00d2a4764819ebbd8f512
a0bddaf714314e6b88a5c2dffc193653708daac7e4011e3b587592afcce90623
b1ceeb0825425f7c99b6d3f00d2a4764819ebbd8f5122f4c6986a3c0ddfa1734
c2dffc193653708daac7e4011e3b587592afcce90623405d7a97b4d1ee0b2845
d3f00d2a4764819ebbd8f5122f4c6986a3c0ddfa1734516e8ba8c5e2ff1c3956
e4011e3b587592afcce90623405d7a97b4d1ee0b2845627f9cb9d6f3102d4a67
f5122f4c6986a3c0ddfa1734516e8ba8c5e2ff1c39567390adcae704213e5b78
0623405d7a97b4d1ee0b2845627f9cb9d6f3102d4a6784a1bedbf815324f6c89
1734516e8ba8c5e2ff1c39567390adcae704213e5b7895b2cfec092643607d9a
2845627f9cb9d6f3102d4a6784a1bedbf815324f6c89a6c3e0fd1a3754718eab
39567390adcae704213e5b7895b2cfec092643607d9ab7d4f10e2b4865829fbc
4a6784a1bedbf815324f6c89a6c3e0fd1a3754718eabc8e5021f3c597693b0cd
5b7895b2cfec092643607d9ab7d4f10e2b4865829fbcd9f613304d6a87a4c1de
6c89a6c3e0fd1a3754718eabc8e5021f3c597693b0cdea0724415e7b98b5d2ef
7d9ab7d4f10e2b4865829fbcd9f613304d6a87a4c1defb1835526f8ca9c6e300
8eabc8e5021f3c597693b0cdea0724415e7b98b5d2ef0c294663809dbad7f411
9fbcd9f613304d6a87a4c1defb1835526f8ca9c6e3001d3a577491aecbe80522
b0cdea0724415e7b98b5d2ef0c294663809dbad7f4112e4b6885a2bfdcf91633
c1defb1835526f8ca9c6e3001d3a577491aecbe805223f5c7996b3d0ed0a2744
d2ef0c294663809dbad7f4112e4b6885a2bfdcf91633506d8aa7c4e1fe1b3855
e3001d3a577491aecbe805223f5c7996b3d0ed0a2744617e9bb8d5f20f2c4966
f4112e4b6885a2bfdcf91633506d8aa7c4e1fe1b3855728facc9e603203d5a77
05223f5c7996b3d0ed0a2744617e9bb8d5f20f2c496683a0bddaf714314e6b88
1633506d8aa7c4e1fe1b3855728facc9e603203d5a7794b1ceeb0825425f7c99
2744617e9bb8d5f20f2c496683a0bddaf714314e6b88a5c2dffc193653708daa
3855728facc9e603203d5a7794b1ceeb0825425f7c99b6d3f00d2a4764819ebb
496683a0bddaf714314e6b88a5c2dffc193653708daac7e4011e3b587592afcc
5a7794b1ceeb0825425f7c99b6d3f00d2a4764819ebbd8f5122f4c6986a3c0dd
6b88a5c2dffc193653708daac7e4011e3b587592afcce90623405d7a97b4d1ee
7c99b6d3f00d2a4764819ebbd8f5122f4c6986a3c0ddfa1734516e8ba8c5e2ff
8daac7e4011e3b587592afcce90623405d7a97b4d1ee0b2845627f9cb9d6f310
9ebbd8f5122f4c6986a3c0ddfa1734516e8ba8c5e2ff1c39567390adcae70421
afcce90623405d7a97b4d1ee0b2845627f9cb9d6f3102d4a6784a1bedbf81532
c0ddfa1734516e8ba8c5e2ff1c39567390adcae704213e5b7895b2cfec092643
d1ee0b2845627f9cb9d6f3102d4a6784a1bedbf815324f6c89a6c3e0fd1a3754
e2ff1c39567390adcae704213e5b7895b2cfec092643607d9ab7d4f10e2b4865
f3102d4a6784a1bedbf815324f6c89a6c3e0fd1a3754718eabc8e5021f3c5976
04213e5b7895b2cfec092643607d9ab7d4f10e2b4865829fbcd9f613304d6a87
15324f6c89a6c3e0fd1a3754718eabc8e5021f3c597693b0cdea0724415e7b98
2643607d9ab7d4f10e2b4865829fbcd9f613304d6a87a4c1defb1835526f8ca9
3754718eabc8e5021f3c597693b0cdea0724415e7b98b5d2ef0c294663809dba
4865829fbcd9f613304d6a87a4c1defb1835526f8ca9c6e3001d3a577491aecb
597693b0cdea0724415e7b98b5d2ef0c294663809dbad7f4112e4b6885a2bfdc
6a87a4c1defb1835526f8ca9c6e3001d3a577491aecbe805223f5c7996b3d0ed
7b98b5d2ef0c294663809dbad7f4112e4b6885a2bfdcf91633506d8aa7c4e1fe
8ca9c6e3001d3a577491aecbe805223f5c7996b3d0ed0a2744617e9bb8d5f20f
9dbad7f4112e4b6885a2bfdcf91633506d8aa7c4e1fe1b3855728facc9e60320
aecbe805223f5c7996b3d0ed0a2744617e9bb8d5f20f2c496683a0bddaf71431
bfdcf91633506d8aa7c4e1fe1b3855728facc9e603203d5a7794b1ceeb082542
d0ed0a2744617e9bb8d5f20f2c496683a0bddaf714314e6b88a5c2dffc193653
e1fe1b3855728facc9e603203d5a7794b1ceeb0825425f7c99b6d3f00d2a4764
f20f2c496683a0bddaf714314e6b88a5c2dffc193653708daac7e4011e3b5875
03203d5a7794b1ceeb0825425f7c99b6d3f00d2a4764819ebbd8f5122f4c6986
14314e6b88a5c2dffc193653708daac7e4011e3b587592afcce90623405d7a97
25425f7c99b6d3f00d2a4764819ebbd8f5122f4c6986a3c0ddfa1734516e8ba8
3653708daac7e4011e3b587592afcce90623405d7a97b4d1ee0b2845627f9cb9
4764819ebbd8f5122f4c6986a3c0ddfa1734516e8ba8c5e2ff1c39567390adca
587592afcce90623405d7a97b4d1ee0b2845627f9cb9d6f3102d4a6784a1bedb
6986a3c0ddfa1734516e8ba8c5e2ff1c39567390adcae704213e5b7895b2cfec
7a97b4d1ee0b2845627f9cb9d6f3102d4a6784a1bedbf815324f6c89a6c3e0fd
8ba8c5e2ff1c39567390adcae704213e5b7895b2cfec092643607d9ab7d4f10e
9cb9d6f3102d4a6784a1bedbf815324f6c89a6c3e0fd1a3754718eabc8e5021f
adcae704213e5b7895b2cfec092643607d9ab7d4f10e2b4865829fbcd9f61330
bedbf815324f6c89a6c3e0fd1a3754718eabc8e5021f3c597693b0cdea072441
cfec092643607d9ab7d4f10e2b4865829fbcd9f613304d6a87a4c1defb183552
e0fd1a3754718eabc8e5021f3c597693b0cdea0724415e7b98b5d2ef0c294663
f10e2b4865829fbcd9f613304d6a87a4c1defb1835526f8ca9c6e3001d3a5774
021f3c597693b0cdea0724415e7b98b5d2ef0c294663809dbad7f4112e4b6885
13304d6a87a4c1defb1835526f8ca9c6e3001d3a577491aecbe805223f5c7996
24415e7b98b5d2ef0c294663809dbad7f4112e4b6885a2bfdcf91633506d8aa7
35526f8ca9c6e3001d3a577491aecbe805223f5c7996b3d0ed0a2744617e9bb8
4663809dbad7f4112e4b6885a2bfdcf91633506d8aa7c4e1fe1b3855728facc9
577491aecbe805223f5c7996b3d0ed0a2744617e9bb8d5f20f2c496683a0bdda
6885a2bfdcf91633506d8aa7c4e1fe1b3855728facc9e603203d5a7794b1ceeb
7996b3d0ed0a2744617e9bb8d5f20f2c496683a0bddaf714314e6b88a5c2dffc
8aa7c4e1fe1b3855728facc9e603203d5a7794b1ceeb0825425f7c99b6d3f00d
9bb8d5f20f2c496683a0bddaf714314e6b88a5c2dffc193653708daac7e4011e
acc9e603203d5a7794b1ceeb0825425f7c99b6d3f00d2a4764819ebbd8f5122f
bddaf714314e6b88a5c2dffc193653708daac7e4011e3b587592afcce9062340
ceeb0825425f7c99b6d3f00d2a4764819ebbd8f5122f4c6986a3c0ddfa173451
dffc193653708daac7e4011e3b587592afcce90623405d7a97b4d1ee0b284562
f00d2a4764819ebbd8f5122f4c6986a3c0ddfa1734516e8ba8c5e2ff1c395673
011e3b587592afcce90623405d7a97b4d1ee0b2845627f9cb9d6f3102d4a6784
122f4c6986a3c0ddfa1734516e8ba8c5e2ff1c39567390adcae704213e5b7895
23405d7a97b4d1ee0b2845627f9cb9d6f3102d4a6784a1bedbf815324f6c89a6
34516e8ba8c5e2ff1c39567390adcae704213e5b7895b2cfec092643607d9ab7
45627f9cb9d6f3102d4a6784a1bedbf815324f6c89a6c3e0fd1a3754718eabc8
567390adcae704213e5b7895b2cfec092643607d9ab7d4f10e2b4865829fbcd9
6784a1bedbf815324f6c89a6c3e0fd1a3754718eabc8e5021f3c597693b0cdea
7895b2cfec092643607d9ab7d4f10e2b4865829fbcd9f613304d6a87a4c1defb
89a6c3e0fd1a3754718eabc8e5021f3c597693b0cdea0724415e7b98b5d2ef0c
9ab7d4f10e2b4865829fbcd9f613304d6a87a4c1defb1835526f8ca9c6e3001d
abc8e5021f3c597693b0cdea0724415e7b98b5d2ef0c294663809dbad7f4112e
bcd9f613304d6a87a4c1defb1835526f8ca9c6e3001d3a577491aecbe805223f
cdea0724415e7b98b5d2ef0c294663809dbad7f4112e4b6885a2bfdcf9163350
defb1835526f8ca9c6e3001d3a577491aecbe805223f5c7996b3d0ed0a274461
ef0c294663809dbad7f4112e4b6885a2bfdcf91633506d8aa7c4e1fe1b385572
001d3a577491aecbe805223f5c7996b3d0ed0a2744617e9bb8d5f20f2c496683
112e4b6885a2bfdcf91633506d8aa7c4e1fe1b3855728facc9e603203d5a7794
223f5c7996b3d0ed0a2744617e9bb8d5f20f2c496683a0bddaf714314e6b88a5
33506d8aa7c4e1fe1b3855728facc9e603203d5a7794b1ceeb0825425f7c99b6
44617e9bb8d5f20f2c496683a0bddaf714314e6b88a5c2dffc193653708daac7
55728facc9e603203d5a7794b1ceeb0825425f7c99b6d3f00d2a4764819ebbd8
6683a0bddaf714314e6b88a5c2dffc193653708daac7e4011e3b587592afcce9
7794b1ceeb0825425f7c99b6d3f00d2a4764819ebbd8f5122f4c6986a3c0ddfa
88a5c2dffc193653708daac7e4011e3b587592afcce90623405d7a97b4d1ee0b
99b6d3f00d2a4764819ebbd8f5122f4c6986a3c0ddfa1734516e8ba8c5e2ff1c
aac7e4011e3b587592afcce90623405d7a97b4d1ee0b2845627f9cb9d6f3102d
bbd8f5122f4c6986a3c0ddfa1734516e8ba8c5e2ff1c39567390adcae704213e
cce90623405d7a97b4d1ee0b2845627f9cb9d6f3102d4a6784a1bedbf815324f
ddfa1734516e8ba8c5e2ff1c39567390adcae704213e5b7895b2cfec09264360
ee0b2845627f9cb9d6f3102d4a6784a1bedbf815324f6c89a6c3e0fd1a375471
ff1c39567390adcae704213e5b7895b2cfec092643607d9ab7d4f10e2b486582
102d4a6784a1bedbf815324f6c89a6c3e0fd1a3754718eabc8e5021f3c597693
213e5b7895b2cfec092643607d9ab7d4f10e2b4865829fbcd9f613304d6a87a4
324f6c89a6c3e0fd1a3754718eabc8e5021f3c597693b0cdea0724415e7b98b5
43607d9ab7d4f10e2b4865829fbcd9f613304d6a87a4c1defb1835526f8ca9c6
54718eabc8e5021f3c597693b0cdea0724415e7b98b5d2ef0c294663809dbad7
65829fbcd9f613304d6a87a4c1defb1835526f8ca9c6e3001d3a577491aecbe8
7693b0cdea0724415e7b98b5d2ef0c294663809dbad7f4112e4b6885a2bfdcf9
87a4c1defb1835526f8ca9c6e3001d3a577491aecbe805223f5c7996b3d0ed0a
98b5d2ef0c294663809dbad7f4112e4b6885a2bfdcf91633506d8aa7c4e1fe1b
a9c6e3001d3a577491aecbe805223f5c7996b3d0ed0a2744617e9bb8d5f20f2c
bad7f4112e4b6885a2bfdcf91633506d8aa7c4e1fe1b3855728facc9e603203d
cbe805223f5c7996b3d0ed0a2744617e9bb8d5f20f2c496683a0bddaf714314e
dcf91633506d8aa7c4e1fe1b3855728facc9e603203d5a7794b1ceeb0825425f
ed0a2744617e9bb8d5f20f2c496683a0bddaf714314e6b88a5c2dffc19365370
fe1b3855728facc9e603203d5a7794b1ceeb0825425f7c99b6d3f00d2a476481
0f2c496683a0bddaf714314e6b88a5c2dffc193653708daac7e4011e3b587592
203d5a7794b1ceeb0825425f7c99b6d3f00d2a4764819ebbd8f5122f4c6986a3
314e6b88a5c2dffc193653708daac7e4011e3b587592afcce90623405d7a97b4
425f7c99b6d3f00d2a4764819ebbd8f5122f4c6986a3c0ddfa1734516e8ba8c5
53708daac7e4011e3b587592afcce90623405d7a97b4d1ee0b2845627f9cb9d6
64819ebbd8f5122f4c6986a3c0ddfa1734516e8ba8c5e2ff1c39567390adcae7
7592afcce90623405d7a97b4d1ee0b2845627f9cb9d6f3102d4a6784a1bedbf8
86a3c0ddfa1734516e8ba8c5e2ff1c39567390adcae704213e5b7895b2cfec09
97b4d1ee0b2845627f9cb9d6f3102d4a6784a1bedbf815324f6c89a6c3e0fd1a
a8c5e2ff1c39567390adcae704213e5b7895b2cfec092643607d9ab7d4f10e2b
b9d6f3102d4a6784a1bedbf815324f6c89a6c3e0fd1a3754718eabc8e5021f3c
cae704213e5b7895b2cfec092643607d9ab7d4f10e2b4865829fbcd9f613304d
dbf815324f6c89a6c3e0fd1a3754718eabc8e5021f3c597693b0cdea0724415e
ec092643607d9ab7d4f10e2b4865829fbcd9f613304d6a87a4c1defb1835526f
fd1a3754718eabc8e5021f3c597693b0cdea0724415e7b98b5d2ef0c29466380
0e2b4865829fbcd9f613304d6a87a4c1defb1835526f8ca9c6e3001d3a577491
1f3c597693b0cdea0724415e7b98b5d2ef0c294663809dbad7f4112e4b6885a2
304d6a87a4c1defb1835526f8ca9c6e3001d3a577491aecbe805223f5c7996b3
415e7b98b5d2ef0c294663809dbad7f4112e4b6885a2bfdcf91633506d8aa7c4
526f8ca9c6e3001d3a577491aecbe805223f5c7996b3d0ed0a2744617e9bb8d5
63809dbad7f4112e4b6885a2bfdcf91633506d8aa7c4e1fe1b3855728facc9e6
7491aecbe805223f5c7996b3d0ed0a2744617e9bb8d5f20f2c496683a0bddaf7
85a2bfdcf91633506d8aa7c4e1fe1b3855728facc9e603203d5a7794b1ceeb08
96b3d0ed0a2744617e9bb8d5f20f2c496683a0bddaf714314e6b88a5c2dffc19
a7c4e1fe1b3855728facc9e603203d5a7794b1ceeb0825425f7c99b6d3f00d2a
b8d5f20f2c496683a0bddaf714314e6b88a5c2dffc193653708daac7e4011e3b
c9e603203d5a7794b1ceeb0825425f7c99b6d3f00d2a4764819ebbd8f5122f4c
daf714314e6b88a5c2dffc193653708daac7e4011e3b587592afcce90623405d
eb0825425f7c99b6d3f00d2a4764819ebbd8f5122f4c6986a3c0ddfa1734516e
fc193653708daac7e4011e3b587592afcce90623405d7a97b4d1ee0b2845627f
0d2a4764819ebbd8f5122f4c6986a3c0ddfa1734516e8ba8c5e2ff1c39567390
1e3b587592afcce90623405d7a97b4d1ee0b2845627f9cb9d6f3102d4a6784a1
2f4c6986a3c0ddfa1734516e8ba8c5e2ff1c39567390adcae704213e5b7895b2
405d7a97b4d1ee0b2845627f9cb9d6f3102d4a6784a1bedbf815324f6c89a6c3
516e8ba8c5e2ff1c39567390adcae704213e5b7895b2cfec092643607d9ab7d4
627f9cb9d6f3102d4a6784a1bedbf815324f6c89a6c3e0fd1a3754718eabc8e5
7390adcae704213e5b7895b2cfec092643607d9ab7d4f10e2b4865829fbcd9f6
84a1bedbf815324f6c89a6c3e0fd1a3754718eabc8e5021f3c597693b0cdea07
95b2cfec092643607d9ab7d4f10e2b4865829fbcd9f613304d6a87a4c1defb18
a6c3e0fd1a3754718eabc8e5021f3c597693b0cdea0724415e7b98b5d2ef0c29
b7d4f10e2b4865829fbcd9f613304d6a87a4c1defb1835526f8ca9c6e3001d3a
c8e5021f3c597693b0cdea0724415e7b98b5d2ef0c294663809dbad7f4112e4b
d9f613304d6a87a4c1defb1835526f8ca9c6e3001d3a577491aecbe805223f5c
ea0724415e7b98b5d2ef0c294663809dbad7f4112e4b6885a2bfdcf91633506d
fb1835526f8ca9c6e3001d3a577491aecbe805223f5c7996b3d0ed0a2744617e
0c294663809dbad7f4112e4b6885a2bfdcf91633506d8aa7c4e1fe1b3855728f
1d3a577491aecbe805223f5c7996b3d0ed0a2744617e9bb8d5f20f2c496683a0
2e4b6885a2bfdcf91633506d8aa7c4e1fe1b3855728facc9e603203d5a7794b1
3f5c7996b3d0ed0a2744617e9bb8d5f20f2c496683a0bddaf714314e6b88a5c2
506d8aa7c4e1fe1b3855728facc9e603203d5a7794b1ceeb0825425f7c99b6d3
617e9bb8d5f20f2c496683a0bddaf714314e6b88a5c2dffc193653708daac7e4
728facc9e603203d5a7794b1ceeb0825425f7c99b6d3f00d2a4764819ebbd8f5
83a0bddaf714314e6b88a5c2dffc193653708daac7e4011e3b587592afcce906
94b1ceeb0825425f7c99b6d3f00d2a4764819ebbd8f5122f4c6986a3c0ddfa17
a5c2dffc193653708daac7e4011e3b587592afcce90623405d7a97b4d1ee0b28
b6d3f00d2a4764819ebbd8f5122f4c6986a3c0ddfa1734516e8ba8c5e2ff1c39
c7e4011e3b587592afcce90623405d7a97b4d1ee0b2845627f9cb9d6f3102d4a
d8f5122f4c6986a3c0ddfa1734516e8ba8c5e2ff1c39567390adcae704213e5b
e90623405d7a97b4d1ee0b2845627f9cb9d6f3102d4a6784a1bedbf815324f6c
fa1734516e8ba8c5e2ff1c39567390adcae704213e5b7895b2cfec092643607d
0b2845627f9cb9d6f3102d4a6784a1bedbf815324f6c89a6c3e0fd1a3754718e
1c39567390adcae704213e5b7895b2cfec092643607d9ab7d4f10e2b4865829f
2d4a6784a1bedbf815324f6c89a6c3e0fd1a3754718eabc8e5021f3c597693b0
3e5b7895b2cfec092643607d9ab7d4f10e2b4865829fbcd9f613304d6a87a4c1
4f6c89a6c3e0fd1a3754718eabc8e5021f3c597693b0cdea0724415e7b98b5d2
607d9ab7d4f10e2b4865829fbcd9f613304d6a87a4c1defb1835526f8ca9c6e3
718eabc8e5021f3c597693b0cdea0724415e7b98b5d2ef0c294663809dbad7f4
829fbcd9f613304d6a87a4c1defb1835526f8ca9c6e3001d3a577491aecbe805
93b0cdea0724415e7b98b5d2ef0c294663809dbad7f4112e4b6885a2bfdcf916
a4c1defb1835526f8ca9c6e3001d3a577491aecbe805223f5c7996b3d0ed0a27
b5d2ef0c294663809dbad7f4112e4b6885a2bfdcf91633506d8aa7c4e1fe1b38
c6e3001d3a577491aecbe805223f5c7996b3d0ed0a2744617e9bb8d5f20f2c49
d7f4112e4b6885a2bfdcf91633506d8aa7c4e1fe1b3855728facc9e603203d5a
e805223f5c7996b3d0ed0a2744617e9bb8d5f20f2c496683a0bddaf714314e6b
f91633506d8aa7c4e1fe1b3855728facc9e603203d5a7794b1ceeb0825425f7c
0a2744617e9bb8d5f20f2c496683a0bddaf714314e6b88a5c2dffc193653708d
1b3855728facc9e603203d5a7794b1ceeb0825425f7c99b6d3f00d2a4764819e
2c496683a0bddaf714314e6b88a5c2dffc193653708daac7e4011e3b587592af
3d5a7794b1ceeb0825425f7c99b6d3f00d2a4764819ebbd8f5122f4c6986a3c0
4e6b88a5c2dffc193653708daac7e4011e3b587592afcce90623405d7a97b4d1
5f7c99b6d3f00d2a4764819ebbd8f5122f4c6986a3c0ddfa1734516e8ba8c5e2
708daac7e4011e3b587592afcce90623405d7a97b4d1ee0b2845627f9cb9d6f3
819ebbd8f5122f4c6986a3c0ddfa1734516e8ba8c5e2ff1c39567390adcae704
92afcce90623405d7a97b4d1ee0b2845627f9cb9d6f3102d4a6784a1bedbf815
a3c0ddfa1734516e8ba8c5e2ff1c39567390adcae704213e5b7895b2cfec0926
b4d1ee0b2845627f9cb9d6f3102d4a6784a1bedbf815324f6c89a6c3e0fd1a37
c5e2ff1c39567390adcae704213e5b7895b2cfec092643607d9ab7d4f10e2b48
d6f3102d4a6784a1bedbf815324f6c89a6c3e0fd1a3754718eabc8e5021f3c59
e704213e5b7895b2cfec092643607d9ab7d4f10e2b4865829fbcd9f613304d6a
f815324f6c89a6c3e0fd1a3754718eabc8e5021f3c597693b0cdea0724415e7b
092643607d9ab7d4f10e2b4865829fbcd9f613304d6a87a4c1defb1835526f8c
1a3754718eabc8e5021f3c597693b0cdea0724415e7b98b5d2ef0c294663809d
2b4865829fbcd9f613304d6a87a4c1defb1835526f8ca9c6e3001d3a577491ae
3c597693b0cdea0724415e7b98b5d2ef0c294663809dbad7f4112e4b6885a2bf
4d6a87a4c1defb1835526f8ca9c6e3001d3a577491aecbe805223f5c7996b3d0
5e7b98b5d2ef0c294663809dbad7f4112e4b6885a2bfdcf91633506d8aa7c4e1
6f8ca9c6e3001d3a577491aecbe805223f5c7996b3d0ed0a2744617e9bb8d5f2
809dbad7f4112e4b6885a2bfdcf91633506d8aa7c4e1fe1b3855728facc9e603
91aecbe805223f5c7996b3d0ed0a2744617e9bb8d5f20f2c496683a0bddaf714
a2bfdcf91633506d8aa7c4e1fe1b3855728facc9e603203d5a7794b1ceeb0825
b3d0ed0a2744617e9bb8d5f20f2c496683a0bddaf714314e6b88a5c2dffc1936
c4e1fe1b3855728facc9e603203d5a7794b1ceeb0825425f7c99b6d3f00d2a47
d5f20f2c496683a0bddaf714314e6b88a5c2dffc193653708daac7e4011e3b58
e603203d5a7794b1ceeb0825425f7c99b6d3f00d2a4764819ebbd8f5122f4c69
f714314e6b88a5c2dffc193653708daac7e4011e3b587592afcce90623405d7a
0825425f7c99b6d3f00d2a4764819ebbd8f5122f4c6986a3c0ddfa1734516e8b
193653708daac7e4011e3b587592afcce90623405d7a97b4d1ee0b2845627f9c
2a4764819ebbd8f5122f4c6986a3c0ddfa1734516e8ba8c5e2ff1c39567390ad
3b587592afcce90623405d7a97b4d1ee0b2845627f9cb9d6f3102d4a6784a1be
4c6986a3c0ddfa1734516e8ba8c5e2ff1c39567390adcae704213e5b7895b2cf
5d7a97b4d1ee0b2845627f9cb9d6f3102d4a6784a1bedbf815324f6c89a6c3e0
6e8ba8c5e2ff1c39567390adcae704213e5b7895b2cfec092643607d9ab7d4f1
7f9cb9d6f3102d4a6784a1bedbf815324f6c89a6c3e0fd1a3754718eabc8e502
90adcae704213e5b7895b2cfec092643607d9ab7d4f10e2b4865829fbcd9f613
a1bedbf815324f6c89a6c3e0fd1a3754718eabc8e5021f3c597693b0cdea0724
b2cfec092643607d9ab7d4f10e2b4865829fbcd9f613304d6a87a4c1defb1835
c3e0fd1a3754718eabc8e5021f3c597693b0cdea0724415e7b98b5d2ef0c2946
d4f10e2b4865829fbcd9f613304d6a87a4c1defb1835526f8ca9c6e3001d3a57
e5021f3c597693b0cdea0724415e7b98b5d2ef0c294663809dbad7f4112e4b68
f613304d6a87a4c1defb1835526f8ca9c6e3001d3a577491aecbe805223f5c79
0724415e7b98b5d2ef0c294663809dbad7f4112e4b6885a2bfdcf91633506d8a
1835526f8ca9c6e3001d3a577491aecbe805223f5c7996b3d0ed0a2744617e9b
294663809dbad7f4112e4b6885a2bfdcf91633506d8aa7c4e1fe1b3855728fac
3a577491aecbe805223f5c7996b3d0ed0a2744617e9bb8d5f20f2c496683a0bd
4b6885a2bfdcf91633506d8aa7c4e1fe1b3855728facc9e603203d5a7794b1ce
5c7996b3d0ed0a2744617e9bb8d5f20f2c496683a0bddaf714314e6b88a5c2df
6d8aa7c4e1fe1b3855728facc9e603203d5a7794b1ceeb0825425f7c99b6d3f0
7e9bb8d5f20f2c496683a0bddaf714314e6b88a5c2dffc193653708daac7e401
8facc9e603203d5a7794b1ceeb0825425f7c99b6d3f00d2a4764819ebbd8f512
a0bddaf714314e6b88a5c2dffc193653708daac7e4011e3b587592afcce90623
b1ceeb0825425f7c99b6d3f00d2a4764819ebbd8f5122f4c6986a3c0ddfa1734
c2dffc193653708daac7e4011e3b587592afcce90623405d7a97b4d1ee0b2845
d3f00d2a4764819ebbd8f5122f4c6986a3c0ddfa1734516e8ba8c5e2ff1c3956
e4011e3b587592afcce90623405d7a97b4d1ee0b2845627f9cb9d6f3102d4a67
f5122f4c6986a3c0ddfa1734516e8ba8c5e2ff1c39567390adcae704213e5b78
0623405d7a97b4d1ee0b2845627f9cb9d6f3102d4a6784a1bedbf815324f6c89
1734516e8ba8c5e2ff1c39567390adcae704213e5b7895b2cfec092643607d9a
2845627f9cb9d6f3102d4a6784a1bedbf815324f6c89a6c3e0fd1a3754718eab
39567390adcae704213e5b7895b2cfec092643607d9ab7d4f10e2b4865829fbc
4a6784a1bedbf815324f6c89a6c3e0fd1a3754718eabc8e5021f3c597693b0cd
5b7895b2cfec092643607d9ab7d4f10e2b4865829fbcd9f613304d6a87a4c1de
6c89a6c3e0fd1a3754718eabc8e5021f3c597693b0cdea0724415e7b98b5d2ef
7d9ab7d4f10e2b4865829fbcd9f613304d6a87a4c1defb1835526f8ca9c6e300
8eabc8e5021f3c597693b0cdea0724415e7b98b5d2ef0c294663809dbad7f411
9fbcd9f613304d6a87a4c1defb1835526f8ca9c6e3001d3a577491aecbe80522
b0cdea0724415e7b98b5d2ef0c294663809dbad7f4112e4b6885a2bfdcf91633
c1defb1835526f8ca9c6e3001d3a577491aecbe805223f5c7996b3d0ed0a2744
d2ef0c294663809dbad7f4112e4b6885a2bfdcf91633506d8aa7c4e1fe1b3855
e3001d3a577491aecbe805223f5c7996b3d0ed0a2744617e9bb8d5f20f2c4966
f4112e4b6885a2bfdcf91633506d8aa7c4e1fe1b3855728facc9e603203d5a77
05223f5c7996b3d0ed0a2744617e9bb8d5f20f2c496683a0bddaf714314e6b88
1633506d8aa7c4e1fe1b3855728facc9e603203d5a7794b1ceeb0825425f7c99
2744617e9bb8d5f20f2c496683a0bddaf714314e6b88a5c2dffc193653708daa
3855728facc9e603203d5a7794b1ceeb0825425f7c99b6d3f00d2a4764819ebb
496683a0bddaf714314e6b88a5c2dffc193653708daac7e4011e3b587592afcc
5a7794b1ceeb0825425f7c99b6d3f00d2a4764819ebbd8f5122f4c6986a3c0dd
6b88a5c2dffc193653708daac7e4011e3b587592afcce90623405d7a97b4d1ee
7c99b6d3f00d2a4764819ebbd8f5122f4c6986a3c0ddfa1734516e8ba8c5e2ff
8daac7e4011e3b587592afcce90623405d7a97b4d1ee0b2845627f9cb9d6f310
9ebbd8f5122f4c6986a3c0ddfa1734516e8ba8c5e2ff1c39567390adcae70421
afcce90623405d7a97b4d1ee0b2845627f9cb9d6f3102d4a6784a1bedbf81532
c0ddfa1734516e8ba8c5e2ff1c39567390adcae704213e5b7895b2cfec092643
d1ee0b2845627f9cb9d6f3102d4a6784a1bedbf815324f6c89a6c3e0fd1a3754
e2ff1c39567390adcae704213e5b7895b2cfec092643607d9ab7d4f10e2b4865
f3102d4a6784a1bedbf815324f6c89a6c3e0fd1a3754718eabc8e5021f3c5976
04213e5b7895b2cfec092643607d9ab7d4f10e2b4865829fbcd9f613304d6a87
15324f6c89a6c3e0fd1a3754718eabc8e5021f3c597693b0cdea0724415e7b98
2643607d9ab7d4f10e2b4865829fbcd9f613304d6a87a4c1defb1835526f8ca9
3754718eabc8e5021f3c597693b0cdea0724415e7b98b5d2ef0c294663809dba
4865829fbcd9f613304d6a87a4c1defb1835526f8ca9c6e3001d3a577491aecb
597693b0cdea0724415e7b98b5d2ef0c294663809dbad7f4112e4b6885a2bfdc
6a87a4c1defb1835526f8ca9c6e3001d3a577491aecbe805223f5c7996b3d0ed
7b98b5d2ef0c294663809dbad7f4112e4b6885a2bfdcf91633506d8aa7c4e1fe
8ca9c6e3001d3a577491aecbe805223f5c7996b3d0ed0a2744617e9bb8d5f20f
9dbad7f4112e4b6885a2bfdcf91633506d8aa7c4e1fe1b3855728facc9e60320
aecbe805223f5c7996b3d0ed0a2744617e9bb8d5f20f2c496683a0bddaf71431
bfdcf91633506d8aa7c4e1fe1b3855728facc9e603203d5a7794b1ceeb082542
d0ed0a2744617e9bb8d5f20f2c496683a0bddaf714314e6b88a5c2dffc193653
e1fe1b3855728facc9e603203d5a7794b1ceeb0825425f7c99b6d3f00d2a4764
f20f2c496683a0bddaf714314e6b88a5c2dffc193653708daac7e4011e3b5875
03203d5a7794b1ceeb0825425f7c99b6d3f00d2a4764819ebbd8f5122f4c6986
14314e6b88a5c2dffc193653708daac7e4011e3b587592afcce90623405d7a97
25425f7c99b6d3f00d2a4764819ebbd8f5122f4c6986a3c0ddfa1734516e8ba8
3653708daac7e4011e3b587592afcce90623405d7a97b4d1ee0b2845627f9cb9
4764819ebbd8f5122f4c6986a3c0ddfa1734516e8ba8c5e2ff1c39567390adca
587592afcce90623405d7a97b4d1ee0b2845627f9cb9d6f3102d4a6784a1bedb
6986a3c0ddfa1734516e8ba8c5e2ff1c39567390adcae704213e5b7895b2cfec
7a97b4d1ee0b2845627f9cb9d6f3102d4a6784a1bedbf815324f6c89a6c3e0fd
8ba8c5e2ff1c39567390adcae704213e5b7895b2cfec092643607d9ab7d4f10e
9cb9d6f3102d4a6784a1bedbf815324f6c89a6c3e0fd1a3754718eabc8e5021f
adcae704213e5b7895b2cfec092643607d9ab7d4f10e2b4865829fbcd9f61330
bedbf815324f6c89a6c3e0fd1a3754718eabc8e5021f3c597693b0cdea072441
cfec092643607d9ab7d4f10e2b4865829fbcd9f613304d6a87a4c1defb183552
e0fd1a3754718eabc8e5021f3c597693b0cdea0724415e7b98b5d2ef0c294663
f10e2b4865829fbcd9f613304d6a87a4c1defb1835526f8ca9c6e3001d3a5774
021f3c597693b0cdea0724415e7b98b5d2ef0c294663809dbad7f4112e4b6885
13304d6a87a4c1defb1835526f8ca9c6e3001d3a577491aecbe805223f5c7996
24415e7b98b5d2ef0c294663809dbad7f4112e4b6885a2bfdcf91633506d8aa7
35526f8ca9c6e3001d3a577491aecbe805223f5c7996b3d0ed0a2744617e9bb8
4663809dbad7f4112e4b6885a2bfdcf91633506d8aa7c4e1fe1b3855728facc9
577491aecbe805223f5c7996b3d0ed0a2744617e9bb8d5f20f2c496683a0bdda
6885a2bfdcf91633506d8aa7c4e1fe1b3855728facc9e603203d5a7794b1ceeb
7996b3d0ed0a2744617e9bb8d5f20f2c496683a0bddaf714314e6b88a5c2dffc
8aa7c4e1fe1b3855728facc9e603203d5a7794b1ceeb0825425f7c99b6d3f00d
9bb8d5f20f2c496683a0bddaf714314e6b88a5c2dffc193653708daac7e4011e
acc9e603203d5a7794b1ceeb0825425f7c99b6d3f00d2a4764819ebbd8f5122f
bddaf714314e6b88a5c2dffc193653708daac7e4011e3b587592afcce9062340
ceeb0825425f7c99b6d3f00d2a4764819ebbd8f5122f4c6986a3c0ddfa173451
dffc193653708daac7e4011e3b587592afcce90623405d7a97b4d1ee0b284562
f00d2a4764819ebbd8f5122f4c6986a3c0ddfa1734516e8ba8c5e2ff1c395673
011e3b587592afcce90623405d7a97b4d1ee0b2845627f9cb9d6f3102d4a6784
122f4c6986a3c0ddfa1734516e8ba8c5e2ff1c39567390adcae704213e5b7895
23405d7a97b4d1ee0b2845627f9cb9d6f3102d4a6784a1bedbf815324f6c89a6
34516e8ba8c5e2ff1c39567390adcae704213e5b7895b2cfec092643607d9ab7
45627f9cb9d6f3102d4a6784a1bedbf815324f6c89a6c3e0fd1a3754718eabc8
567390adcae704213e5b7895b2cfec092643607d9ab7d4f10e2b4865829fbcd9
6784a1bedbf815324f6c89a6c3e0fd1a3754718eabc8e5021f3c597693b0cdea
7895b2cfec092643607d9ab7d4f10e2b4865829fbcd9f613304d6a87a4c1defb
89a6c3e0fd1a3754718eabc8e5021f3c597693b0cdea0724415e7b98b5d2ef0c
9ab7d4f10e2b4865829fbcd9f613304d6a87a4c1defb1835526f8ca9c6e3001d
abc8e5021f3c597693b0cdea0724415e7b98b5d2ef0c294663809dbad7f4112e
bcd9f613304d6a87a4c1defb1835526f8ca9c6e3001d3a577491aecbe805223f
cdea0724415e7b98b5d2ef0c294663809dbad7f4112e4b6885a2bfdcf9163350
defb1835526f8ca9c6e3001d3a577491aecbe805223f5c7996b3d0ed0a274461
ef0c294663809dbad7f4112e4b6885a2bfdcf91633506d8aa7c4e1fe1b385572
001d3a577491aecbe805223f5c7996b3d0ed0a2744617e9bb8d5f20f2c496683
112e4b6885a2bfdcf91633506d8aa7c4e1fe1b3855728facc9e603203d5a7794
223f5c7996b3d0ed0a2744617e9bb8d5f20f2c496683a0bddaf714314e6b88a5
33506d8aa7c4e1fe1b3855728facc9e603203d5a7794b1ceeb0825425f7c99b6
44617e9bb8d5f20f2c496683a0bddaf714314e6b88a5c2dffc193653708daac7
55728facc9e603203d5a7794b1ceeb0825425f7c99b6d3f00d2a4764819ebbd8
6683a0bddaf714314e6b88a5c2dffc193653708daac7e4011e3b587592afcce9
7794b1ceeb0825425f7c99b6d3f00d2a4764819ebbd8f5122f4c6986a3c0ddfa
88a5c2dffc193653708daac7e4011e3b587592afcce90623405d7a97b4d1ee0b
99b6d3f00d2a4764819ebbd8f5122f4c6986a3c0ddfa1734516e8ba8c5e2ff1c
aac7e4011e3b587592afcce90623405d7a97b4d1ee0b2845627f9cb9d6f3102d
bbd8f5122f4c6986a3c0ddfa1734516e8ba8c5e2ff1c39567390adcae704213e
cce90623405d7a97b4d1ee0b2845627f9cb9d6f3102d4a6784a1bedbf815324f
ddfa1734516e8ba8c5e2ff1c39567390adcae704213e5b7895b2cfec09264360
ee0b2845627f9cb9d6f3102d4a6784a1bedbf815324f6c89a6c3e0fd1a375471
ff1c39567390adcae704213e5b7895b2cfec092643607d9ab7d4f10e2b486582
102d4a6784a1bedbf815324f6c89a6c3e0fd1a3754718eabc8e5021f3c597693
213e5b7895b2cfec092643607d9ab7d4f10e2b4865829fbcd9f613304d6a87a4
324f6c89a6c3e0fd1a3754718eabc8e5021f3c597693b0cdea0724415e7b98b5
43607d9ab7d4f10e2b4865829fbcd9f613304d6a87a4c1defb1835526f8ca9c6
54718eabc8e5021f3c597693b0cdea0724415e7b98b5d2ef0c294663809dbad7
65829fbcd9f613304d6a87a4c1defb1835526f8ca9c6e3001d3a577491aecbe8
7693b0cdea0724415e7b98b5d2ef0c294663809dbad7f4112e4b6885a2bfdcf9
87a4c1defb1835526f8ca9c6e3001d3a577491aecbe805223f5c7996b3d0ed0a
98b5d2ef0c294663809dbad7f4112e4b6885a2bfdcf91633506d8aa7c4e1fe1b
a9c6e3001d3a577491aecbe805223f5c7996b3d0ed0a2744617e9bb8d5f20f2c
bad7f4112e4b6885a2bfdcf91633506d8aa7c4e1fe1b3855728facc9e603203d
cbe805223f5c7996b3d0ed0a2744617e9bb8d5f20f2c496683a0bddaf714314e
dcf91633506d8aa7c4e1fe1b3855728facc9e603203d5a7794b1ceeb0825425f
ed0a2744617e9bb8d5f20f2c496683a0bddaf714314e6b88a5c2dffc19365370
fe1b3855728facc9e603203d5a7794b1ceeb0825425f7c99b6d3f00d2a476481
0f2c496683a0bddaf714314e6b88a5c2dffc193653708daac7e4011e3b587592
203d5a7794b1ceeb0825425f7c99b6d3f00d2a4764819ebbd8f5122f4c6986a3
314e6b88a5c2dffc193653708daac7e4011e3b587592afcce90623405d7a97b4
425f7c99b6d3f00d2a4764819ebbd8f5122f4c6986a3c0ddfa1734516e8ba8c5
53708daac7e4011e3b587592afcce90623405d7a97b4d1ee0b2845627f9cb9d6
64819ebbd8f5122f4c6986a3c0ddfa1734516e8ba8c5e2ff1c39567390adcae7
7592afcce90623405d7a97b4d1ee0b2845627f9cb9d6f3102d4a6784a1bedbf8
86a3c0ddfa1734516e8ba8c5e2ff1c39567390adcae704213e5b7895b2cfec09
97b4d1ee0b2845627f9cb9d6f3102d4a6784a1bedbf815324f6c89a6c3e0fd1a
a8c5e2ff1c39567390adcae704213e5b7895b2cfec092643607d9ab7d4f10e2b
b9d6f3102d4a6784a1bedbf815324f6c89a6c3e0fd1a3754718eabc8e5021f3c
cae704213e5b7895b2cfec092643607d9ab7d4f10e2b4865829fbcd9f613304d
dbf815324f6c89a6c3e0fd1a3754718eabc8e5021f3c597693b0cdea0724415e
ec092643607d9ab7d4f10e2b4865829fbcd9f613304d6a87a4c1defb1835526f
fd1a3754718eabc8e5021f3c597693b0cdea0724415e7b98b5d2ef0c29466380
0e2b4865829fbcd9f613304d6a87a4c1defb1835526f8ca9c6e3001d3a577491
1f3c597693b0cdea0724415e7b98b5d2ef0c294663809dbad7f4112e4b6885a2
304d6a87a4c1defb1835526f8ca9c6e3001d3a577491aecbe805223f5c7996b3
