5a61686f767d848b9299a0a7aeb5bcc3
676e757c838a91989fa6adb4bbc2c9d0
747b828990979ea5acb3bac1c8cfd6dd
81888f969da4abb2b9c0c7ced5dce3ea
8e959ca3aab1b8bfc6cdd4dbe2e9f0f7
9ba2a9b0b7bec5ccd3dae1e8eff6fd04
a8afb6bdc4cbd2d9e0e7eef5fc030a11
b5bcc3cad1d8dfe6edf4fb020910171e
c2c9d0d7dee5ecf3fa01080f161d242b
cfd6dde4ebf2f900070e151c232a3138
dce3eaf1f8ff060d141b222930373e45
e9f0f7fe050c131a21282f363d444b52
f6fd040b121920272e353c434a51585f
030a11181f262d343b424950575e656c
10171e252c333a41484f565d646b7279
1d242b323940474e555c636a71787f86
2a31383f464d545b626970777e858c93
373e454c535a61686f767d848b9299a0
444b525960676e757c838a91989fa6ad
51585f666d747b828990979ea5acb3ba
5e656c737a81888f969da4abb2b9c0c7
6b727980878e959ca3aab1b8bfc6cdd4
787f868d949ba2a9b0b7bec5ccd3dae1
858c939aa1a8afb6bdc4cbd2d9e0e7ee
9299a0a7aeb5bcc3cad1d8dfe6edf4fb
9fa6adb4bbc2c9d0d7dee5ecf3fa0108
acb3bac1c8cfd6dde4ebf2f900070e15
b9c0c7ced5dce3eaf1f8ff060d141b22
c6cdd4dbe2e9f0f7fe050c131a21282f
d3dae1e8eff6fd040b121920272e353c
e0e7eef5fc030a11181f262d343b4249
edf4fb020910171e252c333a41484f56
fa01080f161d242b323940474e555c63
070e151c232a31383f464d545b626970
141b222930373e454c535a61686f767d
21282f363d444b525960676e757c838a
2e353c434a51585f666d747b82899097
3b424950575e656c737a81888f969da4
484f565d646b727980878e959ca3aab1
555c636a71787f868d949ba2a9b0b7be
626970777e858c939aa1a8afb6bdc4cb
6f767d848b9299a0a7aeb5bcc3cad1d8
7c838a91989fa6adb4bbc2c9d0d7dee5
8990979ea5acb3bac1c8cfd6dde4ebf2
969da4abb2b9c0c7ced5dce3eaf1f8ff
a3aab1b8bfc6cdd4dbe2e9f0f7fe050c
b0b7bec5ccd3dae1e8eff6fd040b1219
bdc4cbd2d9e0e7eef5fc030a11181f26
cad1d8dfe6edf4fb020910171e252c33
d7dee5ecf3fa01080f161d242b323940
e4ebf2f900070e151c232a31383f464d
f1f8ff060d141b222930373e454c535a
fe050c131a21282f363d444b52596067
0b121920272e353c434a51585f666d74
181f262d343b424950575e656c737a81
252c333a41484f565d646b727980878e
323940474e555c636a71787f868d949b
3f464d545b626970777e858c939aa1a8
4c535a61686f767d848b9299a0a7aeb5
5960676e757c838a91989fa6adb4bbc2
666d747b828990979ea5acb3bac1c8cf
737a81888f969da4abb2b9c0c7ced5dc
80878e959ca3aab1b8bfc6cdd4dbe2e9
8d949ba2a9b0b7bec5ccd3dae1e8eff6
9aa1a8afb6bdc4cbd2d9e0e7eef5fc03
a7aeb5bcc3cad1d8dfe6edf4fb020910
b4bbc2c9d0d7dee5ecf3fa01080f161d
c1c8cfd6dde4ebf2f900070e151c232a
ced5dce3eaf1f8ff060d141b22293037
dbe2e9f0f7fe050c131a21282f363d44
e8eff6fd040b121920272e353c434a51
f5fc030a11181f262d343b424950575e
020910171e252c333a41484f565d646b
0f161d242b323940474e555c636a7178
1c232a31383f464d545b626970777e85
2930373e454c535a61686f767d848b92
363d444b525960676e757c838a91989f
434a51585f666d747b828990979ea5ac
50575e656c737a81888f969da4abb2b9
5d646b727980878e959ca3aab1b8bfc6
6a71787f868d949ba2a9b0b7bec5ccd3
777e858c939aa1a8afb6bdc4cbd2d9e0
848b9299a0a7aeb5bcc3cad1d8dfe6ed
91989fa6adb4bbc2c9d0d7dee5ecf3fa
9ea5acb3bac1c8cfd6dde4ebf2f90007
abb2b9c0c7ced5dce3eaf1f8ff060d14
b8bfc6cdd4dbe2e9f0f7fe050c131a21
c5ccd3dae1e8eff6fd040b121920272e
d2d9e0e7eef5fc030a11181f262d343b
dfe6edf4fb020910171e252c333a4148
ecf3fa01080f161d242b323940474e55
f900070e151c232a31383f464d545b62
060d141b222930373e454c535a61686f
131a21282f363d444b525960676e757c
20272e353c434a51585f666d747b8289
2d343b424950575e656c737a81888f96
3a41484f565d646b727980878e959ca3
474e555c636a71787f868d949ba2a9b0
545b626970777e858c939aa1a8afb6bd
61686f767d848b9299a0a7aeb5bcc3ca
6e757c838a91989fa6adb4bbc2c9d0d7
7b828990979ea5acb3bac1c8cfd6dde4
888f969da4abb2b9c0c7ced5dce3eaf1
959ca3aab1b8bfc6cdd4dbe2e9f0f7fe
a2a9b0b7bec5ccd3dae1e8eff6fd040b
afb6bdc4cbd2d9e0e7eef5fc030a1118
bcc3cad1d8dfe6edf4fb020910171e25
c9d0d7dee5ecf3fa01080f161d242b32
d6dde4ebf2f900070e151c232a31383f
e3eaf1f8ff060d141b222930373e454c
f0f7fe050c131a21282f363d444b5259
fd040b121920272e353c434a51585f66
0a11181f262d343b424950575e656c73
171e252c333a41484f565d646b727980
242b323940474e555c636a71787f868d
31383f464d545b626970777e858c939a
3e454c535a61686f767d848b9299a0a7
4b525960676e757c838a91989fa6adb4
585f666d747b828990979ea5acb3bac1
656c737a81888f969da4abb2b9c0c7ce
727980878e959ca3aab1b8bfc6cdd4db
7f868d949ba2a9b0b7bec5ccd3dae1e8
8c939aa1a8afb6bdc4cbd2d9e0e7eef5
99a0a7aeb5bcc3cad1d8dfe6edf4fb02
a6adb4bbc2c9d0d7dee5ecf3fa01080f
b3bac1c8cfd6dde4ebf2f900070e151c
c0c7ced5dce3eaf1f8ff060d141b2229
cdd4dbe2e9f0f7fe050c131a21282f36
dae1e8eff6fd040b121920272e353c43
e7eef5fc030a11181f262d343b424950
f4fb020910171e252c333a41484f565d
01080f161d242b323940474e555c636a
0e151c232a31383f464d545b62697077
1b222930373e454c535a61686f767d84
282f363d444b525960676e757c838a91
353c434a51585f666d747b828990979e
424950575e656c737a81888f969da4ab
4f565d646b727980878e959ca3aab1b8
5c636a71787f868d949ba2a9b0b7bec5
6970777e858c939aa1a8afb6bdc4cbd2
767d848b9299a0a7aeb5bcc3cad1d8df
838a91989fa6adb4bbc2c9d0d7dee5ec
90979ea5acb3bac1c8cfd6dde4ebf2f9
9da4abb2b9c0c7ced5dce3eaf1f8ff06
aab1b8bfc6cdd4dbe2e9f0f7fe050c13
b7bec5ccd3dae1e8eff6fd040b121920
c4cbd2d9e0e7eef5fc030a11181f262d
d1d8dfe6edf4fb020910171e252c333a
dee5ecf3fa01080f161d242b32394047
ebf2f900070e151c232a31383f464d54
f8ff060d141b222930373e454c535a61
050c131a21282f363d444b525960676e
121920272e353c434a51585f666d747b
1f262d343b424950575e656c737a8188
2c333a41484f565d646b727980878e95
3940474e555c636a71787f868d949ba2
464d545b626970777e858c939aa1a8af
535a61686f767d848b9299a0a7aeb5bc
60676e757c838a91989fa6adb4bbc2c9
6d747b828990979ea5acb3bac1c8cfd6
7a81888f969da4abb2b9c0c7ced5dce3
878e959ca3aab1b8bfc6cdd4dbe2e9f0
949ba2a9b0b7bec5ccd3dae1e8eff6fd
a1a8afb6bdc4cbd2d9e0e7eef5fc030a
aeb5bcc3cad1d8dfe6edf4fb02091017
bbc2c9d0d7dee5ecf3fa01080f161d24
c8cfd6dde4ebf2f900070e151c232a31
d5dce3eaf1f8ff060d141b222930373e
e2e9f0f7fe050c131a21282f363d444b
eff6fd040b121920272e353c434a5158
fc030a11181f262d343b424950575e65
0910171e252c333a41484f565d646b72
161d242b323940474e555c636a71787f
232a31383f464d545b626970777e858c
30373e454c535a61686f767d848b9299
3d444b525960676e757c838a91989fa6
4a51585f666d747b828990979ea5acb3
575e656c737a81888f969da4abb2b9c0
646b727980878e959ca3aab1b8bfc6cd
71787f868d949ba2a9b0b7bec5ccd3da
7e858c939aa1a8afb6bdc4cbd2d9e0e7
8b9299a0a7aeb5bcc3cad1d8dfe6edf4
989fa6adb4bbc2c9d0d7dee5ecf3fa01
a5acb3bac1c8cfd6dde4ebf2f900070e
b2b9c0c7ced5dce3eaf1f8ff060d141b
bfc6cdd4dbe2e9f0f7fe050c131a2128
ccd3dae1e8eff6fd040b121920272e35
d9e0e7eef5fc030a11181f262d343b42
e6edf4fb020910171e252c333a41484f
f3fa01080f161d242b323940474e555c
00070e151c232a31383f464d545b6269
0d141b222930373e454c535a61686f76
1a21282f363d444b525960676e757c83
272e353c434a51585f666d747b828990
343b424950575e656c737a81888f969d
41484f565d646b727980878e959ca3aa
4e555c636a71787f868d949ba2a9b0b7
5b626970777e858c939aa1a8afb6bdc4
686f767d848b9299a0a7aeb5bcc3cad1
757c838a91989fa6adb4bbc2c9d0d7de
828990979ea5acb3bac1c8cfd6dde4eb
8f969da4abb2b9c0c7ced5dce3eaf1f8
9ca3aab1b8bfc6cdd4dbe2e9f0f7fe05
a9b0b7bec5ccd3dae1e8eff6fd040b12
b6bdc4cbd2d9e0e7eef5fc030a11181f
c3cad1d8dfe6edf4fb020910171e252c
d0d7dee5ecf3fa01080f161d242b3239
dde4ebf2f900070e151c232a31383f46
eaf1f8ff060d141b222930373e454c53
f7fe050c131a21282f363d444b525960
040b121920272e353c434a51585f666d
11181f262d343b424950575e656c737a
1e252c333a41484f565d646b72798087
2b323940474e555c636a71787f868d94
383f464d545b626970777e858c939aa1
454c535a61686f767d848b9299a0a7ae
525960676e757c838a91989fa6adb4bb
5f666d747b828990979ea5acb3bac1c8
6c737a81888f969da4abb2b9c0c7ced5
7980878e959ca3aab1b8bfc6cdd4dbe2
868d949ba2a9b0b7bec5ccd3dae1e8ef
939aa1a8afb6bdc4cbd2d9e0e7eef5fc
a0a7aeb5bcc3cad1d8dfe6edf4fb0209
adb4bbc2c9d0d7dee5ecf3fa01080f16
bac1c8cfd6dde4ebf2f900070e151c23
c7ced5dce3eaf1f8ff060d141b222930
d4dbe2e9f0f7fe050c131a21282f363d
e1e8eff6fd040b121920272e353c434a
eef5fc030a11181f262d343b42495057
fb020910171e252c333a41484f565d64
080f161d242b323940474e555c636a71
151c232a31383f464d545b626970777e
222930373e454c535a61686f767d848b
2f363d444b525960676e757c838a9198
3c434a51585f666d747b828990979ea5
4950575e656c737a81888f969da4abb2
565d646b727980878e959ca3aab1b8bf
636a71787f868d949ba2a9b0b7bec5cc
70777e858c939aa1a8afb6bdc4cbd2d9
7d848b9299a0a7aeb5bcc3cad1d8dfe6
8a91989fa6adb4bbc2c9d0d7dee5ecf3
979ea5acb3bac1c8cfd6dde4ebf2f900
a4abb2b9c0c7ced5dce3eaf1f8ff060d
b1b8bfc6cdd4dbe2e9f0f7fe050c131a
bec5ccd3dae1e8eff6fd040b12192027
cbd2d9e0e7eef5fc030a11181f262d34
d8dfe6edf4fb020910171e252c333a41
e5ecf3fa01080f161d242b323940474e
f2f900070e151c232a31383f464d545b
ff060d141b222930373e454c535a6168
0c131a21282f363d444b525960676e75
1920272e353c434a51585f666d747b82
262d343b424950575e656c737a81888f
333a41484f565d646b727980878e959c
40474e555c636a71787f868d949ba2a9
4d545b626970777e858c939aa1a8afb6
5a61686f767d848b9299a0a7aeb5bcc3
676e757c838a91989fa6adb4bbc2c9d0
747b828990979ea5acb3bac1c8cfd6dd
81888f969da4abb2b9c0c7ced5dce3ea
8e959ca3aab1b8bfc6cdd4dbe2e9f0f7
9ba2a9b0b7bec5ccd3dae1e8eff6fd04
a8afb6bdc4cbd2d9e0e7eef5fc030a11
b5bcc3cad1d8dfe6edf4fb020910171e
c2c9d0d7dee5ecf3fa01080f161d242b
cfd6dde4ebf2f900070e151c232a3138
dce3eaf1f8ff060d141b222930373e45
e9f0f7fe050c131a21282f363d444b52
f6fd040b121920272e353c434a51585f
030a11181f262d343b424950575e656c
10171e252c333a41484f565d646b7279
1d242b323940474e555c636a71787f86
2a31383f464d545b626970777e858c93
373e454c535a61686f767d848b9299a0
444b525960676e757c838a91989fa6ad
51585f666d747b828990979ea5acb3ba
5e656c737a81888f969da4abb2b9c0c7
6b727980878e959ca3aab1b8bfc6cdd4
787f868d949ba2a9b0b7bec5ccd3dae1
858c939aa1a8afb6bdc4cbd2d9e0e7ee
9299a0a7aeb5bcc3cad1d8dfe6edf4fb
9fa6adb4bbc2c9d0d7dee5ecf3fa0108
acb3bac1c8cfd6dde4ebf2f900070e15
b9c0c7ced5dce3eaf1f8ff060d141b22
c6cdd4dbe2e9f0f7fe050c131a21282f
d3dae1e8eff6fd040b121920272e353c
e0e7eef5fc030a11181f262d343b4249
edf4fb020910171e252c333a41484f56
fa01080f161d242b323940474e555c63
070e151c232a31383f464d545b626970
141b222930373e454c535a61686f767d
21282f363d444b525960676e757c838a
2e353c434a51585f666d747b82899097
3b424950575e656c737a81888f969da4
484f565d646b727980878e959ca3aab1
555c636a71787f868d949ba2a9b0b7be
626970777e858c939aa1a8afb6bdc4cb
6f767d848b9299a0a7aeb5bcc3cad1d8
7c838a91989fa6adb4bbc2c9d0d7dee5
8990979ea5acb3bac1c8cfd6dde4ebf2
969da4abb2b9c0c7ced5dce3eaf1f8ff
a3aab1b8bfc6cdd4dbe2e9f0f7fe050c
b0b7bec5ccd3dae1e8eff6fd040b1219
bdc4cbd2d9e0e7eef5fc030a11181f26
cad1d8dfe6edf4fb020910171e252c33
d7dee5ecf3fa01080f161d242b323940
e4ebf2f900070e151c232a31383f464d
f1f8ff060d141b222930373e454c535a
fe050c131a21282f363d444b52596067
0b121920272e353c434a51585f666d74
181f262d343b424950575e656c737a81
252c333a41484f565d646b727980878e
323940474e555c636a71787f868d949b
3f464d545b626970777e858c939aa1a8
4c535a61686f767d848b9299a0a7aeb5
5960676e757c838a91989fa6adb4bbc2
666d747b828990979ea5acb3bac1c8cf
737a81888f969da4abb2b9c0c7ced5dc
80878e959ca3aab1b8bfc6cdd4dbe2e9
8d949ba2a9b0b7bec5ccd3dae1e8eff6
9aa1a8afb6bdc4cbd2d9e0e7eef5fc03
a7aeb5bcc3cad1d8dfe6edf4fb020910
b4bbc2c9d0d7dee5ecf3fa01080f161d
c1c8cfd6dde4ebf2f900070e151c232a
ced5dce3eaf1f8ff060d141b22293037
dbe2e9f0f7fe050c131a21282f363d44
e8eff6fd040b121920272e353c434a51
f5fc030a11181f262d343b424950575e
020910171e252c333a41484f565d646b
0f161d242b323940474e555c636a7178
1c232a31383f464d545b626970777e85
2930373e454c535a61686f767d848b92
363d444b525960676e757c838a91989f
434a51585f666d747b828990979ea5ac
50575e656c737a81888f969da4abb2b9
5d646b727980878e959ca3aab1b8bfc6
6a71787f868d949ba2a9b0b7bec5ccd3
777e858c939aa1a8afb6bdc4cbd2d9e0
848b9299a0a7aeb5bcc3cad1d8dfe6ed
91989fa6adb4bbc2c9d0d7dee5ecf3fa
9ea5acb3bac1c8cfd6dde4ebf2f90007
abb2b9c0c7ced5dce3eaf1f8ff060d14
b8bfc6cdd4dbe2e9f0f7fe050c131a21
c5ccd3dae1e8eff6fd040b121920272e
d2d9e0e7eef5fc030a11181f262d343b
dfe6edf4fb020910171e252c333a4148
ecf3fa01080f161d242b323940474e55
f900070e151c232a31383f464d545b62
060d141b222930373e454c535a61686f
131a21282f363d444b525960676e757c
20272e353c434a51585f666d747b8289
2d343b424950575e656c737a81888f96
3a41484f565d646b727980878e959ca3
474e555c636a71787f868d949ba2a9b0
545b626970777e858c939aa1a8afb6bd
61686f767d848b9299a0a7aeb5bcc3ca
6e757c838a91989fa6adb4bbc2c9d0d7
7b828990979ea5acb3bac1c8cfd6dde4
888f969da4abb2b9c0c7ced5dce3eaf1
959ca3aab1b8bfc6cdd4dbe2e9f0f7fe
a2a9b0b7bec5ccd3dae1e8eff6fd040b
afb6bdc4cbd2d9e0e7eef5fc030a1118
bcc3cad1d8dfe6edf4fb020910171e25
c9d0d7dee5ecf3fa01080f161d242b32
d6dde4ebf2f900070e151c232a31383f
e3eaf1f8ff060d141b222930373e454c
f0f7fe050c131a21282f363d444b5259
fd040b121920272e353c434a51585f66
0a11181f262d343b424950575e656c73
171e252c333a41484f565d646b727980
242b323940474e555c636a71787f868d
31383f464d545b626970777e858c939a
3e454c535a61686f767d848b9299a0a7
4b525960676e757c838a91989fa6adb4
585f666d747b828990979ea5acb3bac1
656c737a81888f969da4abb2b9c0c7ce
727980878e959ca3aab1b8bfc6cdd4db
7f868d949ba2a9b0b7bec5ccd3dae1e8
8c939aa1a8afb6bdc4cbd2d9e0e7eef5
99a0a7aeb5bcc3cad1d8dfe6edf4fb02
a6adb4bbc2c9d0d7dee5ecf3fa01080f
b3bac1c8cfd6dde4ebf2f900070e151c
c0c7ced5dce3eaf1f8ff060d141b2229
cdd4dbe2e9f0f7fe050c131a21282f36
dae1e8eff6fd040b121920272e353c43
e7eef5fc030a11181f262d343b424950
f4fb020910171e252c333a41484f565d
01080f161d242b323940474e555c636a
0e151c232a31383f464d545b62697077
1b222930373e454c535a61686f767d84
282f363d444b525960676e757c838a91
353c434a51585f666d747b828990979e
424950575e656c737a81888f969da4ab
4f565d646b727980878e959ca3aab1b8
5c636a71787f868d949ba2a9b0b7bec5
6970777e858c939aa1a8afb6bdc4cbd2
767d848b9299a0a7aeb5bcc3cad1d8df
838a91989fa6adb4bbc2c9d0d7dee5ec
90979ea5acb3bac1c8cfd6dde4ebf2f9
9da4abb2b9c0c7ced5dce3eaf1f8ff06
aab1b8bfc6cdd4dbe2e9f0f7fe050c13
b7bec5ccd3dae1e8eff6fd040b121920
c4cbd2d9e0e7eef5fc030a11181f262d
d1d8dfe6edf4fb020910171e252c333a
dee5ecf3fa01080f161d242b32394047
ebf2f900070e151c232a31383f464d54
f8ff060d141b222930373e454c535a61
050c131a21282f363d444b525960676e
121920272e353c434a51585f666d747b
1f262d343b424950575e656c737a8188
2c333a41484f565d646b727980878e95
3940474e555c636a71787f868d949ba2
464d545b626970777e858c939aa1a8af
535a61686f767d848b9299a0a7aeb5bc
60676e757c838a91989fa6adb4bbc2c9
6d747b828990979ea5acb3bac1c8cfd6
7a81888f969da4abb2b9c0c7ced5dce3
878e959ca3aab1b8bfc6cdd4dbe2e9f0
949ba2a9b0b7bec5ccd3dae1e8eff6fd
a1a8afb6bdc4cbd2d9e0e7eef5fc030a
aeb5bcc3cad1d8dfe6edf4fb02091017
bbc2c9d0d7dee5ecf3fa01080f161d24
c8cfd6dde4ebf2f900070e151c232a31
d5dce3eaf1f8ff060d141b222930373e
e2e9f0f7fe050c131a21282f363d444b
eff6fd040b121920272e353c434a5158
fc030a11181f262d343b424950575e65
0910171e252c333a41484f565d646b72
161d242b323940474e555c636a71787f
232a31383f464d545b626970777e858c
30373e454c535a61686f767d848b9299
3d444b525960676e757c838a91989fa6
4a51585f666d747b828990979ea5acb3
575e656c737a81888f969da4abb2b9c0
646b727980878e959ca3aab1b8bfc6cd
71787f868d949ba2a9b0b7bec5ccd3da
7e858c939aa1a8afb6bdc4cbd2d9e0e7
8b9299a0a7aeb5bcc3cad1d8dfe6edf4
989fa6adb4bbc2c9d0d7dee5ecf3fa01
a5acb3bac1c8cfd6dde4ebf2f900070e
b2b9c0c7ced5dce3eaf1f8ff060d141b
bfc6cdd4dbe2e9f0f7fe050c131a2128
ccd3dae1e8eff6fd040b121920272e35
d9e0e7eef5fc030a11181f262d343b42
e6edf4fb020910171e252c333a41484f
f3fa01080f161d242b323940474e555c
00070e151c232a31383f464d545b6269
0d141b222930373e454c535a61686f76
1a21282f363d444b525960676e757c83
272e353c434a51585f666d747b828990
343b424950575e656c737a81888f969d
41484f565d646b727980878e959ca3aa
4e555c636a71787f868d949ba2a9b0b7
5b626970777e858c939aa1a8afb6bdc4
686f767d848b9299a0a7aeb5bcc3cad1
757c838a91989fa6adb4bbc2c9d0d7de
828990979ea5acb3bac1c8cfd6dde4eb
8f969da4abb2b9c0c7ced5dce3eaf1f8
9ca3aab1b8bfc6cdd4dbe2e9f0f7fe05
a9b0b7bec5ccd3dae1e8eff6fd040b12
b6bdc4cbd2d9e0e7eef5fc030a11181f
c3cad1d8dfe6edf4fb020910171e252c
d0d7dee5ecf3fa01080f161d242b3239
dde4ebf2f900070e151c232a31383f46
eaf1f8ff060d141b222930373e454c53
f7fe050c131a21282f363d444b525960
040b121920272e353c434a51585f666d
11181f262d343b424950575e656c737a
1e252c333a41484f565d646b72798087
2b323940474e555c636a71787f868d94
383f464d545b626970777e858c939aa1
454c535a61686f767d848b9299a0a7ae
525960676e757c838a91989fa6adb4bb
5f666d747b828990979ea5acb3bac1c8
6c737a81888f969da4abb2b9c0c7ced5
7980878e959ca3aab1b8bfc6cdd4dbe2
868d949ba2a9b0b7bec5ccd3dae1e8ef
939aa1a8afb6bdc4cbd2d9e0e7eef5fc
a0a7aeb5bcc3cad1d8dfe6edf4fb0209
adb4bbc2c9d0d7dee5ecf3fa01080f16
bac1c8cfd6dde4ebf2f900070e151c23
c7ced5dce3eaf1f8ff060d141b222930
d4dbe2e9f0f7fe050c131a21282f363d
e1e8eff6fd040b121920272e353c434a
eef5fc030a11181f262d343b42495057
fb020910171e252c333a41484f565d64
080f161d242b323940474e555c636a71
151c232a31383f464d545b626970777e
222930373e454c535a61686f767d848b
2f363d444b525960676e757c838a9198
3c434a51585f666d747b828990979ea5
4950575e656c737a81888f969da4abb2
565d646b727980878e959ca3aab1b8bf
636a71787f868d949ba2a9b0b7bec5cc
70777e858c939aa1a8afb6bdc4cbd2d9
7d848b9299a0a7aeb5bcc3cad1d8dfe6
8a91989fa6adb4bbc2c9d0d7dee5ecf3
979ea5acb3bac1c8cfd6dde4ebf2f900
a4abb2b9c0c7ced5dce3eaf1f8ff060d
b1b8bfc6cdd4dbe2e9f0f7fe050c131a
bec5ccd3dae1e8eff6fd040b12192027
cbd2d9e0e7eef5fc030a11181f262d34
d8dfe6edf4fb020910171e252c333a41
e5ecf3fa01080f161d242b323940474e
f2f900070e151c232a31383f464d545b
ff060d141b222930373e454c535a6168
0c131a21282f363d444b525960676e75
1920272e353c434a51585f666d747b82
262d343b424950575e656c737a81888f
333a41484f565d646b727980878e959c
40474e555c636a71787f868d949ba2a9
4d545b626970777e858c939aa1a8afb6
5a61686f767d848b9299a0a7aeb5bcc3
676e757c838a91989fa6adb4bbc2c9d0
747b828990979ea5acb3bac1c8cfd6dd
81888f969da4abb2b9c0c7ced5dce3ea
8e959ca3aab1b8bfc6cdd4dbe2e9f0f7
9ba2a9b0b7bec5ccd3dae1e8eff6fd04
a8afb6bdc4cbd2d9e0e7eef5fc030a11
b5bcc3cad1d8dfe6edf4fb020910171e
c2c9d0d7dee5ecf3fa01080f161d242b
cfd6dde4ebf2f900070e151c232a3138
dce3eaf1f8ff060d141b222930373e45
e9f0f7fe050c131a21282f363d444b52
f6fd040b121920272e353c434a51585f
030a11181f262d343b424950575e656c
10171e252c333a41484f565d646b7279
1d242b323940474e555c636a71787f86
2a31383f464d545b626970777e858c93
373e454c535a61686f767d848b9299a0
444b525960676e757c838a91989fa6ad
51585f666d747b828990979ea5acb3ba
5e656c737a81888f969da4abb2b9c0c7
6b727980878e959ca3aab1b8bfc6cdd4
787f868d949ba2a9b0b7bec5ccd3dae1
858c939aa1a8afb6bdc4cbd2d9e0e7ee
9299a0a7aeb5bcc3cad1d8dfe6edf4fb
9fa6adb4bbc2c9d0d7dee5ecf3fa0108
acb3bac1c8cfd6dde4ebf2f900070e15
b9c0c7ced5dce3eaf1f8ff060d141b22
c6cdd4dbe2e9f0f7fe050c131a21282f
d3dae1e8eff6fd040b121920272e353c
e0e7eef5fc030a11181f262d343b4249
edf4fb020910171e252c333a41484f56
fa01080f161d242b323940474e555c63
070e151c232a31383f464d545b626970
141b222930373e454c535a61686f767d
21282f363d444b525960676e757c838a
2e353c434a51585f666d747b82899097
3b424950575e656c737a81888f969da4
484f565d646b727980878e959ca3aab1
555c636a71787f868d949ba2a9b0b7be
626970777e858c939aa1a8afb6bdc4cb
6f767d848b9299a0a7aeb5bcc3cad1d8
7c838a91989fa6adb4bbc2c9d0d7dee5
8990979ea5acb3bac1c8cfd6dde4ebf2
969da4abb2b9c0c7ced5dce3eaf1f8ff
a3aab1b8bfc6cdd4dbe2e9f0f7fe050c
b0b7bec5ccd3dae1e8eff6fd040b1219
bdc4cbd2d9e0e7eef5fc030a11181f26
cad1d8dfe6edf4fb020910171e252c33
d7dee5ecf3fa01080f161d242b323940
e4ebf2f900070e151c232a31383f464d
f1f8ff060d141b222930373e454c535a
fe050c131a21282f363d444b52596067
0b121920272e353c434a51585f666d74
181f262d343b424950575e656c737a81
252c333a41484f565d646b727980878e
323940474e555c636a71787f868d949b
3f464d545b626970777e858c939aa1a8
4c535a61686f767d848b9299a0a7aeb5
5960676e757c838a91989fa6adb4bbc2
666d747b828990979ea5acb3bac1c8cf
737a81888f969da4abb2b9c0c7ced5dc
80878e959ca3aab1b8bfc6cdd4dbe2e9
8d949ba2a9b0b7bec5ccd3dae1e8eff6
9aa1a8afb6bdc4cbd2d9e0e7eef5fc03
a7aeb5bcc3cad1d8dfe6edf4fb020910
b4bbc2c9d0d7dee5ecf3fa01080f161d
c1c8cfd6dde4ebf2f900070e151c232a
ced5dce3eaf1f8ff060d141b22293037
dbe2e9f0f7fe050c131a21282f363d44
e8eff6fd040b121920272e353c434a51
f5fc030a11181f262d343b424950575e
020910171e252c333a41484f565d646b
0f161d242b323940474e555c636a7178
1c232a31383f464d545b626970777e85
2930373e454c535a61686f767d848b92
363d444b525960676e757c838a91989f
434a51585f666d747b828990979ea5ac
50575e656c737a81888f969da4abb2b9
5d646b727980878e959ca3aab1b8bfc6
6a71787f868d949ba2a9b0b7bec5ccd3
777e858c939aa1a8afb6bdc4cbd2d9e0
848b9299a0a7aeb5bcc3cad1d8dfe6ed
91989fa6adb4bbc2c9d0d7dee5ecf3fa
9ea5acb3bac1c8cfd6dde4ebf2f90007
abb2b9c0c7ced5dce3eaf1f8ff060d14
b8bfc6cdd4dbe2e9f0f7fe050c131a21
c5ccd3dae1e8eff6fd040b121920272e
d2d9e0e7eef5fc030a11181f262d343b
dfe6edf4fb020910171e252c333a4148
ecf3fa01080f161d242b323940474e55
f900070e151c232a31383f464d545b62
060d141b222930373e454c535a61686f
131a21282f363d444b525960676e757c
20272e353c434a51585f666d747b8289
2d343b424950575e656c737a81888f96
3a41484f565d646b727980878e959ca3
474e555c636a71787f868d949ba2a9b0
545b626970777e858c939aa1a8afb6bd
61686f767d848b9299a0a7aeb5bcc3ca
6e757c838a91989fa6adb4bbc2c9d0d7
7b828990979ea5acb3bac1c8cfd6dde4
888f969da4abb2b9c0c7ced5dce3eaf1
959ca3aab1b8bfc6cdd4dbe2e9f0f7fe
a2a9b0b7bec5ccd3dae1e8eff6fd040b
afb6bdc4cbd2d9e0e7eef5fc030a1118
bcc3cad1d8dfe6edf4fb020910171e25
c9d0d7dee5ecf3fa01080f161d242b32
d6dde4ebf2f900070e151c232a31383f
e3eaf1f8ff060d141b222930373e454c
f0f7fe050c131a21282f363d444b5259
fd040b121920272e353c434a51585f66
0a11181f262d343b424950575e656c73
171e252c333a41484f565d646b727980
242b323940474e555c636a71787f868d
31383f464d545b626970777e858c939a
3e454c535a61686f767d848b9299a0a7
4b525960676e757c838a91989fa6adb4
585f666d747b828990979ea5acb3bac1
656c737a81888f969da4abb2b9c0c7ce
727980878e959ca3aab1b8bfc6cdd4db
7f868d949ba2a9b0b7bec5ccd3dae1e8
8c939aa1a8afb6bdc4cbd2d9e0e7eef5
99a0a7aeb5bcc3cad1d8dfe6edf4fb02
a6adb4bbc2c9d0d7dee5ecf3fa01080f
b3bac1c8cfd6dde4ebf2f900070e151c
c0c7ced5dce3eaf1f8ff060d141b2229
cdd4dbe2e9f0f7fe050c131a21282f36
dae1e8eff6fd040b121920272e353c43
e7eef5fc030a11181f262d343b424950
f4fb020910171e252c333a41484f565d
01080f161d242b323940474e555c636a
0e151c232a31383f464d545b62697077
1b222930373e454c535a61686f767d84
282f363d444b525960676e757c838a91
353c434a51585f666d747b828990979e
424950575e656c737a81888f969da4ab
4f565d646b727980878e959ca3aab1b8
5c636a71787f868d949ba2a9b0b7bec5
6970777e858c939aa1a8afb6bdc4cbd2
767d848b9299a0a7aeb5bcc3cad1d8df
838a91989fa6adb4bbc2c9d0d7dee5ec
90979ea5acb3bac1c8cfd6dde4ebf2f9
9da4abb2b9c0c7ced5dce3eaf1f8ff06
aab1b8bfc6cdd4dbe2e9f0f7fe050c13
b7bec5ccd3dae1e8eff6fd040b121920
c4cbd2d9e0e7eef5fc030a11181f262d
d1d8dfe6edf4fb020910171e252c333a
dee5ecf3fa01080f161d242b32394047
ebf2f900070e151c232a31383f464d54
f8ff060d141b222930373e454c535a61
050c131a21282f363d444b525960676e
121920272e353c434a51585f666d747b
1f262d343b424950575e656c737a8188
2c333a41484f565d646b727980878e95
3940474e555c636a71787f868d949ba2
464d545b626970777e858c939aa1a8af
535a61686f767d848b9299a0a7aeb5bc
60676e757c838a91989fa6adb4bbc2c9
6d747b828990979ea5acb3bac1c8cfd6
7a81888f969da4abb2b9c0c7ced5dce3
878e959ca3aab1b8bfc6cdd4dbe2e9f0
949ba2a9b0b7bec5ccd3dae1e8eff6fd
a1a8afb6bdc4cbd2d9e0e7eef5fc030a
aeb5bcc3cad1d8dfe6edf4fb02091017
bbc2c9d0d7dee5ecf3fa01080f161d24
c8cfd6dde4ebf2f900070e151c232a31
d5dce3eaf1f8ff060d141b222930373e
e2e9f0f7fe050c131a21282f363d444b
eff6fd040b121920272e353c434a5158
fc030a11181f262d343b424950575e65
0910171e252c333a41484f565d646b72
161d242b323940474e555c636a71787f
232a31383f464d545b626970777e858c
30373e454c535a61686f767d848b9299
3d444b525960676e757c838a91989fa6
4a51585f666d747b828990979ea5acb3
575e656c737a81888f969da4abb2b9c0
646b727980878e959ca3aab1b8bfc6cd
71787f868d949ba2a9b0b7bec5ccd3da
7e858c939aa1a8afb6bdc4cbd2d9e0e7
8b9299a0a7aeb5bcc3cad1d8dfe6edf4
989fa6adb4bbc2c9d0d7dee5ecf3fa01
a5acb3bac1c8cfd6dde4ebf2f900070e
b2b9c0c7ced5dce3eaf1f8ff060d141b
bfc6cdd4dbe2e9f0f7fe050c131a2128
ccd3dae1e8eff6fd040b121920272e35
d9e0e7eef5fc030a11181f262d343b42
e6edf4fb020910171e252c333a41484f
f3fa01080f161d242b323940474e555c
00070e151c232a31383f464d545b6269
0d141b222930373e454c535a61686f76
1a21282f363d444b525960676e757c83
272e353c434a51585f666d747b828990
343b424950575e656c737a81888f969d
41484f565d646b727980878e959ca3aa
4e555c636a71787f868d949ba2a9b0b7
5b626970777e858c939aa1a8afb6bdc4
686f767d848b9299a0a7aeb5bcc3cad1
757c838a91989fa6adb4bbc2c9d0d7de
828990979ea5acb3bac1c8cfd6dde4eb
8f969da4abb2b9c0c7ced5dce3eaf1f8
9ca3aab1b8bfc6cdd4dbe2e9f0f7fe05
a9b0b7bec5ccd3dae1e8eff6fd040b12
b6bdc4cbd2d9e0e7eef5fc030a11181f
c3cad1d8dfe6edf4fb020910171e252c
d0d7dee5ecf3fa01080f161d242b3239
dde4ebf2f900070e151c232a31383f46
eaf1f8ff060d141b222930373e454c53
f7fe050c131a21282f363d444b525960
040b121920272e353c434a51585f666d
11181f262d343b424950575e656c737a
1e252c333a41484f565d646b72798087
2b323940474e555c636a71787f868d94
383f464d545b626970777e858c939aa1
454c535a61686f767d848b9299a0a7ae
525960676e757c838a91989fa6adb4bb
5f666d747b828990979ea5acb3bac1c8
6c737a81888f969da4abb2b9c0c7ced5
7980878e959ca3aab1b8bfc6cdd4dbe2
868d949ba2a9b0b7bec5ccd3dae1e8ef
939aa1a8afb6bdc4cbd2d9e0e7eef5fc
a0a7aeb5bcc3cad1d8dfe6edf4fb0209
adb4bbc2c9d0d7dee5ecf3fa01080f16
bac1c8cfd6dde4ebf2f900070e151c23
c7ced5dce3eaf1f8ff060d141b222930
d4dbe2e9f0f7fe050c131a21282f363d
e1e8eff6fd040b121920272e353c434a
eef5fc030a11181f262d343b42495057
fb020910171e252c333a41484f565d64
080f161d242b323940474e555c636a71
151c232a31383f464d545b626970777e
222930373e454c535a61686f767d848b
2f363d444b525960676e757c838a9198
3c434a51585f666d747b828990979ea5
4950575e656c737a81888f969da4abb2
565d646b727980878e959ca3aab1b8bf
636a71787f868d949ba2a9b0b7bec5cc
70777e858c939aa1a8afb6bdc4cbd2d9
7d848b9299a0a7aeb5bcc3cad1d8dfe6
8a91989fa6adb4bbc2c9d0d7dee5ecf3
979ea5acb3bac1c8cfd6dde4ebf2f900
a4abb2b9c0c7ced5dce3eaf1f8ff060d
b1b8bfc6cdd4dbe2e9f0f7fe050c131a
bec5ccd3dae1e8eff6fd040b12192027
cbd2d9e0e7eef5fc030a11181f262d34
d8dfe6edf4fb020910171e252c333a41
e5ecf3fa01080f161d242b323940474e
f2f900070e151c232a31383f464d545b
ff060d141b222930373e454c535a6168
0c131a21282f363d444b525960676e75
1920272e353c434a51585f666d747b82
262d343b424950575e656c737a81888f
333a41484f565d646b727980878e959c
40474e555c636a71787f868d949ba2a9
4d545b626970777e858c939aa1a8afb6
5a61686f767d848b9299a0a7aeb5bcc3
676e757c838a91989fa6adb4bbc2c9d0
747b828990979ea5acb3bac1c8cfd6dd
81888f969da4abb2b9c0c7ced5dce3ea
8e959ca3aab1b8bfc6cdd4dbe2e9f0f7
9ba2a9b0b7bec5ccd3dae1e8eff6fd04
a8afb6bdc4cbd2d9e0e7eef5fc030a11
b5bcc3cad1d8dfe6edf4fb020910171e
c2c9d0d7dee5ecf3fa01080f161d242b
cfd6dde4ebf2f900070e151c232a3138
dce3eaf1f8ff060d141b222930373e45
e9f0f7fe050c131a21282f363d444b52
f6fd040b121920272e353c434a51585f
030a11181f262d343b424950575e656c
10171e252c333a41484f565d646b7279
1d242b323940474e555c636a71787f86
2a31383f464d545b626970777e858c93
373e454c535a61686f767d848b9299a0
444b525960676e757c838a91989fa6ad
51585f666d747b828990979ea5acb3ba
5e656c737a81888f969da4abb2b9c0c7
6b727980878e959ca3aab1b8bfc6cdd4
787f868d949ba2a9b0b7bec5ccd3dae1
858c939aa1a8afb6bdc4cbd2d9e0e7ee
9299a0a7aeb5bcc3cad1d8dfe6edf4fb
9fa6adb4bbc2c9d0d7dee5ecf3fa0108
acb3bac1c8cfd6dde4ebf2f900070e15
b9c0c7ced5dce3eaf1f8ff060d141b22
c6cdd4dbe2e9f0f7fe050c131a21282f
d3dae1e8eff6fd040b121920272e353c
e0e7eef5fc030a11181f262d343b4249
edf4fb020910171e252c333a41484f56
fa01080f161d242b323940474e555c63
070e151c232a31383f464d545b626970
141b222930373e454c535a61686f767d
21282f363d444b525960676e757c838a
2e353c434a51585f666d747b82899097
3b424950575e656c737a81888f969da4
484f565d646b727980878e959ca3aab1
555c636a71787f868d949ba2a9b0b7be
626970777e858c939aa1a8afb6bdc4cb
6f767d848b9299a0a7aeb5bcc3cad1d8
7c838a91989fa6adb4bbc2c9d0d7dee5
8990979ea5acb3bac1c8cfd6dde4ebf2
969da4abb2b9c0c7ced5dce3eaf1f8ff
a3aab1b8bfc6cdd4dbe2e9f0f7fe050c
b0b7bec5ccd3dae1e8eff6fd040b1219
bdc4cbd2d9e0e7eef5fc030a11181f26
cad1d8dfe6edf4fb020910171e252c33
d7dee5ecf3fa01080f161d242b323940
e4ebf2f900070e151c232a31383f464d
f1f8ff060d141b222930373e454c535a
fe050c131a21282f363d444b52596067
0b121920272e353c434a51585f666d74
181f262d343b424950575e656c737a81
252c333a41484f565d646b727980878e
323940474e555c636a71787f868d949b
3f464d545b626970777e858c939aa1a8
4c535a61686f767d848b9299a0a7aeb5
5960676e757c838a91989fa6adb4bbc2
666d747b828990979ea5acb3bac1c8cf
737a81888f969da4abb2b9c0c7ced5dc
80878e959ca3aab1b8bfc6cdd4dbe2e9
8d949ba2a9b0b7bec5ccd3dae1e8eff6
9aa1a8afb6bdc4cbd2d9e0e7eef5fc03
a7aeb5bcc3cad1d8dfe6edf4fb020910
b4bbc2c9d0d7dee5ecf3fa01080f161d
c1c8cfd6dde4ebf2f900070e151c232a
ced5dce3eaf1f8ff060d141b22293037
dbe2e9f0f7fe050c131a21282f363d44
e8eff6fd040b121920272e353c434a51
f5fc030a11181f262d343b424950575e
020910171e252c333a41484f565d646b
0f161d242b323940474e555c636a7178
1c232a31383f464d545b626970777e85
2930373e454c535a61686f767d848b92
363d444b525960676e757c838a91989f
434a51585f666d747b828990979ea5ac
50575e656c737a81888f969da4abb2b9
5d646b727980878e959ca3aab1b8bfc6
6a71787f868d949ba2a9b0b7bec5ccd3
777e858c939aa1a8afb6bdc4cbd2d9e0
848b9299a0a7aeb5bcc3cad1d8dfe6ed
91989fa6adb4bbc2c9d0d7dee5ecf3fa
9ea5acb3bac1c8cfd6dde4ebf2f90007
abb2b9c0c7ced5dce3eaf1f8ff060d14
b8bfc6cdd4dbe2e9f0f7fe050c131a21
c5ccd3dae1e8eff6fd040b121920272e
d2d9e0e7eef5fc030a11181f262d343b
dfe6edf4fb020910171e252c333a4148
ecf3fa01080f161d242b323940474e55
f900070e151c232a31383f464d545b62
060d141b222930373e454c535a61686f
131a21282f363d444b525960676e757c
20272e353c434a51585f666d747b8289
2d343b424950575e656c737a81888f96
3a41484f565d646b727980878e959ca3
474e555c636a71787f868d949ba2a9b0
545b626970777e858c939aa1a8afb6bd
61686f767d848b9299a0a7aeb5bcc3ca
6e757c838a91989fa6adb4bbc2c9d0d7
7b828990979ea5acb3bac1c8cfd6dde4
888f969da4abb2b9c0c7ced5dce3eaf1
959ca3aab1b8bfc6cdd4dbe2e9f0f7fe
a2a9b0b7bec5ccd3dae1e8eff6fd040b
afb6bdc4cbd2d9e0e7eef5fc030a1118
bcc3cad1d8dfe6edf4fb020910171e25
c9d0d7dee5ecf3fa01080f161d242b32
d6dde4ebf2f900070e151c232a31383f
e3eaf1f8ff060d141b222930373e454c
f0f7fe050c131a21282f363d444b5259
fd040b121920272e353c434a51585f66
0a11181f262d343b424950575e656c73
171e252c333a41484f565d646b727980
242b323940474e555c636a71787f868d
31383f464d545b626970777e858c939a
3e454c535a61686f767d848b9299a0a7
4b525960676e757c838a91989fa6adb4
585f666d747b828990979ea5acb3bac1
656c737a81888f969da4abb2b9c0c7ce
727980878e959ca3aab1b8bfc6cdd4db
7f868d949ba2a9b0b7bec5ccd3dae1e8
8c939aa1a8afb6bdc4cbd2d9e0e7eef5
99a0a7aeb5bcc3cad1d8dfe6edf4fb02
a6adb4bbc2c9d0d7dee5ecf3fa01080f
b3bac1c8cfd6dde4ebf2f900070e151c
c0c7ced5dce3eaf1f8ff060d141b2229
cdd4dbe2e9f0f7fe050c131a21282f36
dae1e8eff6fd040b121920272e353c43
e7eef5fc030a11181f262d343b424950
f4fb020910171e252c333a41484f565d
01080f161d242b323940474e555c636a
0e151c232a31383f464d545b62697077
1b222930373e454c535a61686f767d84
282f363d444b525960676e757c838a91
353c434a51585f666d747b828990979e
424950575e656c737a81888f969da4ab
4f565d646b727980878e959ca3aab1b8
5c636a71787f868d949ba2a9b0b7bec5
6970777e858c939aa1a8afb6bdc4cbd2
767d848b9299a0a7aeb5bcc3cad1d8df
838a91989fa6adb4bbc2c9d0d7dee5ec
90979ea5acb3bac1c8cfd6dde4ebf2f9
9da4abb2b9c0c7ced5dce3eaf1f8ff06
aab1b8bfc6cdd4dbe2e9f0f7fe050c13
b7bec5ccd3dae1e8eff6fd040b121920
c4cbd2d9e0e7eef5fc030a11181f262d
d1d8dfe6edf4fb020910171e252c333a
dee5ecf3fa01080f161d242b32394047
ebf2f900070e151c232a31383f464d54
f8ff060d141b222930373e454c535a61
050c131a21282f363d444b525960676e
121920272e353c434a51585f666d747b
1f262d343b424950575e656c737a8188
2c333a41484f565d646b727980878e95
3940474e555c636a71787f868d949ba2
464d545b626970777e858c939aa1a8af
535a61686f767d848b9299a0a7aeb5bc
60676e757c838a91989fa6adb4bbc2c9
6d747b828990979ea5acb3bac1c8cfd6
7a81888f969da4abb2b9c0c7ced5dce3
878e959ca3aab1b8bfc6cdd4dbe2e9f0
949ba2a9b0b7bec5ccd3dae1e8eff6fd
a1a8afb6bdc4cbd2d9e0e7eef5fc030a
aeb5bcc3cad1d8dfe6edf4fb02091017
bbc2c9d0d7dee5ecf3fa01080f161d24
c8cfd6dde4ebf2f900070e151c232a31
d5dce3eaf1f8ff060d141b222930373e
e2e9f0f7fe050c131a21282f363d444b
eff6fd040b121920272e353c434a5158
fc030a11181f262d343b424950575e65
0910171e252c333a41484f565d646b72
161d242b323940474e555c636a71787f
232a31383f464d545b626970777e858c
30373e454c535a61686f767d848b9299
3d444b525960676e757c838a91989fa6
4a51585f666d747b828990979ea5acb3
575e656c737a81888f969da4abb2b9c0
646b727980878e959ca3aab1b8bfc6cd
71787f868d949ba2a9b0b7bec5ccd3da
7e858c939aa1a8afb6bdc4cbd2d9e0e7
8b9299a0a7aeb5bcc3cad1d8dfe6edf4
989fa6adb4bbc2c9d0d7dee5ecf3fa01
a5acb3bac1c8cfd6dde4ebf2f900070e
b2b9c0c7ced5dce3eaf1f8ff060d141b
bfc6cdd4dbe2e9f0f7fe050c131a2128
ccd3dae1e8eff6fd040b121920272e35
d9e0e7eef5fc030a11181f262d343b42
e6edf4fb020910171e252c333a41484f
f3fa01080f161d242b323940474e555c
00070e151c232a31383f464d545b6269
0d141b222930373e454c535a61686f76
1a21282f363d444b525960676e757c83
272e353c434a51585f666d747b828990
343b424950575e656c737a81888f969d
41484f565d646b727980878e959ca3aa
4e555c636a71787f868d949ba2a9b0b7
5b626970777e858c939aa1a8afb6bdc4
686f767d848b9299a0a7aeb5bcc3cad1
757c838a91989fa6adb4bbc2c9d0d7de
828990979ea5acb3bac1c8cfd6dde4eb
8f969da4abb2b9c0c7ced5dce3eaf1f8
9ca3aab1b8bfc6cdd4dbe2e9f0f7fe05
a9b0b7bec5ccd3dae1e8eff6fd040b12
b6bdc4cbd2d9e0e7eef5fc030a11181f
c3cad1d8dfe6edf4fb020910171e252c
d0d7dee5ecf3fa01080f161d242b3239
dde4ebf2f900070e151c232a31383f46
eaf1f8ff060d141b222930373e454c53
f7fe050c131a21282f363d444b525960
040b121920272e353c434a51585f666d
11181f262d343b424950575e656c737a
1e252c333a41484f565d646b72798087
2b323940474e555c636a71787f868d94
383f464d545b626970777e858c939aa1
454c535a61686f767d848b9299a0a7ae
525960676e757c838a91989fa6adb4bb
5f666d747b828990979ea5acb3bac1c8
6c737a81888f969da4abb2b9c0c7ced5
7980878e959ca3aab1b8bfc6cdd4dbe2
868d949ba2a9b0b7bec5ccd3dae1e8ef
939aa1a8afb6bdc4cbd2d9e0e7eef5fc
a0a7aeb5bcc3cad1d8dfe6edf4fb0209
adb4bbc2c9d0d7dee5ecf3fa01080f16
bac1c8cfd6dde4ebf2f900070e151c23
c7ced5dce3eaf1f8ff060d141b222930
d4dbe2e9f0f7fe050c131a21282f363d
e1e8eff6fd040b121920272e353c434a
eef5fc030a11181f262d343b42495057
fb020910171e252c333a41484f565d64
080f161d242b323940474e555c636a71
151c232a31383f464d545b626970777e
222930373e454c535a61686f767d848b
2f363d444b525960676e757c838a9198
3c434a51585f666d747b828990979ea5
4950575e656c737a81888f969da4abb2
565d646b727980878e959ca3aab1b8bf
636a71787f868d949ba2a9b0b7bec5cc
70777e858c939aa1a8afb6bdc4cbd2d9
7d848b9299a0a7aeb5bcc3cad1d8dfe6
8a91989fa6adb4bbc2c9d0d7dee5ecf3
979ea5acb3bac1c8cfd6dde4ebf2f900
a4abb2b9c0c7ced5dce3eaf1f8ff060d
b1b8bfc6cdd4dbe2e9f0f7fe050c131a
bec5ccd3dae1e8eff6fd040b12192027
cbd2d9e0e7eef5fc030a11181f262d34
d8dfe6edf4fb020910171e252c333a41
e5ecf3fa01080f161d242b323940474e
f2f900070e151c232a31383f464d545b
ff060d141b222930373e454c535a6168
0c131a21282f363d444b525960676e75
1920272e353c434a51585f666d747b82
262d343b424950575e656c737a81888f
333a41484f565d646b727980878e959c
40474e555c636a71787f868d949ba2a9
4d545b626970777e858c939aa1a8afb6
5a61686f767d848b9299a0a7aeb5bcc3
676e757c838a91989fa6adb4bbc2c9d0
747b828990979ea5acb3bac1c8cfd6dd
81888f969da4abb2b9c0c7ced5dce3ea
8e959ca3aab1b8bfc6cdd4dbe2e9f0f7
9ba2a9b0b7bec5ccd3dae1e8eff6fd04
a8afb6bdc4cbd2d9e0e7eef5fc030a11
b5bcc3cad1d8dfe6edf4fb020910171e
c2c9d0d7dee5ecf3fa01080f161d242b
cfd6dde4ebf2f900070e151c232a3138
dce3eaf1f8ff060d141b222930373e45
e9f0f7fe050c131a21282f363d444b52
f6fd040b121920272e353c434a51585f
030a11181f262d343b424950575e656c
10171e252c333a41484f565d646b7279
1d242b323940474e555c636a71787f86
2a31383f464d545b626970777e858c93
373e454c535a61686f767d848b9299a0
444b525960676e757c838a91989fa6ad
51585f666d747b828990979ea5acb3ba
5e656c737a81888f969da4abb2b9c0c7
6b727980878e959ca3aab1b8bfc6cdd4
787f868d949ba2a9b0b7bec5ccd3dae1
858c939aa1a8afb6bdc4cbd2d9e0e7ee
9299a0a7aeb5bcc3cad1d8dfe6edf4fb
9fa6adb4bbc2c9d0d7dee5ecf3fa0108
acb3bac1c8cfd6dde4ebf2f900070e15
b9c0c7ced5dce3eaf1f8ff060d141b22
c6cdd4dbe2e9f0f7fe050c131a21282f
d3dae1e8eff6fd040b121920272e353c
e0e7eef5fc030a11181f262d343b4249
edf4fb020910171e252c333a41484f56
fa01080f161d242b323940474e555c63
070e151c232a31383f464d545b626970
141b222930373e454c535a61686f767d
21282f363d444b525960676e757c838a
2e353c434a51585f666d747b82899097
3b424950575e656c737a81888f969da4
484f565d646b727980878e959ca3aab1
555c636a71787f868d949ba2a9b0b7be
626970777e858c939aa1a8afb6bdc4cb
6f767d848b9299a0a7aeb5bcc3cad1d8
7c838a91989fa6adb4bbc2c9d0d7dee5
8990979ea5acb3bac1c8cfd6dde4ebf2
969da4abb2b9c0c7ced5dce3eaf1f8ff
a3aab1b8bfc6cdd4dbe2e9f0f7fe050c
b0b7bec5ccd3dae1e8eff6fd040b1219
bdc4cbd2d9e0e7eef5fc030a11181f26
cad1d8dfe6edf4fb020910171e252c33
d7dee5ecf3fa01080f161d242b323940
e4ebf2f900070e151c232a31383f464d
f1f8ff060d141b222930373e454c535a
fe050c131a21282f363d444b52596067
0b121920272e353c434a51585f666d74
181f262d343b424950575e656c737a81
252c333a41484f565d646b727980878e
323940474e555c636a71787f868d949b
3f464d545b626970777e858c939aa1a8
4c535a61686f767d848b9299a0a7aeb5
5960676e757c838a91989fa6adb4bbc2
666d747b828990979ea5acb3bac1c8cf
737a81888f969da4abb2b9c0c7ced5dc
80878e959ca3aab1b8bfc6cdd4dbe2e9
8d949ba2a9b0b7bec5ccd3dae1e8eff6
9aa1a8afb6bdc4cbd2d9e0e7eef5fc03
a7aeb5bcc3cad1d8dfe6edf4fb020910
b4bbc2c9d0d7dee5ecf3fa01080f161d
c1c8cfd6dde4ebf2f900070e151c232a
ced5dce3eaf1f8ff060d141b22293037
dbe2e9f0f7fe050c131a21282f363d44
e8eff6fd040b121920272e353c434a51
f5fc030a11181f262d343b424950575e
020910171e252c333a41484f565d646b
0f161d242b323940474e555c636a7178
1c232a31383f464d545b626970777e85
2930373e454c535a61686f767d848b92
363d444b525960676e757c838a91989f
434a51585f666d747b828990979ea5ac
50575e656c737a81888f969da4abb2b9
5d646b727980878e959ca3aab1b8bfc6
6a71787f868d949ba2a9b0b7bec5ccd3
777e858c939aa1a8afb6bdc4cbd2d9e0
848b9299a0a7aeb5bcc3cad1d8dfe6ed
91989fa6adb4bbc2c9d0d7dee5ecf3fa
9ea5acb3bac1c8cfd6dde4ebf2f90007
abb2b9c0c7ced5dce3eaf1f8ff060d14
b8bfc6cdd4dbe2e9f0f7fe050c131a21
c5ccd3dae1e8eff6fd040b121920272e
d2d9e0e7eef5fc030a11181f262d343b
dfe6edf4fb020910171e252c333a4148
ecf3fa01080f161d242b323940474e55
f900070e151c232a31383f464d545b62
060d141b222930373e454c535a61686f
131a21282f363d444b525960676e757c
20272e353c434a51585f666d747b8289
2d343b424950575e656c737a81888f96
3a41484f565d646b727980878e959ca3
474e555c636a71787f868d949ba2a9b0
545b626970777e858c939aa1a8afb6bd
61686f767d848b9299a0a7aeb5bcc3ca
6e757c838a91989fa6adb4bbc2c9d0d7
7b828990979ea5acb3bac1c8cfd6dde4
888f969da4abb2b9c0c7ced5dce3eaf1
959ca3aab1b8bfc6cdd4dbe2e9f0f7fe
a2a9b0b7bec5ccd3dae1e8eff6fd040b
afb6bdc4cbd2d9e0e7eef5fc030a1118
bcc3cad1d8dfe6edf4fb020910171e25
c9d0d7dee5ecf3fa01080f161d242b32
d6dde4ebf2f900070e151c232a31383f
e3eaf1f8ff060d141b222930373e454c
f0f7fe050c131a21282f363d444b5259
fd040b121920272e353c434a51585f66
0a11181f262d343b424950575e656c73
171e252c333a41484f565d646b727980
242b323940474e555c636a71787f868d
31383f464d545b626970777e858c939a
3e454c535a61686f767d848b9299a0a7
4b525960676e757c838a91989fa6adb4
585f666d747b828990979ea5acb3bac1
656c737a81888f969da4abb2b9c0c7ce
727980878e959ca3aab1b8bfc6cdd4db
7f868d949ba2a9b0b7bec5ccd3dae1e8
8c939aa1a8afb6bdc4cbd2d9e0e7eef5
99a0a7aeb5bcc3cad1d8dfe6edf4fb02
a6adb4bbc2c9d0d7dee5ecf3fa01080f
b3bac1c8cfd6dde4ebf2f900070e151c
c0c7ced5dce3eaf1f8ff060d141b2229
cdd4dbe2e9f0f7fe050c131a21282f36
dae1e8eff6fd040b121920272e353c43
e7eef5fc030a11181f262d343b424950
f4fb020910171e252c333a41484f565d
01080f161d242b323940474e555c636a
0e151c232a31383f464d545b62697077
1b222930373e454c535a61686f767d84
282f363d444b525960676e757c838a91
353c434a51585f666d747b828990979e
424950575e656c737a81888f969da4ab
4f565d646b727980878e959ca3aab1b8
5c636a71787f868d949ba2a9b0b7bec5
6970777e858c939aa1a8afb6bdc4cbd2
767d848b9299a0a7aeb5bcc3cad1d8df
838a91989fa6adb4bbc2c9d0d7dee5ec
90979ea5acb3bac1c8cfd6dde4ebf2f9
9da4abb2b9c0c7ced5dce3eaf1f8ff06
aab1b8bfc6cdd4dbe2e9f0f7fe050c13
b7bec5ccd3dae1e8eff6fd040b121920
c4cbd2d9e0e7eef5fc030a11181f262d
d1d8dfe6edf4fb020910171e252c333a
dee5ecf3fa01080f161d242b32394047
ebf2f900070e151c232a31383f464d54
f8ff060d141b222930373e454c535a61
050c131a21282f363d444b525960676e
121920272e353c434a51585f666d747b
1f262d343b424950575e656c737a8188
2c333a41484f565d646b727980878e95
3940474e555c636a71787f868d949ba2
464d545b626970777e858c939aa1a8af
535a61686f767d848b9299a0a7aeb5bc
60676e757c838a91989fa6adb4bbc2c9
6d747b828990979ea5acb3bac1c8cfd6
7a81888f969da4abb2b9c0c7ced5dce3
878e959ca3aab1b8bfc6cdd4dbe2e9f0
949ba2a9b0b7bec5ccd3dae1e8eff6fd
a1a8afb6bdc4cbd2d9e0e7eef5fc030a
aeb5bcc3cad1d8dfe6edf4fb02091017
bbc2c9d0d7dee5ecf3fa01080f161d24
c8cfd6dde4ebf2f900070e151c232a31
d5dce3eaf1f8ff060d141b222930373e
e2e9f0f7fe050c131a21282f363d444b
eff6fd040b121920272e353c434a5158
fc030a11181f262d343b424950575e65
0910171e252c333a41484f565d646b72
161d242b323940474e555c636a71787f
232a31383f464d545b626970777e858c
30373e454c535a61686f767d848b9299
3d444b525960676e757c838a91989fa6
4a51585f666d747b828990979ea5acb3
575e656c737a81888f969da4abb2b9c0
646b727980878e959ca3aab1b8bfc6cd
71787f868d949ba2a9b0b7bec5ccd3da
7e858c939aa1a8afb6bdc4cbd2d9e0e7
8b9299a0a7aeb5bcc3cad1d8dfe6edf4
989fa6adb4bbc2c9d0d7dee5ecf3fa01
a5acb3bac1c8cfd6dde4ebf2f900070e
b2b9c0c7ced5dce3eaf1f8ff060d141b
bfc6cdd4dbe2e9f0f7fe050c131a2128
ccd3dae1e8eff6fd040b121920272e35
d9e0e7eef5fc030a11181f262d343b42
e6edf4fb020910171e252c333a41484f
f3fa01080f161d242b323940474e555c
00070e151c232a31383f464d545b6269
0d141b222930373e454c535a61686f76
1a21282f363d444b525960676e757c83
272e353c434a51585f666d747b828990
343b424950575e656c737a81888f969d
41484f565d646b727980878e959ca3aa
4e555c636a71787f868d949ba2a9b0b7
5b626970777e858c939aa1a8afb6bdc4
686f767d848b9299a0a7aeb5bcc3cad1
757c838a91989fa6adb4bbc2c9d0d7de
828990979ea5acb3bac1c8cfd6dde4eb
8f969da4abb2b9c0c7ced5dce3eaf1f8
9ca3aab1b8bfc6cdd4dbe2e9f0f7fe05
a9b0b7bec5ccd3dae1e8eff6fd040b12
b6bdc4cbd2d9e0e7eef5fc030a11181f
c3cad1d8dfe6edf4fb020910171e252c
d0d7dee5ecf3fa01080f161d242b3239
dde4ebf2f900070e151c232a31383f46
eaf1f8ff060d141b222930373e454c53
f7fe050c131a21282f363d444b525960
040b121920272e353c434a51585f666d
11181f262d343b424950575e656c737a
1e252c333a41484f565d646b72798087
2b323940474e555c636a71787f868d94
383f464d545b626970777e858c939aa1
454c535a61686f767d848b9299a0a7ae
525960676e757c838a91989fa6adb4bb
5f666d747b828990979ea5acb3bac1c8
6c737a81888f969da4abb2b9c0c7ced5
7980878e959ca3aab1b8bfc6cdd4dbe2
868d949ba2a9b0b7bec5ccd3dae1e8ef
939aa1a8afb6bdc4cbd2d9e0e7eef5fc
a0a7aeb5bcc3cad1d8dfe6edf4fb0209
adb4bbc2c9d0d7dee5ecf3fa01080f16
bac1c8cfd6dde4ebf2f900070e151c23
c7ced5dce3eaf1f8ff060d141b222930
d4dbe2e9f0f7fe050c131a21282f363d
e1e8eff6fd040b121920272e353c434a
eef5fc030a11181f262d343b42495057
fb020910171e252c333a41484f565d64
080f161d242b323940474e555c636a71
151c232a31383f464d545b626970777e
222930373e454c535a61686f767d848b
2f363d444b525960676e757c838a9198
3c434a51585f666d747b828990979ea5
4950575e656c737a81888f969da4abb2
565d646b727980878e959ca3aab1b8bf
636a71787f868d949ba2a9b0b7bec5cc
70777e858c939aa1a8afb6bdc4cbd2d9
7d848b9299a0a7aeb5bcc3cad1d8dfe6
8a91989fa6adb4bbc2c9d0d7dee5ecf3
979ea5acb3bac1c8cfd6dde4ebf2f900
a4abb2b9c0c7ced5dce3eaf1f8ff060d
b1b8bfc6cdd4dbe2e9f0f7fe050c131a
bec5ccd3dae1e8eff6fd040b12192027
cbd2d9e0e7eef5fc030a11181f262d34
d8dfe6edf4fb020910171e252c333a41
e5ecf3fa01080f161d242b323940474e
f2f900070e151c232a31383f464d545b
ff060d141b222930373e454c535a6168
0c131a21282f363d444b525960676e75
1920272e353c434a51585f666d747b82
262d343b424950575e656c737a81888f
333a41484f565d646b727980878e959c
40474e555c636a71787f868d949ba2a9
4d545b626970777e858c939aa1a8afb6
5a61686f767d848b9299a0a7aeb5bcc3
676e757c838a91989fa6adb4bbc2c9d0
747b828990979ea5acb3bac1c8cfd6dd
81888f969da4abb2b9c0c7ced5dce3ea
8e959ca3aab1b8bfc6cdd4dbe2e9f0f7
9ba2a9b0b7bec5ccd3dae1e8eff6fd04
a8afb6bdc4cbd2d9e0e7eef5fc030a11
b5bcc3cad1d8dfe6edf4fb020910171e
c2c9d0d7dee5ecf3fa01080f161d242b
cfd6dde4ebf2f900070e151c232a3138
dce3eaf1f8ff060d141b222930373e45
e9f0f7fe050c131a21282f363d444b52
f6fd040b121920272e353c434a51585f
030a11181f262d343b424950575e656c
10171e252c333a41484f565d646b7279
1d242b323940474e555c636a71787f86
2a31383f464d545b626970777e858c93
373e454c535a61686f767d848b9299a0
444b525960676e757c838a91989fa6ad
51585f666d747b828990979ea5acb3ba
5e656c737a81888f969da4abb2b9c0c7
6b727980878e959ca3aab1b8bfc6cdd4
787f868d949ba2a9b0b7bec5ccd3dae1
858c939aa1a8afb6bdc4cbd2d9e0e7ee
9299a0a7aeb5bcc3cad1d8dfe6edf4fb
9fa6adb4bbc2c9d0d7dee5ecf3fa0108
acb3bac1c8cfd6dde4ebf2f900070e15
b9c0c7ced5dce3eaf1f8ff060d141b22
c6cdd4dbe2e9f0f7fe050c131a21282f
d3dae1e8eff6fd040b121920272e353c
e0e7eef5fc030a11181f262d343b4249
edf4fb020910171e252c333a41484f56
fa01080f161d242b323940474e555c63
070e151c232a31383f464d545b626970
141b222930373e454c535a61686f767d
21282f363d444b525960676e757c838a
2e353c434a51585f666d747b82899097
3b424950575e656c737a81888f969da4
484f565d646b727980878e959ca3aab1
555c636a71787f868d949ba2a9b0b7be
626970777e858c939aa1a8afb6bdc4cb
6f767d848b9299a0a7aeb5bcc3cad1d8
7c838a91989fa6adb4bbc2c9d0d7dee5
8990979ea5acb3bac1c8cfd6dde4ebf2
969da4abb2b9c0c7ced5dce3eaf1f8ff
a3aab1b8bfc6cdd4dbe2e9f0f7fe050c
b0b7bec5ccd3dae1e8eff6fd040b1219
bdc4cbd2d9e0e7eef5fc030a11181f26
cad1d8dfe6edf4fb020910171e252c33
d7dee5ecf3fa01080f161d242b323940
e4ebf2f900070e151c232a31383f464d
f1f8ff060d141b222930373e454c535a
fe050c131a21282f363d444b52596067
0b121920272e353c434a51585f666d74
181f262d343b424950575e656c737a81
252c333a41484f565d646b727980878e
323940474e555c636a71787f868d949b
3f464d545b626970777e858c939aa1a8
4c535a61686f767d848b9299a0a7aeb5
5960676e757c838a91989fa6adb4bbc2
666d747b828990979ea5acb3bac1c8cf
737a81888f969da4abb2b9c0c7ced5dc
80878e959ca3aab1b8bfc6cdd4dbe2e9
8d949ba2a9b0b7bec5ccd3dae1e8eff6
9aa1a8afb6bdc4cbd2d9e0e7eef5fc03
a7aeb5bcc3cad1d8dfe6edf4fb020910
b4bbc2c9d0d7dee5ecf3fa01080f161d
c1c8cfd6dde4ebf2f900070e151c232a
ced5dce3eaf1f8ff060d141b22293037
dbe2e9f0f7fe050c131a21282f363d44
e8eff6fd040b121920272e353c434a51
f5fc030a11181f262d343b424950575e
020910171e252c333a41484f565d646b
0f161d242b323940474e555c636a7178
1c232a31383f464d545b626970777e85
2930373e454c535a61686f767d848b92
363d444b525960676e757c838a91989f
434a51585f666d747b828990979ea5ac
50575e656c737a81888f969da4abb2b9
5d646b727980878e959ca3aab1b8bfc6
6a71787f868d949ba2a9b0b7bec5ccd3
777e858c939aa1a8afb6bdc4cbd2d9e0
848b9299a0a7aeb5bcc3cad1d8dfe6ed
91989fa6adb4bbc2c9d0d7dee5ecf3fa
9ea5acb3bac1c8cfd6dde4ebf2f90007
abb2b9c0c7ced5dce3eaf1f8ff060d14
b8bfc6cdd4dbe2e9f0f7fe050c131a21
c5ccd3dae1e8eff6fd040b121920272e
d2d9e0e7eef5fc030a11181f262d343b
dfe6edf4fb020910171e252c333a4148
ecf3fa01080f161d242b323940474e55
f900070e151c232a31383f464d545b62
060d141b222930373e454c535a61686f
131a21282f363d444b525960676e757c
20272e353c434a51585f666d747b8289
2d343b424950575e656c737a81888f96
3a41484f565d646b727980878e959ca3
474e555c636a71787f868d949ba2a9b0
545b626970777e858c939aa1a8afb6bd
61686f767d848b9299a0a7aeb5bcc3ca
6e757c838a91989fa6adb4bbc2c9d0d7
7b828990979ea5acb3bac1c8cfd6dde4
888f969da4abb2b9c0c7ced5dce3eaf1
959ca3aab1b8bfc6cdd4dbe2e9f0f7fe
a2a9b0b7bec5ccd3dae1e8eff6fd040b
afb6bdc4cbd2d9e0e7eef5fc030a1118
bcc3cad1d8dfe6edf4fb020910171e25
c9d0d7dee5ecf3fa01080f161d242b32
d6dde4ebf2f900070e151c232a31383f
e3eaf1f8ff060d141b222930373e454c
f0f7fe050c131a21282f363d444b5259
fd040b121920272e353c434a51585f66
0a11181f262d343b424950575e656c73
171e252c333a41484f565d646b727980
242b323940474e555c636a71787f868d
31383f464d545b626970777e858c939a
3e454c535a61686f767d848b9299a0a7
4b525960676e757c838a91989fa6adb4
585f666d747b828990979ea5acb3bac1
656c737a81888f969da4abb2b9c0c7ce
727980878e959ca3aab1b8bfc6cdd4db
7f868d949ba2a9b0b7bec5ccd3dae1e8
8c939aa1a8afb6bdc4cbd2d9e0e7eef5
99a0a7aeb5bcc3cad1d8dfe6edf4fb02
a6adb4bbc2c9d0d7dee5ecf3fa01080f
b3bac1c8cfd6dde4ebf2f900070e151c
c0c7ced5dce3eaf1f8ff060d141b2229
cdd4dbe2e9f0f7fe050c131a21282f36
dae1e8eff6fd040b121920272e353c43
e7eef5fc030a11181f262d343b424950
f4fb020910171e252c333a41484f565d
01080f161d242b323940474e555c636a
0e151c232a31383f464d545b62697077
1b222930373e454c535a61686f767d84
282f363d444b525960676e757c838a91
353c434a51585f666d747b828990979e
424950575e656c737a81888f969da4ab
4f565d646b727980878e959ca3aab1b8
5c636a71787f868d949ba2a9b0b7bec5
6970777e858c939aa1a8afb6bdc4cbd2
767d848b9299a0a7aeb5bcc3cad1d8df
838a91989fa6adb4bbc2c9d0d7dee5ec
90979ea5acb3bac1c8cfd6dde4ebf2f9
9da4abb2b9c0c7ced5dce3eaf1f8ff06
aab1b8bfc6cdd4dbe2e9f0f7fe050c13
b7bec5ccd3dae1e8eff6fd040b121920
c4cbd2d9e0e7eef5fc030a11181f262d
d1d8dfe6edf4fb020910171e252c333a
dee5ecf3fa01080f161d242b32394047
ebf2f900070e151c232a31383f464d54
f8ff060d141b222930373e454c535a61
050c131a21282f363d444b525960676e
121920272e353c434a51585f666d747b
1f262d343b424950575e656c737a8188
2c333a41484f565d646b727980878e95
3940474e555c636a71787f868d949ba2
464d545b626970777e858c939aa1a8af
535a61686f767d848b9299a0a7aeb5bc
60676e757c838a91989fa6adb4bbc2c9
6d747b828990979ea5acb3bac1c8cfd6
7a81888f969da4abb2b9c0c7ced5dce3
878e959ca3aab1b8bfc6cdd4dbe2e9f0
949ba2a9b0b7bec5ccd3dae1e8eff6fd
a1a8afb6bdc4cbd2d9e0e7eef5fc030a
aeb5bcc3cad1d8dfe6edf4fb02091017
bbc2c9d0d7dee5ecf3fa01080f161d24
c8cfd6dde4ebf2f900070e151c232a31
d5dce3eaf1f8ff060d141b222930373e
e2e9f0f7fe050c131a21282f363d444b
eff6fd040b121920272e353c434a5158
fc030a11181f262d343b424950575e65
0910171e252c333a41484f565d646b72
161d242b323940474e555c636a71787f
232a31383f464d545b626970777e858c
30373e454c535a61686f767d848b9299
3d444b525960676e757c838a91989fa6
4a51585f666d747b828990979ea5acb3
575e656c737a81888f969da4abb2b9c0
646b727980878e959ca3aab1b8bfc6cd
71787f868d949ba2a9b0b7bec5ccd3da
7e858c939aa1a8afb6bdc4cbd2d9e0e7
8b9299a0a7aeb5bcc3cad1d8dfe6edf4
989fa6adb4bbc2c9d0d7dee5ecf3fa01
a5acb3bac1c8cfd6dde4ebf2f900070e
b2b9c0c7ced5dce3eaf1f8ff060d141b
bfc6cdd4dbe2e9f0f7fe050c131a2128
ccd3dae1e8eff6fd040b121920272e35
d9e0e7eef5fc030a11181f262d343b42
e6edf4fb020910171e252c333a41484f
f3fa01080f161d242b323940474e555c
00070e151c232a31383f464d545b6269
0d141b222930373e454c535a61686f76
1a21282f363d444b525960676e757c83
272e353c434a51585f666d747b828990
343b424950575e656c737a81888f969d
41484f565d646b727980878e959ca3aa
4e555c636a71787f868d949ba2a9b0b7
5b626970777e858c939aa1a8afb6bdc4
686f767d848b9299a0a7aeb5bcc3cad1
757c838a91989fa6adb4bbc2c9d0d7de
828990979ea5acb3bac1c8cfd6dde4eb
8f969da4abb2b9c0c7ced5dce3eaf1f8
9ca3aab1b8bfc6cdd4dbe2e9f0f7fe05
a9b0b7bec5ccd3dae1e8eff6fd040b12
b6bdc4cbd2d9e0e7eef5fc030a11181f
c3cad1d8dfe6edf4fb020910171e252c
d0d7dee5ecf3fa01080f161d242b3239
dde4ebf2f900070e151c232a31383f46
eaf1f8ff060d141b222930373e454c53
f7fe050c131a21282f363d444b525960
040b121920272e353c434a51585f666d
11181f262d343b424950575e656c737a
1e252c333a41484f565d646b72798087
2b323940474e555c636a71787f868d94
383f464d545b626970777e858c939aa1
454c535a61686f767d848b9299a0a7ae
525960676e757c838a91989fa6adb4bb
5f666d747b828990979ea5acb3bac1c8
6c737a81888f969da4abb2b9c0c7ced5
7980878e959ca3aab1b8bfc6cdd4dbe2
868d949ba2a9b0b7bec5ccd3dae1e8ef
939aa1a8afb6bdc4cbd2d9e0e7eef5fc
a0a7aeb5bcc3cad1d8dfe6edf4fb0209
adb4bbc2c9d0d7dee5ecf3fa01080f16
bac1c8cfd6dde4ebf2f900070e151c23
c7ced5dce3eaf1f8ff060d141b222930
d4dbe2e9f0f7fe050c131a21282f363d
e1e8eff6fd040b121920272e353c434a
eef5fc030a11181f262d343b42495057
fb020910171e252c333a41484f565d64
080f161d242b323940474e555c636a71
151c232a31383f464d545b626970777e
222930373e454c535a61686f767d848b
2f363d444b525960676e757c838a9198
3c434a51585f666d747b828990979ea5
4950575e656c737a81888f969da4abb2
565d646b727980878e959ca3aab1b8bf
636a71787f868d949ba2a9b0b7bec5cc
70777e858c939aa1a8afb6bdc4cbd2d9
7d848b9299a0a7aeb5bcc3cad1d8dfe6
8a91989fa6adb4bbc2c9d0d7dee5ecf3
979ea5acb3bac1c8cfd6dde4ebf2f900
a4abb2b9c0c7ced5dce3eaf1f8ff060d
b1b8bfc6cdd4dbe2e9f0f7fe050c131a
bec5ccd3dae1e8eff6fd040b12192027
cbd2d9e0e7eef5fc030a11181f262d34
d8dfe6edf4fb020910171e252c333a41
e5ecf3fa01080f161d242b323940474e
f2f900070e151c232a31383f464d545b
ff060d141b222930373e454c535a6168
0c131a21282f363d444b525960676e75
1920272e353c434a51585f666d747b82
262d343b424950575e656c737a81888f
333a41484f565d646b727980878e959c
40474e555c636a71787f868d949ba2a9
4d545b626970777e858c939aa1a8afb6
5a61686f767d848b9299a0a7aeb5bcc3
676e757c838a91989fa6adb4bbc2c9d0
747b828990979ea5acb3bac1c8cfd6dd
81888f969da4abb2b9c0c7ced5dce3ea
8e959ca3aab1b8bfc6cdd4dbe2e9f0f7
9ba2a9b0b7bec5ccd3dae1e8eff6fd04
a8afb6bdc4cbd2d9e0e7eef5fc030a11
b5bcc3cad1d8dfe6edf4fb020910171e
c2c9d0d7dee5ecf3fa01080f161d242b
cfd6dde4ebf2f900070e151c232a3138
dce3eaf1f8ff060d141b222930373e45
e9f0f7fe050c131a21282f363d444b52
f6fd040b121920272e353c434a51585f
030a11181f262d343b424950575e656c
10171e252c333a41484f565d646b7279
1d242b323940474e555c636a71787f86
2a31383f464d545b626970777e858c93
373e454c535a61686f767d848b9299a0
444b525960676e757c838a91989fa6ad
51585f666d747b828990979ea5acb3ba
5e656c737a81888f969da4abb2b9c0c7
6b727980878e959ca3aab1b8bfc6cdd4
787f868d949ba2a9b0b7bec5ccd3dae1
858c939aa1a8afb6bdc4cbd2d9e0e7ee
9299a0a7aeb5bcc3cad1d8dfe6edf4fb
9fa6adb4bbc2c9d0d7dee5ecf3fa0108
acb3bac1c8cfd6dde4ebf2f900070e15
b9c0c7ced5dce3eaf1f8ff060d141b22
c6cdd4dbe2e9f0f7fe050c131a21282f
d3dae1e8eff6fd040b121920272e353c
e0e7eef5fc030a11181f262d343b4249
edf4fb020910171e252c333a41484f56
fa01080f161d242b323940474e555c63
070e151c232a31383f464d545b626970
141b222930373e454c535a61686f767d
21282f363d444b525960676e757c838a
2e353c434a51585f666d747b82899097
3b424950575e656c737a81888f969da4
484f565d646b727980878e959ca3aab1
555c636a71787f868d949ba2a9b0b7be
626970777e858c939aa1a8afb6bdc4cb
6f767d848b9299a0a7aeb5bcc3cad1d8
7c838a91989fa6adb4bbc2c9d0d7dee5
8990979ea5acb3bac1c8cfd6dde4ebf2
969da4abb2b9c0c7ced5dce3eaf1f8ff
a3aab1b8bfc6cdd4dbe2e9f0f7fe050c
b0b7bec5ccd3dae1e8eff6fd040b1219
bdc4cbd2d9e0e7eef5fc030a11181f26
cad1d8dfe6edf4fb020910171e252c33
d7dee5ecf3fa01080f161d242b323940
e4ebf2f900070e151c232a31383f464d
f1f8ff060d141b222930373e454c535a
fe050c131a21282f363d444b52596067
0b121920272e353c434a51585f666d74
181f262d343b424950575e656c737a81
252c333a41484f565d646b727980878e
323940474e555c636a71787f868d949b
3f464d545b626970777e858c939aa1a8
4c535a61686f767d848b9299a0a7aeb5
5960676e757c838a91989fa6adb4bbc2
666d747b828990979ea5acb3bac1c8cf
737a81888f969da4abb2b9c0c7ced5dc
80878e959ca3aab1b8bfc6cdd4dbe2e9
8d949ba2a9b0b7bec5ccd3dae1e8eff6
9aa1a8afb6bdc4cbd2d9e0e7eef5fc03
a7aeb5bcc3cad1d8dfe6edf4fb020910
b4bbc2c9d0d7dee5ecf3fa01080f161d
c1c8cfd6dde4ebf2f900070e151c232a
ced5dce3eaf1f8ff060d141b22293037
dbe2e9f0f7fe050c131a21282f363d44
e8eff6fd040b121920272e353c434a51
f5fc030a11181f262d343b424950575e
020910171e252c333a41484f565d646b
0f161d242b323940474e555c636a7178
1c232a31383f464d545b626970777e85
2930373e454c535a61686f767d848b92
363d444b525960676e757c838a91989f
434a51585f666d747b828990979ea5ac
50575e656c737a81888f969da4abb2b9
5d646b727980878e959ca3aab1b8bfc6
6a71787f868d949ba2a9b0b7bec5ccd3
777e858c939aa1a8afb6bdc4cbd2d9e0
848b9299a0a7aeb5bcc3cad1d8dfe6ed
91989fa6adb4bbc2c9d0d7dee5ecf3fa
9ea5acb3bac1c8cfd6dde4ebf2f90007
abb2b9c0c7ced5dce3eaf1f8ff060d14
b8bfc6cdd4dbe2e9f0f7fe050c131a21
c5ccd3dae1e8eff6fd040b121920272e
d2d9e0e7eef5fc030a11181f262d343b
dfe6edf4fb020910171e252c333a4148
ecf3fa01080f161d242b323940474e55
f900070e151c232a31383f464d545b62
060d141b222930373e454c535a61686f
131a21282f363d444b525960676e757c
20272e353c434a51585f666d747b8289
2d343b424950575e656c737a81888f96
3a41484f565d646b727980878e959ca3
474e555c636a71787f868d949ba2a9b0
545b626970777e858c939aa1a8afb6bd
61686f767d848b9299a0a7aeb5bcc3ca
6e757c838a91989fa6adb4bbc2c9d0d7
7b828990979ea5acb3bac1c8cfd6dde4
888f969da4abb2b9c0c7ced5dce3eaf1
959ca3aab1b8bfc6cdd4dbe2e9f0f7fe
a2a9b0b7bec5ccd3dae1e8eff6fd040b
afb6bdc4cbd2d9e0e7eef5fc030a1118
bcc3cad1d8dfe6edf4fb020910171e25
c9d0d7dee5ecf3fa01080f161d242b32
d6dde4ebf2f900070e151c232a31383f
e3eaf1f8ff060d141b222930373e454c
f0f7fe050c131a21282f363d444b5259
fd040b121920272e353c434a51585f66
0a11181f262d343b424950575e656c73
171e252c333a41484f565d646b727980
242b323940474e555c636a71787f868d
31383f464d545b626970777e858c939a
3e454c535a61686f767d848b9299a0a7
4b525960676e757c838a91989fa6adb4
585f666d747b828990979ea5acb3bac1
656c737a81888f969da4abb2b9c0c7ce
727980878e959ca3aab1b8bfc6cdd4db
7f868d949ba2a9b0b7bec5ccd3dae1e8
8c939aa1a8afb6bdc4cbd2d9e0e7eef5
99a0a7aeb5bcc3cad1d8dfe6edf4fb02
a6adb4bbc2c9d0d7dee5ecf3fa01080f
b3bac1c8cfd6dde4ebf2f900070e151c
c0c7ced5dce3eaf1f8ff060d141b2229
cdd4dbe2e9f0f7fe050c131a21282f36
dae1e8eff6fd040b121920272e353c43
e7eef5fc030a11181f262d343b424950
f4fb020910171e252c333a41484f565d
01080f161d242b323940474e555c636a
0e151c232a31383f464d545b62697077
1b222930373e454c535a61686f767d84
282f363d444b525960676e757c838a91
353c434a51585f666d747b828990979e
424950575e656c737a81888f969da4ab
4f565d646b727980878e959ca3aab1b8
5c636a71787f868d949ba2a9b0b7bec5
6970777e858c939aa1a8afb6bdc4cbd2
767d848b9299a0a7aeb5bcc3cad1d8df
838a91989fa6adb4bbc2c9d0d7dee5ec
90979ea5acb3bac1c8cfd6dde4ebf2f9
9da4abb2b9c0c7ced5dce3eaf1f8ff06
aab1b8bfc6cdd4dbe2e9f0f7fe050c13
b7bec5ccd3dae1e8eff6fd040b121920
c4cbd2d9e0e7eef5fc030a11181f262d
d1d8dfe6edf4fb020910171e252c333a
dee5ecf3fa01080f161d242b32394047
ebf2f900070e151c232a31383f464d54
f8ff060d141b222930373e454c535a61
050c131a21282f363d444b525960676e
121920272e353c434a51585f666d747b
1f262d343b424950575e656c737a8188
2c333a41484f565d646b727980878e95
3940474e555c636a71787f868d949ba2
464d545b626970777e858c939aa1a8af
535a61686f767d848b9299a0a7aeb5bc
60676e757c838a91989fa6adb4bbc2c9
6d747b828990979ea5acb3bac1c8cfd6
7a81888f969da4abb2b9c0c7ced5dce3
878e959ca3aab1b8bfc6cdd4dbe2e9f0
949ba2a9b0b7bec5ccd3dae1e8eff6fd
a1a8afb6bdc4cbd2d9e0e7eef5fc030a
aeb5bcc3cad1d8dfe6edf4fb02091017
bbc2c9d0d7dee5ecf3fa01080f161d24
c8cfd6dde4ebf2f900070e151c232a31
d5dce3eaf1f8ff060d141b222930373e
e2e9f0f7fe050c131a21282f363d444b
eff6fd040b121920272e353c434a5158
fc030a11181f262d343b424950575e65
0910171e252c333a41484f565d646b72
161d242b323940474e555c636a71787f
232a31383f464d545b626970777e858c
30373e454c535a61686f767d848b9299
3d444b525960676e757c838a91989fa6
4a51585f666d747b828990979ea5acb3
575e656c737a81888f969da4abb2b9c0
646b727980878e959ca3aab1b8bfc6cd
71787f868d949ba2a9b0b7bec5ccd3da
7e858c939aa1a8afb6bdc4cbd2d9e0e7
8b9299a0a7aeb5bcc3cad1d8dfe6edf4
989fa6adb4bbc2c9d0d7dee5ecf3fa01
a5acb3bac1c8cfd6dde4ebf2f900070e
b2b9c0c7ced5dce3eaf1f8ff060d141b
bfc6cdd4dbe2e9f0f7fe050c131a2128
ccd3dae1e8eff6fd040b121920272e35
d9e0e7eef5fc030a11181f262d343b42
e6edf4fb020910171e252c333a41484f
f3fa01080f161d242b323940474e555c
00070e151c232a31383f464d545b6269
0d141b222930373e454c535a61686f76
1a21282f363d444b525960676e757c83
272e353c434a51585f666d747b828990
343b424950575e656c737a81888f969d
41484f565d646b727980878e959ca3aa
4e555c636a71787f868d949ba2a9b0b7
5b626970777e858c939aa1a8afb6bdc4
686f767d848b9299a0a7aeb5bcc3cad1
757c838a91989fa6adb4bbc2c9d0d7de
828990979ea5acb3bac1c8cfd6dde4eb
8f969da4abb2b9c0c7ced5dce3eaf1f8
9ca3aab1b8bfc6cdd4dbe2e9f0f7fe05
a9b0b7bec5ccd3dae1e8eff6fd040b12
b6bdc4cbd2d9e0e7eef5fc030a11181f
c3cad1d8dfe6edf4fb020910171e252c
d0d7dee5ecf3fa01080f161d242b3239
dde4ebf2f900070e151c232a31383f46
eaf1f8ff060d141b222930373e454c53
f7fe050c131a21282f363d444b525960
040b121920272e353c434a51585f666d
11181f262d343b424950575e656c737a
1e252c333a41484f565d646b72798087
2b323940474e555c636a71787f868d94
383f464d545b626970777e858c939aa1
454c535a61686f767d848b9299a0a7ae
525960676e757c838a91989fa6adb4bb
5f666d747b828990979ea5acb3bac1c8
6c737a81888f969da4abb2b9c0c7ced5
7980878e959ca3aab1b8bfc6cdd4dbe2
868d949ba2a9b0b7bec5ccd3dae1e8ef
939aa1a8afb6bdc4cbd2d9e0e7eef5fc
a0a7aeb5bcc3cad1d8dfe6edf4fb0209
adb4bbc2c9d0d7dee5ecf3fa01080f16
bac1c8cfd6dde4ebf2f900070e151c23
c7ced5dce3eaf1f8ff060d141b222930
d4dbe2e9f0f7fe050c131a21282f363d
e1e8eff6fd040b121920272e353c434a
eef5fc030a11181f262d343b42495057
fb020910171e252c333a41484f565d64
080f161d242b323940474e555c636a71
151c232a31383f464d545b626970777e
222930373e454c535a61686f767d848b
2f363d444b525960676e757c838a9198
3c434a51585f666d747b828990979ea5
4950575e656c737a81888f969da4abb2
565d646b727980878e959ca3aab1b8bf
636a71787f868d949ba2a9b0b7bec5cc
70777e858c939aa1a8afb6bdc4cbd2d9
7d848b9299a0a7aeb5bcc3cad1d8dfe6
8a91989fa6adb4bbc2c9d0d7dee5ecf3
979ea5acb3bac1c8cfd6dde4ebf2f900
a4abb2b9c0c7ced5dce3eaf1f8ff060d
b1b8bfc6cdd4dbe2e9f0f7fe050c131a
bec5ccd3dae1e8eff6fd040b12192027
cbd2d9e0e7eef5fc030a11181f262d34
d8dfe6edf4fb020910171e252c333a41
e5ecf3fa01080f161d242b323940474e
f2f900070e151c232a31383f464d545b
ff060d141b222930373e454c535a6168
0c131a21282f363d444b525960676e75
1920272e353c434a51585f666d747b82
262d343b424950575e656c737a81888f
333a41484f565d646b727980878e959c
40474e555c636a71787f868d949ba2a9
4d545b626970777e858c939aa1a8afb6
5a61686f767d848b9299a0a7aeb5bcc3
676e757c838a91989fa6adb4bbc2c9d0
747b828990979ea5acb3bac1c8cfd6dd
81888f969da4abb2b9c0c7ced5dce3ea
8e959ca3aab1b8bfc6cdd4dbe2e9f0f7
9ba2a9b0b7bec5ccd3dae1e8eff6fd04
a8afb6bdc4cbd2d9e0e7eef5fc030a11
b5bcc3cad1d8dfe6edf4fb020910171e
c2c9d0d7dee5ecf3fa01080f161d242b
cfd6dde4ebf2f900070e151c232a3138
dce3eaf1f8ff060d141b222930373e45
e9f0f7fe050c131a21282f363d444b52
f6fd040b121920272e353c434a51585f
030a11181f262d343b424950575e656c
10171e252c333a41484f565d646b7279
1d242b323940474e555c636a71787f86
2a31383f464d545b626970777e858c93
373e454c535a61686f767d848b9299a0
444b525960676e757c838a91989fa6ad
51585f666d747b828990979ea5acb3ba
5e656c737a81888f969da4abb2b9c0c7
6b727980878e959ca3aab1b8bfc6cdd4
787f868d949ba2a9b0b7bec5ccd3dae1
858c939aa1a8afb6bdc4cbd2d9e0e7ee
9299a0a7aeb5bcc3cad1d8dfe6edf4fb
9fa6adb4bbc2c9d0d7dee5ecf3fa0108
acb3bac1c8cfd6dde4ebf2f900070e15
b9c0c7ced5dce3eaf1f8ff060d141b22
c6cdd4dbe2e9f0f7fe050c131a21282f
d3dae1e8eff6fd040b121920272e353c
e0e7eef5fc030a11181f262d343b4249
edf4fb020910171e252c333a41484f56
fa01080f161d242b323940474e555c63
070e151c232a31383f464d545b626970
141b222930373e454c535a61686f767d
21282f363d444b525960676e757c838a
2e353c434a51585f666d747b82899097
3b424950575e656c737a81888f969da4
484f565d646b727980878e959ca3aab1
555c636a71787f868d949ba2a9b0b7be
626970777e858c939aa1a8afb6bdc4cb
6f767d848b9299a0a7aeb5bcc3cad1d8
7c838a91989fa6adb4bbc2c9d0d7dee5
8990979ea5acb3bac1c8cfd6dde4ebf2
969da4abb2b9c0c7ced5dce3eaf1f8ff
a3aab1b8bfc6cdd4dbe2e9f0f7fe050c
b0b7bec5ccd3dae1e8eff6fd040b1219
bdc4cbd2d9e0e7eef5fc030a11181f26
cad1d8dfe6edf4fb020910171e252c33
d7dee5ecf3fa01080f161d242b323940
e4ebf2f900070e151c232a31383f464d
f1f8ff060d141b222930373e454c535a
fe050c131a21282f363d444b52596067
0b121920272e353c434a51585f666d74
181f262d343b424950575e656c737a81
252c333a41484f565d646b727980878e
323940474e555c636a71787f868d949b
3f464d545b626970777e858c939aa1a8
4c535a61686f767d848b9299a0a7aeb5
5960676e757c838a91989fa6adb4bbc2
666d747b828990979ea5acb3bac1c8cf
737a81888f969da4abb2b9c0c7ced5dc
80878e959ca3aab1b8bfc6cdd4dbe2e9
8d949ba2a9b0b7bec5ccd3dae1e8eff6
9aa1a8afb6bdc4cbd2d9e0e7eef5fc03
a7aeb5bcc3cad1d8dfe6edf4fb020910
b4bbc2c9d0d7dee5ecf3fa01080f161d
c1c8cfd6dde4ebf2f900070e151c232a
ced5dce3eaf1f8ff060d141b22293037
dbe2e9f0f7fe050c131a21282f363d44
e8eff6fd040b121920272e353c434a51
f5fc030a11181f262d343b424950575e
020910171e252c333a41484f565d646b
0f161d242b323940474e555c636a7178
1c232a31383f464d545b626970777e85
2930373e454c535a61686f767d848b92
363d444b525960676e757c838a91989f
434a51585f666d747b828990979ea5ac
50575e656c737a81888f969da4abb2b9
5d646b727980878e959ca3aab1b8bfc6
6a71787f868d949ba2a9b0b7bec5ccd3
777e858c939aa1a8afb6bdc4cbd2d9e0
848b9299a0a7aeb5bcc3cad1d8dfe6ed
91989fa6adb4bbc2c9d0d7dee5ecf3fa
9ea5acb3bac1c8cfd6dde4ebf2f90007
abb2b9c0c7ced5dce3eaf1f8ff060d14
b8bfc6cdd4dbe2e9f0f7fe050c131a21
c5ccd3dae1e8eff6fd040b121920272e
d2d9e0e7eef5fc030a11181f262d343b
dfe6edf4fb020910171e252c333a4148
ecf3fa01080f161d242b323940474e55
f900070e151c232a31383f464d545b62
060d141b222930373e454c535a61686f
131a21282f363d444b525960676e757c
20272e353c434a51585f666d747b8289
2d343b424950575e656c737a81888f96
3a41484f565d646b727980878e959ca3
474e555c636a71787f868d949ba2a9b0
545b626970777e858c939aa1a8afb6bd
61686f767d848b9299a0a7aeb5bcc3ca
6e757c838a91989fa6adb4bbc2c9d0d7
7b828990979ea5acb3bac1c8cfd6dde4
888f969da4abb2b9c0c7ced5dce3eaf1
959ca3aab1b8bfc6cdd4dbe2e9f0f7fe
a2a9b0b7bec5ccd3dae1e8eff6fd040b
afb6bdc4cbd2d9e0e7eef5fc030a1118
bcc3cad1d8dfe6edf4fb020910171e25
c9d0d7dee5ecf3fa01080f161d242b32
d6dde4ebf2f900070e151c232a31383f
e3eaf1f8ff060d141b222930373e454c
f0f7fe050c131a21282f363d444b5259
fd040b121920272e353c434a51585f66
0a11181f262d343b424950575e656c73
171e252c333a41484f565d646b727980
242b323940474e555c636a71787f868d
31383f464d545b626970777e858c939a
3e454c535a61686f767d848b9299a0a7
4b525960676e757c838a91989fa6adb4
585f666d747b828990979ea5acb3bac1
656c737a81888f969da4abb2b9c0c7ce
727980878e959ca3aab1b8bfc6cdd4db
7f868d949ba2a9b0b7bec5ccd3dae1e8
8c939aa1a8afb6bdc4cbd2d9e0e7eef5
99a0a7aeb5bcc3cad1d8dfe6edf4fb02
a6adb4bbc2c9d0d7dee5ecf3fa01080f
b3bac1c8cfd6dde4ebf2f900070e151c
c0c7ced5dce3eaf1f8ff060d141b2229
cdd4dbe2e9f0f7fe050c131a21282f36
dae1e8eff6fd040b121920272e353c43
e7eef5fc030a11181f262d343b424950
f4fb020910171e252c333a41484f565d
01080f161d242b323940474e555c636a
0e151c232a31383f464d545b62697077
1b222930373e454c535a61686f767d84
282f363d444b525960676e757c838a91
353c434a51585f666d747b828990979e
424950575e656c737a81888f969da4ab
4f565d646b727980878e959ca3aab1b8
5c636a71787f868d949ba2a9b0b7bec5
6970777e858c939aa1a8afb6bdc4cbd2
767d848b9299a0a7aeb5bcc3cad1d8df
838a91989fa6adb4bbc2c9d0d7dee5ec
90979ea5acb3bac1c8cfd6dde4ebf2f9
9da4abb2b9c0c7ced5dce3eaf1f8ff06
aab1b8bfc6cdd4dbe2e9f0f7fe050c13
b7bec5ccd3dae1e8eff6fd040b121920
c4cbd2d9e0e7eef5fc030a11181f262d
d1d8dfe6edf4fb020910171e252c333a
dee5ecf3fa01080f161d242b32394047
ebf2f900070e151c232a31383f464d54
f8ff060d141b222930373e454c535a61
050c131a21282f363d444b525960676e
121920272e353c434a51585f666d747b
1f262d343b424950575e656c737a8188
2c333a41484f565d646b727980878e95
3940474e555c636a71787f868d949ba2
464d545b626970777e858c939aa1a8af
535a61686f767d848b9299a0a7aeb5bc
60676e757c838a91989fa6adb4bbc2c9
6d747b828990979ea5acb3bac1c8cfd6
7a81888f969da4abb2b9c0c7ced5dce3
878e959ca3aab1b8bfc6cdd4dbe2e9f0
949ba2a9b0b7bec5ccd3dae1e8eff6fd
a1a8afb6bdc4cbd2d9e0e7eef5fc030a
aeb5bcc3cad1d8dfe6edf4fb02091017
bbc2c9d0d7dee5ecf3fa01080f161d24
c8cfd6dde4ebf2f900070e151c232a31
d5dce3eaf1f8ff060d141b222930373e
e2e9f0f7fe050c131a21282f363d444b
eff6fd040b121920272e353c434a5158
fc030a11181f262d343b424950575e65
0910171e252c333a41484f565d646b72
161d242b323940474e555c636a71787f
232a31383f464d545b626970777e858c
30373e454c535a61686f767d848b9299
3d444b525960676e757c838a91989fa6
4a51585f666d747b828990979ea5acb3
575e656c737a81888f969da4abb2b9c0
646b727980878e959ca3aab1b8bfc6cd
71787f868d949ba2a9b0b7bec5ccd3da
7e858c939aa1a8afb6bdc4cbd2d9e0e7
8b9299a0a7aeb5bcc3cad1d8dfe6edf4
989fa6adb4bbc2c9d0d7dee5ecf3fa01
a5acb3bac1c8cfd6dde4ebf2f900070e
b2b9c0c7ced5dce3eaf1f8ff060d141b
bfc6cdd4dbe2e9f0f7fe050c131a2128
ccd3dae1e8eff6fd040b121920272e35
d9e0e7eef5fc030a11181f262d343b42
e6edf4fb020910171e252c333a41484f
f3fa01080f161d242b323940474e555c
00070e151c232a31383f464d545b6269
0d141b222930373e454c535a61686f76
1a21282f363d444b525960676e757c83
272e353c434a51585f666d747b828990
343b424950575e656c737a81888f969d
41484f565d646b727980878e959ca3aa
4e555c636a71787f868d949ba2a9b0b7
5b626970777e858c939aa1a8afb6bdc4
686f767d848b9299a0a7aeb5bcc3cad1
757c838a91989fa6adb4bbc2c9d0d7de
828990979ea5acb3bac1c8cfd6dde4eb
8f969da4abb2b9c0c7ced5dce3eaf1f8
9ca3aab1b8bfc6cdd4dbe2e9f0f7fe05
a9b0b7bec5ccd3dae1e8eff6fd040b12
b6bdc4cbd2d9e0e7eef5fc030a11181f
c3cad1d8dfe6edf4fb020910171e252c
d0d7dee5ecf3fa01080f161d242b3239
dde4ebf2f900070e151c232a31383f46
eaf1f8ff060d141b222930373e454c53
f7fe050c131a21282f363d444b525960
040b121920272e353c434a51585f666d
11181f262d343b424950575e656c737a
1e252c333a41484f565d646b72798087
2b323940474e555c636a71787f868d94
383f464d545b626970777e858c939aa1
454c535a61686f767d848b9299a0a7ae
525960676e757c838a91989fa6adb4bb
5f666d747b828990979ea5acb3bac1c8
6c737a81888f969da4abb2b9c0c7ced5
7980878e959ca3aab1b8bfc6cdd4dbe2
868d949ba2a9b0b7bec5ccd3dae1e8ef
939aa1a8afb6bdc4cbd2d9e0e7eef5fc
a0a7aeb5bcc3cad1d8dfe6edf4fb0209
adb4bbc2c9d0d7dee5ecf3fa01080f16
bac1c8cfd6dde4ebf2f900070e151c23
c7ced5dce3eaf1f8ff060d141b222930
d4dbe2e9f0f7fe050c131a21282f363d
e1e8eff6fd040b121920272e353c434a
eef5fc030a11181f262d343b42495057
fb020910171e252c333a41484f565d64
080f161d242b323940474e555c636a71
151c232a31383f464d545b626970777e
222930373e454c535a61686f767d848b
2f363d444b525960676e757c838a9198
3c434a51585f666d747b828990979ea5
4950575e656c737a81888f969da4abb2
565d646b727980878e959ca3aab1b8bf
636a71787f868d949ba2a9b0b7bec5cc
70777e858c939aa1a8afb6bdc4cbd2d9
7d848b9299a0a7aeb5bcc3cad1d8dfe6
8a91989fa6adb4bbc2c9d0d7dee5ecf3
979ea5acb3bac1c8cfd6dde4ebf2f900
a4abb2b9c0c7ced5dce3eaf1f8ff060d
b1b8bfc6cdd4dbe2e9f0f7fe050c131a
bec5ccd3dae1e8eff6fd040b12192027
cbd2d9e0e7eef5fc030a11181f262d34
d8dfe6edf4fb020910171e252c333a41
e5ecf3fa01080f161d242b323940474e
f2f900070e151c232a31383f464d545b
ff060d141b222930373e454c535a6168
0c131a21282f363d444b525960676e75
1920272e353c434a51585f666d747b82
262d343b424950575e656c737a81888f
333a41484f565d646b727980878e959c
40474e555c636a71787f868d949ba2a9
4d545b626970777e858c939aa1a8afb6
5a61686f767d848b9299a0a7aeb5bcc3
676e757c838a91989fa6adb4bbc2c9d0
747b828990979ea5acb3bac1c8cfd6dd
81888f969da4abb2b9c0c7ced5dce3ea
8e959ca3aab1b8bfc6cdd4dbe2e9f0f7
9ba2a9b0b7bec5ccd3dae1e8eff6fd04
a8afb6bdc4cbd2d9e0e7eef5fc030a11
b5bcc3cad1d8dfe6edf4fb020910171e
c2c9d0d7dee5ecf3fa01080f161d242b
cfd6dde4ebf2f900070e151c232a3138
dce3eaf1f8ff060d141b222930373e45
e9f0f7fe050c131a21282f363d444b52
f6fd040b121920272e353c434a51585f
030a11181f262d343b424950575e656c
10171e252c333a41484f565d646b7279
1d242b323940474e555c636a71787f86
2a31383f464d545b626970777e858c93
373e454c535a61686f767d848b9299a0
444b525960676e757c838a91989fa6ad
51585f666d747b828990979ea5acb3ba
5e656c737a81888f969da4abb2b9c0c7
6b727980878e959ca3aab1b8bfc6cdd4
787f868d949ba2a9b0b7bec5ccd3dae1
858c939aa1a8afb6bdc4cbd2d9e0e7ee
9299a0a7aeb5bcc3cad1d8dfe6edf4fb
9fa6adb4bbc2c9d0d7dee5ecf3fa0108
acb3bac1c8cfd6dde4ebf2f900070e15
b9c0c7ced5dce3eaf1f8ff060d141b22
c6cdd4dbe2e9f0f7fe050c131a21282f
d3dae1e8eff6fd040b121920272e353c
e0e7eef5fc030a11181f262d343b4249
edf4fb020910171e252c333a41484f56
fa01080f161d242b323940474e555c63
070e151c232a31383f464d545b626970
141b222930373e454c535a61686f767d
21282f363d444b525960676e757c838a
2e353c434a51585f666d747b82899097
3b424950575e656c737a81888f969da4
484f565d646b727980878e959ca3aab1
555c636a71787f868d949ba2a9b0b7be
626970777e858c939aa1a8afb6bdc4cb
6f767d848b9299a0a7aeb5bcc3cad1d8
7c838a91989fa6adb4bbc2c9d0d7dee5
8990979ea5acb3bac1c8cfd6dde4ebf2
969da4abb2b9c0c7ced5dce3eaf1f8ff
a3aab1b8bfc6cdd4dbe2e9f0f7fe050c
b0b7bec5ccd3dae1e8eff6fd040b1219
bdc4cbd2d9e0e7eef5fc030a11181f26
cad1d8dfe6edf4fb020910171e252c33
d7dee5ecf3fa01080f161d242b323940
e4ebf2f900070e151c232a31383f464d
f1f8ff060d141b222930373e454c535a
fe050c131a21282f363d444b52596067
0b121920272e353c434a51585f666d74
181f262d343b424950575e656c737a81
252c333a41484f565d646b727980878e
323940474e555c636a71787f868d949b
3f464d545b626970777e858c939aa1a8
4c535a61686f767d848b9299a0a7aeb5
5960676e757c838a91989fa6adb4bbc2
666d747b828990979ea5acb3bac1c8cf
737a81888f969da4abb2b9c0c7ced5dc
80878e959ca3aab1b8bfc6cdd4dbe2e9
8d949ba2a9b0b7bec5ccd3dae1e8eff6
9aa1a8afb6bdc4cbd2d9e0e7eef5fc03
a7aeb5bcc3cad1d8dfe6edf4fb020910
b4bbc2c9d0d7dee5ecf3fa01080f161d
c1c8cfd6dde4ebf2f900070e151c232a
ced5dce3eaf1f8ff060d141b22293037
dbe2e9f0f7fe050c131a21282f363d44
e8eff6fd040b121920272e353c434a51
f5fc030a11181f262d343b424950575e
020910171e252c333a41484f565d646b
0f161d242b323940474e555c636a7178
1c232a31383f464d545b626970777e85
2930373e454c535a61686f767d848b92
363d444b525960676e757c838a91989f
434a51585f666d747b828990979ea5ac
50575e656c737a81888f969da4abb2b9
5d646b727980878e959ca3aab1b8bfc6
6a71787f868d949ba2a9b0b7bec5ccd3
777e858c939aa1a8afb6bdc4cbd2d9e0
848b9299a0a7aeb5bcc3cad1d8dfe6ed
91989fa6adb4bbc2c9d0d7dee5ecf3fa
9ea5acb3bac1c8cfd6dde4ebf2f90007
abb2b9c0c7ced5dce3eaf1f8ff060d14
b8bfc6cdd4dbe2e9f0f7fe050c131a21
c5ccd3dae1e8eff6fd040b121920272e
d2d9e0e7eef5fc030a11181f262d343b
dfe6edf4fb020910171e252c333a4148
ecf3fa01080f161d242b323940474e55
f900070e151c232a31383f464d545b62
060d141b222930373e454c535a61686f
131a21282f363d444b525960676e757c
20272e353c434a51585f666d747b8289
2d343b424950575e656c737a81888f96
3a41484f565d646b727980878e959ca3
474e555c636a71787f868d949ba2a9b0
545b626970777e858c939aa1a8afb6bd
61686f767d848b9299a0a7aeb5bcc3ca
6e757c838a91989fa6adb4bbc2c9d0d7
7b828990979ea5acb3bac1c8cfd6dde4
888f969da4abb2b9c0c7ced5dce3eaf1
959ca3aab1b8bfc6cdd4dbe2e9f0f7fe
a2a9b0b7bec5ccd3dae1e8eff6fd040b
afb6bdc4cbd2d9e0e7eef5fc030a1118
bcc3cad1d8dfe6edf4fb020910171e25
c9d0d7dee5ecf3fa01080f161d242b32
d6dde4ebf2f900070e151c232a31383f
e3eaf1f8ff060d141b222930373e454c
f0f7fe050c131a21282f363d444b5259
fd040b121920272e353c434a51585f66
0a11181f262d343b424950575e656c73
171e252c333a41484f565d646b727980
242b323940474e555c636a71787f868d
31383f464d545b626970777e858c939a
3e454c535a61686f767d848b9299a0a7
4b525960676e757c838a91989fa6adb4
585f666d747b828990979ea5acb3bac1
656c737a81888f969da4abb2b9c0c7ce
727980878e959ca3aab1b8bfc6cdd4db
7f868d949ba2a9b0b7bec5ccd3dae1e8
8c939aa1a8afb6bdc4cbd2d9e0e7eef5
99a0a7aeb5bcc3cad1d8dfe6edf4fb02
a6adb4bbc2c9d0d7dee5ecf3fa01080f
b3bac1c8cfd6dde4ebf2f900070e151c
c0c7ced5dce3eaf1f8ff060d141b2229
cdd4dbe2e9f0f7fe050c131a21282f36
dae1e8eff6fd040b121920272e353c43
e7eef5fc030a11181f262d343b424950
f4fb020910171e252c333a41484f565d
01080f161d242b323940474e555c636a
0e151c232a31383f464d545b62697077
1b222930373e454c535a61686f767d84
282f363d444b525960676e757c838a91
353c434a51585f666d747b828990979e
424950575e656c737a81888f969da4ab
4f565d646b727980878e959ca3aab1b8
5c636a71787f868d949ba2a9b0b7bec5
6970777e858c939aa1a8afb6bdc4cbd2
767d848b9299a0a7aeb5bcc3cad1d8df
838a91989fa6adb4bbc2c9d0d7dee5ec
90979ea5acb3bac1c8cfd6dde4ebf2f9
9da4abb2b9c0c7ced5dce3eaf1f8ff06
aab1b8bfc6cdd4dbe2e9f0f7fe050c13
b7bec5ccd3dae1e8eff6fd040b121920
c4cbd2d9e0e7eef5fc030a11181f262d
d1d8dfe6edf4fb020910171e252c333a
dee5ecf3fa01080f161d242b32394047
ebf2f900070e151c232a31383f464d54
f8ff060d141b222930373e454c535a61
050c131a21282f363d444b525960676e
121920272e353c434a51585f666d747b
1f262d343b424950575e656c737a8188
2c333a41484f565d646b727980878e95
3940474e555c636a71787f868d949ba2
464d545b626970777e858c939aa1a8af
535a61686f767d848b9299a0a7aeb5bc
60676e757c838a91989fa6adb4bbc2c9
6d747b828990979ea5acb3bac1c8cfd6
7a81888f969da4abb2b9c0c7ced5dce3
878e959ca3aab1b8bfc6cdd4dbe2e9f0
949ba2a9b0b7bec5ccd3dae1e8eff6fd
a1a8afb6bdc4cbd2d9e0e7eef5fc030a
aeb5bcc3cad1d8dfe6edf4fb02091017
bbc2c9d0d7dee5ecf3fa01080f161d24
c8cfd6dde4ebf2f900070e151c232a31
d5dce3eaf1f8ff060d141b222930373e
e2e9f0f7fe050c131a21282f363d444b
eff6fd040b121920272e353c434a5158
fc030a11181f262d343b424950575e65
0910171e252c333a41484f565d646b72
161d242b323940474e555c636a71787f
232a31383f464d545b626970777e858c
30373e454c535a61686f767d848b9299
3d444b525960676e757c838a91989fa6
4a51585f666d747b828990979ea5acb3
575e656c737a81888f969da4abb2b9c0
646b727980878e959ca3aab1b8bfc6cd
71787f868d949ba2a9b0b7bec5ccd3da
7e858c939aa1a8afb6bdc4cbd2d9e0e7
8b9299a0a7aeb5bcc3cad1d8dfe6edf4
989fa6adb4bbc2c9d0d7dee5ecf3fa01
a5acb3bac1c8cfd6dde4ebf2f900070e
b2b9c0c7ced5dce3eaf1f8ff060d141b
bfc6cdd4dbe2e9f0f7fe050c131a2128
ccd3dae1e8eff6fd040b121920272e35
d9e0e7eef5fc030a11181f262d343b42
e6edf4fb020910171e252c333a41484f
f3fa01080f161d242b323940474e555c
00070e151c232a31383f464d545b6269
0d141b222930373e454c535a61686f76
1a21282f363d444b525960676e757c83
272e353c434a51585f666d747b828990
343b424950575e656c737a81888f969d
41484f565d646b727980878e959ca3aa
4e555c636a71787f868d949ba2a9b0b7
5b626970777e858c939aa1a8afb6bdc4
686f767d848b9299a0a7aeb5bcc3cad1
757c838a91989fa6adb4bbc2c9d0d7de
828990979ea5acb3bac1c8cfd6dde4eb
8f969da4abb2b9c0c7ced5dce3eaf1f8
9ca3aab1b8bfc6cdd4dbe2e9f0f7fe05
a9b0b7bec5ccd3dae1e8eff6fd040b12
b6bdc4cbd2d9e0e7eef5fc030a11181f
c3cad1d8dfe6edf4fb020910171e252c
d0d7dee5ecf3fa01080f161d242b3239
dde4ebf2f900070e151c232a31383f46
eaf1f8ff060d141b222930373e454c53
f7fe050c131a21282f363d444b525960
040b121920272e353c434a51585f666d
11181f262d343b424950575e656c737a
1e252c333a41484f565d646b72798087
2b323940474e555c636a71787f868d94
383f464d545b626970777e858c939aa1
454c535a61686f767d848b9299a0a7ae
525960676e757c838a91989fa6adb4bb
5f666d747b828990979ea5acb3bac1c8
6c737a81888f969da4abb2b9c0c7ced5
7980878e959ca3aab1b8bfc6cdd4dbe2
868d949ba2a9b0b7bec5ccd3dae1e8ef
939aa1a8afb6bdc4cbd2d9e0e7eef5fc
a0a7aeb5bcc3cad1d8dfe6edf4fb0209
adb4bbc2c9d0d7dee5ecf3fa01080f16
bac1c8cfd6dde4ebf2f900070e151c23
c7ced5dce3eaf1f8ff060d141b222930
d4dbe2e9f0f7fe050c131a21282f363d
e1e8eff6fd040b121920272e353c434a
eef5fc030a11181f262d343b42495057
fb020910171e252c333a41484f565d64
080f161d242b323940474e555c636a71
151c232a31383f464d545b626970777e
222930373e454c535a61686f767d848b
2f363d444b525960676e757c838a9198
3c434a51585f666d747b828990979ea5
4950575e656c737a81888f969da4abb2
565d646b727980878e959ca3aab1b8bf
636a71787f868d949ba2a9b0b7bec5cc
70777e858c939aa1a8afb6bdc4cbd2d9
7d848b9299a0a7aeb5bcc3cad1d8dfe6
8a91989fa6adb4bbc2c9d0d7dee5ecf3
979ea5acb3bac1c8cfd6dde4ebf2f900
a4abb2b9c0c7ced5dce3eaf1f8ff060d
b1b8bfc6cdd4dbe2e9f0f7fe050c131a
bec5ccd3dae1e8eff6fd040b12192027
cbd2d9e0e7eef5fc030a11181f262d34
d8dfe6edf4fb020910171e252c333a41
e5ecf3fa01080f161d242b323940474e
f2f900070e151c232a31383f464d545b
ff060d141b222930373e454c535a6168
0c131a21282f363d444b525960676e75
1920272e353c434a51585f666d747b82
262d343b424950575e656c737a81888f
333a41484f565d646b727980878e959c
40474e555c636a71787f868d949ba2a9
4d545b626970777e858c939aa1a8afb6
5a61686f767d848b9299a0a7aeb5bcc3
676e757c838a91989fa6adb4bbc2c9d0
747b828990979ea5acb3bac1c8cfd6dd
81888f969da4abb2b9c0c7ced5dce3ea
8e959ca3aab1b8bfc6cdd4dbe2e9f0f7
9ba2a9b0b7bec5ccd3dae1e8eff6fd04
a8afb6bdc4cbd2d9e0e7eef5fc030a11
b5bcc3cad1d8dfe6edf4fb020910171e
c2c9d0d7dee5ecf3fa01080f161d242b
cfd6dde4ebf2f900070e151c232a3138
dce3eaf1f8ff060d141b222930373e45
e9f0f7fe050c131a21282f363d444b52
f6fd040b121920272e353c434a51585f
030a11181f262d343b424950575e656c
10171e252c333a41484f565d646b7279
1d242b323940474e555c636a71787f86
2a31383f464d545b626970777e858c93
373e454c535a61686f767d848b9299a0
444b525960676e757c838a91989fa6ad
51585f666d747b828990979ea5acb3ba
5e656c737a81888f969da4abb2b9c0c7
6b727980878e959ca3aab1b8bfc6cdd4
787f868d949ba2a9b0b7bec5ccd3dae1
858c939aa1a8afb6bdc4cbd2d9e0e7ee
9299a0a7aeb5bcc3cad1d8dfe6edf4fb
9fa6adb4bbc2c9d0d7dee5ecf3fa0108
acb3bac1c8cfd6dde4ebf2f900070e15
b9c0c7ced5dce3eaf1f8ff060d141b22
c6cdd4dbe2e9f0f7fe050c131a21282f
d3dae1e8eff6fd040b121920272e353c
e0e7eef5fc030a11181f262d343b4249
edf4fb020910171e252c333a41484f56
fa01080f161d242b323940474e555c63
070e151c232a31383f464d545b626970
141b222930373e454c535a61686f767d
21282f363d444b525960676e757c838a
2e353c434a51585f666d747b82899097
3b424950575e656c737a81888f969da4
484f565d646b727980878e959ca3aab1
555c636a71787f868d949ba2a9b0b7be
626970777e858c939aa1a8afb6bdc4cb
6f767d848b9299a0a7aeb5bcc3cad1d8
7c838a91989fa6adb4bbc2c9d0d7dee5
8990979ea5acb3bac1c8cfd6dde4ebf2
969da4abb2b9c0c7ced5dce3eaf1f8ff
a3aab1b8bfc6cdd4dbe2e9f0f7fe050c
b0b7bec5ccd3dae1e8eff6fd040b1219
bdc4cbd2d9e0e7eef5fc030a11181f26
cad1d8dfe6edf4fb020910171e252c33
d7dee5ecf3fa01080f161d242b323940
e4ebf2f900070e151c232a31383f464d
f1f8ff060d141b222930373e454c535a
fe050c131a21282f363d444b52596067
0b121920272e353c434a51585f666d74
181f262d343b424950575e656c737a81
252c333a41484f565d646b727980878e
323940474e555c636a71787f868d949b
3f464d545b626970777e858c939aa1a8
4c535a61686f767d848b9299a0a7aeb5
5960676e757c838a91989fa6adb4bbc2
666d747b828990979ea5acb3bac1c8cf
737a81888f969da4abb2b9c0c7ced5dc
80878e959ca3aab1b8bfc6cdd4dbe2e9
8d949ba2a9b0b7bec5ccd3dae1e8eff6
9aa1a8afb6bdc4cbd2d9e0e7eef5fc03
a7aeb5bcc3cad1d8dfe6edf4fb020910
b4bbc2c9d0d7dee5ecf3fa01080f161d
c1c8cfd6dde4ebf2f900070e151c232a
ced5dce3eaf1f8ff060d141b22293037
dbe2e9f0f7fe050c131a21282f363d44
e8eff6fd040b121920272e353c434a51
f5fc030a11181f262d343b424950575e
020910171e252c333a41484f565d646b
0f161d242b323940474e555c636a7178
1c232a31383f464d545b626970777e85
2930373e454c535a61686f767d848b92
363d444b525960676e757c838a91989f
434a51585f666d747b828990979ea5ac
50575e656c737a81888f969da4abb2b9
5d646b727980878e959ca3aab1b8bfc6
6a71787f868d949ba2a9b0b7bec5ccd3
777e858c939aa1a8afb6bdc4cbd2d9e0
848b9299a0a7aeb5bcc3cad1d8dfe6ed
91989fa6adb4bbc2c9d0d7dee5ecf3fa
9ea5acb3bac1c8cfd6dde4ebf2f90007
abb2b9c0c7ced5dce3eaf1f8ff060d14
b8bfc6cdd4dbe2e9f0f7fe050c131a21
c5ccd3dae1e8eff6fd040b121920272e
d2d9e0e7eef5fc030a11181f262d343b
dfe6edf4fb020910171e252c333a4148
ecf3fa01080f161d242b323940474e55
f900070e151c232a31383f464d545b62
060d141b222930373e454c535a61686f
131a21282f363d444b525960676e757c
20272e353c434a51585f666d747b8289
2d343b424950575e656c737a81888f96
3a41484f565d646b727980878e959ca3
474e555c636a71787f868d949ba2a9b0
545b626970777e858c939aa1a8afb6bd
61686f767d848b9299a0a7aeb5bcc3ca
6e757c838a91989fa6adb4bbc2c9d0d7
7b828990979ea5acb3bac1c8cfd6dde4
888f969da4abb2b9c0c7ced5dce3eaf1
959ca3aab1b8bfc6cdd4dbe2e9f0f7fe
a2a9b0b7bec5ccd3dae1e8eff6fd040b
afb6bdc4cbd2d9e0e7eef5fc030a1118
bcc3cad1d8dfe6edf4fb020910171e25
c9d0d7dee5ecf3fa01080f161d242b32
d6dde4ebf2f900070e151c232a31383f
e3eaf1f8ff060d141b222930373e454c
f0f7fe050c131a21282f363d444b5259
fd040b121920272e353c434a51585f66
0a11181f262d343b424950575e656c73
171e252c333a41484f565d646b727980
242b323940474e555c636a71787f868d
31383f464d545b626970777e858c939a
3e454c535a61686f767d848b9299a0a7
4b525960676e757c838a91989fa6adb4
585f666d747b828990979ea5acb3bac1
656c737a81888f969da4abb2b9c0c7ce
727980878e959ca3aab1b8bfc6cdd4db
7f868d949ba2a9b0b7bec5ccd3dae1e8
8c939aa1a8afb6bdc4cbd2d9e0e7eef5
99a0a7aeb5bcc3cad1d8dfe6edf4fb02
a6adb4bbc2c9d0d7dee5ecf3fa01080f
b3bac1c8cfd6dde4ebf2f900070e151c
c0c7ced5dce3eaf1f8ff060d141b2229
cdd4dbe2e9f0f7fe050c131a21282f36
dae1e8eff6fd040b121920272e353c43
e7eef5fc030a11181f262d343b424950
f4fb020910171e252c333a41484f565d
01080f161d242b323940474e555c636a
0e151c232a31383f464d545b62697077
1b222930373e454c535a61686f767d84
282f363d444b525960676e757c838a91
353c434a51585f666d747b828990979e
424950575e656c737a81888f969da4ab
4f565d646b727980878e959ca3aab1b8
5c636a71787f868d949ba2a9b0b7bec5
6970777e858c939aa1a8afb6bdc4cbd2
767d848b9299a0a7aeb5bcc3cad1d8df
838a91989fa6adb4bbc2c9d0d7dee5ec
90979ea5acb3bac1c8cfd6dde4ebf2f9
9da4abb2b9c0c7ced5dce3eaf1f8ff06
aab1b8bfc6cdd4dbe2e9f0f7fe050c13
b7bec5ccd3dae1e8eff6fd040b121920
c4cbd2d9e0e7eef5fc030a11181f262d
d1d8dfe6edf4fb020910171e252c333a
dee5ecf3fa01080f161d242b32394047
ebf2f900070e151c232a31383f464d54
f8ff060d141b222930373e454c535a61
050c131a21282f363d444b525960676e
121920272e353c434a51585f666d747b
1f262d343b424950575e656c737a8188
2c333a41484f565d646b727980878e95
3940474e555c636a71787f868d949ba2
464d545b626970777e858c939aa1a8af
535a61686f767d848b9299a0a7aeb5bc
60676e757c838a91989fa6adb4bbc2c9
6d747b828990979ea5acb3bac1c8cfd6
7a81888f969da4abb2b9c0c7ced5dce3
878e959ca3aab1b8bfc6cdd4dbe2e9f0
949ba2a9b0b7bec5ccd3dae1e8eff6fd
a1a8afb6bdc4cbd2d9e0e7eef5fc030a
aeb5bcc3cad1d8dfe6edf4fb02091017
bbc2c9d0d7dee5ecf3fa01080f161d24
c8cfd6dde4ebf2f900070e151c232a31
d5dce3eaf1f8ff060d141b222930373e
e2e9f0f7fe050c131a21282f363d444b
eff6fd040b121920272e353c434a5158
fc030a11181f262d343b424950575e65
0910171e252c333a41484f565d646b72
161d242b323940474e555c636a71787f
232a31383f464d545b626970777e858c
30373e454c535a61686f767d848b9299
3d444b525960676e757c838a91989fa6
4a51585f666d747b828990979ea5acb3
575e656c737a81888f969da4abb2b9c0
646b727980878e959ca3aab1b8bfc6cd
71787f868d949ba2a9b0b7bec5ccd3da
7e858c939aa1a8afb6bdc4cbd2d9e0e7
8b9299a0a7aeb5bcc3cad1d8dfe6edf4
989fa6adb4bbc2c9d0d7dee5ecf3fa01
a5acb3bac1c8cfd6dde4ebf2f900070e
b2b9c0c7ced5dce3eaf1f8ff060d141b
bfc6cdd4dbe2e9f0f7fe050c131a2128
ccd3dae1e8eff6fd040b121920272e35
d9e0e7eef5fc030a11181f262d343b42
e6edf4fb020910171e252c333a41484f
f3fa01080f161d242b323940474e555c
00070e151c232a31383f464d545b6269
0d141b222930373e454c535a61686f76
1a21282f363d444b525960676e757c83
272e353c434a51585f666d747b828990
343b424950575e656c737a81888f969d
41484f565d646b727980878e959ca3aa
4e555c636a71787f868d949ba2a9b0b7
5b626970777e858c939aa1a8afb6bdc4
686f767d848b9299a0a7aeb5bcc3cad1
757c838a91989fa6adb4bbc2c9d0d7de
828990979ea5acb3bac1c8cfd6dde4eb
8f969da4abb2b9c0c7ced5dce3eaf1f8
9ca3aab1b8bfc6cdd4dbe2e9f0f7fe05
a9b0b7bec5ccd3dae1e8eff6fd040b12
b6bdc4cbd2d9e0e7eef5fc030a11181f
c3cad1d8dfe6edf4fb020910171e252c
d0d7dee5ecf3fa01080f161d242b3239
dde4ebf2f900070e151c232a31383f46
eaf1f8ff060d141b222930373e454c53
f7fe050c131a21282f363d444b525960
040b121920272e353c434a51585f666d
11181f262d343b424950575e656c737a
1e252c333a41484f565d646b72798087
2b323940474e555c636a71787f868d94
383f464d545b626970777e858c939aa1
454c535a61686f767d848b9299a0a7ae
525960676e757c838a91989fa6adb4bb
5f666d747b828990979ea5acb3bac1c8
6c737a81888f969da4abb2b9c0c7ced5
7980878e959ca3aab1b8bfc6cdd4dbe2
868d949ba2a9b0b7bec5ccd3dae1e8ef
939aa1a8afb6bdc4cbd2d9e0e7eef5fc
a0a7aeb5bcc3cad1d8dfe6edf4fb0209
adb4bbc2c9d0d7dee5ecf3fa01080f16
bac1c8cfd6dde4ebf2f900070e151c23
c7ced5dce3eaf1f8ff060d141b222930
d4dbe2e9f0f7fe050c131a21282f363d
e1e8eff6fd040b121920272e353c434a
eef5fc030a11181f262d343b42495057
fb020910171e252c333a41484f565d64
080f161d242b323940474e555c636a71
151c232a31383f464d545b626970777e
222930373e454c535a61686f767d848b
2f363d444b525960676e757c838a9198
3c434a51585f666d747b828990979ea5
4950575e656c737a81888f969da4abb2
565d646b727980878e959ca3aab1b8bf
636a71787f868d949ba2a9b0b7bec5cc
70777e858c939aa1a8afb6bdc4cbd2d9
7d848b9299a0a7aeb5bcc3cad1d8dfe6
8a91989fa6adb4bbc2c9d0d7dee5ecf3
979ea5acb3bac1c8cfd6dde4ebf2f900
a4abb2b9c0c7ced5dce3eaf1f8ff060d
b1b8bfc6cdd4dbe2e9f0f7fe050c131a
bec5ccd3dae1e8eff6fd040b12192027
cbd2d9e0e7eef5fc030a11181f262d34
d8dfe6edf4fb020910171e252c333a41
e5ecf3fa01080f161d242b323940474e
f2f900070e151c232a31383f464d545b
ff060d141b222930373e454c535a6168
0c131a21282f363d444b525960676e75
1920272e353c434a51585f666d747b82
262d343b424950575e656c737a81888f
333a41484f565d646b727980878e959c
40474e555c636a71787f868d949ba2a9
4d545b626970777e858c939aa1a8afb6
5a61686f767d848b9299a0a7aeb5bcc3
676e757c838a91989fa6adb4bbc2c9d0
747b828990979ea5acb3bac1c8cfd6dd
81888f969da4abb2b9c0c7ced5dce3ea
8e959ca3aab1b8bfc6cdd4dbe2e9f0f7
9ba2a9b0b7bec5ccd3dae1e8eff6fd04
a8afb6bdc4cbd2d9e0e7eef5fc030a11
b5bcc3cad1d8dfe6edf4fb020910171e
c2c9d0d7dee5ecf3fa01080f161d242b
cfd6dde4ebf2f900070e151c232a3138
dce3eaf1f8ff060d141b222930373e45
e9f0f7fe050c131a21282f363d444b52
f6fd040b121920272e353c434a51585f
030a11181f262d343b424950575e656c
10171e252c333a41484f565d646b7279
1d242b323940474e555c636a71787f86
2a31383f464d545b626970777e858c93
373e454c535a61686f767d848b9299a0
444b525960676e757c838a91989fa6ad
51585f666d747b828990979ea5acb3ba
5e656c737a81888f969da4abb2b9c0c7
6b727980878e959ca3aab1b8bfc6cdd4
787f868d949ba2a9b0b7bec5ccd3dae1
858c939aa1a8afb6bdc4cbd2d9e0e7ee
9299a0a7aeb5bcc3cad1d8dfe6edf4fb
9fa6adb4bbc2c9d0d7dee5ecf3fa0108
acb3bac1c8cfd6dde4ebf2f900070e15
b9c0c7ced5dce3eaf1f8ff060d141b22
c6cdd4dbe2e9f0f7fe050c131a21282f
d3dae1e8eff6fd040b121920272e353c
e0e7eef5fc030a11181f262d343b4249
edf4fb020910171e252c333a41484f56
fa01080f161d242b323940474e555c63
070e151c232a31383f464d545b626970
141b222930373e454c535a61686f767d
21282f363d444b525960676e757c838a
2e353c434a51585f666d747b82899097
3b424950575e656c737a81888f969da4
484f565d646b727980878e959ca3aab1
555c636a71787f868d949ba2a9b0b7be
626970777e858c939aa1a8afb6bdc4cb
6f767d848b9299a0a7aeb5bcc3cad1d8
7c838a91989fa6adb4bbc2c9d0d7dee5
8990979ea5acb3bac1c8cfd6dde4ebf2
969da4abb2b9c0c7ced5dce3eaf1f8ff
a3aab1b8bfc6cdd4dbe2e9f0f7fe050c
b0b7bec5ccd3dae1e8eff6fd040b1219
bdc4cbd2d9e0e7eef5fc030a11181f26
cad1d8dfe6edf4fb020910171e252c33
d7dee5ecf3fa01080f161d242b323940
e4ebf2f900070e151c232a31383f464d
f1f8ff060d141b222930373e454c535a
fe050c131a21282f363d444b52596067
0b121920272e353c434a51585f666d74
181f262d343b424950575e656c737a81
252c333a41484f565d646b727980878e
323940474e555c636a71787f868d949b
3f464d545b626970777e858c939aa1a8
4c535a61686f767d848b9299a0a7aeb5
5960676e757c838a91989fa6adb4bbc2
666d747b828990979ea5acb3bac1c8cf
737a81888f969da4abb2b9c0c7ced5dc
80878e959ca3aab1b8bfc6cdd4dbe2e9
8d949ba2a9b0b7bec5ccd3dae1e8eff6
9aa1a8afb6bdc4cbd2d9e0e7eef5fc03
a7aeb5bcc3cad1d8dfe6edf4fb020910
b4bbc2c9d0d7dee5ecf3fa01080f161d
c1c8cfd6dde4ebf2f900070e151c232a
ced5dce3eaf1f8ff060d141b22293037
dbe2e9f0f7fe050c131a21282f363d44
e8eff6fd040b121920272e353c434a51
f5fc030a11181f262d343b424950575e
020910171e252c333a41484f565d646b
0f161d242b323940474e555c636a7178
1c232a31383f464d545b626970777e85
2930373e454c535a61686f767d848b92
363d444b525960676e757c838a91989f
434a51585f666d747b828990979ea5ac
50575e656c737a81888f969da4abb2b9
5d646b727980878e959ca3aab1b8bfc6
6a71787f868d949ba2a9b0b7bec5ccd3
777e858c939aa1a8afb6bdc4cbd2d9e0
848b9299a0a7aeb5bcc3cad1d8dfe6ed
91989fa6adb4bbc2c9d0d7dee5ecf3fa
9ea5acb3bac1c8cfd6dde4ebf2f90007
abb2b9c0c7ced5dce3eaf1f8ff060d14
b8bfc6cdd4dbe2e9f0f7fe050c131a21
c5ccd3dae1e8eff6fd040b121920272e
d2d9e0e7eef5fc030a11181f262d343b
dfe6edf4fb020910171e252c333a4148
ecf3fa01080f161d242b323940474e55
f900070e151c232a31383f464d545b62
060d141b222930373e454c535a61686f
131a21282f363d444b525960676e757c
20272e353c434a51585f666d747b8289
2d343b424950575e656c737a81888f96
3a41484f565d646b727980878e959ca3
474e555c636a71787f868d949ba2a9b0
545b626970777e858c939aa1a8afb6bd
61686f767d848b9299a0a7aeb5bcc3ca
6e757c838a91989fa6adb4bbc2c9d0d7
7b828990979ea5acb3bac1c8cfd6dde4
888f969da4abb2b9c0c7ced5dce3eaf1
959ca3aab1b8bfc6cdd4dbe2e9f0f7fe
a2a9b0b7bec5ccd3dae1e8eff6fd040b
afb6bdc4cbd2d9e0e7eef5fc030a1118
bcc3cad1d8dfe6edf4fb020910171e25
c9d0d7dee5ecf3fa01080f161d242b32
d6dde4ebf2f900070e151c232a31383f
e3eaf1f8ff060d141b222930373e454c
f0f7fe050c131a21282f363d444b5259
fd040b121920272e353c434a51585f66
0a11181f262d343b424950575e656c73
171e252c333a41484f565d646b727980
242b323940474e555c636a71787f868d
31383f464d545b626970777e858c939a
3e454c535a61686f767d848b9299a0a7
4b525960676e757c838a91989fa6adb4
585f666d747b828990979ea5acb3bac1
656c737a81888f969da4abb2b9c0c7ce
727980878e959ca3aab1b8bfc6cdd4db
7f868d949ba2a9b0b7bec5ccd3dae1e8
8c939aa1a8afb6bdc4cbd2d9e0e7eef5
99a0a7aeb5bcc3cad1d8dfe6edf4fb02
a6adb4bbc2c9d0d7dee5ecf3fa01080f
b3bac1c8cfd6dde4ebf2f900070e151c
c0c7ced5dce3eaf1f8ff060d141b2229
cdd4dbe2e9f0f7fe050c131a21282f36
dae1e8eff6fd040b121920272e353c43
e7eef5fc030a11181f262d343b424950
f4fb020910171e252c333a41484f565d
01080f161d242b323940474e555c636a
0e151c232a31383f464d545b62697077
1b222930373e454c535a61686f767d84
282f363d444b525960676e757c838a91
353c434a51585f666d747b828990979e
424950575e656c737a81888f969da4ab
4f565d646b727980878e959ca3aab1b8
5c636a71787f868d949ba2a9b0b7bec5
6970777e858c939aa1a8afb6bdc4cbd2
767d848b9299a0a7aeb5bcc3cad1d8df
838a91989fa6adb4bbc2c9d0d7dee5ec
90979ea5acb3bac1c8cfd6dde4ebf2f9
9da4abb2b9c0c7ced5dce3eaf1f8ff06
aab1b8bfc6cdd4dbe2e9f0f7fe050c13
b7bec5ccd3dae1e8eff6fd040b121920
c4cbd2d9e0e7eef5fc030a11181f262d
d1d8dfe6edf4fb020910171e252c333a
dee5ecf3fa01080f161d242b32394047
ebf2f900070e151c232a31383f464d54
f8ff060d141b222930373e454c535a61
050c131a21282f363d444b525960676e
121920272e353c434a51585f666d747b
1f262d343b424950575e656c737a8188
2c333a41484f565d646b727980878e95
3940474e555c636a71787f868d949ba2
464d545b626970777e858c939aa1a8af
535a61686f767d848b9299a0a7aeb5bc
60676e757c838a91989fa6adb4bbc2c9
6d747b828990979ea5acb3bac1c8cfd6
7a81888f969da4abb2b9c0c7ced5dce3
878e959ca3aab1b8bfc6cdd4dbe2e9f0
949ba2a9b0b7bec5ccd3dae1e8eff6fd
a1a8afb6bdc4cbd2d9e0e7eef5fc030a
aeb5bcc3cad1d8dfe6edf4fb02091017
bbc2c9d0d7dee5ecf3fa01080f161d24
c8cfd6dde4ebf2f900070e151c232a31
d5dce3eaf1f8ff060d141b222930373e
e2e9f0f7fe050c131a21282f363d444b
eff6fd040b121920272e353c434a5158
fc030a11181f262d343b424950575e65
0910171e252c333a41484f565d646b72
161d242b323940474e555c636a71787f
232a31383f464d545b626970777e858c
30373e454c535a61686f767d848b9299
3d444b525960676e757c838a91989fa6
4a51585f666d747b828990979ea5acb3
575e656c737a81888f969da4abb2b9c0
646b727980878e959ca3aab1b8bfc6cd
71787f868d949ba2a9b0b7bec5ccd3da
7e858c939aa1a8afb6bdc4cbd2d9e0e7
8b9299a0a7aeb5bcc3cad1d8dfe6edf4
989fa6adb4bbc2c9d0d7dee5ecf3fa01
a5acb3bac1c8cfd6dde4ebf2f900070e
b2b9c0c7ced5dce3eaf1f8ff060d141b
bfc6cdd4dbe2e9f0f7fe050c131a2128
ccd3dae1e8eff6fd040b121920272e35
d9e0e7eef5fc030a11181f262d343b42
e6edf4fb020910171e252c333a41484f
f3fa01080f161d242b323940474e555c
00070e151c232a31383f464d545b6269
0d141b222930373e454c535a61686f76
1a21282f363d444b525960676e757c83
272e353c434a51585f666d747b828990
343b424950575e656c737a81888f969d
41484f565d646b727980878e959ca3aa
4e555c636a71787f868d949ba2a9b0b7
5b626970777e858c939aa1a8afb6bdc4
686f767d848b9299a0a7aeb5bcc3cad1
757c838a91989fa6adb4bbc2c9d0d7de
828990979ea5acb3bac1c8cfd6dde4eb
8f969da4abb2b9c0c7ced5dce3eaf1f8
9ca3aab1b8bfc6cdd4dbe2e9f0f7fe05
a9b0b7bec5ccd3dae1e8eff6fd040b12
b6bdc4cbd2d9e0e7eef5fc030a11181f
c3cad1d8dfe6edf4fb020910171e252c
d0d7dee5ecf3fa01080f161d242b3239
dde4ebf2f900070e151c232a31383f46
eaf1f8ff060d141b222930373e454c53
f7fe050c131a21282f363d444b525960
040b121920272e353c434a51585f666d
11181f262d343b424950575e656c737a
1e252c333a41484f565d646b72798087
2b323940474e555c636a71787f868d94
383f464d545b626970777e858c939aa1
454c535a61686f767d848b9299a0a7ae
525960676e757c838a91989fa6adb4bb
5f666d747b828990979ea5acb3bac1c8
6c737a81888f969da4abb2b9c0c7ced5
7980878e959ca3aab1b8bfc6cdd4dbe2
868d949ba2a9b0b7bec5ccd3dae1e8ef
939aa1a8afb6bdc4cbd2d9e0e7eef5fc
a0a7aeb5bcc3cad1d8dfe6edf4fb0209
adb4bbc2c9d0d7dee5ecf3fa01080f16
bac1c8cfd6dde4ebf2f900070e151c23
c7ced5dce3eaf1f8ff060d141b222930
d4dbe2e9f0f7fe050c131a21282f363d
e1e8eff6fd040b121920272e353c434a
eef5fc030a11181f262d343b42495057
fb020910171e252c333a41484f565d64
080f161d242b323940474e555c636a71
151c232a31383f464d545b626970777e
222930373e454c535a61686f767d848b
2f363d444b525960676e757c838a9198
3c434a51585f666d747b828990979ea5
4950575e656c737a81888f969da4abb2
565d646b727980878e959ca3aab1b8bf
636a71787f868d949ba2a9b0b7bec5cc
70777e858c939aa1a8afb6bdc4cbd2d9
7d848b9299a0a7aeb5bcc3cad1d8dfe6
8a91989fa6adb4bbc2c9d0d7dee5ecf3
979ea5acb3bac1c8cfd6dde4ebf2f900
a4abb2b9c0c7ced5dce3eaf1f8ff060d
b1b8bfc6cdd4dbe2e9f0f7fe050c131a
bec5ccd3dae1e8eff6fd040b12192027
cbd2d9e0e7eef5fc030a11181f262d34
d8dfe6edf4fb020910171e252c333a41
e5ecf3fa01080f161d242b323940474e
f2f900070e151c232a31383f464d545b
ff060d141b222930373e454c535a6168
0c131a21282f363d444b525960676e75
1920272e353c434a51585f666d747b82
262d343b424950575e656c737a81888f
333a41484f565d646b727980878e959c
40474e555c636a71787f868d949ba2a9
4d545b626970777e858c939aa1a8afb6
5a61686f767d848b9299a0a7aeb5bcc3
676e757c838a91989fa6adb4bbc2c9d0
747b828990979ea5acb3bac1c8cfd6dd
81888f969da4abb2b9c0c7ced5dce3ea
8e959ca3aab1b8bfc6cdd4dbe2e9f0f7
9ba2a9b0b7bec5ccd3dae1e8eff6fd04
a8afb6bdc4cbd2d9e0e7eef5fc030a11
b5bcc3cad1d8dfe6edf4fb020910171e
c2c9d0d7dee5ecf3fa01080f161d242b
cfd6dde4ebf2f900070e151c232a3138
dce3eaf1f8ff060d141b222930373e45
e9f0f7fe050c131a21282f363d444b52
f6fd040b121920272e353c434a51585f
030a11181f262d343b424950575e656c
10171e252c333a41484f565d646b7279
1d242b323940474e555c636a71787f86
2a31383f464d545b626970777e858c93
373e454c535a61686f767d848b9299a0
444b525960676e757c838a91989fa6ad
51585f666d747b828990979ea5acb3ba
5e656c737a81888f969da4abb2b9c0c7
6b727980878e959ca3aab1b8bfc6cdd4
787f868d949ba2a9b0b7bec5ccd3dae1
858c939aa1a8afb6bdc4cbd2d9e0e7ee
9299a0a7aeb5bcc3cad1d8dfe6edf4fb
9fa6adb4bbc2c9d0d7dee5ecf3fa0108
acb3bac1c8cfd6dde4ebf2f900070e15
b9c0c7ced5dce3eaf1f8ff060d141b22
c6cdd4dbe2e9f0f7fe050c131a21282f
d3dae1e8eff6fd040b121920272e353c
e0e7eef5fc030a11181f262d343b4249
edf4fb020910171e252c333a41484f56
fa01080f161d242b323940474e555c63
070e151c232a31383f464d545b626970
141b222930373e454c535a61686f767d
21282f363d444b525960676e757c838a
2e353c434a51585f666d747b82899097
3b424950575e656c737a81888f969da4
484f565d646b727980878e959ca3aab1
555c636a71787f868d949ba2a9b0b7be
626970777e858c939aa1a8afb6bdc4cb
6f767d848b9299a0a7aeb5bcc3cad1d8
7c838a91989fa6adb4bbc2c9d0d7dee5
8990979ea5acb3bac1c8cfd6dde4ebf2
969da4abb2b9c0c7ced5dce3eaf1f8ff
a3aab1b8bfc6cdd4dbe2e9f0f7fe050c
b0b7bec5ccd3dae1e8eff6fd040b1219
bdc4cbd2d9e0e7eef5fc030a11181f26
cad1d8dfe6edf4fb020910171e252c33
d7dee5ecf3fa01080f161d242b323940
e4ebf2f900070e151c232a31383f464d
f1f8ff060d141b222930373e454c535a
fe050c131a21282f363d444b52596067
0b121920272e353c434a51585f666d74
181f262d343b424950575e656c737a81
252c333a41484f565d646b727980878e
323940474e555c636a71787f868d949b
3f464d545b626970777e858c939aa1a8
4c535a61686f767d848b9299a0a7aeb5
5960676e757c838a91989fa6adb4bbc2
666d747b828990979ea5acb3bac1c8cf
737a81888f969da4abb2b9c0c7ced5dc
80878e959ca3aab1b8bfc6cdd4dbe2e9
8d949ba2a9b0b7bec5ccd3dae1e8eff6
9aa1a8afb6bdc4cbd2d9e0e7eef5fc03
a7aeb5bcc3cad1d8dfe6edf4fb020910
b4bbc2c9d0d7dee5ecf3fa01080f161d
c1c8cfd6dde4ebf2f900070e151c232a
ced5dce3eaf1f8ff060d141b22293037
dbe2e9f0f7fe050c131a21282f363d44
e8eff6fd040b121920272e353c434a51
f5fc030a11181f262d343b424950575e
020910171e252c333a41484f565d646b
0f161d242b323940474e555c636a7178
1c232a31383f464d545b626970777e85
2930373e454c535a61686f767d848b92
363d444b525960676e757c838a91989f
434a51585f666d747b828990979ea5ac
50575e656c737a81888f969da4abb2b9
5d646b727980878e959ca3aab1b8bfc6
6a71787f868d949ba2a9b0b7bec5ccd3
777e858c939aa1a8afb6bdc4cbd2d9e0
848b9299a0a7aeb5bcc3cad1d8dfe6ed
91989fa6adb4bbc2c9d0d7dee5ecf3fa
9ea5acb3bac1c8cfd6dde4ebf2f90007
abb2b9c0c7ced5dce3eaf1f8ff060d14
b8bfc6cdd4dbe2e9f0f7fe050c131a21
c5ccd3dae1e8eff6fd040b121920272e
d2d9e0e7eef5fc030a11181f262d343b
dfe6edf4fb020910171e252c333a4148
ecf3fa01080f161d242b323940474e55
f900070e151c232a31383f464d545b62
060d141b222930373e454c535a61686f
131a21282f363d444b525960676e757c
20272e353c434a51585f666d747b8289
2d343b424950575e656c737a81888f96
3a41484f565d646b727980878e959ca3
474e555c636a71787f868d949ba2a9b0
545b626970777e858c939aa1a8afb6bd
61686f767d848b9299a0a7aeb5bcc3ca
6e757c838a91989fa6adb4bbc2c9d0d7
7b828990979ea5acb3bac1c8cfd6dde4
888f969da4abb2b9c0c7ced5dce3eaf1
959ca3aab1b8bfc6cdd4dbe2e9f0f7fe
a2a9b0b7bec5ccd3dae1e8eff6fd040b
afb6bdc4cbd2d9e0e7eef5fc030a1118
bcc3cad1d8dfe6edf4fb020910171e25
c9d0d7dee5ecf3fa01080f161d242b32
d6dde4ebf2f900070e151c232a31383f
e3eaf1f8ff060d141b222930373e454c
f0f7fe050c131a21282f363d444b5259
fd040b121920272e353c434a51585f66
0a11181f262d343b424950575e656c73
171e252c333a41484f565d646b727980
242b323940474e555c636a71787f868d
31383f464d545b626970777e858c939a
3e454c535a61686f767d848b9299a0a7
4b525960676e757c838a91989fa6adb4
585f666d747b828990979ea5acb3bac1
656c737a81888f969da4abb2b9c0c7ce
727980878e959ca3aab1b8bfc6cdd4db
7f868d949ba2a9b0b7bec5ccd3dae1e8
8c939aa1a8afb6bdc4cbd2d9e0e7eef5
99a0a7aeb5bcc3cad1d8dfe6edf4fb02
a6adb4bbc2c9d0d7dee5ecf3fa01080f
b3bac1c8cfd6dde4ebf2f900070e151c
c0c7ced5dce3eaf1f8ff060d141b2229
cdd4dbe2e9f0f7fe050c131a21282f36
dae1e8eff6fd040b121920272e353c43
e7eef5fc030a11181f262d343b424950
f4fb020910171e252c333a41484f565d
01080f161d242b323940474e555c636a
0e151c232a31383f464d545b62697077
1b222930373e454c535a61686f767d84
282f363d444b525960676e757c838a91
353c434a51585f666d747b828990979e
424950575e656c737a81888f969da4ab
4f565d646b727980878e959ca3aab1b8
5c636a71787f868d949ba2a9b0b7bec5
6970777e858c939aa1a8afb6bdc4cbd2
767d848b9299a0a7aeb5bcc3cad1d8df
838a91989fa6adb4bbc2c9d0d7dee5ec
90979ea5acb3bac1c8cfd6dde4ebf2f9
9da4abb2b9c0c7ced5dce3eaf1f8ff06
aab1b8bfc6cdd4dbe2e9f0f7fe050c13
b7bec5ccd3dae1e8eff6fd040b121920
c4cbd2d9e0e7eef5fc030a11181f262d
d1d8dfe6edf4fb020910171e252c333a
dee5ecf3fa01080f161d242b32394047
ebf2f900070e151c232a31383f464d54
f8ff060d141b222930373e454c535a61
050c131a21282f363d444b525960676e
121920272e353c434a51585f666d747b
1f262d343b424950575e656c737a8188
2c333a41484f565d646b727980878e95
3940474e555c636a71787f868d949ba2
464d545b626970777e858c939aa1a8af
535a61686f767d848b9299a0a7aeb5bc
60676e757c838a91989fa6adb4bbc2c9
6d747b828990979ea5acb3bac1c8cfd6
7a81888f969da4abb2b9c0c7ced5dce3
878e959ca3aab1b8bfc6cdd4dbe2e9f0
949ba2a9b0b7bec5ccd3dae1e8eff6fd
a1a8afb6bdc4cbd2d9e0e7eef5fc030a
aeb5bcc3cad1d8dfe6edf4fb02091017
bbc2c9d0d7dee5ecf3fa01080f161d24
c8cfd6dde4ebf2f900070e151c232a31
d5dce3eaf1f8ff060d141b222930373e
e2e9f0f7fe050c131a21282f363d444b
eff6fd040b121920272e353c434a5158
fc030a11181f262d343b424950575e65
0910171e252c333a41484f565d646b72
161d242b323940474e555c636a71787f
232a31383f464d545b626970777e858c
30373e454c535a61686f767d848b9299
3d444b525960676e757c838a91989fa6
4a51585f666d747b828990979ea5acb3
575e656c737a81888f969da4abb2b9c0
646b727980878e959ca3aab1b8bfc6cd
71787f868d949ba2a9b0b7bec5ccd3da
7e858c939aa1a8afb6bdc4cbd2d9e0e7
8b9299a0a7aeb5bcc3cad1d8dfe6edf4
989fa6adb4bbc2c9d0d7dee5ecf3fa01
a5acb3bac1c8cfd6dde4ebf2f900070e
b2b9c0c7ced5dce3eaf1f8ff060d141b
bfc6cdd4dbe2e9f0f7fe050c131a2128
ccd3dae1e8eff6fd040b121920272e35
d9e0e7eef5fc030a11181f262d343b42
e6edf4fb020910171e252c333a41484f
f3fa01080f161d242b323940474e555c
00070e151c232a31383f464d545b6269
0d141b222930373e454c535a61686f76
1a21282f363d444b525960676e757c83
272e353c434a51585f666d747b828990
343b424950575e656c737a81888f969d
41484f565d646b727980878e959ca3aa
4e555c636a71787f868d949ba2a9b0b7
5b626970777e858c939aa1a8afb6bdc4
686f767d848b9299a0a7aeb5bcc3cad1
757c838a91989fa6adb4bbc2c9d0d7de
828990979ea5acb3bac1c8cfd6dde4eb
8f969da4abb2b9c0c7ced5dce3eaf1f8
9ca3aab1b8bfc6cdd4dbe2e9f0f7fe05
a9b0b7bec5ccd3dae1e8eff6fd040b12
b6bdc4cbd2d9e0e7eef5fc030a11181f
c3cad1d8dfe6edf4fb020910171e252c
d0d7dee5ecf3fa01080f161d242b3239
dde4ebf2f900070e151c232a31383f46
eaf1f8ff060d141b222930373e454c53
f7fe050c131a21282f363d444b525960
040b121920272e353c434a51585f666d
11181f262d343b424950575e656c737a
1e252c333a41484f565d646b72798087
2b323940474e555c636a71787f868d94
383f464d545b626970777e858c939aa1
454c535a61686f767d848b9299a0a7ae
525960676e757c838a91989fa6adb4bb
5f666d747b828990979ea5acb3bac1c8
6c737a81888f969da4abb2b9c0c7ced5
7980878e959ca3aab1b8bfc6cdd4dbe2
868d949ba2a9b0b7bec5ccd3dae1e8ef
939aa1a8afb6bdc4cbd2d9e0e7eef5fc
a0a7aeb5bcc3cad1d8dfe6edf4fb0209
adb4bbc2c9d0d7dee5ecf3fa01080f16
bac1c8cfd6dde4ebf2f900070e151c23
c7ced5dce3eaf1f8ff060d141b222930
d4dbe2e9f0f7fe050c131a21282f363d
e1e8eff6fd040b121920272e353c434a
eef5fc030a11181f262d343b42495057
fb020910171e252c333a41484f565d64
080f161d242b323940474e555c636a71
151c232a31383f464d545b626970777e
222930373e454c535a61686f767d848b
2f363d444b525960676e757c838a9198
3c434a51585f666d747b828990979ea5
4950575e656c737a81888f969da4abb2
565d646b727980878e959ca3aab1b8bf
636a71787f868d949ba2a9b0b7bec5cc
70777e858c939aa1a8afb6bdc4cbd2d9
7d848b9299a0a7aeb5bcc3cad1d8dfe6
8a91989fa6adb4bbc2c9d0d7dee5ecf3
979ea5acb3bac1c8cfd6dde4ebf2f900
a4abb2b9c0c7ced5dce3eaf1f8ff060d
b1b8bfc6cdd4dbe2e9f0f7fe050c131a
bec5ccd3dae1e8eff6fd040b12192027
cbd2d9e0e7eef5fc030a11181f262d34
d8dfe6edf4fb020910171e252c333a41
e5ecf3fa01080f161d242b323940474e
f2f900070e151c232a31383f464d545b
ff060d141b222930373e454c535a6168
0c131a21282f363d444b525960676e75
1920272e353c434a51585f666d747b82
262d343b424950575e656c737a81888f
333a41484f565d646b727980878e959c
40474e555c636a71787f868d949ba2a9
4d545b626970777e858c939aa1a8afb6
5a61686f767d848b9299a0a7aeb5bcc3
676e757c838a91989fa6adb4bbc2c9d0
747b828990979ea5acb3bac1c8cfd6dd
81888f969da4abb2b9c0c7ced5dce3ea
8e959ca3aab1b8bfc6cdd4dbe2e9f0f7
9ba2a9b0b7bec5ccd3dae1e8eff6fd04
a8afb6bdc4cbd2d9e0e7eef5fc030a11
b5bcc3cad1d8dfe6edf4fb020910171e
c2c9d0d7dee5ecf3fa01080f161d242b
cfd6dde4ebf2f900070e151c232a3138
dce3eaf1f8ff060d141b222930373e45
e9f0f7fe050c131a21282f363d444b52
f6fd040b121920272e353c434a51585f
030a11181f262d343b424950575e656c
10171e252c333a41484f565d646b7279
1d242b323940474e555c636a71787f86
2a31383f464d545b626970777e858c93
373e454c535a61686f767d848b9299a0
444b525960676e757c838a91989fa6ad
51585f666d747b828990979ea5acb3ba
5e656c737a81888f969da4abb2b9c0c7
6b727980878e959ca3aab1b8bfc6cdd4
787f868d949ba2a9b0b7bec5ccd3dae1
858c939aa1a8afb6bdc4cbd2d9e0e7ee
9299a0a7aeb5bcc3cad1d8dfe6edf4fb
9fa6adb4bbc2c9d0d7dee5ecf3fa0108
acb3bac1c8cfd6dde4ebf2f900070e15
b9c0c7ced5dce3eaf1f8ff060d141b22
c6cdd4dbe2e9f0f7fe050c131a21282f
d3dae1e8eff6fd040b121920272e353c
e0e7eef5fc030a11181f262d343b4249
edf4fb020910171e252c333a41484f56
fa01080f161d242b323940474e555c63
070e151c232a31383f464d545b626970
141b222930373e454c535a61686f767d
21282f363d444b525960676e757c838a
2e353c434a51585f666d747b82899097
3b424950575e656c737a81888f969da4
484f565d646b727980878e959ca3aab1
555c636a71787f868d949ba2a9b0b7be
626970777e858c939aa1a8afb6bdc4cb
6f767d848b9299a0a7aeb5bcc3cad1d8
7c838a91989fa6adb4bbc2c9d0d7dee5
8990979ea5acb3bac1c8cfd6dde4ebf2
969da4abb2b9c0c7ced5dce3eaf1f8ff
a3aab1b8bfc6cdd4dbe2e9f0f7fe050c
b0b7bec5ccd3dae1e8eff6fd040b1219
bdc4cbd2d9e0e7eef5fc030a11181f26
cad1d8dfe6edf4fb020910171e252c33
d7dee5ecf3fa01080f161d242b323940
e4ebf2f900070e151c232a31383f464d
f1f8ff060d141b222930373e454c535a
fe050c131a21282f363d444b52596067
0b121920272e353c434a51585f666d74
181f262d343b424950575e656c737a81
252c333a41484f565d646b727980878e
323940474e555c636a71787f868d949b
3f464d545b626970777e858c939aa1a8
4c535a61686f767d848b9299a0a7aeb5
5960676e757c838a91989fa6adb4bbc2
666d747b828990979ea5acb3bac1c8cf
737a81888f969da4abb2b9c0c7ced5dc
80878e959ca3aab1b8bfc6cdd4dbe2e9
8d949ba2a9b0b7bec5ccd3dae1e8eff6
9aa1a8afb6bdc4cbd2d9e0e7eef5fc03
a7aeb5bcc3cad1d8dfe6edf4fb020910
b4bbc2c9d0d7dee5ecf3fa01080f161d
c1c8cfd6dde4ebf2f900070e151c232a
ced5dce3eaf1f8ff060d141b22293037
dbe2e9f0f7fe050c131a21282f363d44
e8eff6fd040b121920272e353c434a51
f5fc030a11181f262d343b424950575e
020910171e252c333a41484f565d646b
0f161d242b323940474e555c636a7178
1c232a31383f464d545b626970777e85
2930373e454c535a61686f767d848b92
363d444b525960676e757c838a91989f
434a51585f666d747b828990979ea5ac
50575e656c737a81888f969da4abb2b9
5d646b727980878e959ca3aab1b8bfc6
6a71787f868d949ba2a9b0b7bec5ccd3
777e858c939aa1a8afb6bdc4cbd2d9e0
848b9299a0a7aeb5bcc3cad1d8dfe6ed
91989fa6adb4bbc2c9d0d7dee5ecf3fa
9ea5acb3bac1c8cfd6dde4ebf2f90007
abb2b9c0c7ced5dce3eaf1f8ff060d14
b8bfc6cdd4dbe2e9f0f7fe050c131a21
c5ccd3dae1e8eff6fd040b121920272e
d2d9e0e7eef5fc030a11181f262d343b
dfe6edf4fb020910171e252c333a4148
ecf3fa01080f161d242b323940474e55
f900070e151c232a31383f464d545b62
060d141b222930373e454c535a61686f
131a21282f363d444b525960676e757c
20272e353c434a51585f666d747b8289
2d343b424950575e656c737a81888f96
3a41484f565d646b727980878e959ca3
474e555c636a71787f868d949ba2a9b0
545b626970777e858c939aa1a8afb6bd
61686f767d848b9299a0a7aeb5bcc3ca
6e757c838a91989fa6adb4bbc2c9d0d7
7b828990979ea5acb3bac1c8cfd6dde4
888f969da4abb2b9c0c7ced5dce3eaf1
959ca3aab1b8bfc6cdd4dbe2e9f0f7fe
a2a9b0b7bec5ccd3dae1e8eff6fd040b
afb6bdc4cbd2d9e0e7eef5fc030a1118
bcc3cad1d8dfe6edf4fb020910171e25
c9d0d7dee5ecf3fa01080f161d242b32
d6dde4ebf2f900070e151c232a31383f
e3eaf1f8ff060d141b222930373e454c
f0f7fe050c131a21282f363d444b5259
fd040b121920272e353c434a51585f66
0a11181f262d343b424950575e656c73
171e252c333a41484f565d646b727980
242b323940474e555c636a71787f868d
31383f464d545b626970777e858c939a
3e454c535a61686f767d848b9299a0a7
4b525960676e757c838a91989fa6adb4
585f666d747b828990979ea5acb3bac1
656c737a81888f969da4abb2b9c0c7ce
727980878e959ca3aab1b8bfc6cdd4db
7f868d949ba2a9b0b7bec5ccd3dae1e8
8c939aa1a8afb6bdc4cbd2d9e0e7eef5
99a0a7aeb5bcc3cad1d8dfe6edf4fb02
a6adb4bbc2c9d0d7dee5ecf3fa01080f
b3bac1c8cfd6dde4ebf2f900070e151c
c0c7ced5dce3eaf1f8ff060d141b2229
cdd4dbe2e9f0f7fe050c131a21282f36
dae1e8eff6fd040b121920272e353c43
e7eef5fc030a11181f262d343b424950
f4fb020910171e252c333a41484f565d
01080f161d242b323940474e555c636a
0e151c232a31383f464d545b62697077
1b222930373e454c535a61686f767d84
282f363d444b525960676e757c838a91
353c434a51585f666d747b828990979e
424950575e656c737a81888f969da4ab
4f565d646b727980878e959ca3aab1b8
5c636a71787f868d949ba2a9b0b7bec5
6970777e858c939aa1a8afb6bdc4cbd2
767d848b9299a0a7aeb5bcc3cad1d8df
838a91989fa6adb4bbc2c9d0d7dee5ec
90979ea5acb3bac1c8cfd6dde4ebf2f9
9da4abb2b9c0c7ced5dce3eaf1f8ff06
aab1b8bfc6cdd4dbe2e9f0f7fe050c13
b7bec5ccd3dae1e8eff6fd040b121920
c4cbd2d9e0e7eef5fc030a11181f262d
d1d8dfe6edf4fb020910171e252c333a
dee5ecf3fa01080f161d242b32394047
ebf2f900070e151c232a31383f464d54
f8ff060d141b222930373e454c535a61
050c131a21282f363d444b525960676e
121920272e353c434a51585f666d747b
1f262d343b424950575e656c737a8188
2c333a41484f565d646b727980878e95
3940474e555c636a71787f868d949ba2
464d545b626970777e858c939aa1a8af
535a61686f767d848b9299a0a7aeb5bc
60676e757c838a91989fa6adb4bbc2c9
6d747b828990979ea5acb3bac1c8cfd6
7a81888f969da4abb2b9c0c7ced5dce3
878e959ca3aab1b8bfc6cdd4dbe2e9f0
949ba2a9b0b7bec5ccd3dae1e8eff6fd
a1a8afb6bdc4cbd2d9e0e7eef5fc030a
aeb5bcc3cad1d8dfe6edf4fb02091017
bbc2c9d0d7dee5ecf3fa01080f161d24
c8cfd6dde4ebf2f900070e151c232a31
d5dce3eaf1f8ff060d141b222930373e
e2e9f0f7fe050c131a21282f363d444b
eff6fd040b121920272e353c434a5158
fc030a11181f262d343b424950575e65
0910171e252c333a41484f565d646b72
161d242b323940474e555c636a71787f
232a31383f464d545b626970777e858c
30373e454c535a61686f767d848b9299
3d444b525960676e757c838a91989fa6
4a51585f666d747b828990979ea5acb3
575e656c737a81888f969da4abb2b9c0
646b727980878e959ca3aab1b8bfc6cd
71787f868d949ba2a9b0b7bec5ccd3da
7e858c939aa1a8afb6bdc4cbd2d9e0e7
8b9299a0a7aeb5bcc3cad1d8dfe6edf4
989fa6adb4bbc2c9d0d7dee5ecf3fa01
a5acb3bac1c8cfd6dde4ebf2f900070e
b2b9c0c7ced5dce3eaf1f8ff060d141b
bfc6cdd4dbe2e9f0f7fe050c131a2128
ccd3dae1e8eff6fd040b121920272e35
d9e0e7eef5fc030a11181f262d343b42
e6edf4fb020910171e252c333a41484f
f3fa01080f161d242b323940474e555c
00070e151c232a31383f464d545b6269
0d141b222930373e454c535a61686f76
1a21282f363d444b525960676e757c83
272e353c434a51585f666d747b828990
343b424950575e656c737a81888f969d
41484f565d646b727980878e959ca3aa
4e555c636a71787f868d949ba2a9b0b7
5b626970777e858c939aa1a8afb6bdc4
686f767d848b9299a0a7aeb5bcc3cad1
757c838a91989fa6adb4bbc2c9d0d7de
828990979ea5acb3bac1c8cfd6dde4eb
8f969da4abb2b9c0c7ced5dce3eaf1f8
9ca3aab1b8bfc6cdd4dbe2e9f0f7fe05
a9b0b7bec5ccd3dae1e8eff6fd040b12
b6bdc4cbd2d9e0e7eef5fc030a11181f
c3cad1d8dfe6edf4fb020910171e252c
d0d7dee5ecf3fa01080f161d242b3239
dde4ebf2f900070e151c232a31383f46
eaf1f8ff060d141b222930373e454c53
f7fe050c131a21282f363d444b525960
040b121920272e353c434a51585f666d
11181f262d343b424950575e656c737a
1e252c333a41484f565d646b72798087
2b323940474e555c636a71787f868d94
383f464d545b626970777e858c939aa1
454c535a61686f767d848b9299a0a7ae
525960676e757c838a91989fa6adb4bb
5f666d747b828990979ea5acb3bac1c8
6c737a81888f969da4abb2b9c0c7ced5
7980878e959ca3aab1b8bfc6cdd4dbe2
868d949ba2a9b0b7bec5ccd3dae1e8ef
939aa1a8afb6bdc4cbd2d9e0e7eef5fc
a0a7aeb5bcc3cad1d8dfe6edf4fb0209
adb4bbc2c9d0d7dee5ecf3fa01080f16
bac1c8cfd6dde4ebf2f900070e151c23
c7ced5dce3eaf1f8ff060d141b222930
d4dbe2e9f0f7fe050c131a21282f363d
e1e8eff6fd040b121920272e353c434a
eef5fc030a11181f262d343b42495057
fb020910171e252c333a41484f565d64
080f161d242b323940474e555c636a71
151c232a31383f464d545b626970777e
222930373e454c535a61686f767d848b
2f363d444b525960676e757c838a9198
3c434a51585f666d747b828990979ea5
4950575e656c737a81888f969da4abb2
565d646b727980878e959ca3aab1b8bf
636a71787f868d949ba2a9b0b7bec5cc
70777e858c939aa1a8afb6bdc4cbd2d9
7d848b9299a0a7aeb5bcc3cad1d8dfe6
8a91989fa6adb4bbc2c9d0d7dee5ecf3
979ea5acb3bac1c8cfd6dde4ebf2f900
a4abb2b9c0c7ced5dce3eaf1f8ff060d
b1b8bfc6cdd4dbe2e9f0f7fe050c131a
bec5ccd3dae1e8eff6fd040b12192027
cbd2d9e0e7eef5fc030a11181f262d34
d8dfe6edf4fb020910171e252c333a41
e5ecf3fa01080f161d242b323940474e
f2f900070e151c232a31383f464d545b
ff060d141b222930373e454c535a6168
0c131a21282f363d444b525960676e75
1920272e353c434a51585f666d747b82
262d343b424950575e656c737a81888f
333a41484f565d646b727980878e959c
40474e555c636a71787f868d949ba2a9
4d545b626970777e858c939aa1a8afb6
5a61686f767d848b9299a0a7aeb5bcc3
676e757c838a91989fa6adb4bbc2c9d0
747b828990979ea5acb3bac1c8cfd6dd
81888f969da4abb2b9c0c7ced5dce3ea
8e959ca3aab1b8bfc6cdd4dbe2e9f0f7
9ba2a9b0b7bec5ccd3dae1e8eff6fd04
a8afb6bdc4cbd2d9e0e7eef5fc030a11
b5bcc3cad1d8dfe6edf4fb020910171e
c2c9d0d7dee5ecf3fa01080f161d242b
cfd6dde4ebf2f900070e151c232a3138
dce3eaf1f8ff060d141b222930373e45
e9f0f7fe050c131a21282f363d444b52
f6fd040b121920272e353c434a51585f
030a11181f262d343b424950575e656c
10171e252c333a41484f565d646b7279
1d242b323940474e555c636a71787f86
2a31383f464d545b626970777e858c93
373e454c535a61686f767d848b9299a0
444b525960676e757c838a91989fa6ad
51585f666d747b828990979ea5acb3ba
5e656c737a81888f969da4abb2b9c0c7
6b727980878e959ca3aab1b8bfc6cdd4
787f868d949ba2a9b0b7bec5ccd3dae1
858c939aa1a8afb6bdc4cbd2d9e0e7ee
9299a0a7aeb5bcc3cad1d8dfe6edf4fb
9fa6adb4bbc2c9d0d7dee5ecf3fa0108
acb3bac1c8cfd6dde4ebf2f900070e15
b9c0c7ced5dce3eaf1f8ff060d141b22
c6cdd4dbe2e9f0f7fe050c131a21282f
d3dae1e8eff6fd040b121920272e353c
e0e7eef5fc030a11181f262d343b4249
edf4fb020910171e252c333a41484f56
fa01080f161d242b323940474e555c63
070e151c232a31383f464d545b626970
141b222930373e454c535a61686f767d
21282f363d444b525960676e757c838a
2e353c434a51585f666d747b82899097
3b424950575e656c737a81888f969da4
484f565d646b727980878e959ca3aab1
555c636a71787f868d949ba2a9b0b7be
626970777e858c939aa1a8afb6bdc4cb
6f767d848b9299a0a7aeb5bcc3cad1d8
7c838a91989fa6adb4bbc2c9d0d7dee5
8990979ea5acb3bac1c8cfd6dde4ebf2
969da4abb2b9c0c7ced5dce3eaf1f8ff
a3aab1b8bfc6cdd4dbe2e9f0f7fe050c
b0b7bec5ccd3dae1e8eff6fd040b1219
bdc4cbd2d9e0e7eef5fc030a11181f26
cad1d8dfe6edf4fb020910171e252c33
d7dee5ecf3fa01080f161d242b323940
e4ebf2f900070e151c232a31383f464d
f1f8ff060d141b222930373e454c535a
fe050c131a21282f363d444b52596067
0b121920272e353c434a51585f666d74
181f262d343b424950575e656c737a81
252c333a41484f565d646b727980878e
323940474e555c636a71787f868d949b
3f464d545b626970777e858c939aa1a8
4c535a61686f767d848b9299a0a7aeb5
5960676e757c838a91989fa6adb4bbc2
666d747b828990979ea5acb3bac1c8cf
737a81888f969da4abb2b9c0c7ced5dc
80878e959ca3aab1b8bfc6cdd4dbe2e9
8d949ba2a9b0b7bec5ccd3dae1e8eff6
9aa1a8afb6bdc4cbd2d9e0e7eef5fc03
a7aeb5bcc3cad1d8dfe6edf4fb020910
b4bbc2c9d0d7dee5ecf3fa01080f161d
c1c8cfd6dde4ebf2f900070e151c232a
ced5dce3eaf1f8ff060d141b22293037
dbe2e9f0f7fe050c131a21282f363d44
e8eff6fd040b121920272e353c434a51
f5fc030a11181f262d343b424950575e
020910171e252c333a41484f565d646b
0f161d242b323940474e555c636a7178
1c232a31383f464d545b626970777e85
2930373e454c535a61686f767d848b92
363d444b525960676e757c838a91989f
434a51585f666d747b828990979ea5ac
50575e656c737a81888f969da4abb2b9
5d646b727980878e959ca3aab1b8bfc6
6a71787f868d949ba2a9b0b7bec5ccd3
777e858c939aa1a8afb6bdc4cbd2d9e0
848b9299a0a7aeb5bcc3cad1d8dfe6ed
91989fa6adb4bbc2c9d0d7dee5ecf3fa
9ea5acb3bac1c8cfd6dde4ebf2f90007
abb2b9c0c7ced5dce3eaf1f8ff060d14
b8bfc6cdd4dbe2e9f0f7fe050c131a21
c5ccd3dae1e8eff6fd040b121920272e
d2d9e0e7eef5fc030a11181f262d343b
dfe6edf4fb020910171e252c333a4148
ecf3fa01080f161d242b323940474e55
f900070e151c232a31383f464d545b62
060d141b222930373e454c535a61686f
131a21282f363d444b525960676e757c
20272e353c434a51585f666d747b8289
2d343b424950575e656c737a81888f96
3a41484f565d646b727980878e959ca3
474e555c636a71787f868d949ba2a9b0
545b626970777e858c939aa1a8afb6bd
61686f767d848b9299a0a7aeb5bcc3ca
6e757c838a91989fa6adb4bbc2c9d0d7
7b828990979ea5acb3bac1c8cfd6dde4
888f969da4abb2b9c0c7ced5dce3eaf1
959ca3aab1b8bfc6cdd4dbe2e9f0f7fe
a2a9b0b7bec5ccd3dae1e8eff6fd040b
afb6bdc4cbd2d9e0e7eef5fc030a1118
bcc3cad1d8dfe6edf4fb020910171e25
c9d0d7dee5ecf3fa01080f161d242b32
d6dde4ebf2f900070e151c232a31383f
e3eaf1f8ff060d141b222930373e454c
f0f7fe050c131a21282f363d444b5259
fd040b121920272e353c434a51585f66
0a11181f262d343b424950575e656c73
171e252c333a41484f565d646b727980
242b323940474e555c636a71787f868d
31383f464d545b626970777e858c939a
3e454c535a61686f767d848b9299a0a7
4b525960676e757c838a91989fa6adb4
585f666d747b828990979ea5acb3bac1
656c737a81888f969da4abb2b9c0c7ce
727980878e959ca3aab1b8bfc6cdd4db
7f868d949ba2a9b0b7bec5ccd3dae1e8
8c939aa1a8afb6bdc4cbd2d9e0e7eef5
99a0a7aeb5bcc3cad1d8dfe6edf4fb02
a6adb4bbc2c9d0d7dee5ecf3fa01080f
b3bac1c8cfd6dde4ebf2f900070e151c
c0c7ced5dce3eaf1f8ff060d141b2229
cdd4dbe2e9f0f7fe050c131a21282f36
dae1e8eff6fd040b121920272e353c43
e7eef5fc030a11181f262d343b424950
f4fb020910171e252c333a41484f565d
01080f161d242b323940474e555c636a
0e151c232a31383f464d545b62697077
1b222930373e454c535a61686f767d84
282f363d444b525960676e757c838a91
353c434a51585f666d747b828990979e
424950575e656c737a81888f969da4ab
4f565d646b727980878e959ca3aab1b8
5c636a71787f868d949ba2a9b0b7bec5
6970777e858c939aa1a8afb6bdc4cbd2
767d848b9299a0a7aeb5bcc3cad1d8df
838a91989fa6adb4bbc2c9d0d7dee5ec
90979ea5acb3bac1c8cfd6dde4ebf2f9
9da4abb2b9c0c7ced5dce3eaf1f8ff06
aab1b8bfc6cdd4dbe2e9f0f7fe050c13
b7bec5ccd3dae1e8eff6fd040b121920
c4cbd2d9e0e7eef5fc030a11181f262d
d1d8dfe6edf4fb020910171e252c333a
dee5ecf3fa01080f161d242b32394047
ebf2f900070e151c232a31383f464d54
f8ff060d141b222930373e454c535a61
050c131a21282f363d444b525960676e
121920272e353c434a51585f666d747b
1f262d343b424950575e656c737a8188
2c333a41484f565d646b727980878e95
3940474e555c636a71787f868d949ba2
464d545b626970777e858c939aa1a8af
535a61686f767d848b9299a0a7aeb5bc
60676e757c838a91989fa6adb4bbc2c9
6d747b828990979ea5acb3bac1c8cfd6
7a81888f969da4abb2b9c0c7ced5dce3
878e959ca3aab1b8bfc6cdd4dbe2e9f0
949ba2a9b0b7bec5ccd3dae1e8eff6fd
a1a8afb6bdc4cbd2d9e0e7eef5fc030a
aeb5bcc3cad1d8dfe6edf4fb02091017
bbc2c9d0d7dee5ecf3fa01080f161d24
c8cfd6dde4ebf2f900070e151c232a31
d5dce3eaf1f8ff060d141b222930373e
e2e9f0f7fe050c131a21282f363d444b
eff6fd040b121920272e353c434a5158
fc030a11181f262d343b424950575e65
0910171e252c333a41484f565d646b72
161d242b323940474e555c636a71787f
232a31383f464d545b626970777e858c
30373e454c535a61686f767d848b9299
3d444b525960676e757c838a91989fa6
4a51585f666d747b828990979ea5acb3
575e656c737a81888f969da4abb2b9c0
646b727980878e959ca3aab1b8bfc6cd
71787f868d949ba2a9b0b7bec5ccd3da
7e858c939aa1a8afb6bdc4cbd2d9e0e7
8b9299a0a7aeb5bcc3cad1d8dfe6edf4
989fa6adb4bbc2c9d0d7dee5ecf3fa01
a5acb3bac1c8cfd6dde4ebf2f900070e
b2b9c0c7ced5dce3eaf1f8ff060d141b
bfc6cdd4dbe2e9f0f7fe050c131a2128
ccd3dae1e8eff6fd040b121920272e35
d9e0e7eef5fc030a11181f262d343b42
e6edf4fb020910171e252c333a41484f
f3fa01080f161d242b323940474e555c
00070e151c232a31383f464d545b6269
0d141b222930373e454c535a61686f76
1a21282f363d444b525960676e757c83
272e353c434a51585f666d747b828990
343b424950575e656c737a81888f969d
41484f565d646b727980878e959ca3aa
4e555c636a71787f868d949ba2a9b0b7
5b626970777e858c939aa1a8afb6bdc4
686f767d848b9299a0a7aeb5bcc3cad1
757c838a91989fa6adb4bbc2c9d0d7de
828990979ea5acb3bac1c8cfd6dde4eb
8f969da4abb2b9c0c7ced5dce3eaf1f8
9ca3aab1b8bfc6cdd4dbe2e9f0f7fe05
a9b0b7bec5ccd3dae1e8eff6fd040b12
b6bdc4cbd2d9e0e7eef5fc030a11181f
c3cad1d8dfe6edf4fb020910171e252c
d0d7dee5ecf3fa01080f161d242b3239
dde4ebf2f900070e151c232a31383f46
eaf1f8ff060d141b222930373e454c53
f7fe050c131a21282f363d444b525960
040b121920272e353c434a51585f666d
11181f262d343b424950575e656c737a
1e252c333a41484f565d646b72798087
2b323940474e555c636a71787f868d94
383f464d545b626970777e858c939aa1
454c535a61686f767d848b9299a0a7ae
525960676e757c838a91989fa6adb4bb
5f666d747b828990979ea5acb3bac1c8
6c737a81888f969da4abb2b9c0c7ced5
7980878e959ca3aab1b8bfc6cdd4dbe2
868d949ba2a9b0b7bec5ccd3dae1e8ef
939aa1a8afb6bdc4cbd2d9e0e7eef5fc
a0a7aeb5bcc3cad1d8dfe6edf4fb0209
adb4bbc2c9d0d7dee5ecf3fa01080f16
bac1c8cfd6dde4ebf2f900070e151c23
c7ced5dce3eaf1f8ff060d141b222930
d4dbe2e9f0f7fe050c131a21282f363d
e1e8eff6fd040b121920272e353c434a
eef5fc030a11181f262d343b42495057
fb020910171e252c333a41484f565d64
080f161d242b323940474e555c636a71
151c232a31383f464d545b626970777e
222930373e454c535a61686f767d848b
2f363d444b525960676e757c838a9198
3c434a51585f666d747b828990979ea5
4950575e656c737a81888f969da4abb2
565d646b727980878e959ca3aab1b8bf
636a71787f868d949ba2a9b0b7bec5cc
70777e858c939aa1a8afb6bdc4cbd2d9
7d848b9299a0a7aeb5bcc3cad1d8dfe6
8a91989fa6adb4bbc2c9d0d7dee5ecf3
979ea5acb3bac1c8cfd6dde4ebf2f900
a4abb2b9c0c7ced5dce3eaf1f8ff060d
b1b8bfc6cdd4dbe2e9f0f7fe050c131a
bec5ccd3dae1e8eff6fd040b12192027
cbd2d9e0e7eef5fc030a11181f262d34
d8dfe6edf4fb020910171e252c333a41
e5ecf3fa01080f161d242b323940474e
f2f900070e151c232a31383f464d545b
ff060d141b222930373e454c535a6168
0c131a21282f363d444b525960676e75
1920272e353c434a51585f666d747b82
262d343b424950575e656c737a81888f
333a41484f565d646b727980878e959c
40474e555c636a71787f868d949ba2a9
4d545b626970777e858c939aa1a8afb6
5a61686f767d848b9299a0a7aeb5bcc3
676e757c838a91989fa6adb4bbc2c9d0
747b828990979ea5acb3bac1c8cfd6dd
81888f969da4abb2b9c0c7ced5dce3ea
8e959ca3aab1b8bfc6cdd4dbe2e9f0f7
9ba2a9b0b7bec5ccd3dae1e8eff6fd04
a8afb6bdc4cbd2d9e0e7eef5fc030a11
b5bcc3cad1d8dfe6edf4fb020910171e
c2c9d0d7dee5ecf3fa01080f161d242b
cfd6dde4ebf2f900070e151c232a3138
dce3eaf1f8ff060d141b222930373e45
e9f0f7fe050c131a21282f363d444b52
f6fd040b121920272e353c434a51585f
030a11181f262d343b424950575e656c
10171e252c333a41484f565d646b7279
1d242b323940474e555c636a71787f86
2a31383f464d545b626970777e858c93
373e454c535a61686f767d848b9299a0
444b525960676e757c838a91989fa6ad
51585f666d747b828990979ea5acb3ba
5e656c737a81888f969da4abb2b9c0c7
6b727980878e959ca3aab1b8bfc6cdd4
787f868d949ba2a9b0b7bec5ccd3dae1
858c939aa1a8afb6bdc4cbd2d9e0e7ee
9299a0a7aeb5bcc3cad1d8dfe6edf4fb
9fa6adb4bbc2c9d0d7dee5ecf3fa0108
acb3bac1c8cfd6dde4ebf2f900070e15
b9c0c7ced5dce3eaf1f8ff060d141b22
c6cdd4dbe2e9f0f7fe050c131a21282f
d3dae1e8eff6fd040b121920272e353c
e0e7eef5fc030a11181f262d343b4249
edf4fb020910171e252c333a41484f56
fa01080f161d242b323940474e555c63
070e151c232a31383f464d545b626970
141b222930373e454c535a61686f767d
21282f363d444b525960676e757c838a
2e353c434a51585f666d747b82899097
3b424950575e656c737a81888f969da4
484f565d646b727980878e959ca3aab1
555c636a71787f868d949ba2a9b0b7be
626970777e858c939aa1a8afb6bdc4cb
6f767d848b9299a0a7aeb5bcc3cad1d8
7c838a91989fa6adb4bbc2c9d0d7dee5
8990979ea5acb3bac1c8cfd6dde4ebf2
969da4abb2b9c0c7ced5dce3eaf1f8ff
a3aab1b8bfc6cdd4dbe2e9f0f7fe050c
b0b7bec5ccd3dae1e8eff6fd040b1219
bdc4cbd2d9e0e7eef5fc030a11181f26
cad1d8dfe6edf4fb020910171e252c33
d7dee5ecf3fa01080f161d242b323940
e4ebf2f900070e151c232a31383f464d
f1f8ff060d141b222930373e454c535a
fe050c131a21282f363d444b52596067
0b121920272e353c434a51585f666d74
181f262d343b424950575e656c737a81
252c333a41484f565d646b727980878e
323940474e555c636a71787f868d949b
3f464d545b626970777e858c939aa1a8
4c535a61686f767d848b9299a0a7aeb5
5960676e757c838a91989fa6adb4bbc2
666d747b828990979ea5acb3bac1c8cf
737a81888f969da4abb2b9c0c7ced5dc
80878e959ca3aab1b8bfc6cdd4dbe2e9
8d949ba2a9b0b7bec5ccd3dae1e8eff6
9aa1a8afb6bdc4cbd2d9e0e7eef5fc03
a7aeb5bcc3cad1d8dfe6edf4fb020910
b4bbc2c9d0d7dee5ecf3fa01080f161d
c1c8cfd6dde4ebf2f900070e151c232a
ced5dce3eaf1f8ff060d141b22293037
dbe2e9f0f7fe050c131a21282f363d44
e8eff6fd040b121920272e353c434a51
f5fc030a11181f262d343b424950575e
020910171e252c333a41484f565d646b
0f161d242b323940474e555c636a7178
1c232a31383f464d545b626970777e85
2930373e454c535a61686f767d848b92
363d444b525960676e757c838a91989f
434a51585f666d747b828990979ea5ac
50575e656c737a81888f969da4abb2b9
5d646b727980878e959ca3aab1b8bfc6
6a71787f868d949ba2a9b0b7bec5ccd3
777e858c939aa1a8afb6bdc4cbd2d9e0
848b9299a0a7aeb5bcc3cad1d8dfe6ed
91989fa6adb4bbc2c9d0d7dee5ecf3fa
9ea5acb3bac1c8cfd6dde4ebf2f90007
abb2b9c0c7ced5dce3eaf1f8ff060d14
b8bfc6cdd4dbe2e9f0f7fe050c131a21
c5ccd3dae1e8eff6fd040b121920272e
d2d9e0e7eef5fc030a11181f262d343b
dfe6edf4fb020910171e252c333a4148
ecf3fa01080f161d242b323940474e55
f900070e151c232a31383f464d545b62
060d141b222930373e454c535a61686f
131a21282f363d444b525960676e757c
20272e353c434a51585f666d747b8289
2d343b424950575e656c737a81888f96
3a41484f565d646b727980878e959ca3
474e555c636a71787f868d949ba2a9b0
545b626970777e858c939aa1a8afb6bd
61686f767d848b9299a0a7aeb5bcc3ca
6e757c838a91989fa6adb4bbc2c9d0d7
7b828990979ea5acb3bac1c8cfd6dde4
888f969da4abb2b9c0c7ced5dce3eaf1
959ca3aab1b8bfc6cdd4dbe2e9f0f7fe
a2a9b0b7bec5ccd3dae1e8eff6fd040b
afb6bdc4cbd2d9e0e7eef5fc030a1118
bcc3cad1d8dfe6edf4fb020910171e25
c9d0d7dee5ecf3fa01080f161d242b32
d6dde4ebf2f900070e151c232a31383f
e3eaf1f8ff060d141b222930373e454c
f0f7fe050c131a21282f363d444b5259
fd040b121920272e353c434a51585f66
0a11181f262d343b424950575e656c73
171e252c333a41484f565d646b727980
242b323940474e555c636a71787f868d
31383f464d545b626970777e858c939a
3e454c535a61686f767d848b9299a0a7
4b525960676e757c838a91989fa6adb4
585f666d747b828990979ea5acb3bac1
656c737a81888f969da4abb2b9c0c7ce
727980878e959ca3aab1b8bfc6cdd4db
7f868d949ba2a9b0b7bec5ccd3dae1e8
8c939aa1a8afb6bdc4cbd2d9e0e7eef5
99a0a7aeb5bcc3cad1d8dfe6edf4fb02
a6adb4bbc2c9d0d7dee5ecf3fa01080f
b3bac1c8cfd6dde4ebf2f900070e151c
c0c7ced5dce3eaf1f8ff060d141b2229
cdd4dbe2e9f0f7fe050c131a21282f36
dae1e8eff6fd040b121920272e353c43
e7eef5fc030a11181f262d343b424950
f4fb020910171e252c333a41484f565d
01080f161d242b323940474e555c636a
0e151c232a31383f464d545b62697077
1b222930373e454c535a61686f767d84
282f363d444b525960676e757c838a91
353c434a51585f666d747b828990979e
424950575e656c737a81888f969da4ab
4f565d646b727980878e959ca3aab1b8
5c636a71787f868d949ba2a9b0b7bec5
6970777e858c939aa1a8afb6bdc4cbd2
767d848b9299a0a7aeb5bcc3cad1d8df
838a91989fa6adb4bbc2c9d0d7dee5ec
90979ea5acb3bac1c8cfd6dde4ebf2f9
9da4abb2b9c0c7ced5dce3eaf1f8ff06
aab1b8bfc6cdd4dbe2e9f0f7fe050c13
b7bec5ccd3dae1e8eff6fd040b121920
c4cbd2d9e0e7eef5fc030a11181f262d
d1d8dfe6edf4fb020910171e252c333a
dee5ecf3fa01080f161d242b32394047
ebf2f900070e151c232a31383f464d54
f8ff060d141b222930373e454c535a61
050c131a21282f363d444b525960676e
121920272e353c434a51585f666d747b
1f262d343b424950575e656c737a8188
2c333a41484f565d646b727980878e95
3940474e555c636a71787f868d949ba2
464d545b626970777e858c939aa1a8af
535a61686f767d848b9299a0a7aeb5bc
60676e757c838a91989fa6adb4bbc2c9
6d747b828990979ea5acb3bac1c8cfd6
7a81888f969da4abb2b9c0c7ced5dce3
878e959ca3aab1b8bfc6cdd4dbe2e9f0
949ba2a9b0b7bec5ccd3dae1e8eff6fd
a1a8afb6bdc4cbd2d9e0e7eef5fc030a
aeb5bcc3cad1d8dfe6edf4fb02091017
bbc2c9d0d7dee5ecf3fa01080f161d24
c8cfd6dde4ebf2f900070e151c232a31
d5dce3eaf1f8ff060d141b222930373e
e2e9f0f7fe050c131a21282f363d444b
eff6fd040b121920272e353c434a5158
fc030a11181f262d343b424950575e65
0910171e252c333a41484f565d646b72
161d242b323940474e555c636a71787f
232a31383f464d545b626970777e858c
30373e454c535a61686f767d848b9299
3d444b525960676e757c838a91989fa6
4a51585f666d747b828990979ea5acb3
575e656c737a81888f969da4abb2b9c0
646b727980878e959ca3aab1b8bfc6cd
71787f868d949ba2a9b0b7bec5ccd3da
7e858c939aa1a8afb6bdc4cbd2d9e0e7
8b9299a0a7aeb5bcc3cad1d8dfe6edf4
989fa6adb4bbc2c9d0d7dee5ecf3fa01
a5acb3bac1c8cfd6dde4ebf2f900070e
b2b9c0c7ced5dce3eaf1f8ff060d141b
bfc6cdd4dbe2e9f0f7fe050c131a2128
ccd3dae1e8eff6fd040b121920272e35
d9e0e7eef5fc030a11181f262d343b42
e6edf4fb020910171e252c333a41484f
f3fa01080f161d242b323940474e555c
00070e151c232a31383f464d545b6269
0d141b222930373e454c535a61686f76
1a21282f363d444b525960676e757c83
272e353c434a51585f666d747b828990
343b424950575e656c737a81888f969d
41484f565d646b727980878e959ca3aa
4e555c636a71787f868d949ba2a9b0b7
5b626970777e858c939aa1a8afb6bdc4
686f767d848b9299a0a7aeb5bcc3cad1
757c838a91989fa6adb4bbc2c9d0d7de
828990979ea5acb3bac1c8cfd6dde4eb
8f969da4abb2b9c0c7ced5dce3eaf1f8
9ca3aab1b8bfc6cdd4dbe2e9f0f7fe05
a9b0b7bec5ccd3dae1e8eff6fd040b12
b6bdc4cbd2d9e0e7eef5fc030a11181f
c3cad1d8dfe6edf4fb020910171e252c
d0d7dee5ecf3fa01080f161d242b3239
dde4ebf2f900070e151c232a31383f46
eaf1f8ff060d141b222930373e454c53
f7fe050c131a21282f363d444b525960
040b121920272e353c434a51585f666d
11181f262d343b424950575e656c737a
1e252c333a41484f565d646b72798087
2b323940474e555c636a71787f868d94
383f464d545b626970777e858c939aa1
454c535a61686f767d848b9299a0a7ae
525960676e757c838a91989fa6adb4bb
5f666d747b828990979ea5acb3bac1c8
6c737a81888f969da4abb2b9c0c7ced5
7980878e959ca3aab1b8bfc6cdd4dbe2
868d949ba2a9b0b7bec5ccd3dae1e8ef
939aa1a8afb6bdc4cbd2d9e0e7eef5fc
a0a7aeb5bcc3cad1d8dfe6edf4fb0209
adb4bbc2c9d0d7dee5ecf3fa01080f16
bac1c8cfd6dde4ebf2f900070e151c23
c7ced5dce3eaf1f8ff060d141b222930
d4dbe2e9f0f7fe050c131a21282f363d
e1e8eff6fd040b121920272e353c434a
eef5fc030a11181f262d343b42495057
fb020910171e252c333a41484f565d64
080f161d242b323940474e555c636a71
151c232a31383f464d545b626970777e
222930373e454c535a61686f767d848b
2f363d444b525960676e757c838a9198
3c434a51585f666d747b828990979ea5
4950575e656c737a81888f969da4abb2
565d646b727980878e959ca3aab1b8bf
636a71787f868d949ba2a9b0b7bec5cc
70777e858c939aa1a8afb6bdc4cbd2d9
7d848b9299a0a7aeb5bcc3cad1d8dfe6
8a91989fa6adb4bbc2c9d0d7dee5ecf3
979ea5acb3bac1c8cfd6dde4ebf2f900
a4abb2b9c0c7ced5dce3eaf1f8ff060d
b1b8bfc6cdd4dbe2e9f0f7fe050c131a
bec5ccd3dae1e8eff6fd040b12192027
cbd2d9e0e7eef5fc030a11181f262d34
d8dfe6edf4fb020910171e252c333a41
e5ecf3fa01080f161d242b323940474e
f2f900070e151c232a31383f464d545b
ff060d141b222930373e454c535a6168
0c131a21282f363d444b525960676e75
1920272e353c434a51585f666d747b82
262d343b424950575e656c737a81888f
333a41484f565d646b727980878e959c
40474e555c636a71787f868d949ba2a9
4d545b626970777e858c939aa1a8afb6
5a61686f767d848b9299a0a7aeb5bcc3
676e757c838a91989fa6adb4bbc2c9d0
747b828990979ea5acb3bac1c8cfd6dd
81888f969da4abb2b9c0c7ced5dce3ea
8e959ca3aab1b8bfc6cdd4dbe2e9f0f7
9ba2a9b0b7bec5ccd3dae1e8eff6fd04
a8afb6bdc4cbd2d9e0e7eef5fc030a11
b5bcc3cad1d8dfe6edf4fb020910171e
c2c9d0d7dee5ecf3fa01080f161d242b
cfd6dde4ebf2f900070e151c232a3138
dce3eaf1f8ff060d141b222930373e45
e9f0f7fe050c131a21282f363d444b52
f6fd040b121920272e353c434a51585f
030a11181f262d343b424950575e656c
10171e252c333a41484f565d646b7279
1d242b323940474e555c636a71787f86
2a31383f464d545b626970777e858c93
373e454c535a61686f767d848b9299a0
444b525960676e757c838a91989fa6ad
51585f666d747b828990979ea5acb3ba
5e656c737a81888f969da4abb2b9c0c7
6b727980878e959ca3aab1b8bfc6cdd4
787f868d949ba2a9b0b7bec5ccd3dae1
858c939aa1a8afb6bdc4cbd2d9e0e7ee
9299a0a7aeb5bcc3cad1d8dfe6edf4fb
9fa6adb4bbc2c9d0d7dee5ecf3fa0108
acb3bac1c8cfd6dde4ebf2f900070e15
b9c0c7ced5dce3eaf1f8ff060d141b22
c6cdd4dbe2e9f0f7fe050c131a21282f
d3dae1e8eff6fd040b121920272e353c
e0e7eef5fc030a11181f262d343b4249
edf4fb020910171e252c333a41484f56
fa01080f161d242b323940474e555c63
070e151c232a31383f464d545b626970
141b222930373e454c535a61686f767d
21282f363d444b525960676e757c838a
2e353c434a51585f666d747b82899097
3b424950575e656c737a81888f969da4
484f565d646b727980878e959ca3aab1
555c636a71787f868d949ba2a9b0b7be
626970777e858c939aa1a8afb6bdc4cb
6f767d848b9299a0a7aeb5bcc3cad1d8
7c838a91989fa6adb4bbc2c9d0d7dee5
8990979ea5acb3bac1c8cfd6dde4ebf2
969da4abb2b9c0c7ced5dce3eaf1f8ff
a3aab1b8bfc6cdd4dbe2e9f0f7fe050c
b0b7bec5ccd3dae1e8eff6fd040b1219
bdc4cbd2d9e0e7eef5fc030a11181f26
cad1d8dfe6edf4fb020910171e252c33
d7dee5ecf3fa01080f161d242b323940
e4ebf2f900070e151c232a31383f464d
f1f8ff060d141b222930373e454c535a
fe050c131a21282f363d444b52596067
0b121920272e353c434a51585f666d74
181f262d343b424950575e656c737a81
252c333a41484f565d646b727980878e
323940474e555c636a71787f868d949b
3f464d545b626970777e858c939aa1a8
4c535a61686f767d848b9299a0a7aeb5
5960676e757c838a91989fa6adb4bbc2
666d747b828990979ea5acb3bac1c8cf
737a81888f969da4abb2b9c0c7ced5dc
80878e959ca3aab1b8bfc6cdd4dbe2e9
8d949ba2a9b0b7bec5ccd3dae1e8eff6
9aa1a8afb6bdc4cbd2d9e0e7eef5fc03
a7aeb5bcc3cad1d8dfe6edf4fb020910
b4bbc2c9d0d7dee5ecf3fa01080f161d
c1c8cfd6dde4ebf2f900070e151c232a
ced5dce3eaf1f8ff060d141b22293037
dbe2e9f0f7fe050c131a21282f363d44
e8eff6fd040b121920272e353c434a51
f5fc030a11181f262d343b424950575e
020910171e252c333a41484f565d646b
0f161d242b323940474e555c636a7178
1c232a31383f464d545b626970777e85
2930373e454c535a61686f767d848b92
363d444b525960676e757c838a91989f
434a51585f666d747b828990979ea5ac
50575e656c737a81888f969da4abb2b9
5d646b727980878e959ca3aab1b8bfc6
6a71787f868d949ba2a9b0b7bec5ccd3
777e858c939aa1a8afb6bdc4cbd2d9e0
848b9299a0a7aeb5bcc3cad1d8dfe6ed
91989fa6adb4bbc2c9d0d7dee5ecf3fa
9ea5acb3bac1c8cfd6dde4ebf2f90007
abb2b9c0c7ced5dce3eaf1f8ff060d14
b8bfc6cdd4dbe2e9f0f7fe050c131a21
c5ccd3dae1e8eff6fd040b121920272e
d2d9e0e7eef5fc030a11181f262d343b
dfe6edf4fb020910171e252c333a4148
ecf3fa01080f161d242b323940474e55
f900070e151c232a31383f464d545b62
060d141b222930373e454c535a61686f
131a21282f363d444b525960676e757c
20272e353c434a51585f666d747b8289
2d343b424950575e656c737a81888f96
3a41484f565d646b727980878e959ca3
474e555c636a71787f868d949ba2a9b0
545b626970777e858c939aa1a8afb6bd
61686f767d848b9299a0a7aeb5bcc3ca
6e757c838a91989fa6adb4bbc2c9d0d7
7b828990979ea5acb3bac1c8cfd6dde4
888f969da4abb2b9c0c7ced5dce3eaf1
959ca3aab1b8bfc6cdd4dbe2e9f0f7fe
a2a9b0b7bec5ccd3dae1e8eff6fd040b
afb6bdc4cbd2d9e0e7eef5fc030a1118
bcc3cad1d8dfe6edf4fb020910171e25
c9d0d7dee5ecf3fa01080f161d242b32
d6dde4ebf2f900070e151c232a31383f
e3eaf1f8ff060d141b222930373e454c
f0f7fe050c131a21282f363d444b5259
fd040b121920272e353c434a51585f66
0a11181f262d343b424950575e656c73
171e252c333a41484f565d646b727980
242b323940474e555c636a71787f868d
31383f464d545b626970777e858c939a
3e454c535a61686f767d848b9299a0a7
4b525960676e757c838a91989fa6adb4
585f666d747b828990979ea5acb3bac1
656c737a81888f969da4abb2b9c0c7ce
727980878e959ca3aab1b8bfc6cdd4db
7f868d949ba2a9b0b7bec5ccd3dae1e8
8c939aa1a8afb6bdc4cbd2d9e0e7eef5
99a0a7aeb5bcc3cad1d8dfe6edf4fb02
a6adb4bbc2c9d0d7dee5ecf3fa01080f
b3bac1c8cfd6dde4ebf2f900070e151c
c0c7ced5dce3eaf1f8ff060d141b2229
cdd4dbe2e9f0f7fe050c131a21282f36
dae1e8eff6fd040b121920272e353c43
e7eef5fc030a11181f262d343b424950
f4fb020910171e252c333a41484f565d
01080f161d242b323940474e555c636a
0e151c232a31383f464d545b62697077
1b222930373e454c535a61686f767d84
282f363d444b525960676e757c838a91
353c434a51585f666d747b828990979e
424950575e656c737a81888f969da4ab
4f565d646b727980878e959ca3aab1b8
5c636a71787f868d949ba2a9b0b7bec5
6970777e858c939aa1a8afb6bdc4cbd2
767d848b9299a0a7aeb5bcc3cad1d8df
838a91989fa6adb4bbc2c9d0d7dee5ec
90979ea5acb3bac1c8cfd6dde4ebf2f9
9da4abb2b9c0c7ced5dce3eaf1f8ff06
aab1b8bfc6cdd4dbe2e9f0f7fe050c13
b7bec5ccd3dae1e8eff6fd040b121920
c4cbd2d9e0e7eef5fc030a11181f262d
d1d8dfe6edf4fb020910171e252c333a
dee5ecf3fa01080f161d242b32394047
ebf2f900070e151c232a31383f464d54
f8ff060d141b222930373e454c535a61
050c131a21282f363d444b525960676e
121920272e353c434a51585f666d747b
1f262d343b424950575e656c737a8188
2c333a41484f565d646b727980878e95
3940474e555c636a71787f868d949ba2
464d545b626970777e858c939aa1a8af
535a61686f767d848b9299a0a7aeb5bc
60676e757c838a91989fa6adb4bbc2c9
6d747b828990979ea5acb3bac1c8cfd6
7a81888f969da4abb2b9c0c7ced5dce3
878e959ca3aab1b8bfc6cdd4dbe2e9f0
949ba2a9b0b7bec5ccd3dae1e8eff6fd
a1a8afb6bdc4cbd2d9e0e7eef5fc030a
aeb5bcc3cad1d8dfe6edf4fb02091017
bbc2c9d0d7dee5ecf3fa01080f161d24
c8cfd6dde4ebf2f900070e151c232a31
d5dce3eaf1f8ff060d141b222930373e
e2e9f0f7fe050c131a21282f363d444b
eff6fd040b121920272e353c434a5158
fc030a11181f262d343b424950575e65
0910171e252c333a41484f565d646b72
161d242b323940474e555c636a71787f
232a31383f464d545b626970777e858c
30373e454c535a61686f767d848b9299
3d444b525960676e757c838a91989fa6
4a51585f666d747b828990979ea5acb3
575e656c737a81888f969da4abb2b9c0
646b727980878e959ca3aab1b8bfc6cd
71787f868d949ba2a9b0b7bec5ccd3da
7e858c939aa1a8afb6bdc4cbd2d9e0e7
8b9299a0a7aeb5bcc3cad1d8dfe6edf4
989fa6adb4bbc2c9d0d7dee5ecf3fa01
a5acb3bac1c8cfd6dde4ebf2f900070e
b2b9c0c7ced5dce3eaf1f8ff060d141b
bfc6cdd4dbe2e9f0f7fe050c131a2128
ccd3dae1e8eff6fd040b121920272e35
d9e0e7eef5fc030a11181f262d343b42
e6edf4fb020910171e252c333a41484f
f3fa01080f161d242b323940474e555c
00070e151c232a31383f464d545b6269
0d141b222930373e454c535a61686f76
1a21282f363d444b525960676e757c83
272e353c434a51585f666d747b828990
343b424950575e656c737a81888f969d
41484f565d646b727980878e959ca3aa
4e555c636a71787f868d949ba2a9b0b7
5b626970777e858c939aa1a8afb6bdc4
686f767d848b9299a0a7aeb5bcc3cad1
757c838a91989fa6adb4bbc2c9d0d7de
828990979ea5acb3bac1c8cfd6dde4eb
8f969da4abb2b9c0c7ced5dce3eaf1f8
9ca3aab1b8bfc6cdd4dbe2e9f0f7fe05
a9b0b7bec5ccd3dae1e8eff6fd040b12
b6bdc4cbd2d9e0e7eef5fc030a11181f
c3cad1d8dfe6edf4fb020910171e252c
d0d7dee5ecf3fa01080f161d242b3239
dde4ebf2f900070e151c232a31383f46
eaf1f8ff060d141b222930373e454c53
f7fe050c131a21282f363d444b525960
040b121920272e353c434a51585f666d
11181f262d343b424950575e656c737a
1e252c333a41484f565d646b72798087
2b323940474e555c636a71787f868d94
383f464d545b626970777e858c939aa1
454c535a61686f767d848b9299a0a7ae
525960676e757c838a91989fa6adb4bb
5f666d747b828990979ea5acb3bac1c8
6c737a81888f969da4abb2b9c0c7ced5
7980878e959ca3aab1b8bfc6cdd4dbe2
868d949ba2a9b0b7bec5ccd3dae1e8ef
939aa1a8afb6bdc4cbd2d9e0e7eef5fc
a0a7aeb5bcc3cad1d8dfe6edf4fb0209
adb4bbc2c9d0d7dee5ecf3fa01080f16
bac1c8cfd6dde4ebf2f900070e151c23
c7ced5dce3eaf1f8ff060d141b222930
d4dbe2e9f0f7fe050c131a21282f363d
e1e8eff6fd040b121920272e353c434a
eef5fc030a11181f262d343b42495057
fb020910171e252c333a41484f565d64
080f161d242b323940474e555c636a71
151c232a31383f464d545b626970777e
222930373e454c535a61686f767d848b
2f363d444b525960676e757c838a9198
3c434a51585f666d747b828990979ea5
4950575e656c737a81888f969da4abb2
565d646b727980878e959ca3aab1b8bf
636a71787f868d949ba2a9b0b7bec5cc
70777e858c939aa1a8afb6bdc4cbd2d9
7d848b9299a0a7aeb5bcc3cad1d8dfe6
8a91989fa6adb4bbc2c9d0d7dee5ecf3
979ea5acb3bac1c8cfd6dde4ebf2f900
a4abb2b9c0c7ced5dce3eaf1f8ff060d
b1b8bfc6cdd4dbe2e9f0f7fe050c131a
bec5ccd3dae1e8eff6fd040b12192027
cbd2d9e0e7eef5fc030a11181f262d34
d8dfe6edf4fb020910171e252c333a41
e5ecf3fa01080f161d242b323940474e
f2f900070e151c232a31383f464d545b
ff060d141b222930373e454c535a6168
0c131a21282f363d444b525960676e75
1920272e353c434a51585f666d747b82
262d343b424950575e656c737a81888f
333a41484f565d646b727980878e959c
40474e555c636a71787f868d949ba2a9
4d545b626970777e858c939aa1a8afb6
5a61686f767d848b9299a0a7aeb5bcc3
676e757c838a91989fa6adb4bbc2c9d0
747b828990979ea5acb3bac1c8cfd6dd
81888f969da4abb2b9c0c7ced5dce3ea
8e959ca3aab1b8bfc6cdd4dbe2e9f0f7
9ba2a9b0b7bec5ccd3dae1e8eff6fd04
a8afb6bdc4cbd2d9e0e7eef5fc030a11
b5bcc3cad1d8dfe6edf4fb020910171e
c2c9d0d7dee5ecf3fa01080f161d242b
cfd6dde4ebf2f900070e151c232a3138
dce3eaf1f8ff060d141b222930373e45
e9f0f7fe050c131a21282f363d444b52
f6fd040b121920272e353c434a51585f
030a11181f262d343b424950575e656c
10171e252c333a41484f565d646b7279
1d242b323940474e555c636a71787f86
2a31383f464d545b626970777e858c93
373e454c535a61686f767d848b9299a0
444b525960676e757c838a91989fa6ad
51585f666d747b828990979ea5acb3ba
5e656c737a81888f969da4abb2b9c0c7
6b727980878e959ca3aab1b8bfc6cdd4
787f868d949ba2a9b0b7bec5ccd3dae1
858c939aa1a8afb6bdc4cbd2d9e0e7ee
9299a0a7aeb5bcc3cad1d8dfe6edf4fb
9fa6adb4bbc2c9d0d7dee5ecf3fa0108
acb3bac1c8cfd6dde4ebf2f900070e15
b9c0c7ced5dce3eaf1f8ff060d141b22
c6cdd4dbe2e9f0f7fe050c131a21282f
d3dae1e8eff6fd040b121920272e353c
e0e7eef5fc030a11181f262d343b4249
edf4fb020910171e252c333a41484f56
fa01080f161d242b323940474e555c63
070e151c232a31383f464d545b626970
141b222930373e454c535a61686f767d
21282f363d444b525960676e757c838a
2e353c434a51585f666d747b82899097
3b424950575e656c737a81888f969da4
484f565d646b727980878e959ca3aab1
555c636a71787f868d949ba2a9b0b7be
626970777e858c939aa1a8afb6bdc4cb
6f767d848b9299a0a7aeb5bcc3cad1d8
7c838a91989fa6adb4bbc2c9d0d7dee5
8990979ea5acb3bac1c8cfd6dde4ebf2
969da4abb2b9c0c7ced5dce3eaf1f8ff
a3aab1b8bfc6cdd4dbe2e9f0f7fe050c
b0b7bec5ccd3dae1e8eff6fd040b1219
bdc4cbd2d9e0e7eef5fc030a11181f26
cad1d8dfe6edf4fb020910171e252c33
d7dee5ecf3fa01080f161d242b323940
e4ebf2f900070e151c232a31383f464d
f1f8ff060d141b222930373e454c535a
fe050c131a21282f363d444b52596067
0b121920272e353c434a51585f666d74
181f262d343b424950575e656c737a81
252c333a41484f565d646b727980878e
323940474e555c636a71787f868d949b
3f464d545b626970777e858c939aa1a8
4c535a61686f767d848b9299a0a7aeb5
5960676e757c838a91989fa6adb4bbc2
666d747b828990979ea5acb3bac1c8cf
737a81888f969da4abb2b9c0c7ced5dc
80878e959ca3aab1b8bfc6cdd4dbe2e9
8d949ba2a9b0b7bec5ccd3dae1e8eff6
9aa1a8afb6bdc4cbd2d9e0e7eef5fc03
a7aeb5bcc3cad1d8dfe6edf4fb020910
b4bbc2c9d0d7dee5ecf3fa01080f161d
c1c8cfd6dde4ebf2f900070e151c232a
ced5dce3eaf1f8ff060d141b22293037
dbe2e9f0f7fe050c131a21282f363d44
e8eff6fd040b121920272e353c434a51
f5fc030a11181f262d343b424950575e
020910171e252c333a41484f565d646b
0f161d242b323940474e555c636a7178
1c232a31383f464d545b626970777e85
2930373e454c535a61686f767d848b92
363d444b525960676e757c838a91989f
434a51585f666d747b828990979ea5ac
50575e656c737a81888f969da4abb2b9
5d646b727980878e959ca3aab1b8bfc6
6a71787f868d949ba2a9b0b7bec5ccd3
777e858c939aa1a8afb6bdc4cbd2d9e0
848b9299a0a7aeb5bcc3cad1d8dfe6ed
91989fa6adb4bbc2c9d0d7dee5ecf3fa
9ea5acb3bac1c8cfd6dde4ebf2f90007
abb2b9c0c7ced5dce3eaf1f8ff060d14
b8bfc6cdd4dbe2e9f0f7fe050c131a21
c5ccd3dae1e8eff6fd040b121920272e
d2d9e0e7eef5fc030a11181f262d343b
dfe6edf4fb020910171e252c333a4148
ecf3fa01080f161d242b323940474e55
f900070e151c232a31383f464d545b62
060d141b222930373e454c535a61686f
131a21282f363d444b525960676e757c
20272e353c434a51585f666d747b8289
2d343b424950575e656c737a81888f96
3a41484f565d646b727980878e959ca3
474e555c636a71787f868d949ba2a9b0
545b626970777e858c939aa1a8afb6bd
61686f767d848b9299a0a7aeb5bcc3ca
6e757c838a91989fa6adb4bbc2c9d0d7
7b828990979ea5acb3bac1c8cfd6dde4
888f969da4abb2b9c0c7ced5dce3eaf1
959ca3aab1b8bfc6cdd4dbe2e9f0f7fe
a2a9b0b7bec5ccd3dae1e8eff6fd040b
afb6bdc4cbd2d9e0e7eef5fc030a1118
bcc3cad1d8dfe6edf4fb020910171e25
c9d0d7dee5ecf3fa01080f161d242b32
d6dde4ebf2f900070e151c232a31383f
e3eaf1f8ff060d141b222930373e454c
f0f7fe050c131a21282f363d444b5259
fd040b121920272e353c434a51585f66
0a11181f262d343b424950575e656c73
171e252c333a41484f565d646b727980
242b323940474e555c636a71787f868d
31383f464d545b626970777e858c939a
3e454c535a61686f767d848b9299a0a7
4b525960676e757c838a91989fa6adb4
585f666d747b828990979ea5acb3bac1
656c737a81888f969da4abb2b9c0c7ce
727980878e959ca3aab1b8bfc6cdd4db
7f868d949ba2a9b0b7bec5ccd3dae1e8
8c939aa1a8afb6bdc4cbd2d9e0e7eef5
99a0a7aeb5bcc3cad1d8dfe6edf4fb02
a6adb4bbc2c9d0d7dee5ecf3fa01080f
b3bac1c8cfd6dde4ebf2f900070e151c
c0c7ced5dce3eaf1f8ff060d141b2229
cdd4dbe2e9f0f7fe050c131a21282f36
dae1e8eff6fd040b121920272e353c43
e7eef5fc030a11181f262d343b424950
f4fb020910171e252c333a41484f565d
01080f161d242b323940474e555c636a
0e151c232a31383f464d545b62697077
1b222930373e454c535a61686f767d84
282f363d444b525960676e757c838a91
353c434a51585f666d747b828990979e
424950575e656c737a81888f969da4ab
4f565d646b727980878e959ca3aab1b8
5c636a71787f868d949ba2a9b0b7bec5
6970777e858c939aa1a8afb6bdc4cbd2
767d848b9299a0a7aeb5bcc3cad1d8df
838a91989fa6adb4bbc2c9d0d7dee5ec
90979ea5acb3bac1c8cfd6dde4ebf2f9
9da4abb2b9c0c7ced5dce3eaf1f8ff06
aab1b8bfc6cdd4dbe2e9f0f7fe050c13
b7bec5ccd3dae1e8eff6fd040b121920
c4cbd2d9e0e7eef5fc030a11181f262d
d1d8dfe6edf4fb020910171e252c333a
dee5ecf3fa01080f161d242b32394047
ebf2f900070e151c232a31383f464d54
f8ff060d141b222930373e454c535a61
050c131a21282f363d444b525960676e
121920272e353c434a51585f666d747b
1f262d343b424950575e656c737a8188
2c333a41484f565d646b727980878e95
3940474e555c636a71787f868d949ba2
464d545b626970777e858c939aa1a8af
535a61686f767d848b9299a0a7aeb5bc
60676e757c838a91989fa6adb4bbc2c9
6d747b828990979ea5acb3bac1c8cfd6
7a81888f969da4abb2b9c0c7ced5dce3
878e959ca3aab1b8bfc6cdd4dbe2e9f0
949ba2a9b0b7bec5ccd3dae1e8eff6fd
a1a8afb6bdc4cbd2d9e0e7eef5fc030a
aeb5bcc3cad1d8dfe6edf4fb02091017
bbc2c9d0d7dee5ecf3fa01080f161d24
c8cfd6dde4ebf2f900070e151c232a31
d5dce3eaf1f8ff060d141b222930373e
e2e9f0f7fe050c131a21282f363d444b
eff6fd040b121920272e353c434a5158
fc030a11181f262d343b424950575e65
0910171e252c333a41484f565d646b72
161d242b323940474e555c636a71787f
232a31383f464d545b626970777e858c
30373e454c535a61686f767d848b9299
3d444b525960676e757c838a91989fa6
4a51585f666d747b828990979ea5acb3
575e656c737a81888f969da4abb2b9c0
646b727980878e959ca3aab1b8bfc6cd
71787f868d949ba2a9b0b7bec5ccd3da
7e858c939aa1a8afb6bdc4cbd2d9e0e7
8b9299a0a7aeb5bcc3cad1d8dfe6edf4
989fa6adb4bbc2c9d0d7dee5ecf3fa01
a5acb3bac1c8cfd6dde4ebf2f900070e
b2b9c0c7ced5dce3eaf1f8ff060d141b
bfc6cdd4dbe2e9f0f7fe050c131a2128
ccd3dae1e8eff6fd040b121920272e35
d9e0e7eef5fc030a11181f262d343b42
e6edf4fb020910171e252c333a41484f
f3fa01080f161d242b323940474e555c
00070e151c232a31383f464d545b6269
0d141b222930373e454c535a61686f76
1a21282f363d444b525960676e757c83
272e353c434a51585f666d747b828990
343b424950575e656c737a81888f969d
41484f565d646b727980878e959ca3aa
4e555c636a71787f868d949ba2a9b0b7
5b626970777e858c939aa1a8afb6bdc4
686f767d848b9299a0a7aeb5bcc3cad1
757c838a91989fa6adb4bbc2c9d0d7de
828990979ea5acb3bac1c8cfd6dde4eb
8f969da4abb2b9c0c7ced5dce3eaf1f8
9ca3aab1b8bfc6cdd4dbe2e9f0f7fe05
a9b0b7bec5ccd3dae1e8eff6fd040b12
b6bdc4cbd2d9e0e7eef5fc030a11181f
c3cad1d8dfe6edf4fb020910171e252c
d0d7dee5ecf3fa01080f161d242b3239
dde4ebf2f900070e151c232a31383f46
eaf1f8ff060d141b222930373e454c53
f7fe050c131a21282f363d444b525960
040b121920272e353c434a51585f666d
11181f262d343b424950575e656c737a
1e252c333a41484f565d646b72798087
2b323940474e555c636a71787f868d94
383f464d545b626970777e858c939aa1
454c535a61686f767d848b9299a0a7ae
525960676e757c838a91989fa6adb4bb
5f666d747b828990979ea5acb3bac1c8
6c737a81888f969da4abb2b9c0c7ced5
7980878e959ca3aab1b8bfc6cdd4dbe2
868d949ba2a9b0b7bec5ccd3dae1e8ef
939aa1a8afb6bdc4cbd2d9e0e7eef5fc
a0a7aeb5bcc3cad1d8dfe6edf4fb0209
adb4bbc2c9d0d7dee5ecf3fa01080f16
bac1c8cfd6dde4ebf2f900070e151c23
c7ced5dce3eaf1f8ff060d141b222930
d4dbe2e9f0f7fe050c131a21282f363d
e1e8eff6fd040b121920272e353c434a
eef5fc030a11181f262d343b42495057
fb020910171e252c333a41484f565d64
080f161d242b323940474e555c636a71
151c232a31383f464d545b626970777e
222930373e454c535a61686f767d848b
2f363d444b525960676e757c838a9198
3c434a51585f666d747b828990979ea5
4950575e656c737a81888f969da4abb2
565d646b727980878e959ca3aab1b8bf
636a71787f868d949ba2a9b0b7bec5cc
70777e858c939aa1a8afb6bdc4cbd2d9
7d848b9299a0a7aeb5bcc3cad1d8dfe6
8a91989fa6adb4bbc2c9d0d7dee5ecf3
979ea5acb3bac1c8cfd6dde4ebf2f900
a4abb2b9c0c7ced5dce3eaf1f8ff060d
b1b8bfc6cdd4dbe2e9f0f7fe050c131a
bec5ccd3dae1e8eff6fd040b12192027
cbd2d9e0e7eef5fc030a11181f262d34
d8dfe6edf4fb020910171e252c333a41
e5ecf3fa01080f161d242b323940474e
f2f900070e151c232a31383f464d545b
ff060d141b222930373e454c535a6168
0c131a21282f363d444b525960676e75
1920272e353c434a51585f666d747b82
262d343b424950575e656c737a81888f
333a41484f565d646b727980878e959c
40474e555c636a71787f868d949ba2a9
4d545b626970777e858c939aa1a8afb6
5a61686f767d848b9299a0a7aeb5bcc3
676e757c838a91989fa6adb4bbc2c9d0
747b828990979ea5acb3bac1c8cfd6dd
81888f969da4abb2b9c0c7ced5dce3ea
8e959ca3aab1b8bfc6cdd4dbe2e9f0f7
9ba2a9b0b7bec5ccd3dae1e8eff6fd04
a8afb6bdc4cbd2d9e0e7eef5fc030a11
b5bcc3cad1d8dfe6edf4fb020910171e
c2c9d0d7dee5ecf3fa01080f161d242b
cfd6dde4ebf2f900070e151c232a3138
dce3eaf1f8ff060d141b222930373e45
e9f0f7fe050c131a21282f363d444b52
f6fd040b121920272e353c434a51585f
030a11181f262d343b424950575e656c
10171e252c333a41484f565d646b7279
1d242b323940474e555c636a71787f86
2a31383f464d545b626970777e858c93
373e454c535a61686f767d848b9299a0
444b525960676e757c838a91989fa6ad
51585f666d747b828990979ea5acb3ba
5e656c737a81888f969da4abb2b9c0c7
6b727980878e959ca3aab1b8bfc6cdd4
787f868d949ba2a9b0b7bec5ccd3dae1
858c939aa1a8afb6bdc4cbd2d9e0e7ee
9299a0a7aeb5bcc3cad1d8dfe6edf4fb
9fa6adb4bbc2c9d0d7dee5ecf3fa0108
acb3bac1c8cfd6dde4ebf2f900070e15
b9c0c7ced5dce3eaf1f8ff060d141b22
c6cdd4dbe2e9f0f7fe050c131a21282f
d3dae1e8eff6fd040b121920272e353c
e0e7eef5fc030a11181f262d343b4249
edf4fb020910171e252c333a41484f56
fa01080f161d242b323940474e555c63
070e151c232a31383f464d545b626970
141b222930373e454c535a61686f767d
21282f363d444b525960676e757c838a
2e353c434a51585f666d747b82899097
3b424950575e656c737a81888f969da4
484f565d646b727980878e959ca3aab1
555c636a71787f868d949ba2a9b0b7be
626970777e858c939aa1a8afb6bdc4cb
6f767d848b9299a0a7aeb5bcc3cad1d8
7c838a91989fa6adb4bbc2c9d0d7dee5
8990979ea5acb3bac1c8cfd6dde4ebf2
969da4abb2b9c0c7ced5dce3eaf1f8ff
a3aab1b8bfc6cdd4dbe2e9f0f7fe050c
b0b7bec5ccd3dae1e8eff6fd040b1219
bdc4cbd2d9e0e7eef5fc030a11181f26
cad1d8dfe6edf4fb020910171e252c33
d7dee5ecf3fa01080f161d242b323940
e4ebf2f900070e151c232a31383f464d
f1f8ff060d141b222930373e454c535a
fe050c131a21282f363d444b52596067
0b121920272e353c434a51585f666d74
181f262d343b424950575e656c737a81
252c333a41484f565d646b727980878e
323940474e555c636a71787f868d949b
3f464d545b626970777e858c939aa1a8
4c535a61686f767d848b9299a0a7aeb5
5960676e757c838a91989fa6adb4bbc2
666d747b828990979ea5acb3bac1c8cf
737a81888f969da4abb2b9c0c7ced5dc
80878e959ca3aab1b8bfc6cdd4dbe2e9
8d949ba2a9b0b7bec5ccd3dae1e8eff6
9aa1a8afb6bdc4cbd2d9e0e7eef5fc03
a7aeb5bcc3cad1d8dfe6edf4fb020910
b4bbc2c9d0d7dee5ecf3fa01080f161d
c1c8cfd6dde4ebf2f900070e151c232a
ced5dce3eaf1f8ff060d141b22293037
dbe2e9f0f7fe050c131a21282f363d44
e8eff6fd040b121920272e353c434a51
f5fc030a11181f262d343b424950575e
020910171e252c333a41484f565d646b
0f161d242b323940474e555c636a7178
1c232a31383f464d545b626970777e85
2930373e454c535a61686f767d848b92
363d444b525960676e757c838a91989f
434a51585f666d747b828990979ea5ac
50575e656c737a81888f969da4abb2b9
5d646b727980878e959ca3aab1b8bfc6
6a71787f868d949ba2a9b0b7bec5ccd3
777e858c939aa1a8afb6bdc4cbd2d9e0
848b9299a0a7aeb5bcc3cad1d8dfe6ed
91989fa6adb4bbc2c9d0d7dee5ecf3fa
9ea5acb3bac1c8cfd6dde4ebf2f90007
abb2b9c0c7ced5dce3eaf1f8ff060d14
b8bfc6cdd4dbe2e9f0f7fe050c131a21
c5ccd3dae1e8eff6fd040b121920272e
d2d9e0e7eef5fc030a11181f262d343b
dfe6edf4fb020910171e252c333a4148
ecf3fa01080f161d242b323940474e55
f900070e151c232a31383f464d545b62
060d141b222930373e454c535a61686f
131a21282f363d444b525960676e757c
20272e353c434a51585f666d747b8289
2d343b424950575e656c737a81888f96
3a41484f565d646b727980878e959ca3
474e555c636a71787f868d949ba2a9b0
545b626970777e858c939aa1a8afb6bd
61686f767d848b9299a0a7aeb5bcc3ca
6e757c838a91989fa6adb4bbc2c9d0d7
7b828990979ea5acb3bac1c8cfd6dde4
888f969da4abb2b9c0c7ced5dce3eaf1
959ca3aab1b8bfc6cdd4dbe2e9f0f7fe
a2a9b0b7bec5ccd3dae1e8eff6fd040b
afb6bdc4cbd2d9e0e7eef5fc030a1118
bcc3cad1d8dfe6edf4fb020910171e25
c9d0d7dee5ecf3fa01080f161d242b32
d6dde4ebf2f900070e151c232a31383f
e3eaf1f8ff060d141b222930373e454c
f0f7fe050c131a21282f363d444b5259
fd040b121920272e353c434a51585f66
0a11181f262d343b424950575e656c73
171e252c333a41484f565d646b727980
242b323940474e555c636a71787f868d
31383f464d545b626970777e858c939a
3e454c535a61686f767d848b9299a0a7
4b525960676e757c838a91989fa6adb4
585f666d747b828990979ea5acb3bac1
656c737a81888f969da4abb2b9c0c7ce
727980878e959ca3aab1b8bfc6cdd4db
7f868d949ba2a9b0b7bec5ccd3dae1e8
8c939aa1a8afb6bdc4cbd2d9e0e7eef5
99a0a7aeb5bcc3cad1d8dfe6edf4fb02
a6adb4bbc2c9d0d7dee5ecf3fa01080f
b3bac1c8cfd6dde4ebf2f900070e151c
c0c7ced5dce3eaf1f8ff060d141b2229
cdd4dbe2e9f0f7fe050c131a21282f36
dae1e8eff6fd040b121920272e353c43
e7eef5fc030a11181f262d343b424950
f4fb020910171e252c333a41484f565d
01080f161d242b323940474e555c636a
0e151c232a31383f464d545b62697077
1b222930373e454c535a61686f767d84
282f363d444b525960676e757c838a91
353c434a51585f666d747b828990979e
424950575e656c737a81888f969da4ab
4f565d646b727980878e959ca3aab1b8
5c636a71787f868d949ba2a9b0b7bec5
6970777e858c939aa1a8afb6bdc4cbd2
767d848b9299a0a7aeb5bcc3cad1d8df
838a91989fa6adb4bbc2c9d0d7dee5ec
90979ea5acb3bac1c8cfd6dde4ebf2f9
9da4abb2b9c0c7ced5dce3eaf1f8ff06
aab1b8bfc6cdd4dbe2e9f0f7fe050c13
b7bec5ccd3dae1e8eff6fd040b121920
c4cbd2d9e0e7eef5fc030a11181f262d
d1d8dfe6edf4fb020910171e252c333a
dee5ecf3fa01080f161d242b32394047
ebf2f900070e151c232a31383f464d54
f8ff060d141b222930373e454c535a61
050c131a21282f363d444b525960676e
121920272e353c434a51585f666d747b
1f262d343b424950575e656c737a8188
2c333a41484f565d646b727980878e95
3940474e555c636a71787f868d949ba2
464d545b626970777e858c939aa1a8af
535a61686f767d848b9299a0a7aeb5bc
60676e757c838a91989fa6adb4bbc2c9
6d747b828990979ea5acb3bac1c8cfd6
7a81888f969da4abb2b9c0c7ced5dce3
878e959ca3aab1b8bfc6cdd4dbe2e9f0
949ba2a9b0b7bec5ccd3dae1e8eff6fd
a1a8afb6bdc4cbd2d9e0e7eef5fc030a
aeb5bcc3cad1d8dfe6edf4fb02091017
bbc2c9d0d7dee5ecf3fa01080f161d24
c8cfd6dde4ebf2f900070e151c232a31
d5dce3eaf1f8ff060d141b222930373e
e2e9f0f7fe050c131a21282f363d444b
eff6fd040b121920272e353c434a5158
fc030a11181f262d343b424950575e65
0910171e252c333a41484f565d646b72
161d242b323940474e555c636a71787f
232a31383f464d545b626970777e858c
30373e454c535a61686f767d848b9299
3d444b525960676e757c838a91989fa6
4a51585f666d747b828990979ea5acb3
575e656c737a81888f969da4abb2b9c0
646b727980878e959ca3aab1b8bfc6cd
71787f868d949ba2a9b0b7bec5ccd3da
7e858c939aa1a8afb6bdc4cbd2d9e0e7
8b9299a0a7aeb5bcc3cad1d8dfe6edf4
989fa6adb4bbc2c9d0d7dee5ecf3fa01
a5acb3bac1c8cfd6dde4ebf2f900070e
b2b9c0c7ced5dce3eaf1f8ff060d141b
bfc6cdd4dbe2e9f0f7fe050c131a2128
ccd3dae1e8eff6fd040b121920272e35
d9e0e7eef5fc030a11181f262d343b42
e6edf4fb020910171e252c333a41484f
f3fa01080f161d242b323940474e555c
00070e151c232a31383f464d545b6269
0d141b222930373e454c535a61686f76
1a21282f363d444b525960676e757c83
272e353c434a51585f666d747b828990
343b424950575e656c737a81888f969d
41484f565d646b727980878e959ca3aa
4e555c636a71787f868d949ba2a9b0b7
5b626970777e858c939aa1a8afb6bdc4
686f767d848b9299a0a7aeb5bcc3cad1
757c838a91989fa6adb4bbc2c9d0d7de
828990979ea5acb3bac1c8cfd6dde4eb
8f969da4abb2b9c0c7ced5dce3eaf1f8
9ca3aab1b8bfc6cdd4dbe2e9f0f7fe05
a9b0b7bec5ccd3dae1e8eff6fd040b12
b6bdc4cbd2d9e0e7eef5fc030a11181f
c3cad1d8dfe6edf4fb020910171e252c
d0d7dee5ecf3fa01080f161d242b3239
dde4ebf2f900070e151c232a31383f46
eaf1f8ff060d141b222930373e454c53
f7fe050c131a21282f363d444b525960
040b121920272e353c434a51585f666d
11181f262d343b424950575e656c737a
1e252c333a41484f565d646b72798087
2b323940474e555c636a71787f868d94
383f464d545b626970777e858c939aa1
454c535a61686f767d848b9299a0a7ae
525960676e757c838a91989fa6adb4bb
5f666d747b828990979ea5acb3bac1c8
6c737a81888f969da4abb2b9c0c7ced5
7980878e959ca3aab1b8bfc6cdd4dbe2
868d949ba2a9b0b7bec5ccd3dae1e8ef
939aa1a8afb6bdc4cbd2d9e0e7eef5fc
a0a7aeb5bcc3cad1d8dfe6edf4fb0209
adb4bbc2c9d0d7dee5ecf3fa01080f16
bac1c8cfd6dde4ebf2f900070e151c23
c7ced5dce3eaf1f8ff060d141b222930
d4dbe2e9f0f7fe050c131a21282f363d
e1e8eff6fd040b121920272e353c434a
eef5fc030a11181f262d343b42495057
fb020910171e252c333a41484f565d64
080f161d242b323940474e555c636a71
151c232a31383f464d545b626970777e
222930373e454c535a61686f767d848b
2f363d444b525960676e757c838a9198
3c434a51585f666d747b828990979ea5
4950575e656c737a81888f969da4abb2
565d646b727980878e959ca3aab1b8bf
636a71787f868d949ba2a9b0b7bec5cc
70777e858c939aa1a8afb6bdc4cbd2d9
7d848b9299a0a7aeb5bcc3cad1d8dfe6
8a91989fa6adb4bbc2c9d0d7dee5ecf3
979ea5acb3bac1c8cfd6dde4ebf2f900
a4abb2b9c0c7ced5dce3eaf1f8ff060d
b1b8bfc6cdd4dbe2e9f0f7fe050c131a
bec5ccd3dae1e8eff6fd040b12192027
cbd2d9e0e7eef5fc030a11181f262d34
d8dfe6edf4fb020910171e252c333a41
e5ecf3fa01080f161d242b323940474e
f2f900070e151c232a31383f464d545b
ff060d141b222930373e454c535a6168
0c131a21282f363d444b525960676e75
1920272e353c434a51585f666d747b82
262d343b424950575e656c737a81888f
333a41484f565d646b727980878e959c
40474e555c636a71787f868d949ba2a9
4d545b626970777e858c939aa1a8afb6
5a61686f767d848b9299a0a7aeb5bcc3
676e757c838a91989fa6adb4bbc2c9d0
747b828990979ea5acb3bac1c8cfd6dd
81888f969da4abb2b9c0c7ced5dce3ea
8e959ca3aab1b8bfc6cdd4dbe2e9f0f7
9ba2a9b0b7bec5ccd3dae1e8eff6fd04
a8afb6bdc4cbd2d9e0e7eef5fc030a11
b5bcc3cad1d8dfe6edf4fb020910171e
c2c9d0d7dee5ecf3fa01080f161d242b
cfd6dde4ebf2f900070e151c232a3138
dce3eaf1f8ff060d141b222930373e45
e9f0f7fe050c131a21282f363d444b52
f6fd040b121920272e353c434a51585f
030a11181f262d343b424950575e656c
10171e252c333a41484f565d646b7279
1d242b323940474e555c636a71787f86
2a31383f464d545b626970777e858c93
373e454c535a61686f767d848b9299a0
444b525960676e757c838a91989fa6ad
51585f666d747b828990979ea5acb3ba
5e656c737a81888f969da4abb2b9c0c7
6b727980878e959ca3aab1b8bfc6cdd4
787f868d949ba2a9b0b7bec5ccd3dae1
858c939aa1a8afb6bdc4cbd2d9e0e7ee
9299a0a7aeb5bcc3cad1d8dfe6edf4fb
9fa6adb4bbc2c9d0d7dee5ecf3fa0108
acb3bac1c8cfd6dde4ebf2f900070e15
b9c0c7ced5dce3eaf1f8ff060d141b22
c6cdd4dbe2e9f0f7fe050c131a21282f
d3dae1e8eff6fd040b121920272e353c
e0e7eef5fc030a11181f262d343b4249
edf4fb020910171e252c333a41484f56
fa01080f161d242b323940474e555c63
070e151c232a31383f464d545b626970
141b222930373e454c535a61686f767d
21282f363d444b525960676e757c838a
2e353c434a51585f666d747b82899097
3b424950575e656c737a81888f969da4
484f565d646b727980878e959ca3aab1
555c636a71787f868d949ba2a9b0b7be
626970777e858c939aa1a8afb6bdc4cb
6f767d848b9299a0a7aeb5bcc3cad1d8
7c838a91989fa6adb4bbc2c9d0d7dee5
8990979ea5acb3bac1c8cfd6dde4ebf2
969da4abb2b9c0c7ced5dce3eaf1f8ff
a3aab1b8bfc6cdd4dbe2e9f0f7fe050c
b0b7bec5ccd3dae1e8eff6fd040b1219
bdc4cbd2d9e0e7eef5fc030a11181f26
cad1d8dfe6edf4fb020910171e252c33
d7dee5ecf3fa01080f161d242b323940
e4ebf2f900070e151c232a31383f464d
f1f8ff060d141b222930373e454c535a
fe050c131a21282f363d444b52596067
0b121920272e353c434a51585f666d74
181f262d343b424950575e656c737a81
252c333a41484f565d646b727980878e
323940474e555c636a71787f868d949b
3f464d545b626970777e858c939aa1a8
4c535a61686f767d848b9299a0a7aeb5
5960676e757c838a91989fa6adb4bbc2
666d747b828990979ea5acb3bac1c8cf
737a81888f969da4abb2b9c0c7ced5dc
80878e959ca3aab1b8bfc6cdd4dbe2e9
8d949ba2a9b0b7bec5ccd3dae1e8eff6
9aa1a8afb6bdc4cbd2d9e0e7eef5fc03
a7aeb5bcc3cad1d8dfe6edf4fb020910
b4bbc2c9d0d7dee5ecf3fa01080f161d
c1c8cfd6dde4ebf2f900070e151c232a
ced5dce3eaf1f8ff060d141b22293037
dbe2e9f0f7fe050c131a21282f363d44
e8eff6fd040b121920272e353c434a51
f5fc030a11181f262d343b424950575e
020910171e252c333a41484f565d646b
0f161d242b323940474e555c636a7178
1c232a31383f464d545b626970777e85
2930373e454c535a61686f767d848b92
363d444b525960676e757c838a91989f
434a51585f666d747b828990979ea5ac
50575e656c737a81888f969da4abb2b9
5d646b727980878e959ca3aab1b8bfc6
6a71787f868d949ba2a9b0b7bec5ccd3
777e858c939aa1a8afb6bdc4cbd2d9e0
848b9299a0a7aeb5bcc3cad1d8dfe6ed
91989fa6adb4bbc2c9d0d7dee5ecf3fa
9ea5acb3bac1c8cfd6dde4ebf2f90007
abb2b9c0c7ced5dce3eaf1f8ff060d14
b8bfc6cdd4dbe2e9f0f7fe050c131a21
c5ccd3dae1e8eff6fd040b121920272e
d2d9e0e7eef5fc030a11181f262d343b
dfe6edf4fb020910171e252c333a4148
ecf3fa01080f161d242b323940474e55
f900070e151c232a31383f464d545b62
060d141b222930373e454c535a61686f
131a21282f363d444b525960676e757c
20272e353c434a51585f666d747b8289
2d343b424950575e656c737a81888f96
3a41484f565d646b727980878e959ca3
474e555c636a71787f868d949ba2a9b0
545b626970777e858c939aa1a8afb6bd
61686f767d848b9299a0a7aeb5bcc3ca
6e757c838a91989fa6adb4bbc2c9d0d7
7b828990979ea5acb3bac1c8cfd6dde4
888f969da4abb2b9c0c7ced5dce3eaf1
959ca3aab1b8bfc6cdd4dbe2e9f0f7fe
a2a9b0b7bec5ccd3dae1e8eff6fd040b
afb6bdc4cbd2d9e0e7eef5fc030a1118
bcc3cad1d8dfe6edf4fb020910171e25
c9d0d7dee5ecf3fa01080f161d242b32
d6dde4ebf2f900070e151c232a31383f
e3eaf1f8ff060d141b222930373e454c
f0f7fe050c131a21282f363d444b5259
fd040b121920272e353c434a51585f66
0a11181f262d343b424950575e656c73
171e252c333a41484f565d646b727980
242b323940474e555c636a71787f868d
31383f464d545b626970777e858c939a
3e454c535a61686f767d848b9299a0a7
4b525960676e757c838a91989fa6adb4
585f666d747b828990979ea5acb3bac1
656c737a81888f969da4abb2b9c0c7ce
727980878e959ca3aab1b8bfc6cdd4db
7f868d949ba2a9b0b7bec5ccd3dae1e8
8c939aa1a8afb6bdc4cbd2d9e0e7eef5
99a0a7aeb5bcc3cad1d8dfe6edf4fb02
a6adb4bbc2c9d0d7dee5ecf3fa01080f
b3bac1c8cfd6dde4ebf2f900070e151c
c0c7ced5dce3eaf1f8ff060d141b2229
cdd4dbe2e9f0f7fe050c131a21282f36
dae1e8eff6fd040b121920272e353c43
e7eef5fc030a11181f262d343b424950
f4fb020910171e252c333a41484f565d
01080f161d242b323940474e555c636a
0e151c232a31383f464d545b62697077
1b222930373e454c535a61686f767d84
282f363d444b525960676e757c838a91
353c434a51585f666d747b828990979e
424950575e656c737a81888f969da4ab
4f565d646b727980878e959ca3aab1b8
5c636a71787f868d949ba2a9b0b7bec5
6970777e858c939aa1a8afb6bdc4cbd2
767d848b9299a0a7aeb5bcc3cad1d8df
838a91989fa6adb4bbc2c9d0d7dee5ec
90979ea5acb3bac1c8cfd6dde4ebf2f9
9da4abb2b9c0c7ced5dce3eaf1f8ff06
aab1b8bfc6cdd4dbe2e9f0f7fe050c13
b7bec5ccd3dae1e8eff6fd040b121920
c4cbd2d9e0e7eef5fc030a11181f262d
d1d8dfe6edf4fb020910171e252c333a
dee5ecf3fa01080f161d242b32394047
ebf2f900070e151c232a31383f464d54
f8ff060d141b222930373e454c535a61
050c131a21282f363d444b525960676e
121920272e353c434a51585f666d747b
1f262d343b424950575e656c737a8188
2c333a41484f565d646b727980878e95
3940474e555c636a71787f868d949ba2
464d545b626970777e858c939aa1a8af
535a61686f767d848b9299a0a7aeb5bc
60676e757c838a91989fa6adb4bbc2c9
6d747b828990979ea5acb3bac1c8cfd6
7a81888f969da4abb2b9c0c7ced5dce3
878e959ca3aab1b8bfc6cdd4dbe2e9f0
949ba2a9b0b7bec5ccd3dae1e8eff6fd
a1a8afb6bdc4cbd2d9e0e7eef5fc030a
aeb5bcc3cad1d8dfe6edf4fb02091017
bbc2c9d0d7dee5ecf3fa01080f161d24
c8cfd6dde4ebf2f900070e151c232a31
d5dce3eaf1f8ff060d141b222930373e
e2e9f0f7fe050c131a21282f363d444b
eff6fd040b121920272e353c434a5158
fc030a11181f262d343b424950575e65
0910171e252c333a41484f565d646b72
161d242b323940474e555c636a71787f
232a31383f464d545b626970777e858c
30373e454c535a61686f767d848b9299
3d444b525960676e757c838a91989fa6
4a51585f666d747b828990979ea5acb3
575e656c737a81888f969da4abb2b9c0
646b727980878e959ca3aab1b8bfc6cd
71787f868d949ba2a9b0b7bec5ccd3da
7e858c939aa1a8afb6bdc4cbd2d9e0e7
8b9299a0a7aeb5bcc3cad1d8dfe6edf4
989fa6adb4bbc2c9d0d7dee5ecf3fa01
a5acb3bac1c8cfd6dde4ebf2f900070e
b2b9c0c7ced5dce3eaf1f8ff060d141b
bfc6cdd4dbe2e9f0f7fe050c131a2128
ccd3dae1e8eff6fd040b121920272e35
d9e0e7eef5fc030a11181f262d343b42
e6edf4fb020910171e252c333a41484f
f3fa01080f161d242b323940474e555c
00070e151c232a31383f464d545b6269
0d141b222930373e454c535a61686f76
1a21282f363d444b525960676e757c83
272e353c434a51585f666d747b828990
343b424950575e656c737a81888f969d
41484f565d646b727980878e959ca3aa
4e555c636a71787f868d949ba2a9b0b7
5b626970777e858c939aa1a8afb6bdc4
686f767d848b9299a0a7aeb5bcc3cad1
757c838a91989fa6adb4bbc2c9d0d7de
828990979ea5acb3bac1c8cfd6dde4eb
8f969da4abb2b9c0c7ced5dce3eaf1f8
9ca3aab1b8bfc6cdd4dbe2e9f0f7fe05
a9b0b7bec5ccd3dae1e8eff6fd040b12
b6bdc4cbd2d9e0e7eef5fc030a11181f
c3cad1d8dfe6edf4fb020910171e252c
d0d7dee5ecf3fa01080f161d242b3239
dde4ebf2f900070e151c232a31383f46
eaf1f8ff060d141b222930373e454c53
f7fe050c131a21282f363d444b525960
040b121920272e353c434a51585f666d
11181f262d343b424950575e656c737a
1e252c333a41484f565d646b72798087
2b323940474e555c636a71787f868d94
383f464d545b626970777e858c939aa1
454c535a61686f767d848b9299a0a7ae
525960676e757c838a91989fa6adb4bb
5f666d747b828990979ea5acb3bac1c8
6c737a81888f969da4abb2b9c0c7ced5
7980878e959ca3aab1b8bfc6cdd4dbe2
868d949ba2a9b0b7bec5ccd3dae1e8ef
939aa1a8afb6bdc4cbd2d9e0e7eef5fc
a0a7aeb5bcc3cad1d8dfe6edf4fb0209
adb4bbc2c9d0d7dee5ecf3fa01080f16
bac1c8cfd6dde4ebf2f900070e151c23
c7ced5dce3eaf1f8ff060d141b222930
d4dbe2e9f0f7fe050c131a21282f363d
e1e8eff6fd040b121920272e353c434a
eef5fc030a11181f262d343b42495057
fb020910171e252c333a41484f565d64
080f161d242b323940474e555c636a71
151c232a31383f464d545b626970777e
222930373e454c535a61686f767d848b
2f363d444b525960676e757c838a9198
3c434a51585f666d747b828990979ea5
4950575e656c737a81888f969da4abb2
565d646b727980878e959ca3aab1b8bf
636a71787f868d949ba2a9b0b7bec5cc
70777e858c939aa1a8afb6bdc4cbd2d9
7d848b9299a0a7aeb5bcc3cad1d8dfe6
8a91989fa6adb4bbc2c9d0d7dee5ecf3
979ea5acb3bac1c8cfd6dde4ebf2f900
a4abb2b9c0c7ced5dce3eaf1f8ff060d
b1b8bfc6cdd4dbe2e9f0f7fe050c131a
bec5ccd3dae1e8eff6fd040b12192027
cbd2d9e0e7eef5fc030a11181f262d34
d8dfe6edf4fb020910171e252c333a41
e5ecf3fa01080f161d242b323940474e
f2f900070e151c232a31383f464d545b
ff060d141b222930373e454c535a6168
0c131a21282f363d444b525960676e75
1920272e353c434a51585f666d747b82
262d343b424950575e656c737a81888f
333a41484f565d646b727980878e959c
40474e555c636a71787f868d949ba2a9
4d545b626970777e858c939aa1a8afb6
5a61686f767d848b9299a0a7aeb5bcc3
676e757c838a91989fa6adb4bbc2c9d0
747b828990979ea5acb3bac1c8cfd6dd
81888f969da4abb2b9c0c7ced5dce3ea
8e959ca3aab1b8bfc6cdd4dbe2e9f0f7
9ba2a9b0b7bec5ccd3dae1e8eff6fd04
a8afb6bdc4cbd2d9e0e7eef5fc030a11
b5bcc3cad1d8dfe6edf4fb020910171e
c2c9d0d7dee5ecf3fa01080f161d242b
cfd6dde4ebf2f900070e151c232a3138
dce3eaf1f8ff060d141b222930373e45
e9f0f7fe050c131a21282f363d444b52
f6fd040b121920272e353c434a51585f
030a11181f262d343b424950575e656c
10171e252c333a41484f565d646b7279
1d242b323940474e555c636a71787f86
2a31383f464d545b626970777e858c93
373e454c535a61686f767d848b9299a0
444b525960676e757c838a91989fa6ad
51585f666d747b828990979ea5acb3ba
5e656c737a81888f969da4abb2b9c0c7
6b727980878e959ca3aab1b8bfc6cdd4
787f868d949ba2a9b0b7bec5ccd3dae1
858c939aa1a8afb6bdc4cbd2d9e0e7ee
9299a0a7aeb5bcc3cad1d8dfe6edf4fb
9fa6adb4bbc2c9d0d7dee5ecf3fa0108
acb3bac1c8cfd6dde4ebf2f900070e15
b9c0c7ced5dce3eaf1f8ff060d141b22
c6cdd4dbe2e9f0f7fe050c131a21282f
d3dae1e8eff6fd040b121920272e353c
e0e7eef5fc030a11181f262d343b4249
edf4fb020910171e252c333a41484f56
fa01080f161d242b323940474e555c63
070e151c232a31383f464d545b626970
141b222930373e454c535a61686f767d
21282f363d444b525960676e757c838a
2e353c434a51585f666d747b82899097
3b424950575e656c737a81888f969da4
484f565d646b727980878e959ca3aab1
555c636a71787f868d949ba2a9b0b7be
626970777e858c939aa1a8afb6bdc4cb
6f767d848b9299a0a7aeb5bcc3cad1d8
7c838a91989fa6adb4bbc2c9d0d7dee5
8990979ea5acb3bac1c8cfd6dde4ebf2
969da4abb2b9c0c7ced5dce3eaf1f8ff
a3aab1b8bfc6cdd4dbe2e9f0f7fe050c
b0b7bec5ccd3dae1e8eff6fd040b1219
bdc4cbd2d9e0e7eef5fc030a11181f26
cad1d8dfe6edf4fb020910171e252c33
d7dee5ecf3fa01080f161d242b323940
e4ebf2f900070e151c232a31383f464d
f1f8ff060d141b222930373e454c535a
fe050c131a21282f363d444b52596067
0b121920272e353c434a51585f666d74
181f262d343b424950575e656c737a81
252c333a41484f565d646b727980878e
323940474e555c636a71787f868d949b
3f464d545b626970777e858c939aa1a8
4c535a61686f767d848b9299a0a7aeb5
5960676e757c838a91989fa6adb4bbc2
666d747b828990979ea5acb3bac1c8cf
737a81888f969da4abb2b9c0c7ced5dc
80878e959ca3aab1b8bfc6cdd4dbe2e9
8d949ba2a9b0b7bec5ccd3dae1e8eff6
9aa1a8afb6bdc4cbd2d9e0e7eef5fc03
a7aeb5bcc3cad1d8dfe6edf4fb020910
b4bbc2c9d0d7dee5ecf3fa01080f161d
c1c8cfd6dde4ebf2f900070e151c232a
ced5dce3eaf1f8ff060d141b22293037
dbe2e9f0f7fe050c131a21282f363d44
e8eff6fd040b121920272e353c434a51
f5fc030a11181f262d343b424950575e
020910171e252c333a41484f565d646b
0f161d242b323940474e555c636a7178
1c232a31383f464d545b626970777e85
2930373e454c535a61686f767d848b92
363d444b525960676e757c838a91989f
434a51585f666d747b828990979ea5ac
50575e656c737a81888f969da4abb2b9
5d646b727980878e959ca3aab1b8bfc6
6a71787f868d949ba2a9b0b7bec5ccd3
777e858c939aa1a8afb6bdc4cbd2d9e0
848b9299a0a7aeb5bcc3cad1d8dfe6ed
91989fa6adb4bbc2c9d0d7dee5ecf3fa
9ea5acb3bac1c8cfd6dde4ebf2f90007
abb2b9c0c7ced5dce3eaf1f8ff060d14
b8bfc6cdd4dbe2e9f0f7fe050c131a21
c5ccd3dae1e8eff6fd040b121920272e
d2d9e0e7eef5fc030a11181f262d343b
dfe6edf4fb020910171e252c333a4148
ecf3fa01080f161d242b323940474e55
f900070e151c232a31383f464d545b62
060d141b222930373e454c535a61686f
131a21282f363d444b525960676e757c
20272e353c434a51585f666d747b8289
2d343b424950575e656c737a81888f96
3a41484f565d646b727980878e959ca3
474e555c636a71787f868d949ba2a9b0
545b626970777e858c939aa1a8afb6bd
61686f767d848b9299a0a7aeb5bcc3ca
6e757c838a91989fa6adb4bbc2c9d0d7
7b828990979ea5acb3bac1c8cfd6dde4
888f969da4abb2b9c0c7ced5dce3eaf1
959ca3aab1b8bfc6cdd4dbe2e9f0f7fe
a2a9b0b7bec5ccd3dae1e8eff6fd040b
afb6bdc4cbd2d9e0e7eef5fc030a1118
bcc3cad1d8dfe6edf4fb020910171e25
c9d0d7dee5ecf3fa01080f161d242b32
d6dde4ebf2f900070e151c232a31383f
e3eaf1f8ff060d141b222930373e454c
f0f7fe050c131a21282f363d444b5259
fd040b121920272e353c434a51585f66
0a11181f262d343b424950575e656c73
171e252c333a41484f565d646b727980
242b323940474e555c636a71787f868d
31383f464d545b626970777e858c939a
3e454c535a61686f767d848b9299a0a7
4b525960676e757c838a91989fa6adb4
585f666d747b828990979ea5acb3bac1
656c737a81888f969da4abb2b9c0c7ce
727980878e959ca3aab1b8bfc6cdd4db
7f868d949ba2a9b0b7bec5ccd3dae1e8
8c939aa1a8afb6bdc4cbd2d9e0e7eef5
99a0a7aeb5bcc3cad1d8dfe6edf4fb02
a6adb4bbc2c9d0d7dee5ecf3fa01080f
b3bac1c8cfd6dde4ebf2f900070e151c
c0c7ced5dce3eaf1f8ff060d141b2229
cdd4dbe2e9f0f7fe050c131a21282f36
dae1e8eff6fd040b121920272e353c43
e7eef5fc030a11181f262d343b424950
f4fb020910171e252c333a41484f565d
01080f161d242b323940474e555c636a
0e151c232a31383f464d545b62697077
1b222930373e454c535a61686f767d84
282f363d444b525960676e757c838a91
353c434a51585f666d747b828990979e
424950575e656c737a81888f969da4ab
4f565d646b727980878e959ca3aab1b8
5c636a71787f868d949ba2a9b0b7bec5
6970777e858c939aa1a8afb6bdc4cbd2
767d848b9299a0a7aeb5bcc3cad1d8df
838a91989fa6adb4bbc2c9d0d7dee5ec
90979ea5acb3bac1c8cfd6dde4ebf2f9
9da4abb2b9c0c7ced5dce3eaf1f8ff06
aab1b8bfc6cdd4dbe2e9f0f7fe050c13
b7bec5ccd3dae1e8eff6fd040b121920
c4cbd2d9e0e7eef5fc030a11181f262d
d1d8dfe6edf4fb020910171e252c333a
dee5ecf3fa01080f161d242b32394047
ebf2f900070e151c232a31383f464d54
f8ff060d141b222930373e454c535a61
050c131a21282f363d444b525960676e
121920272e353c434a51585f666d747b
1f262d343b424950575e656c737a8188
2c333a41484f565d646b727980878e95
3940474e555c636a71787f868d949ba2
464d545b626970777e858c939aa1a8af
535a61686f767d848b9299a0a7aeb5bc
60676e757c838a91989fa6adb4bbc2c9
6d747b828990979ea5acb3bac1c8cfd6
7a81888f969da4abb2b9c0c7ced5dce3
878e959ca3aab1b8bfc6cdd4dbe2e9f0
949ba2a9b0b7bec5ccd3dae1e8eff6fd
a1a8afb6bdc4cbd2d9e0e7eef5fc030a
aeb5bcc3cad1d8dfe6edf4fb02091017
bbc2c9d0d7dee5ecf3fa01080f161d24
c8cfd6dde4ebf2f900070e151c232a31
d5dce3eaf1f8ff060d141b222930373e
e2e9f0f7fe050c131a21282f363d444b
eff6fd040b121920272e353c434a5158
fc030a11181f262d343b424950575e65
0910171e252c333a41484f565d646b72
161d242b323940474e555c636a71787f
232a31383f464d545b626970777e858c
30373e454c535a61686f767d848b9299
3d444b525960676e757c838a91989fa6
4a51585f666d747b828990979ea5acb3
575e656c737a81888f969da4abb2b9c0
646b727980878e959ca3aab1b8bfc6cd
71787f868d949ba2a9b0b7bec5ccd3da
7e858c939aa1a8afb6bdc4cbd2d9e0e7
8b9299a0a7aeb5bcc3cad1d8dfe6edf4
989fa6adb4bbc2c9d0d7dee5ecf3fa01
a5acb3bac1c8cfd6dde4ebf2f900070e
b2b9c0c7ced5dce3eaf1f8ff060d141b
bfc6cdd4dbe2e9f0f7fe050c131a2128
ccd3dae1e8eff6fd040b121920272e35
d9e0e7eef5fc030a11181f262d343b42
e6edf4fb020910171e252c333a41484f
f3fa01080f161d242b323940474e555c
00070e151c232a31383f464d545b6269
0d141b222930373e454c535a61686f76
1a21282f363d444b525960676e757c83
272e353c434a51585f666d747b828990
343b424950575e656c737a81888f969d
41484f565d646b727980878e959ca3aa
4e555c636a71787f868d949ba2a9b0b7
5b626970777e858c939aa1a8afb6bdc4
686f767d848b9299a0a7aeb5bcc3cad1
757c838a91989fa6adb4bbc2c9d0d7de
828990979ea5acb3bac1c8cfd6dde4eb
8f969da4abb2b9c0c7ced5dce3eaf1f8
9ca3aab1b8bfc6cdd4dbe2e9f0f7fe05
a9b0b7bec5ccd3dae1e8eff6fd040b12
b6bdc4cbd2d9e0e7eef5fc030a11181f
c3cad1d8dfe6edf4fb020910171e252c
d0d7dee5ecf3fa01080f161d242b3239
dde4ebf2f900070e151c232a31383f46
eaf1f8ff060d141b222930373e454c53
f7fe050c131a21282f363d444b525960
040b121920272e353c434a51585f666d
11181f262d343b424950575e656c737a
1e252c333a41484f565d646b72798087
2b323940474e555c636a71787f868d94
383f464d545b626970777e858c939aa1
454c535a61686f767d848b9299a0a7ae
525960676e757c838a91989fa6adb4bb
5f666d747b828990979ea5acb3bac1c8
6c737a81888f969da4abb2b9c0c7ced5
7980878e959ca3aab1b8bfc6cdd4dbe2
868d949ba2a9b0b7bec5ccd3dae1e8ef
939aa1a8afb6bdc4cbd2d9e0e7eef5fc
a0a7aeb5bcc3cad1d8dfe6edf4fb0209
adb4bbc2c9d0d7dee5ecf3fa01080f16
bac1c8cfd6dde4ebf2f900070e151c23
c7ced5dce3eaf1f8ff060d141b222930
d4dbe2e9f0f7fe050c131a21282f363d
e1e8eff6fd040b121920272e353c434a
eef5fc030a11181f262d343b42495057
fb020910171e252c333a41484f565d64
080f161d242b323940474e555c636a71
151c232a31383f464d545b626970777e
222930373e454c535a61686f767d848b
2f363d444b525960676e757c838a9198
3c434a51585f666d747b828990979ea5
4950575e656c737a81888f969da4abb2
565d646b727980878e959ca3aab1b8bf
636a71787f868d949ba2a9b0b7bec5cc
70777e858c939aa1a8afb6bdc4cbd2d9
7d848b9299a0a7aeb5bcc3cad1d8dfe6
8a91989fa6adb4bbc2c9d0d7dee5ecf3
979ea5acb3bac1c8cfd6dde4ebf2f900
a4abb2b9c0c7ced5dce3eaf1f8ff060d
b1b8bfc6cdd4dbe2e9f0f7fe050c131a
bec5ccd3dae1e8eff6fd040b12192027
cbd2d9e0e7eef5fc030a11181f262d34
d8dfe6edf4fb020910171e252c333a41
e5ecf3fa01080f161d242b323940474e
f2f900070e151c232a31383f464d545b
ff060d141b222930373e454c535a6168
0c131a21282f363d444b525960676e75
1920272e353c434a51585f666d747b82
262d343b424950575e656c737a81888f
333a41484f565d646b727980878e959c
40474e555c636a71787f868d949ba2a9
4d545b626970777e858c939aa1a8afb6
5a61686f767d848b9299a0a7aeb5bcc3
676e757c838a91989fa6adb4bbc2c9d0
747b828990979ea5acb3bac1c8cfd6dd
81888f969da4abb2b9c0c7ced5dce3ea
8e959ca3aab1b8bfc6cdd4dbe2e9f0f7
9ba2a9b0b7bec5ccd3dae1e8eff6fd04
a8afb6bdc4cbd2d9e0e7eef5fc030a11
b5bcc3cad1d8dfe6edf4fb020910171e
c2c9d0d7dee5ecf3fa01080f161d242b
cfd6dde4ebf2f900070e151c232a3138
dce3eaf1f8ff060d141b222930373e45
e9f0f7fe050c131a21282f363d444b52
f6fd040b121920272e353c434a51585f
030a11181f262d343b424950575e656c
10171e252c333a41484f565d646b7279
1d242b323940474e555c636a71787f86
2a31383f464d545b626970777e858c93
373e454c535a61686f767d848b9299a0
444b525960676e757c838a91989fa6ad
51585f666d747b828990979ea5acb3ba
5e656c737a81888f969da4abb2b9c0c7
6b727980878e959ca3aab1b8bfc6cdd4
787f868d949ba2a9b0b7bec5ccd3dae1
858c939aa1a8afb6bdc4cbd2d9e0e7ee
9299a0a7aeb5bcc3cad1d8dfe6edf4fb
9fa6adb4bbc2c9d0d7dee5ecf3fa0108
acb3bac1c8cfd6dde4ebf2f900070e15
b9c0c7ced5dce3eaf1f8ff060d141b22
c6cdd4dbe2e9f0f7fe050c131a21282f
d3dae1e8eff6fd040b121920272e353c
e0e7eef5fc030a11181f262d343b4249
edf4fb020910171e252c333a41484f56
fa01080f161d242b323940474e555c63
070e151c232a31383f464d545b626970
141b222930373e454c535a61686f767d
21282f363d444b525960676e757c838a
2e353c434a51585f666d747b82899097
3b424950575e656c737a81888f969da4
484f565d646b727980878e959ca3aab1
555c636a71787f868d949ba2a9b0b7be
626970777e858c939aa1a8afb6bdc4cb
6f767d848b9299a0a7aeb5bcc3cad1d8
7c838a91989fa6adb4bbc2c9d0d7dee5
8990979ea5acb3bac1c8cfd6dde4ebf2
969da4abb2b9c0c7ced5dce3eaf1f8ff
a3aab1b8bfc6cdd4dbe2e9f0f7fe050c
b0b7bec5ccd3dae1e8eff6fd040b1219
bdc4cbd2d9e0e7eef5fc030a11181f26
cad1d8dfe6edf4fb020910171e252c33
d7dee5ecf3fa01080f161d242b323940
e4ebf2f900070e151c232a31383f464d
f1f8ff060d141b222930373e454c535a
fe050c131a21282f363d444b52596067
0b121920272e353c434a51585f666d74
181f262d343b424950575e656c737a81
252c333a41484f565d646b727980878e
323940474e555c636a71787f868d949b
3f464d545b626970777e858c939aa1a8
4c535a61686f767d848b9299a0a7aeb5
5960676e757c838a91989fa6adb4bbc2
666d747b828990979ea5acb3bac1c8cf
737a81888f969da4abb2b9c0c7ced5dc
80878e959ca3aab1b8bfc6cdd4dbe2e9
8d949ba2a9b0b7bec5ccd3dae1e8eff6
9aa1a8afb6bdc4cbd2d9e0e7eef5fc03
a7aeb5bcc3cad1d8dfe6edf4fb020910
b4bbc2c9d0d7dee5ecf3fa01080f161d
c1c8cfd6dde4ebf2f900070e151c232a
ced5dce3eaf1f8ff060d141b22293037
dbe2e9f0f7fe050c131a21282f363d44
e8eff6fd040b121920272e353c434a51
f5fc030a11181f262d343b424950575e
020910171e252c333a41484f565d646b
0f161d242b323940474e555c636a7178
1c232a31383f464d545b626970777e85
2930373e454c535a61686f767d848b92
363d444b525960676e757c838a91989f
434a51585f666d747b828990979ea5ac
50575e656c737a81888f969da4abb2b9
5d646b727980878e959ca3aab1b8bfc6
6a71787f868d949ba2a9b0b7bec5ccd3
777e858c939aa1a8afb6bdc4cbd2d9e0
848b9299a0a7aeb5bcc3cad1d8dfe6ed
91989fa6adb4bbc2c9d0d7dee5ecf3fa
9ea5acb3bac1c8cfd6dde4ebf2f90007
abb2b9c0c7ced5dce3eaf1f8ff060d14
b8bfc6cdd4dbe2e9f0f7fe050c131a21
c5ccd3dae1e8eff6fd040b121920272e
d2d9e0e7eef5fc030a11181f262d343b
dfe6edf4fb020910171e252c333a4148
ecf3fa01080f161d242b323940474e55
f900070e151c232a31383f464d545b62
060d141b222930373e454c535a61686f
131a21282f363d444b525960676e757c
20272e353c434a51585f666d747b8289
2d343b424950575e656c737a81888f96
3a41484f565d646b727980878e959ca3
474e555c636a71787f868d949ba2a9b0
545b626970777e858c939aa1a8afb6bd
61686f767d848b9299a0a7aeb5bcc3ca
6e757c838a91989fa6adb4bbc2c9d0d7
7b828990979ea5acb3bac1c8cfd6dde4
888f969da4abb2b9c0c7ced5dce3eaf1
959ca3aab1b8bfc6cdd4dbe2e9f0f7fe
a2a9b0b7bec5ccd3dae1e8eff6fd040b
afb6bdc4cbd2d9e0e7eef5fc030a1118
bcc3cad1d8dfe6edf4fb020910171e25
c9d0d7dee5ecf3fa01080f161d242b32
d6dde4ebf2f900070e151c232a31383f
e3eaf1f8ff060d141b222930373e454c
f0f7fe050c131a21282f363d444b5259
fd040b121920272e353c434a51585f66
0a11181f262d343b424950575e656c73
171e252c333a41484f565d646b727980
242b323940474e555c636a71787f868d
31383f464d545b626970777e858c939a
3e454c535a61686f767d848b9299a0a7
4b525960676e757c838a91989fa6adb4
585f666d747b828990979ea5acb3bac1
656c737a81888f969da4abb2b9c0c7ce
727980878e959ca3aab1b8bfc6cdd4db
7f868d949ba2a9b0b7bec5ccd3dae1e8
8c939aa1a8afb6bdc4cbd2d9e0e7eef5
99a0a7aeb5bcc3cad1d8dfe6edf4fb02
a6adb4bbc2c9d0d7dee5ecf3fa01080f
b3bac1c8cfd6dde4ebf2f900070e151c
c0c7ced5dce3eaf1f8ff060d141b2229
cdd4dbe2e9f0f7fe050c131a21282f36
dae1e8eff6fd040b121920272e353c43
e7eef5fc030a11181f262d343b424950
f4fb020910171e252c333a41484f565d
01080f161d242b323940474e555c636a
0e151c232a31383f464d545b62697077
1b222930373e454c535a61686f767d84
282f363d444b525960676e757c838a91
353c434a51585f666d747b828990979e
424950575e656c737a81888f969da4ab
4f565d646b727980878e959ca3aab1b8
5c636a71787f868d949ba2a9b0b7bec5
6970777e858c939aa1a8afb6bdc4cbd2
767d848b9299a0a7aeb5bcc3cad1d8df
838a91989fa6adb4bbc2c9d0d7dee5ec
90979ea5acb3bac1c8cfd6dde4ebf2f9
9da4abb2b9c0c7ced5dce3eaf1f8ff06
aab1b8bfc6cdd4dbe2e9f0f7fe050c13
b7bec5ccd3dae1e8eff6fd040b121920
c4cbd2d9e0e7eef5fc030a11181f262d
d1d8dfe6edf4fb020910171e252c333a
dee5ecf3fa01080f161d242b32394047
ebf2f900070e151c232a31383f464d54
f8ff060d141b222930373e454c535a61
050c131a21282f363d444b525960676e
121920272e353c434a51585f666d747b
1f262d343b424950575e656c737a8188
2c333a41484f565d646b727980878e95
3940474e555c636a71787f868d949ba2
464d545b626970777e858c939aa1a8af
535a61686f767d848b9299a0a7aeb5bc
60676e757c838a91989fa6adb4bbc2c9
6d747b828990979ea5acb3bac1c8cfd6
7a81888f969da4abb2b9c0c7ced5dce3
878e959ca3aab1b8bfc6cdd4dbe2e9f0
949ba2a9b0b7bec5ccd3dae1e8eff6fd
a1a8afb6bdc4cbd2d9e0e7eef5fc030a
aeb5bcc3cad1d8dfe6edf4fb02091017
bbc2c9d0d7dee5ecf3fa01080f161d24
c8cfd6dde4ebf2f900070e151c232a31
d5dce3eaf1f8ff060d141b222930373e
e2e9f0f7fe050c131a21282f363d444b
eff6fd040b121920272e353c434a5158
fc030a11181f262d343b424950575e65
0910171e252c333a41484f565d646b72
161d242b323940474e555c636a71787f
232a31383f464d545b626970777e858c
30373e454c535a61686f767d848b9299
3d444b525960676e757c838a91989fa6
4a51585f666d747b828990979ea5acb3
575e656c737a81888f969da4abb2b9c0
646b727980878e959ca3aab1b8bfc6cd
71787f868d949ba2a9b0b7bec5ccd3da
7e858c939aa1a8afb6bdc4cbd2d9e0e7
8b9299a0a7aeb5bcc3cad1d8dfe6edf4
989fa6adb4bbc2c9d0d7dee5ecf3fa01
a5acb3bac1c8cfd6dde4ebf2f900070e
b2b9c0c7ced5dce3eaf1f8ff060d141b
bfc6cdd4dbe2e9f0f7fe050c131a2128
ccd3dae1e8eff6fd040b121920272e35
d9e0e7eef5fc030a11181f262d343b42
e6edf4fb020910171e252c333a41484f
f3fa01080f161d242b323940474e555c
00070e151c232a31383f464d545b6269
0d141b222930373e454c535a61686f76
1a21282f363d444b525960676e757c83
272e353c434a51585f666d747b828990
343b424950575e656c737a81888f969d
41484f565d646b727980878e959ca3aa
4e555c636a71787f868d949ba2a9b0b7
5b626970777e858c939aa1a8afb6bdc4
686f767d848b9299a0a7aeb5bcc3cad1
757c838a91989fa6adb4bbc2c9d0d7de
828990979ea5acb3bac1c8cfd6dde4eb
8f969da4abb2b9c0c7ced5dce3eaf1f8
9ca3aab1b8bfc6cdd4dbe2e9f0f7fe05
a9b0b7bec5ccd3dae1e8eff6fd040b12
b6bdc4cbd2d9e0e7eef5fc030a11181f
c3cad1d8dfe6edf4fb020910171e252c
d0d7dee5ecf3fa01080f161d242b3239
dde4ebf2f900070e151c232a31383f46
eaf1f8ff060d141b222930373e454c53
f7fe050c131a21282f363d444b525960
040b121920272e353c434a51585f666d
11181f262d343b424950575e656c737a
1e252c333a41484f565d646b72798087
2b323940474e555c636a71787f868d94
383f464d545b626970777e858c939aa1
454c535a61686f767d848b9299a0a7ae
525960676e757c838a91989fa6adb4bb
5f666d747b828990979ea5acb3bac1c8
6c737a81888f969da4abb2b9c0c7ced5
7980878e959ca3aab1b8bfc6cdd4dbe2
868d949ba2a9b0b7bec5ccd3dae1e8ef
939aa1a8afb6bdc4cbd2d9e0e7eef5fc
a0a7aeb5bcc3cad1d8dfe6edf4fb0209
adb4bbc2c9d0d7dee5ecf3fa01080f16
bac1c8cfd6dde4ebf2f900070e151c23
c7ced5dce3eaf1f8ff060d141b222930
d4dbe2e9f0f7fe050c131a21282f363d
e1e8eff6fd040b121920272e353c434a
eef5fc030a11181f262d343b42495057
fb020910171e252c333a41484f565d64
080f161d242b323940474e555c636a71
151c232a31383f464d545b626970777e
222930373e454c535a61686f767d848b
2f363d444b525960676e757c838a9198
3c434a51585f666d747b828990979ea5
4950575e656c737a81888f969da4abb2
565d646b727980878e959ca3aab1b8bf
636a71787f868d949ba2a9b0b7bec5cc
70777e858c939aa1a8afb6bdc4cbd2d9
7d848b9299a0a7aeb5bcc3cad1d8dfe6
8a91989fa6adb4bbc2c9d0d7dee5ecf3
979ea5acb3bac1c8cfd6dde4ebf2f900
a4abb2b9c0c7ced5dce3eaf1f8ff060d
b1b8bfc6cdd4dbe2e9f0f7fe050c131a
bec5ccd3dae1e8eff6fd040b12192027
cbd2d9e0e7eef5fc030a11181f262d34
d8dfe6edf4fb020910171e252c333a41
e5ecf3fa01080f161d242b323940474e
f2f900070e151c232a31383f464d545b
ff060d141b222930373e454c535a6168
0c131a21282f363d444b525960676e75
1920272e353c434a51585f666d747b82
262d343b424950575e656c737a81888f
333a41484f565d646b727980878e959c
40474e555c636a71787f868d949ba2a9
4d545b626970777e858c939aa1a8afb6
5a61686f767d848b9299a0a7aeb5bcc3
676e757c838a91989fa6adb4bbc2c9d0
747b828990979ea5acb3bac1c8cfd6dd
81888f969da4abb2b9c0c7ced5dce3ea
8e959ca3aab1b8bfc6cdd4dbe2e9f0f7
9ba2a9b0b7bec5ccd3dae1e8eff6fd04
a8afb6bdc4cbd2d9e0e7eef5fc030a11
b5bcc3cad1d8dfe6edf4fb020910171e
c2c9d0d7dee5ecf3fa01080f161d242b
cfd6dde4ebf2f900070e151c232a3138
dce3eaf1f8ff060d141b222930373e45
e9f0f7fe050c131a21282f363d444b52
f6fd040b121920272e353c434a51585f
030a11181f262d343b424950575e656c
10171e252c333a41484f565d646b7279
1d242b323940474e555c636a71787f86
2a31383f464d545b626970777e858c93
373e454c535a61686f767d848b9299a0
444b525960676e757c838a91989fa6ad
51585f666d747b828990979ea5acb3ba
5e656c737a81888f969da4abb2b9c0c7
6b727980878e959ca3aab1b8bfc6cdd4
787f868d949ba2a9b0b7bec5ccd3dae1
858c939aa1a8afb6bdc4cbd2d9e0e7ee
9299a0a7aeb5bcc3cad1d8dfe6edf4fb
9fa6adb4bbc2c9d0d7dee5ecf3fa0108
acb3bac1c8cfd6dde4ebf2f900070e15
b9c0c7ced5dce3eaf1f8ff060d141b22
c6cdd4dbe2e9f0f7fe050c131a21282f
d3dae1e8eff6fd040b121920272e353c
e0e7eef5fc030a11181f262d343b4249
edf4fb020910171e252c333a41484f56
fa01080f161d242b323940474e555c63
070e151c232a31383f464d545b626970
141b222930373e454c535a61686f767d
21282f363d444b525960676e757c838a
2e353c434a51585f666d747b82899097
3b424950575e656c737a81888f969da4
484f565d646b727980878e959ca3aab1
555c636a71787f868d949ba2a9b0b7be
626970777e858c939aa1a8afb6bdc4cb
6f767d848b9299a0a7aeb5bcc3cad1d8
7c838a91989fa6adb4bbc2c9d0d7dee5
8990979ea5acb3bac1c8cfd6dde4ebf2
969da4abb2b9c0c7ced5dce3eaf1f8ff
a3aab1b8bfc6cdd4dbe2e9f0f7fe050c
b0b7bec5ccd3dae1e8eff6fd040b1219
bdc4cbd2d9e0e7eef5fc030a11181f26
cad1d8dfe6edf4fb020910171e252c33
d7dee5ecf3fa01080f161d242b323940
e4ebf2f900070e151c232a31383f464d
f1f8ff060d141b222930373e454c535a
fe050c131a21282f363d444b52596067
0b121920272e353c434a51585f666d74
181f262d343b424950575e656c737a81
252c333a41484f565d646b727980878e
323940474e555c636a71787f868d949b
3f464d545b626970777e858c939aa1a8
4c535a61686f767d848b9299a0a7aeb5
5960676e757c838a91989fa6adb4bbc2
666d747b828990979ea5acb3bac1c8cf
737a81888f969da4abb2b9c0c7ced5dc
80878e959ca3aab1b8bfc6cdd4dbe2e9
8d949ba2a9b0b7bec5ccd3dae1e8eff6
9aa1a8afb6bdc4cbd2d9e0e7eef5fc03
a7aeb5bcc3cad1d8dfe6edf4fb020910
b4bbc2c9d0d7dee5ecf3fa01080f161d
c1c8cfd6dde4ebf2f900070e151c232a
ced5dce3eaf1f8ff060d141b22293037
dbe2e9f0f7fe050c131a21282f363d44
e8eff6fd040b121920272e353c434a51
f5fc030a11181f262d343b424950575e
020910171e252c333a41484f565d646b
0f161d242b323940474e555c636a7178
1c232a31383f464d545b626970777e85
2930373e454c535a61686f767d848b92
363d444b525960676e757c838a91989f
434a51585f666d747b828990979ea5ac
50575e656c737a81888f969da4abb2b9
5d646b727980878e959ca3aab1b8bfc6
6a71787f868d949ba2a9b0b7bec5ccd3
777e858c939aa1a8afb6bdc4cbd2d9e0
848b9299a0a7aeb5bcc3cad1d8dfe6ed
91989fa6adb4bbc2c9d0d7dee5ecf3fa
9ea5acb3bac1c8cfd6dde4ebf2f90007
abb2b9c0c7ced5dce3eaf1f8ff060d14
b8bfc6cdd4dbe2e9f0f7fe050c131a21
c5ccd3dae1e8eff6fd040b121920272e
d2d9e0e7eef5fc030a11181f262d343b
dfe6edf4fb020910171e252c333a4148
ecf3fa01080f161d242b323940474e55
f900070e151c232a31383f464d545b62
060d141b222930373e454c535a61686f
131a21282f363d444b525960676e757c
20272e353c434a51585f666d747b8289
2d343b424950575e656c737a81888f96
3a41484f565d646b727980878e959ca3
474e555c636a71787f868d949ba2a9b0
545b626970777e858c939aa1a8afb6bd
61686f767d848b9299a0a7aeb5bcc3ca
6e757c838a91989fa6adb4bbc2c9d0d7
7b828990979ea5acb3bac1c8cfd6dde4
888f969da4abb2b9c0c7ced5dce3eaf1
959ca3aab1b8bfc6cdd4dbe2e9f0f7fe
a2a9b0b7bec5ccd3dae1e8eff6fd040b
afb6bdc4cbd2d9e0e7eef5fc030a1118
bcc3cad1d8dfe6edf4fb020910171e25
c9d0d7dee5ecf3fa01080f161d242b32
d6dde4ebf2f900070e151c232a31383f
e3eaf1f8ff060d141b222930373e454c
f0f7fe050c131a21282f363d444b5259
fd040b121920272e353c434a51585f66
0a11181f262d343b424950575e656c73
171e252c333a41484f565d646b727980
242b323940474e555c636a71787f868d
31383f464d545b626970777e858c939a
3e454c535a61686f767d848b9299a0a7
4b525960676e757c838a91989fa6adb4
585f666d747b828990979ea5acb3bac1
656c737a81888f969da4abb2b9c0c7ce
727980878e959ca3aab1b8bfc6cdd4db
7f868d949ba2a9b0b7bec5ccd3dae1e8
8c939aa1a8afb6bdc4cbd2d9e0e7eef5
99a0a7aeb5bcc3cad1d8dfe6edf4fb02
a6adb4bbc2c9d0d7dee5ecf3fa01080f
b3bac1c8cfd6dde4ebf2f900070e151c
c0c7ced5dce3eaf1f8ff060d141b2229
cdd4dbe2e9f0f7fe050c131a21282f36
dae1e8eff6fd040b121920272e353c43
e7eef5fc030a11181f262d343b424950
f4fb020910171e252c333a41484f565d
01080f161d242b323940474e555c636a
0e151c232a31383f464d545b62697077
1b222930373e454c535a61686f767d84
282f363d444b525960676e757c838a91
353c434a51585f666d747b828990979e
424950575e656c737a81888f969da4ab
4f565d646b727980878e959ca3aab1b8
5c636a71787f868d949ba2a9b0b7bec5
6970777e858c939aa1a8afb6bdc4cbd2
767d848b9299a0a7aeb5bcc3cad1d8df
838a91989fa6adb4bbc2c9d0d7dee5ec
90979ea5acb3bac1c8cfd6dde4ebf2f9
9da4abb2b9c0c7ced5dce3eaf1f8ff06
aab1b8bfc6cdd4dbe2e9f0f7fe050c13
b7bec5ccd3dae1e8eff6fd040b121920
c4cbd2d9e0e7eef5fc030a11181f262d
d1d8dfe6edf4fb020910171e252c333a
dee5ecf3fa01080f161d242b32394047
ebf2f900070e151c232a31383f464d54
f8ff060d141b222930373e454c535a61
050c131a21282f363d444b525960676e
121920272e353c434a51585f666d747b
1f262d343b424950575e656c737a8188
2c333a41484f565d646b727980878e95
3940474e555c636a71787f868d949ba2
464d545b626970777e858c939aa1a8af
535a61686f767d848b9299a0a7aeb5bc
60676e757c838a91989fa6adb4bbc2c9
6d747b828990979ea5acb3bac1c8cfd6
7a81888f969da4abb2b9c0c7ced5dce3
878e959ca3aab1b8bfc6cdd4dbe2e9f0
949ba2a9b0b7bec5ccd3dae1e8eff6fd
a1a8afb6bdc4cbd2d9e0e7eef5fc030a
aeb5bcc3cad1d8dfe6edf4fb02091017
bbc2c9d0d7dee5ecf3fa01080f161d24
c8cfd6dde4ebf2f900070e151c232a31
d5dce3eaf1f8ff060d141b222930373e
e2e9f0f7fe050c131a21282f363d444b
eff6fd040b121920272e353c434a5158
fc030a11181f262d343b424950575e65
0910171e252c333a41484f565d646b72
161d242b323940474e555c636a71787f
232a31383f464d545b626970777e858c
30373e454c535a61686f767d848b9299
3d444b525960676e757c838a91989fa6
4a51585f666d747b828990979ea5acb3
575e656c737a81888f969da4abb2b9c0
646b727980878e959ca3aab1b8bfc6cd
71787f868d949ba2a9b0b7bec5ccd3da
7e858c939aa1a8afb6bdc4cbd2d9e0e7
8b9299a0a7aeb5bcc3cad1d8dfe6edf4
989fa6adb4bbc2c9d0d7dee5ecf3fa01
a5acb3bac1c8cfd6dde4ebf2f900070e
b2b9c0c7ced5dce3eaf1f8ff060d141b
bfc6cdd4dbe2e9f0f7fe050c131a2128
ccd3dae1e8eff6fd040b121920272e35
d9e0e7eef5fc030a11181f262d343b42
e6edf4fb020910171e252c333a41484f
f3fa01080f161d242b323940474e555c
00070e151c232a31383f464d545b6269
0d141b222930373e454c535a61686f76
1a21282f363d444b525960676e757c83
272e353c434a51585f666d747b828990
343b424950575e656c737a81888f969d
41484f565d646b727980878e959ca3aa
4e555c636a71787f868d949ba2a9b0b7
5b626970777e858c939aa1a8afb6bdc4
686f767d848b9299a0a7aeb5bcc3cad1
757c838a91989fa6adb4bbc2c9d0d7de
828990979ea5acb3bac1c8cfd6dde4eb
8f969da4abb2b9c0c7ced5dce3eaf1f8
9ca3aab1b8bfc6cdd4dbe2e9f0f7fe05
a9b0b7bec5ccd3dae1e8eff6fd040b12
b6bdc4cbd2d9e0e7eef5fc030a11181f
c3cad1d8dfe6edf4fb020910171e252c
d0d7dee5ecf3fa01080f161d242b3239
dde4ebf2f900070e151c232a31383f46
eaf1f8ff060d141b222930373e454c53
f7fe050c131a21282f363d444b525960
040b121920272e353c434a51585f666d
11181f262d343b424950575e656c737a
1e252c333a41484f565d646b72798087
2b323940474e555c636a71787f868d94
383f464d545b626970777e858c939aa1
454c535a61686f767d848b9299a0a7ae
525960676e757c838a91989fa6adb4bb
5f666d747b828990979ea5acb3bac1c8
6c737a81888f969da4abb2b9c0c7ced5
7980878e959ca3aab1b8bfc6cdd4dbe2
868d949ba2a9b0b7bec5ccd3dae1e8ef
939aa1a8afb6bdc4cbd2d9e0e7eef5fc
a0a7aeb5bcc3cad1d8dfe6edf4fb0209
adb4bbc2c9d0d7dee5ecf3fa01080f16
bac1c8cfd6dde4ebf2f900070e151c23
c7ced5dce3eaf1f8ff060d141b222930
d4dbe2e9f0f7fe050c131a21282f363d
e1e8eff6fd040b121920272e353c434a
eef5fc030a11181f262d343b42495057
fb020910171e252c333a41484f565d64
080f161d242b323940474e555c636a71
151c232a31383f464d545b626970777e
222930373e454c535a61686f767d848b
2f363d444b525960676e757c838a9198
3c434a51585f666d747b828990979ea5
4950575e656c737a81888f969da4abb2
565d646b727980878e959ca3aab1b8bf
636a71787f868d949ba2a9b0b7bec5cc
70777e858c939aa1a8afb6bdc4cbd2d9
7d848b9299a0a7aeb5bcc3cad1d8dfe6
8a91989fa6adb4bbc2c9d0d7dee5ecf3
979ea5acb3bac1c8cfd6dde4ebf2f900
a4abb2b9c0c7ced5dce3eaf1f8ff060d
b1b8bfc6cdd4dbe2e9f0f7fe050c131a
bec5ccd3dae1e8eff6fd040b12192027
cbd2d9e0e7eef5fc030a11181f262d34
d8dfe6edf4fb020910171e252c333a41
e5ecf3fa01080f161d242b323940474e
f2f900070e151c232a31383f464d545b
ff060d141b222930373e454c535a6168
0c131a21282f363d444b525960676e75
1920272e353c434a51585f666d747b82
262d343b424950575e656c737a81888f
333a41484f565d646b727980878e959c
40474e555c636a71787f868d949ba2a9
4d545b626970777e858c939aa1a8afb6
5a61686f767d848b9299a0a7aeb5bcc3
676e757c838a91989fa6adb4bbc2c9d0
747b828990979ea5acb3bac1c8cfd6dd
81888f969da4abb2b9c0c7ced5dce3ea
8e959ca3aab1b8bfc6cdd4dbe2e9f0f7
9ba2a9b0b7bec5ccd3dae1e8eff6fd04
a8afb6bdc4cbd2d9e0e7eef5fc030a11
b5bcc3cad1d8dfe6edf4fb020910171e
c2c9d0d7dee5ecf3fa01080f161d242b
cfd6dde4ebf2f900070e151c232a3138
dce3eaf1f8ff060d141b222930373e45
e9f0f7fe050c131a21282f363d444b52
f6fd040b121920272e353c434a51585f
030a11181f262d343b424950575e656c
10171e252c333a41484f565d646b7279
1d242b323940474e555c636a71787f86
2a31383f464d545b626970777e858c93
373e454c535a61686f767d848b9299a0
444b525960676e757c838a91989fa6ad
51585f666d747b828990979ea5acb3ba
5e656c737a81888f969da4abb2b9c0c7
6b727980878e959ca3aab1b8bfc6cdd4
787f868d949ba2a9b0b7bec5ccd3dae1
858c939aa1a8afb6bdc4cbd2d9e0e7ee
9299a0a7aeb5bcc3cad1d8dfe6edf4fb
9fa6adb4bbc2c9d0d7dee5ecf3fa0108
acb3bac1c8cfd6dde4ebf2f900070e15
b9c0c7ced5dce3eaf1f8ff060d141b22
c6cdd4dbe2e9f0f7fe050c131a21282f
d3dae1e8eff6fd040b121920272e353c
e0e7eef5fc030a11181f262d343b4249
edf4fb020910171e252c333a41484f56
fa01080f161d242b323940474e555c63
070e151c232a31383f464d545b626970
141b222930373e454c535a61686f767d
21282f363d444b525960676e757c838a
2e353c434a51585f666d747b82899097
3b424950575e656c737a81888f969da4
484f565d646b727980878e959ca3aab1
555c636a71787f868d949ba2a9b0b7be
626970777e858c939aa1a8afb6bdc4cb
6f767d848b9299a0a7aeb5bcc3cad1d8
7c838a91989fa6adb4bbc2c9d0d7dee5
8990979ea5acb3bac1c8cfd6dde4ebf2
969da4abb2b9c0c7ced5dce3eaf1f8ff
a3aab1b8bfc6cdd4dbe2e9f0f7fe050c
b0b7bec5ccd3dae1e8eff6fd040b1219
bdc4cbd2d9e0e7eef5fc030a11181f26
cad1d8dfe6edf4fb020910171e252c33
d7dee5ecf3fa01080f161d242b323940
e4ebf2f900070e151c232a31383f464d
f1f8ff060d141b222930373e454c535a
fe050c131a21282f363d444b52596067
0b121920272e353c434a51585f666d74
181f262d343b424950575e656c737a81
252c333a41484f565d646b727980878e
323940474e555c636a71787f868d949b
3f464d545b626970777e858c939aa1a8
4c535a61686f767d848b9299a0a7aeb5
5960676e757c838a91989fa6adb4bbc2
666d747b828990979ea5acb3bac1c8cf
737a81888f969da4abb2b9c0c7ced5dc
80878e959ca3aab1b8bfc6cdd4dbe2e9
8d949ba2a9b0b7bec5ccd3dae1e8eff6
9aa1a8afb6bdc4cbd2d9e0e7eef5fc03
a7aeb5bcc3cad1d8dfe6edf4fb020910
b4bbc2c9d0d7dee5ecf3fa01080f161d
c1c8cfd6dde4ebf2f900070e151c232a
ced5dce3eaf1f8ff060d141b22293037
dbe2e9f0f7fe050c131a21282f363d44
e8eff6fd040b121920272e353c434a51
f5fc030a11181f262d343b424950575e
020910171e252c333a41484f565d646b
0f161d242b323940474e555c636a7178
1c232a31383f464d545b626970777e85
2930373e454c535a61686f767d848b92
363d444b525960676e757c838a91989f
434a51585f666d747b828990979ea5ac
50575e656c737a81888f969da4abb2b9
5d646b727980878e959ca3aab1b8bfc6
6a71787f868d949ba2a9b0b7bec5ccd3
777e858c939aa1a8afb6bdc4cbd2d9e0
848b9299a0a7aeb5bcc3cad1d8dfe6ed
91989fa6adb4bbc2c9d0d7dee5ecf3fa
9ea5acb3bac1c8cfd6dde4ebf2f90007
abb2b9c0c7ced5dce3eaf1f8ff060d14
b8bfc6cdd4dbe2e9f0f7fe050c131a21
c5ccd3dae1e8eff6fd040b121920272e
d2d9e0e7eef5fc030a11181f262d343b
dfe6edf4fb020910171e252c333a4148
ecf3fa01080f161d242b323940474e55
f900070e151c232a31383f464d545b62
060d141b222930373e454c535a61686f
131a21282f363d444b525960676e757c
20272e353c434a51585f666d747b8289
2d343b424950575e656c737a81888f96
3a41484f565d646b727980878e959ca3
474e555c636a71787f868d949ba2a9b0
545b626970777e858c939aa1a8afb6bd
61686f767d848b9299a0a7aeb5bcc3ca
6e757c838a91989fa6adb4bbc2c9d0d7
7b828990979ea5acb3bac1c8cfd6dde4
888f969da4abb2b9c0c7ced5dce3eaf1
959ca3aab1b8bfc6cdd4dbe2e9f0f7fe
a2a9b0b7bec5ccd3dae1e8eff6fd040b
afb6bdc4cbd2d9e0e7eef5fc030a1118
bcc3cad1d8dfe6edf4fb020910171e25
c9d0d7dee5ecf3fa01080f161d242b32
d6dde4ebf2f900070e151c232a31383f
e3eaf1f8ff060d141b222930373e454c
f0f7fe050c131a21282f363d444b5259
fd040b121920272e353c434a51585f66
0a11181f262d343b424950575e656c73
171e252c333a41484f565d646b727980
242b323940474e555c636a71787f868d
31383f464d545b626970777e858c939a
3e454c535a61686f767d848b9299a0a7
4b525960676e757c838a91989fa6adb4
585f666d747b828990979ea5acb3bac1
656c737a81888f969da4abb2b9c0c7ce
727980878e959ca3aab1b8bfc6cdd4db
7f868d949ba2a9b0b7bec5ccd3dae1e8
8c939aa1a8afb6bdc4cbd2d9e0e7eef5
99a0a7aeb5bcc3cad1d8dfe6edf4fb02
a6adb4bbc2c9d0d7dee5ecf3fa01080f
b3bac1c8cfd6dde4ebf2f900070e151c
c0c7ced5dce3eaf1f8ff060d141b2229
cdd4dbe2e9f0f7fe050c131a21282f36
dae1e8eff6fd040b121920272e353c43
e7eef5fc030a11181f262d343b424950
f4fb020910171e252c333a41484f565d
01080f161d242b323940474e555c636a
0e151c232a31383f464d545b62697077
1b222930373e454c535a61686f767d84
282f363d444b525960676e757c838a91
353c434a51585f666d747b828990979e
424950575e656c737a81888f969da4ab
4f565d646b727980878e959ca3aab1b8
5c636a71787f868d949ba2a9b0b7bec5
6970777e858c939aa1a8afb6bdc4cbd2
767d848b9299a0a7aeb5bcc3cad1d8df
838a91989fa6adb4bbc2c9d0d7dee5ec
90979ea5acb3bac1c8cfd6dde4ebf2f9
9da4abb2b9c0c7ced5dce3eaf1f8ff06
aab1b8bfc6cdd4dbe2e9f0f7fe050c13
b7bec5ccd3dae1e8eff6fd040b121920
c4cbd2d9e0e7eef5fc030a11181f262d
d1d8dfe6edf4fb020910171e252c333a
dee5ecf3fa01080f161d242b32394047
ebf2f900070e151c232a31383f464d54
f8ff060d141b222930373e454c535a61
050c131a21282f363d444b525960676e
121920272e353c434a51585f666d747b
1f262d343b424950575e656c737a8188
2c333a41484f565d646b727980878e95
3940474e555c636a71787f868d949ba2
464d545b626970777e858c939aa1a8af
535a61686f767d848b9299a0a7aeb5bc
60676e757c838a91989fa6adb4bbc2c9
6d747b828990979ea5acb3bac1c8cfd6
7a81888f969da4abb2b9c0c7ced5dce3
878e959ca3aab1b8bfc6cdd4dbe2e9f0
949ba2a9b0b7bec5ccd3dae1e8eff6fd
a1a8afb6bdc4cbd2d9e0e7eef5fc030a
aeb5bcc3cad1d8dfe6edf4fb02091017
bbc2c9d0d7dee5ecf3fa01080f161d24
c8cfd6dde4ebf2f900070e151c232a31
d5dce3eaf1f8ff060d141b222930373e
e2e9f0f7fe050c131a21282f363d444b
eff6fd040b121920272e353c434a5158
fc030a11181f262d343b424950575e65
0910171e252c333a41484f565d646b72
161d242b323940474e555c636a71787f
232a31383f464d545b626970777e858c
30373e454c535a61686f767d848b9299
3d444b525960676e757c838a91989fa6
4a51585f666d747b828990979ea5acb3
575e656c737a81888f969da4abb2b9c0
646b727980878e959ca3aab1b8bfc6cd
71787f868d949ba2a9b0b7bec5ccd3da
7e858c939aa1a8afb6bdc4cbd2d9e0e7
8b9299a0a7aeb5bcc3cad1d8dfe6edf4
989fa6adb4bbc2c9d0d7dee5ecf3fa01
a5acb3bac1c8cfd6dde4ebf2f900070e
b2b9c0c7ced5dce3eaf1f8ff060d141b
bfc6cdd4dbe2e9f0f7fe050c131a2128
ccd3dae1e8eff6fd040b121920272e35
d9e0e7eef5fc030a11181f262d343b42
e6edf4fb020910171e252c333a41484f
f3fa01080f161d242b323940474e555c
00070e151c232a31383f464d545b6269
0d141b222930373e454c535a61686f76
1a21282f363d444b525960676e757c83
272e353c434a51585f666d747b828990
343b424950575e656c737a81888f969d
41484f565d646b727980878e959ca3aa
4e555c636a71787f868d949ba2a9b0b7
5b626970777e858c939aa1a8afb6bdc4
686f767d848b9299a0a7aeb5bcc3cad1
757c838a91989fa6adb4bbc2c9d0d7de
828990979ea5acb3bac1c8cfd6dde4eb
8f969da4abb2b9c0c7ced5dce3eaf1f8
9ca3aab1b8bfc6cdd4dbe2e9f0f7fe05
a9b0b7bec5ccd3dae1e8eff6fd040b12
b6bdc4cbd2d9e0e7eef5fc030a11181f
c3cad1d8dfe6edf4fb020910171e252c
d0d7dee5ecf3fa01080f161d242b3239
dde4ebf2f900070e151c232a31383f46
eaf1f8ff060d141b222930373e454c53
f7fe050c131a21282f363d444b525960
040b121920272e353c434a51585f666d
11181f262d343b424950575e656c737a
1e252c333a41484f565d646b72798087
2b323940474e555c636a71787f868d94
383f464d545b626970777e858c939aa1
454c535a61686f767d848b9299a0a7ae
525960676e757c838a91989fa6adb4bb
5f666d747b828990979ea5acb3bac1c8
6c737a81888f969da4abb2b9c0c7ced5
7980878e959ca3aab1b8bfc6cdd4dbe2
868d949ba2a9b0b7bec5ccd3dae1e8ef
939aa1a8afb6bdc4cbd2d9e0e7eef5fc
a0a7aeb5bcc3cad1d8dfe6edf4fb0209
adb4bbc2c9d0d7dee5ecf3fa01080f16
bac1c8cfd6dde4ebf2f900070e151c23
c7ced5dce3eaf1f8ff060d141b222930
d4dbe2e9f0f7fe050c131a21282f363d
e1e8eff6fd040b121920272e353c434a
eef5fc030a11181f262d343b42495057
fb020910171e252c333a41484f565d64
080f161d242b323940474e555c636a71
151c232a31383f464d545b626970777e
222930373e454c535a61686f767d848b
2f363d444b525960676e757c838a9198
3c434a51585f666d747b828990979ea5
4950575e656c737a81888f969da4abb2
565d646b727980878e959ca3aab1b8bf
636a71787f868d949ba2a9b0b7bec5cc
70777e858c939aa1a8afb6bdc4cbd2d9
7d848b9299a0a7aeb5bcc3cad1d8dfe6
8a91989fa6adb4bbc2c9d0d7dee5ecf3
979ea5acb3bac1c8cfd6dde4ebf2f900
a4abb2b9c0c7ced5dce3eaf1f8ff060d
b1b8bfc6cdd4dbe2e9f0f7fe050c131a
bec5ccd3dae1e8eff6fd040b12192027
cbd2d9e0e7eef5fc030a11181f262d34
d8dfe6edf4fb020910171e252c333a41
e5ecf3fa01080f161d242b323940474e
f2f900070e151c232a31383f464d545b
ff060d141b222930373e454c535a6168
0c131a21282f363d444b525960676e75
1920272e353c434a51585f666d747b82
262d343b424950575e656c737a81888f
333a41484f565d646b727980878e959c
40474e555c636a71787f868d949ba2a9
4d545b626970777e858c939aa1a8afb6
5a61686f767d848b9299a0a7aeb5bcc3
676e757c838a91989fa6adb4bbc2c9d0
747b828990979ea5acb3bac1c8cfd6dd
81888f969da4abb2b9c0c7ced5dce3ea
8e959ca3aab1b8bfc6cdd4dbe2e9f0f7
9ba2a9b0b7bec5ccd3dae1e8eff6fd04
a8afb6bdc4cbd2d9e0e7eef5fc030a11
b5bcc3cad1d8dfe6edf4fb020910171e
c2c9d0d7dee5ecf3fa01080f161d242b
cfd6dde4ebf2f900070e151c232a3138
dce3eaf1f8ff060d141b222930373e45
e9f0f7fe050c131a21282f363d444b52
f6fd040b121920272e353c434a51585f
030a11181f262d343b424950575e656c
10171e252c333a41484f565d646b7279
1d242b323940474e555c636a71787f86
2a31383f464d545b626970777e858c93
373e454c535a61686f767d848b9299a0
444b525960676e757c838a91989fa6ad
51585f666d747b828990979ea5acb3ba
5e656c737a81888f969da4abb2b9c0c7
6b727980878e959ca3aab1b8bfc6cdd4
787f868d949ba2a9b0b7bec5ccd3dae1
858c939aa1a8afb6bdc4cbd2d9e0e7ee
9299a0a7aeb5bcc3cad1d8dfe6edf4fb
9fa6adb4bbc2c9d0d7dee5ecf3fa0108
acb3bac1c8cfd6dde4ebf2f900070e15
b9c0c7ced5dce3eaf1f8ff060d141b22
c6cdd4dbe2e9f0f7fe050c131a21282f
d3dae1e8eff6fd040b121920272e353c
e0e7eef5fc030a11181f262d343b4249
edf4fb020910171e252c333a41484f56
fa01080f161d242b323940474e555c63
070e151c232a31383f464d545b626970
141b222930373e454c535a61686f767d
21282f363d444b525960676e757c838a
2e353c434a51585f666d747b82899097
3b424950575e656c737a81888f969da4
484f565d646b727980878e959ca3aab1
555c636a71787f868d949ba2a9b0b7be
626970777e858c939aa1a8afb6bdc4cb
6f767d848b9299a0a7aeb5bcc3cad1d8
7c838a91989fa6adb4bbc2c9d0d7dee5
8990979ea5acb3bac1c8cfd6dde4ebf2
969da4abb2b9c0c7ced5dce3eaf1f8ff
a3aab1b8bfc6cdd4dbe2e9f0f7fe050c
b0b7bec5ccd3dae1e8eff6fd040b1219
bdc4cbd2d9e0e7eef5fc030a11181f26
cad1d8dfe6edf4fb020910171e252c33
d7dee5ecf3fa01080f161d242b323940
e4ebf2f900070e151c232a31383f464d
f1f8ff060d141b222930373e454c535a
fe050c131a21282f363d444b52596067
0b121920272e353c434a51585f666d74
181f262d343b424950575e656c737a81
252c333a41484f565d646b727980878e
323940474e555c636a71787f868d949b
3f464d545b626970777e858c939aa1a8
4c535a61686f767d848b9299a0a7aeb5
5960676e757c838a91989fa6adb4bbc2
666d747b828990979ea5acb3bac1c8cf
737a81888f969da4abb2b9c0c7ced5dc
80878e959ca3aab1b8bfc6cdd4dbe2e9
8d949ba2a9b0b7bec5ccd3dae1e8eff6
9aa1a8afb6bdc4cbd2d9e0e7eef5fc03
a7aeb5bcc3cad1d8dfe6edf4fb020910
b4bbc2c9d0d7dee5ecf3fa01080f161d
c1c8cfd6dde4ebf2f900070e151c232a
ced5dce3eaf1f8ff060d141b22293037
dbe2e9f0f7fe050c131a21282f363d44
e8eff6fd040b121920272e353c434a51
f5fc030a11181f262d343b424950575e
020910171e252c333a41484f565d646b
0f161d242b323940474e555c636a7178
1c232a31383f464d545b626970777e85
2930373e454c535a61686f767d848b92
363d444b525960676e757c838a91989f
434a51585f666d747b828990979ea5ac
50575e656c737a81888f969da4abb2b9
5d646b727980878e959ca3aab1b8bfc6
6a71787f868d949ba2a9b0b7bec5ccd3
777e858c939aa1a8afb6bdc4cbd2d9e0
848b9299a0a7aeb5bcc3cad1d8dfe6ed
91989fa6adb4bbc2c9d0d7dee5ecf3fa
9ea5acb3bac1c8cfd6dde4ebf2f90007
abb2b9c0c7ced5dce3eaf1f8ff060d14
b8bfc6cdd4dbe2e9f0f7fe050c131a21
c5ccd3dae1e8eff6fd040b121920272e
d2d9e0e7eef5fc030a11181f262d343b
dfe6edf4fb020910171e252c333a4148
ecf3fa01080f161d242b323940474e55
f900070e151c232a31383f464d545b62
060d141b222930373e454c535a61686f
131a21282f363d444b525960676e757c
20272e353c434a51585f666d747b8289
2d343b424950575e656c737a81888f96
3a41484f565d646b727980878e959ca3
474e555c636a71787f868d949ba2a9b0
545b626970777e858c939aa1a8afb6bd
61686f767d848b9299a0a7aeb5bcc3ca
6e757c838a91989fa6adb4bbc2c9d0d7
7b828990979ea5acb3bac1c8cfd6dde4
888f969da4abb2b9c0c7ced5dce3eaf1
959ca3aab1b8bfc6cdd4dbe2e9f0f7fe
a2a9b0b7bec5ccd3dae1e8eff6fd040b
afb6bdc4cbd2d9e0e7eef5fc030a1118
bcc3cad1d8dfe6edf4fb020910171e25
c9d0d7dee5ecf3fa01080f161d242b32
d6dde4ebf2f900070e151c232a31383f
e3eaf1f8ff060d141b222930373e454c
f0f7fe050c131a21282f363d444b5259
fd040b121920272e353c434a51585f66
0a11181f262d343b424950575e656c73
171e252c333a41484f565d646b727980
242b323940474e555c636a71787f868d
31383f464d545b626970777e858c939a
3e454c535a61686f767d848b9299a0a7
4b525960676e757c838a91989fa6adb4
585f666d747b828990979ea5acb3bac1
656c737a81888f969da4abb2b9c0c7ce
727980878e959ca3aab1b8bfc6cdd4db
7f868d949ba2a9b0b7bec5ccd3dae1e8
8c939aa1a8afb6bdc4cbd2d9e0e7eef5
99a0a7aeb5bcc3cad1d8dfe6edf4fb02
a6adb4bbc2c9d0d7dee5ecf3fa01080f
b3bac1c8cfd6dde4ebf2f900070e151c
c0c7ced5dce3eaf1f8ff060d141b2229
cdd4dbe2e9f0f7fe050c131a21282f36
dae1e8eff6fd040b121920272e353c43
e7eef5fc030a11181f262d343b424950
f4fb020910171e252c333a41484f565d
01080f161d242b323940474e555c636a
0e151c232a31383f464d545b62697077
1b222930373e454c535a61686f767d84
282f363d444b525960676e757c838a91
353c434a51585f666d747b828990979e
424950575e656c737a81888f969da4ab
4f565d646b727980878e959ca3aab1b8
5c636a71787f868d949ba2a9b0b7bec5
6970777e858c939aa1a8afb6bdc4cbd2
767d848b9299a0a7aeb5bcc3cad1d8df
838a91989fa6adb4bbc2c9d0d7dee5ec
90979ea5acb3bac1c8cfd6dde4ebf2f9
9da4abb2b9c0c7ced5dce3eaf1f8ff06
aab1b8bfc6cdd4dbe2e9f0f7fe050c13
b7bec5ccd3dae1e8eff6fd040b121920
c4cbd2d9e0e7eef5fc030a11181f262d
d1d8dfe6edf4fb020910171e252c333a
dee5ecf3fa01080f161d242b32394047
ebf2f900070e151c232a31383f464d54
f8ff060d141b222930373e454c535a61
050c131a21282f363d444b525960676e
121920272e353c434a51585f666d747b
1f262d343b424950575e656c737a8188
2c333a41484f565d646b727980878e95
3940474e555c636a71787f868d949ba2
464d545b626970777e858c939aa1a8af
535a61686f767d848b9299a0a7aeb5bc
60676e757c838a91989fa6adb4bbc2c9
6d747b828990979ea5acb3bac1c8cfd6
7a81888f969da4abb2b9c0c7ced5dce3
878e959ca3aab1b8bfc6cdd4dbe2e9f0
949ba2a9b0b7bec5ccd3dae1e8eff6fd
a1a8afb6bdc4cbd2d9e0e7eef5fc030a
aeb5bcc3cad1d8dfe6edf4fb02091017
bbc2c9d0d7dee5ecf3fa01080f161d24
c8cfd6dde4ebf2f900070e151c232a31
d5dce3eaf1f8ff060d141b222930373e
e2e9f0f7fe050c131a21282f363d444b
eff6fd040b121920272e353c434a5158
fc030a11181f262d343b424950575e65
0910171e252c333a41484f565d646b72
161d242b323940474e555c636a71787f
232a31383f464d545b626970777e858c
30373e454c535a61686f767d848b9299
3d444b525960676e757c838a91989fa6
4a51585f666d747b828990979ea5acb3
575e656c737a81888f969da4abb2b9c0
646b727980878e959ca3aab1b8bfc6cd
71787f868d949ba2a9b0b7bec5ccd3da
7e858c939aa1a8afb6bdc4cbd2d9e0e7
8b9299a0a7aeb5bcc3cad1d8dfe6edf4
989fa6adb4bbc2c9d0d7dee5ecf3fa01
a5acb3bac1c8cfd6dde4ebf2f900070e
b2b9c0c7ced5dce3eaf1f8ff060d141b
bfc6cdd4dbe2e9f0f7fe050c131a2128
ccd3dae1e8eff6fd040b121920272e35
d9e0e7eef5fc030a11181f262d343b42
e6edf4fb020910171e252c333a41484f
f3fa01080f161d242b323940474e555c
00070e151c232a31383f464d545b6269
0d141b222930373e454c535a61686f76
1a21282f363d444b525960676e757c83
272e353c434a51585f666d747b828990
343b424950575e656c737a81888f969d
41484f565d646b727980878e959ca3aa
4e555c636a71787f868d949ba2a9b0b7
5b626970777e858c939aa1a8afb6bdc4
686f767d848b9299a0a7aeb5bcc3cad1
757c838a91989fa6adb4bbc2c9d0d7de
828990979ea5acb3bac1c8cfd6dde4eb
8f969da4abb2b9c0c7ced5dce3eaf1f8
9ca3aab1b8bfc6cdd4dbe2e9f0f7fe05
a9b0b7bec5ccd3dae1e8eff6fd040b12
b6bdc4cbd2d9e0e7eef5fc030a11181f
c3cad1d8dfe6edf4fb020910171e252c
d0d7dee5ecf3fa01080f161d242b3239
dde4ebf2f900070e151c232a31383f46
eaf1f8ff060d141b222930373e454c53
f7fe050c131a21282f363d444b525960
040b121920272e353c434a51585f666d
11181f262d343b424950575e656c737a
1e252c333a41484f565d646b72798087
2b323940474e555c636a71787f868d94
383f464d545b626970777e858c939aa1
454c535a61686f767d848b9299a0a7ae
525960676e757c838a91989fa6adb4bb
5f666d747b828990979ea5acb3bac1c8
6c737a81888f969da4abb2b9c0c7ced5
7980878e959ca3aab1b8bfc6cdd4dbe2
868d949ba2a9b0b7bec5ccd3dae1e8ef
939aa1a8afb6bdc4cbd2d9e0e7eef5fc
a0a7aeb5bcc3cad1d8dfe6edf4fb0209
adb4bbc2c9d0d7dee5ecf3fa01080f16
bac1c8cfd6dde4ebf2f900070e151c23
c7ced5dce3eaf1f8ff060d141b222930
d4dbe2e9f0f7fe050c131a21282f363d
e1e8eff6fd040b121920272e353c434a
eef5fc030a11181f262d343b42495057
fb020910171e252c333a41484f565d64
080f161d242b323940474e555c636a71
151c232a31383f464d545b626970777e
222930373e454c535a61686f767d848b
2f363d444b525960676e757c838a9198
3c434a51585f666d747b828990979ea5
4950575e656c737a81888f969da4abb2
565d646b727980878e959ca3aab1b8bf
636a71787f868d949ba2a9b0b7bec5cc
70777e858c939aa1a8afb6bdc4cbd2d9
7d848b9299a0a7aeb5bcc3cad1d8dfe6
8a91989fa6adb4bbc2c9d0d7dee5ecf3
979ea5acb3bac1c8cfd6dde4ebf2f900
a4abb2b9c0c7ced5dce3eaf1f8ff060d
b1b8bfc6cdd4dbe2e9f0f7fe050c131a
bec5ccd3dae1e8eff6fd040b12192027
cbd2d9e0e7eef5fc030a11181f262d34
d8dfe6edf4fb020910171e252c333a41
e5ecf3fa01080f161d242b323940474e
f2f900070e151c232a31383f464d545b
ff060d141b222930373e454c535a6168
0c131a21282f363d444b525960676e75
1920272e353c434a51585f666d747b82
262d343b424950575e656c737a81888f
333a41484f565d646b727980878e959c
40474e555c636a71787f868d949ba2a9
4d545b626970777e858c939aa1a8afb6
5a61686f767d848b9299a0a7aeb5bcc3
676e757c838a91989fa6adb4bbc2c9d0
747b828990979ea5acb3bac1c8cfd6dd
81888f969da4abb2b9c0c7ced5dce3ea
8e959ca3aab1b8bfc6cdd4dbe2e9f0f7
9ba2a9b0b7bec5ccd3dae1e8eff6fd04
a8afb6bdc4cbd2d9e0e7eef5fc030a11
b5bcc3cad1d8dfe6edf4fb020910171e
c2c9d0d7dee5ecf3fa01080f161d242b
cfd6dde4ebf2f900070e151c232a3138
dce3eaf1f8ff060d141b222930373e45
e9f0f7fe050c131a21282f363d444b52
f6fd040b121920272e353c434a51585f
030a11181f262d343b424950575e656c
10171e252c333a41484f565d646b7279
1d242b323940474e555c636a71787f86
2a31383f464d545b626970777e858c93
373e454c535a61686f767d848b9299a0
444b525960676e757c838a91989fa6ad
51585f666d747b828990979ea5acb3ba
5e656c737a81888f969da4abb2b9c0c7
6b727980878e959ca3aab1b8bfc6cdd4
787f868d949ba2a9b0b7bec5ccd3dae1
858c939aa1a8afb6bdc4cbd2d9e0e7ee
9299a0a7aeb5bcc3cad1d8dfe6edf4fb
9fa6adb4bbc2c9d0d7dee5ecf3fa0108
acb3bac1c8cfd6dde4ebf2f900070e15
b9c0c7ced5dce3eaf1f8ff060d141b22
c6cdd4dbe2e9f0f7fe050c131a21282f
d3dae1e8eff6fd040b121920272e353c
e0e7eef5fc030a11181f262d343b4249
edf4fb020910171e252c333a41484f56
fa01080f161d242b323940474e555c63
070e151c232a31383f464d545b626970
141b222930373e454c535a61686f767d
21282f363d444b525960676e757c838a
2e353c434a51585f666d747b82899097
3b424950575e656c737a81888f969da4
484f565d646b727980878e959ca3aab1
555c636a71787f868d949ba2a9b0b7be
626970777e858c939aa1a8afb6bdc4cb
6f767d848b9299a0a7aeb5bcc3cad1d8
7c838a91989fa6adb4bbc2c9d0d7dee5
8990979ea5acb3bac1c8cfd6dde4ebf2
969da4abb2b9c0c7ced5dce3eaf1f8ff
a3aab1b8bfc6cdd4dbe2e9f0f7fe050c
b0b7bec5ccd3dae1e8eff6fd040b1219
bdc4cbd2d9e0e7eef5fc030a11181f26
cad1d8dfe6edf4fb020910171e252c33
d7dee5ecf3fa01080f161d242b323940
e4ebf2f900070e151c232a31383f464d
f1f8ff060d141b222930373e454c535a
fe050c131a21282f363d444b52596067
0b121920272e353c434a51585f666d74
181f262d343b424950575e656c737a81
252c333a41484f565d646b727980878e
323940474e555c636a71787f868d949b
3f464d545b626970777e858c939aa1a8
4c535a61686f767d848b9299a0a7aeb5
5960676e757c838a91989fa6adb4bbc2
666d747b828990979ea5acb3bac1c8cf
737a81888f969da4abb2b9c0c7ced5dc
80878e959ca3aab1b8bfc6cdd4dbe2e9
8d949ba2a9b0b7bec5ccd3dae1e8eff6
9aa1a8afb6bdc4cbd2d9e0e7eef5fc03
a7aeb5bcc3cad1d8dfe6edf4fb020910
b4bbc2c9d0d7dee5ecf3fa01080f161d
c1c8cfd6dde4ebf2f900070e151c232a
ced5dce3eaf1f8ff060d141b22293037
dbe2e9f0f7fe050c131a21282f363d44
e8eff6fd040b121920272e353c434a51
f5fc030a11181f262d343b424950575e
020910171e252c333a41484f565d646b
0f161d242b323940474e555c636a7178
1c232a31383f464d545b626970777e85
2930373e454c535a61686f767d848b92
363d444b525960676e757c838a91989f
434a51585f666d747b828990979ea5ac
50575e656c737a81888f969da4abb2b9
5d646b727980878e959ca3aab1b8bfc6
6a71787f868d949ba2a9b0b7bec5ccd3
777e858c939aa1a8afb6bdc4cbd2d9e0
848b9299a0a7aeb5bcc3cad1d8dfe6ed
91989fa6adb4bbc2c9d0d7dee5ecf3fa
9ea5acb3bac1c8cfd6dde4ebf2f90007
abb2b9c0c7ced5dce3eaf1f8ff060d14
b8bfc6cdd4dbe2e9f0f7fe050c131a21
c5ccd3dae1e8eff6fd040b121920272e
d2d9e0e7eef5fc030a11181f262d343b
dfe6edf4fb020910171e252c333a4148
ecf3fa01080f161d242b323940474e55
f900070e151c232a31383f464d545b62
060d141b222930373e454c535a61686f
131a21282f363d444b525960676e757c
20272e353c434a51585f666d747b8289
2d343b424950575e656c737a81888f96
3a41484f565d646b727980878e959ca3
474e555c636a71787f868d949ba2a9b0
545b626970777e858c939aa1a8afb6bd
61686f767d848b9299a0a7aeb5bcc3ca
6e757c838a91989fa6adb4bbc2c9d0d7
7b828990979ea5acb3bac1c8cfd6dde4
888f969da4abb2b9c0c7ced5dce3eaf1
959ca3aab1b8bfc6cdd4dbe2e9f0f7fe
a2a9b0b7bec5ccd3dae1e8eff6fd040b
afb6bdc4cbd2d9e0e7eef5fc030a1118
bcc3cad1d8dfe6edf4fb020910171e25
c9d0d7dee5ecf3fa01080f161d242b32
d6dde4ebf2f900070e151c232a31383f
e3eaf1f8ff060d141b222930373e454c
f0f7fe050c131a21282f363d444b5259
fd040b121920272e353c434a51585f66
0a11181f262d343b424950575e656c73
171e252c333a41484f565d646b727980
242b323940474e555c636a71787f868d
31383f464d545b626970777e858c939a
3e454c535a61686f767d848b9299a0a7
4b525960676e757c838a91989fa6adb4
585f666d747b828990979ea5acb3bac1
656c737a81888f969da4abb2b9c0c7ce
727980878e959ca3aab1b8bfc6cdd4db
7f868d949ba2a9b0b7bec5ccd3dae1e8
8c939aa1a8afb6bdc4cbd2d9e0e7eef5
99a0a7aeb5bcc3cad1d8dfe6edf4fb02
a6adb4bbc2c9d0d7dee5ecf3fa01080f
b3bac1c8cfd6dde4ebf2f900070e151c
c0c7ced5dce3eaf1f8ff060d141b2229
cdd4dbe2e9f0f7fe050c131a21282f36
dae1e8eff6fd040b121920272e353c43
e7eef5fc030a11181f262d343b424950
f4fb020910171e252c333a41484f565d
01080f161d242b323940474e555c636a
0e151c232a31383f464d545b62697077
1b222930373e454c535a61686f767d84
282f363d444b525960676e757c838a91
353c434a51585f666d747b828990979e
424950575e656c737a81888f969da4ab
4f565d646b727980878e959ca3aab1b8
5c636a71787f868d949ba2a9b0b7bec5
6970777e858c939aa1a8afb6bdc4cbd2
767d848b9299a0a7aeb5bcc3cad1d8df
838a91989fa6adb4bbc2c9d0d7dee5ec
90979ea5acb3bac1c8cfd6dde4ebf2f9
9da4abb2b9c0c7ced5dce3eaf1f8ff06
aab1b8bfc6cdd4dbe2e9f0f7fe050c13
b7bec5ccd3dae1e8eff6fd040b121920
c4cbd2d9e0e7eef5fc030a11181f262d
d1d8dfe6edf4fb020910171e252c333a
dee5ecf3fa01080f161d242b32394047
ebf2f900070e151c232a31383f464d54
f8ff060d141b222930373e454c535a61
050c131a21282f363d444b525960676e
121920272e353c434a51585f666d747b
1f262d343b424950575e656c737a8188
2c333a41484f565d646b727980878e95
3940474e555c636a71787f868d949ba2
464d545b626970777e858c939aa1a8af
535a61686f767d848b9299a0a7aeb5bc
60676e757c838a91989fa6adb4bbc2c9
6d747b828990979ea5acb3bac1c8cfd6
7a81888f969da4abb2b9c0c7ced5dce3
878e959ca3aab1b8bfc6cdd4dbe2e9f0
949ba2a9b0b7bec5ccd3dae1e8eff6fd
a1a8afb6bdc4cbd2d9e0e7eef5fc030a
aeb5bcc3cad1d8dfe6edf4fb02091017
bbc2c9d0d7dee5ecf3fa01080f161d24
c8cfd6dde4ebf2f900070e151c232a31
d5dce3eaf1f8ff060d141b222930373e
e2e9f0f7fe050c131a21282f363d444b
eff6fd040b121920272e353c434a5158
fc030a11181f262d343b424950575e65
0910171e252c333a41484f565d646b72
161d242b323940474e555c636a71787f
232a31383f464d545b626970777e858c
30373e454c535a61686f767d848b9299
3d444b525960676e757c838a91989fa6
4a51585f666d747b828990979ea5acb3
575e656c737a81888f969da4abb2b9c0
646b727980878e959ca3aab1b8bfc6cd
71787f868d949ba2a9b0b7bec5ccd3da
7e858c939aa1a8afb6bdc4cbd2d9e0e7
8b9299a0a7aeb5bcc3cad1d8dfe6edf4
989fa6adb4bbc2c9d0d7dee5ecf3fa01
a5acb3bac1c8cfd6dde4ebf2f900070e
b2b9c0c7ced5dce3eaf1f8ff060d141b
bfc6cdd4dbe2e9f0f7fe050c131a2128
ccd3dae1e8eff6fd040b121920272e35
d9e0e7eef5fc030a11181f262d343b42
e6edf4fb020910171e252c333a41484f
f3fa01080f161d242b323940474e555c
00070e151c232a31383f464d545b6269
0d141b222930373e454c535a61686f76
1a21282f363d444b525960676e757c83
272e353c434a51585f666d747b828990
343b424950575e656c737a81888f969d
41484f565d646b727980878e959ca3aa
4e555c636a71787f868d949ba2a9b0b7
5b626970777e858c939aa1a8afb6bdc4
686f767d848b9299a0a7aeb5bcc3cad1
757c838a91989fa6adb4bbc2c9d0d7de
828990979ea5acb3bac1c8cfd6dde4eb
8f969da4abb2b9c0c7ced5dce3eaf1f8
9ca3aab1b8bfc6cdd4dbe2e9f0f7fe05
a9b0b7bec5ccd3dae1e8eff6fd040b12
b6bdc4cbd2d9e0e7eef5fc030a11181f
c3cad1d8dfe6edf4fb020910171e252c
d0d7dee5ecf3fa01080f161d242b3239
dde4ebf2f900070e151c232a31383f46
eaf1f8ff060d141b222930373e454c53
f7fe050c131a21282f363d444b525960
040b121920272e353c434a51585f666d
11181f262d343b424950575e656c737a
1e252c333a41484f565d646b72798087
2b323940474e555c636a71787f868d94
383f464d545b626970777e858c939aa1
454c535a61686f767d848b9299a0a7ae
525960676e757c838a91989fa6adb4bb
5f666d747b828990979ea5acb3bac1c8
6c737a81888f969da4abb2b9c0c7ced5
7980878e959ca3aab1b8bfc6cdd4dbe2
868d949ba2a9b0b7bec5ccd3dae1e8ef
939aa1a8afb6bdc4cbd2d9e0e7eef5fc
a0a7aeb5bcc3cad1d8dfe6edf4fb0209
adb4bbc2c9d0d7dee5ecf3fa01080f16
bac1c8cfd6dde4ebf2f900070e151c23
c7ced5dce3eaf1f8ff060d141b222930
d4dbe2e9f0f7fe050c131a21282f363d
e1e8eff6fd040b121920272e353c434a
eef5fc030a11181f262d343b42495057
fb020910171e252c333a41484f565d64
080f161d242b323940474e555c636a71
151c232a31383f464d545b626970777e
222930373e454c535a61686f767d848b
2f363d444b525960676e757c838a9198
3c434a51585f666d747b828990979ea5
4950575e656c737a81888f969da4abb2
565d646b727980878e959ca3aab1b8bf
636a71787f868d949ba2a9b0b7bec5cc
70777e858c939aa1a8afb6bdc4cbd2d9
7d848b9299a0a7aeb5bcc3cad1d8dfe6
8a91989fa6adb4bbc2c9d0d7dee5ecf3
979ea5acb3bac1c8cfd6dde4ebf2f900
a4abb2b9c0c7ced5dce3eaf1f8ff060d
b1b8bfc6cdd4dbe2e9f0f7fe050c131a
bec5ccd3dae1e8eff6fd040b12192027
cbd2d9e0e7eef5fc030a11181f262d34
d8dfe6edf4fb020910171e252c333a41
e5ecf3fa01080f161d242b323940474e
f2f900070e151c232a31383f464d545b
ff060d141b222930373e454c535a6168
0c131a21282f363d444b525960676e75
1920272e353c434a51585f666d747b82
262d343b424950575e656c737a81888f
333a41484f565d646b727980878e959c
40474e555c636a71787f868d949ba2a9
4d545b626970777e858c939aa1a8afb6
5a61686f767d848b9299a0a7aeb5bcc3
676e757c838a91989fa6adb4bbc2c9d0
747b828990979ea5acb3bac1c8cfd6dd
81888f969da4abb2b9c0c7ced5dce3ea
8e959ca3aab1b8bfc6cdd4dbe2e9f0f7
9ba2a9b0b7bec5ccd3dae1e8eff6fd04
a8afb6bdc4cbd2d9e0e7eef5fc030a11
b5bcc3cad1d8dfe6edf4fb020910171e
c2c9d0d7dee5ecf3fa01080f161d242b
cfd6dde4ebf2f900070e151c232a3138
dce3eaf1f8ff060d141b222930373e45
e9f0f7fe050c131a21282f363d444b52
f6fd040b121920272e353c434a51585f
030a11181f262d343b424950575e656c
10171e252c333a41484f565d646b7279
1d242b323940474e555c636a71787f86
2a31383f464d545b626970777e858c93
373e454c535a61686f767d848b9299a0
444b525960676e757c838a91989fa6ad
51585f666d747b828990979ea5acb3ba
5e656c737a81888f969da4abb2b9c0c7
6b727980878e959ca3aab1b8bfc6cdd4
787f868d949ba2a9b0b7bec5ccd3dae1
858c939aa1a8afb6bdc4cbd2d9e0e7ee
9299a0a7aeb5bcc3cad1d8dfe6edf4fb
9fa6adb4bbc2c9d0d7dee5ecf3fa0108
acb3bac1c8cfd6dde4ebf2f900070e15
b9c0c7ced5dce3eaf1f8ff060d141b22
c6cdd4dbe2e9f0f7fe050c131a21282f
d3dae1e8eff6fd040b121920272e353c
e0e7eef5fc030a11181f262d343b4249
edf4fb020910171e252c333a41484f56
fa01080f161d242b323940474e555c63
070e151c232a31383f464d545b626970
141b222930373e454c535a61686f767d
21282f363d444b525960676e757c838a
2e353c434a51585f666d747b82899097
3b424950575e656c737a81888f969da4
484f565d646b727980878e959ca3aab1
555c636a71787f868d949ba2a9b0b7be
626970777e858c939aa1a8afb6bdc4cb
6f767d848b9299a0a7aeb5bcc3cad1d8
7c838a91989fa6adb4bbc2c9d0d7dee5
8990979ea5acb3bac1c8cfd6dde4ebf2
969da4abb2b9c0c7ced5dce3eaf1f8ff
a3aab1b8bfc6cdd4dbe2e9f0f7fe050c
b0b7bec5ccd3dae1e8eff6fd040b1219
bdc4cbd2d9e0e7eef5fc030a11181f26
cad1d8dfe6edf4fb020910171e252c33
d7dee5ecf3fa01080f161d242b323940
e4ebf2f900070e151c232a31383f464d
f1f8ff060d141b222930373e454c535a
fe050c131a21282f363d444b52596067
0b121920272e353c434a51585f666d74
181f262d343b424950575e656c737a81
252c333a41484f565d646b727980878e
323940474e555c636a71787f868d949b
3f464d545b626970777e858c939aa1a8
4c535a61686f767d848b9299a0a7aeb5
5960676e757c838a91989fa6adb4bbc2
666d747b828990979ea5acb3bac1c8cf
737a81888f969da4abb2b9c0c7ced5dc
80878e959ca3aab1b8bfc6cdd4dbe2e9
8d949ba2a9b0b7bec5ccd3dae1e8eff6
9aa1a8afb6bdc4cbd2d9e0e7eef5fc03
a7aeb5bcc3cad1d8dfe6edf4fb020910
b4bbc2c9d0d7dee5ecf3fa01080f161d
c1c8cfd6dde4ebf2f900070e151c232a
ced5dce3eaf1f8ff060d141b22293037
dbe2e9f0f7fe050c131a21282f363d44
e8eff6fd040b121920272e353c434a51
f5fc030a11181f262d343b424950575e
020910171e252c333a41484f565d646b
0f161d242b323940474e555c636a7178
1c232a31383f464d545b626970777e85
2930373e454c535a61686f767d848b92
363d444b525960676e757c838a91989f
434a51585f666d747b828990979ea5ac
50575e656c737a81888f969da4abb2b9
5d646b727980878e959ca3aab1b8bfc6
6a71787f868d949ba2a9b0b7bec5ccd3
777e858c939aa1a8afb6bdc4cbd2d9e0
848b9299a0a7aeb5bcc3cad1d8dfe6ed
91989fa6adb4bbc2c9d0d7dee5ecf3fa
9ea5acb3bac1c8cfd6dde4ebf2f90007
abb2b9c0c7ced5dce3eaf1f8ff060d14
b8bfc6cdd4dbe2e9f0f7fe050c131a21
c5ccd3dae1e8eff6fd040b121920272e
d2d9e0e7eef5fc030a11181f262d343b
dfe6edf4fb020910171e252c333a4148
ecf3fa01080f161d242b323940474e55
f900070e151c232a31383f464d545b62
060d141b222930373e454c535a61686f
131a21282f363d444b525960676e757c
20272e353c434a51585f666d747b8289
2d343b424950575e656c737a81888f96
3a41484f565d646b727980878e959ca3
474e555c636a71787f868d949ba2a9b0
545b626970777e858c939aa1a8afb6bd
61686f767d848b9299a0a7aeb5bcc3ca
6e757c838a91989fa6adb4bbc2c9d0d7
7b828990979ea5acb3bac1c8cfd6dde4
888f969da4abb2b9c0c7ced5dce3eaf1
959ca3aab1b8bfc6cdd4dbe2e9f0f7fe
a2a9b0b7bec5ccd3dae1e8eff6fd040b
afb6bdc4cbd2d9e0e7eef5fc030a1118
bcc3cad1d8dfe6edf4fb020910171e25
c9d0d7dee5ecf3fa01080f161d242b32
d6dde4ebf2f900070e151c232a31383f
e3eaf1f8ff060d141b222930373e454c
f0f7fe050c131a21282f363d444b5259
fd040b121920272e353c434a51585f66
0a11181f262d343b424950575e656c73
171e252c333a41484f565d646b727980
242b323940474e555c636a71787f868d
31383f464d545b626970777e858c939a
3e454c535a61686f767d848b9299a0a7
4b525960676e757c838a91989fa6adb4
585f666d747b828990979ea5acb3bac1
656c737a81888f969da4abb2b9c0c7ce
727980878e959ca3aab1b8bfc6cdd4db
7f868d949ba2a9b0b7bec5ccd3dae1e8
8c939aa1a8afb6bdc4cbd2d9e0e7eef5
99a0a7aeb5bcc3cad1d8dfe6edf4fb02
a6adb4bbc2c9d0d7dee5ecf3fa01080f
b3bac1c8cfd6dde4ebf2f900070e151c
c0c7ced5dce3eaf1f8ff060d141b2229
cdd4dbe2e9f0f7fe050c131a21282f36
dae1e8eff6fd040b121920272e353c43
e7eef5fc030a11181f262d343b424950
f4fb020910171e252c333a41484f565d
01080f161d242b323940474e555c636a
0e151c232a31383f464d545b62697077
1b222930373e454c535a61686f767d84
282f363d444b525960676e757c838a91
353c434a51585f666d747b828990979e
424950575e656c737a81888f969da4ab
4f565d646b727980878e959ca3aab1b8
5c636a71787f868d949ba2a9b0b7bec5
6970777e858c939aa1a8afb6bdc4cbd2
767d848b9299a0a7aeb5bcc3cad1d8df
838a91989fa6adb4bbc2c9d0d7dee5ec
90979ea5acb3bac1c8cfd6dde4ebf2f9
9da4abb2b9c0c7ced5dce3eaf1f8ff06
aab1b8bfc6cdd4dbe2e9f0f7fe050c13
b7bec5ccd3dae1e8eff6fd040b121920
c4cbd2d9e0e7eef5fc030a11181f262d
d1d8dfe6edf4fb020910171e252c333a
dee5ecf3fa01080f161d242b32394047
ebf2f900070e151c232a31383f464d54
f8ff060d141b222930373e454c535a61
050c131a21282f363d444b525960676e
121920272e353c434a51585f666d747b
1f262d343b424950575e656c737a8188
2c333a41484f565d646b727980878e95
3940474e555c636a71787f868d949ba2
464d545b626970777e858c939aa1a8af
535a61686f767d848b9299a0a7aeb5bc
60676e757c838a91989fa6adb4bbc2c9
6d747b828990979ea5acb3bac1c8cfd6
7a81888f969da4abb2b9c0c7ced5dce3
878e959ca3aab1b8bfc6cdd4dbe2e9f0
949ba2a9b0b7bec5ccd3dae1e8eff6fd
a1a8afb6bdc4cbd2d9e0e7eef5fc030a
aeb5bcc3cad1d8dfe6edf4fb02091017
bbc2c9d0d7dee5ecf3fa01080f161d24
c8cfd6dde4ebf2f900070e151c232a31
d5dce3eaf1f8ff060d141b222930373e
e2e9f0f7fe050c131a21282f363d444b
eff6fd040b121920272e353c434a5158
fc030a11181f262d343b424950575e65
0910171e252c333a41484f565d646b72
161d242b323940474e555c636a71787f
232a31383f464d545b626970777e858c
30373e454c535a61686f767d848b9299
3d444b525960676e757c838a91989fa6
4a51585f666d747b828990979ea5acb3
575e656c737a81888f969da4abb2b9c0
646b727980878e959ca3aab1b8bfc6cd
71787f868d949ba2a9b0b7bec5ccd3da
7e858c939aa1a8afb6bdc4cbd2d9e0e7
8b9299a0a7aeb5bcc3cad1d8dfe6edf4
989fa6adb4bbc2c9d0d7dee5ecf3fa01
a5acb3bac1c8cfd6dde4ebf2f900070e
b2b9c0c7ced5dce3eaf1f8ff060d141b
bfc6cdd4dbe2e9f0f7fe050c131a2128
ccd3dae1e8eff6fd040b121920272e35
d9e0e7eef5fc030a11181f262d343b42
e6edf4fb020910171e252c333a41484f
f3fa01080f161d242b323940474e555c
00070e151c232a31383f464d545b6269
0d141b222930373e454c535a61686f76
1a21282f363d444b525960676e757c83
272e353c434a51585f666d747b828990
343b424950575e656c737a81888f969d
41484f565d646b727980878e959ca3aa
4e555c636a71787f868d949ba2a9b0b7
5b626970777e858c939aa1a8afb6bdc4
686f767d848b9299a0a7aeb5bcc3cad1
757c838a91989fa6adb4bbc2c9d0d7de
828990979ea5acb3bac1c8cfd6dde4eb
8f969da4abb2b9c0c7ced5dce3eaf1f8
9ca3aab1b8bfc6cdd4dbe2e9f0f7fe05
a9b0b7bec5ccd3dae1e8eff6fd040b12
b6bdc4cbd2d9e0e7eef5fc030a11181f
c3cad1d8dfe6edf4fb020910171e252c
d0d7dee5ecf3fa01080f161d242b3239
dde4ebf2f900070e151c232a31383f46
eaf1f8ff060d141b222930373e454c53
f7fe050c131a21282f363d444b525960
040b121920272e353c434a51585f666d
11181f262d343b424950575e656c737a
1e252c333a41484f565d646b72798087
2b323940474e555c636a71787f868d94
383f464d545b626970777e858c939aa1
454c535a61686f767d848b9299a0a7ae
525960676e757c838a91989fa6adb4bb
5f666d747b828990979ea5acb3bac1c8
6c737a81888f969da4abb2b9c0c7ced5
7980878e959ca3aab1b8bfc6cdd4dbe2
868d949ba2a9b0b7bec5ccd3dae1e8ef
939aa1a8afb6bdc4cbd2d9e0e7eef5fc
a0a7aeb5bcc3cad1d8dfe6edf4fb0209
adb4bbc2c9d0d7dee5ecf3fa01080f16
bac1c8cfd6dde4ebf2f900070e151c23
c7ced5dce3eaf1f8ff060d141b222930
d4dbe2e9f0f7fe050c131a21282f363d
e1e8eff6fd040b121920272e353c434a
eef5fc030a11181f262d343b42495057
fb020910171e252c333a41484f565d64
080f161d242b323940474e555c636a71
151c232a31383f464d545b626970777e
222930373e454c535a61686f767d848b
2f363d444b525960676e757c838a9198
3c434a51585f666d747b828990979ea5
4950575e656c737a81888f969da4abb2
565d646b727980878e959ca3aab1b8bf
636a71787f868d949ba2a9b0b7bec5cc
70777e858c939aa1a8afb6bdc4cbd2d9
7d848b9299a0a7aeb5bcc3cad1d8dfe6
8a91989fa6adb4bbc2c9d0d7dee5ecf3
979ea5acb3bac1c8cfd6dde4ebf2f900
a4abb2b9c0c7ced5dce3eaf1f8ff060d
b1b8bfc6cdd4dbe2e9f0f7fe050c131a
bec5ccd3dae1e8eff6fd040b12192027
cbd2d9e0e7eef5fc030a11181f262d34
d8dfe6edf4fb020910171e252c333a41
e5ecf3fa01080f161d242b323940474e
f2f900070e151c232a31383f464d545b
ff060d141b222930373e454c535a6168
0c131a21282f363d444b525960676e75
1920272e353c434a51585f666d747b82
262d343b424950575e656c737a81888f
333a41484f565d646b727980878e959c
40474e555c636a71787f868d949ba2a9
4d545b626970777e858c939aa1a8afb6
5a61686f767d848b9299a0a7aeb5bcc3
676e757c838a91989fa6adb4bbc2c9d0
747b828990979ea5acb3bac1c8cfd6dd
81888f969da4abb2b9c0c7ced5dce3ea
8e959ca3aab1b8bfc6cdd4dbe2e9f0f7
9ba2a9b0b7bec5ccd3dae1e8eff6fd04
a8afb6bdc4cbd2d9e0e7eef5fc030a11
b5bcc3cad1d8dfe6edf4fb020910171e
c2c9d0d7dee5ecf3fa01080f161d242b
cfd6dde4ebf2f900070e151c232a3138
dce3eaf1f8ff060d141b222930373e45
e9f0f7fe050c131a21282f363d444b52
f6fd040b121920272e353c434a51585f
030a11181f262d343b424950575e656c
10171e252c333a41484f565d646b7279
1d242b323940474e555c636a71787f86
2a31383f464d545b626970777e858c93
373e454c535a61686f767d848b9299a0
444b525960676e757c838a91989fa6ad
51585f666d747b828990979ea5acb3ba
5e656c737a81888f969da4abb2b9c0c7
6b727980878e959ca3aab1b8bfc6cdd4
787f868d949ba2a9b0b7bec5ccd3dae1
858c939aa1a8afb6bdc4cbd2d9e0e7ee
9299a0a7aeb5bcc3cad1d8dfe6edf4fb
9fa6adb4bbc2c9d0d7dee5ecf3fa0108
acb3bac1c8cfd6dde4ebf2f900070e15
b9c0c7ced5dce3eaf1f8ff060d141b22
c6cdd4dbe2e9f0f7fe050c131a21282f
d3dae1e8eff6fd040b121920272e353c
e0e7eef5fc030a11181f262d343b4249
edf4fb020910171e252c333a41484f56
fa01080f161d242b323940474e555c63
070e151c232a31383f464d545b626970
141b222930373e454c535a61686f767d
21282f363d444b525960676e757c838a
2e353c434a51585f666d747b82899097
3b424950575e656c737a81888f969da4
484f565d646b727980878e959ca3aab1
555c636a71787f868d949ba2a9b0b7be
626970777e858c939aa1a8afb6bdc4cb
6f767d848b9299a0a7aeb5bcc3cad1d8
7c838a91989fa6adb4bbc2c9d0d7dee5
8990979ea5acb3bac1c8cfd6dde4ebf2
969da4abb2b9c0c7ced5dce3eaf1f8ff
a3aab1b8bfc6cdd4dbe2e9f0f7fe050c
b0b7bec5ccd3dae1e8eff6fd040b1219
bdc4cbd2d9e0e7eef5fc030a11181f26
cad1d8dfe6edf4fb020910171e252c33
d7dee5ecf3fa01080f161d242b323940
e4ebf2f900070e151c232a31383f464d
f1f8ff060d141b222930373e454c535a
fe050c131a21282f363d444b52596067
0b121920272e353c434a51585f666d74
181f262d343b424950575e656c737a81
252c333a41484f565d646b727980878e
323940474e555c636a71787f868d949b
3f464d545b626970777e858c939aa1a8
4c535a61686f767d848b9299a0a7aeb5
5960676e757c838a91989fa6adb4bbc2
666d747b828990979ea5acb3bac1c8cf
737a81888f969da4abb2b9c0c7ced5dc
80878e959ca3aab1b8bfc6cdd4dbe2e9
8d949ba2a9b0b7bec5ccd3dae1e8eff6
9aa1a8afb6bdc4cbd2d9e0e7eef5fc03
a7aeb5bcc3cad1d8dfe6edf4fb020910
b4bbc2c9d0d7dee5ecf3fa01080f161d
c1c8cfd6dde4ebf2f900070e151c232a
ced5dce3eaf1f8ff060d141b22293037
dbe2e9f0f7fe050c131a21282f363d44
e8eff6fd040b121920272e353c434a51
f5fc030a11181f262d343b424950575e
020910171e252c333a41484f565d646b
0f161d242b323940474e555c636a7178
1c232a31383f464d545b626970777e85
2930373e454c535a61686f767d848b92
363d444b525960676e757c838a91989f
434a51585f666d747b828990979ea5ac
50575e656c737a81888f969da4abb2b9
5d646b727980878e959ca3aab1b8bfc6
6a71787f868d949ba2a9b0b7bec5ccd3
777e858c939aa1a8afb6bdc4cbd2d9e0
848b9299a0a7aeb5bcc3cad1d8dfe6ed
91989fa6adb4bbc2c9d0d7dee5ecf3fa
9ea5acb3bac1c8cfd6dde4ebf2f90007
abb2b9c0c7ced5dce3eaf1f8ff060d14
b8bfc6cdd4dbe2e9f0f7fe050c131a21
c5ccd3dae1e8eff6fd040b121920272e
d2d9e0e7eef5fc030a11181f262d343b
dfe6edf4fb020910171e252c333a4148
ecf3fa01080f161d242b323940474e55
f900070e151c232a31383f464d545b62
060d141b222930373e454c535a61686f
131a21282f363d444b525960676e757c
20272e353c434a51585f666d747b8289
2d343b424950575e656c737a81888f96
3a41484f565d646b727980878e959ca3
474e555c636a71787f868d949ba2a9b0
545b626970777e858c939aa1a8afb6bd
61686f767d848b9299a0a7aeb5bcc3ca
6e757c838a91989fa6adb4bbc2c9d0d7
7b828990979ea5acb3bac1c8cfd6dde4
888f969da4abb2b9c0c7ced5dce3eaf1
959ca3aab1b8bfc6cdd4dbe2e9f0f7fe
a2a9b0b7bec5ccd3dae1e8eff6fd040b
afb6bdc4cbd2d9e0e7eef5fc030a1118
bcc3cad1d8dfe6edf4fb020910171e25
c9d0d7dee5ecf3fa01080f161d242b32
d6dde4ebf2f900070e151c232a31383f
e3eaf1f8ff060d141b222930373e454c
f0f7fe050c131a21282f363d444b5259
fd040b121920272e353c434a51585f66
0a11181f262d343b424950575e656c73
171e252c333a41484f565d646b727980
242b323940474e555c636a71787f868d
31383f464d545b626970777e858c939a
3e454c535a61686f767d848b9299a0a7
4b525960676e757c838a91989fa6adb4
585f666d747b828990979ea5acb3bac1
656c737a81888f969da4abb2b9c0c7ce
727980878e959ca3aab1b8bfc6cdd4db
7f868d949ba2a9b0b7bec5ccd3dae1e8
8c939aa1a8afb6bdc4cbd2d9e0e7eef5
99a0a7aeb5bcc3cad1d8dfe6edf4fb02
a6adb4bbc2c9d0d7dee5ecf3fa01080f
b3bac1c8cfd6dde4ebf2f900070e151c
c0c7ced5dce3eaf1f8ff060d141b2229
cdd4dbe2e9f0f7fe050c131a21282f36
dae1e8eff6fd040b121920272e353c43
e7eef5fc030a11181f262d343b424950
f4fb020910171e252c333a41484f565d
01080f161d242b323940474e555c636a
0e151c232a31383f464d545b62697077
1b222930373e454c535a61686f767d84
282f363d444b525960676e757c838a91
353c434a51585f666d747b828990979e
424950575e656c737a81888f969da4ab
4f565d646b727980878e959ca3aab1b8
5c636a71787f868d949ba2a9b0b7bec5
6970777e858c939aa1a8afb6bdc4cbd2
767d848b9299a0a7aeb5bcc3cad1d8df
838a91989fa6adb4bbc2c9d0d7dee5ec
90979ea5acb3bac1c8cfd6dde4ebf2f9
9da4abb2b9c0c7ced5dce3eaf1f8ff06
aab1b8bfc6cdd4dbe2e9f0f7fe050c13
b7bec5ccd3dae1e8eff6fd040b121920
c4cbd2d9e0e7eef5fc030a11181f262d
d1d8dfe6edf4fb020910171e252c333a
dee5ecf3fa01080f161d242b32394047
ebf2f900070e151c232a31383f464d54
f8ff060d141b222930373e454c535a61
050c131a21282f363d444b525960676e
121920272e353c434a51585f666d747b
1f262d343b424950575e656c737a8188
2c333a41484f565d646b727980878e95
3940474e555c636a71787f868d949ba2
464d545b626970777e858c939aa1a8af
535a61686f767d848b9299a0a7aeb5bc
60676e757c838a91989fa6adb4bbc2c9
6d747b828990979ea5acb3bac1c8cfd6
7a81888f969da4abb2b9c0c7ced5dce3
878e959ca3aab1b8bfc6cdd4dbe2e9f0
949ba2a9b0b7bec5ccd3dae1e8eff6fd
a1a8afb6bdc4cbd2d9e0e7eef5fc030a
aeb5bcc3cad1d8dfe6edf4fb02091017
bbc2c9d0d7dee5ecf3fa01080f161d24
c8cfd6dde4ebf2f900070e151c232a31
d5dce3eaf1f8ff060d141b222930373e
e2e9f0f7fe050c131a21282f363d444b
eff6fd040b121920272e353c434a5158
fc030a11181f262d343b424950575e65
0910171e252c333a41484f565d646b72
161d242b323940474e555c636a71787f
232a31383f464d545b626970777e858c
30373e454c535a61686f767d848b9299
3d444b525960676e757c838a91989fa6
4a51585f666d747b828990979ea5acb3
575e656c737a81888f969da4abb2b9c0
646b727980878e959ca3aab1b8bfc6cd
71787f868d949ba2a9b0b7bec5ccd3da
7e858c939aa1a8afb6bdc4cbd2d9e0e7
8b9299a0a7aeb5bcc3cad1d8dfe6edf4
989fa6adb4bbc2c9d0d7dee5ecf3fa01
a5acb3bac1c8cfd6dde4ebf2f900070e
b2b9c0c7ced5dce3eaf1f8ff060d141b
bfc6cdd4dbe2e9f0f7fe050c131a2128
ccd3dae1e8eff6fd040b121920272e35
d9e0e7eef5fc030a11181f262d343b42
e6edf4fb020910171e252c333a41484f
f3fa01080f161d242b323940474e555c
00070e151c232a31383f464d545b6269
0d141b222930373e454c535a61686f76
1a21282f363d444b525960676e757c83
272e353c434a51585f666d747b828990
343b424950575e656c737a81888f969d
41484f565d646b727980878e959ca3aa
4e555c636a71787f868d949ba2a9b0b7
5b626970777e858c939aa1a8afb6bdc4
686f767d848b9299a0a7aeb5bcc3cad1
757c838a91989fa6adb4bbc2c9d0d7de
828990979ea5acb3bac1c8cfd6dde4eb
8f969da4abb2b9c0c7ced5dce3eaf1f8
9ca3aab1b8bfc6cdd4dbe2e9f0f7fe05
a9b0b7bec5ccd3dae1e8eff6fd040b12
b6bdc4cbd2d9e0e7eef5fc030a11181f
c3cad1d8dfe6edf4fb020910171e252c
d0d7dee5ecf3fa01080f161d242b3239
dde4ebf2f900070e151c232a31383f46
eaf1f8ff060d141b222930373e454c53
f7fe050c131a21282f363d444b525960
040b121920272e353c434a51585f666d
11181f262d343b424950575e656c737a
1e252c333a41484f565d646b72798087
2b323940474e555c636a71787f868d94
383f464d545b626970777e858c939aa1
454c535a61686f767d848b9299a0a7ae
525960676e757c838a91989fa6adb4bb
5f666d747b828990979ea5acb3bac1c8
6c737a81888f969da4abb2b9c0c7ced5
7980878e959ca3aab1b8bfc6cdd4dbe2
868d949ba2a9b0b7bec5ccd3dae1e8ef
939aa1a8afb6bdc4cbd2d9e0e7eef5fc
a0a7aeb5bcc3cad1d8dfe6edf4fb0209
adb4bbc2c9d0d7dee5ecf3fa01080f16
bac1c8cfd6dde4ebf2f900070e151c23
c7ced5dce3eaf1f8ff060d141b222930
d4dbe2e9f0f7fe050c131a21282f363d
e1e8eff6fd040b121920272e353c434a
eef5fc030a11181f262d343b42495057
fb020910171e252c333a41484f565d64
080f161d242b323940474e555c636a71
151c232a31383f464d545b626970777e
222930373e454c535a61686f767d848b
2f363d444b525960676e757c838a9198
3c434a51585f666d747b828990979ea5
4950575e656c737a81888f969da4abb2
565d646b727980878e959ca3aab1b8bf
636a71787f868d949ba2a9b0b7bec5cc
70777e858c939aa1a8afb6bdc4cbd2d9
7d848b9299a0a7aeb5bcc3cad1d8dfe6
8a91989fa6adb4bbc2c9d0d7dee5ecf3
979ea5acb3bac1c8cfd6dde4ebf2f900
a4abb2b9c0c7ced5dce3eaf1f8ff060d
b1b8bfc6cdd4dbe2e9f0f7fe050c131a
bec5ccd3dae1e8eff6fd040b12192027
cbd2d9e0e7eef5fc030a11181f262d34
d8dfe6edf4fb020910171e252c333a41
e5ecf3fa01080f161d242b323940474e
f2f900070e151c232a31383f464d545b
ff060d141b222930373e454c535a6168
0c131a21282f363d444b525960676e75
1920272e353c434a51585f666d747b82
262d343b424950575e656c737a81888f
333a41484f565d646b727980878e959c
40474e555c636a71787f868d949ba2a9
4d545b626970777e858c939aa1a8afb6
5a61686f767d848b9299a0a7aeb5bcc3
676e757c838a91989fa6adb4bbc2c9d0
747b828990979ea5acb3bac1c8cfd6dd
81888f969da4abb2b9c0c7ced5dce3ea
8e959ca3aab1b8bfc6cdd4dbe2e9f0f7
9ba2a9b0b7bec5ccd3dae1e8eff6fd04
a8afb6bdc4cbd2d9e0e7eef5fc030a11
b5bcc3cad1d8dfe6edf4fb020910171e
c2c9d0d7dee5ecf3fa01080f161d242b
cfd6dde4ebf2f900070e151c232a3138
dce3eaf1f8ff060d141b222930373e45
e9f0f7fe050c131a21282f363d444b52
f6fd040b121920272e353c434a51585f
030a11181f262d343b424950575e656c
10171e252c333a41484f565d646b7279
1d242b323940474e555c636a71787f86
2a31383f464d545b626970777e858c93
373e454c535a61686f767d848b9299a0
444b525960676e757c838a91989fa6ad
51585f666d747b828990979ea5acb3ba
5e656c737a81888f969da4abb2b9c0c7
6b727980878e959ca3aab1b8bfc6cdd4
787f868d949ba2a9b0b7bec5ccd3dae1
858c939aa1a8afb6bdc4cbd2d9e0e7ee
9299a0a7aeb5bcc3cad1d8dfe6edf4fb
9fa6adb4bbc2c9d0d7dee5ecf3fa0108
acb3bac1c8cfd6dde4ebf2f900070e15
b9c0c7ced5dce3eaf1f8ff060d141b22
c6cdd4dbe2e9f0f7fe050c131a21282f
d3dae1e8eff6fd040b121920272e353c
e0e7eef5fc030a11181f262d343b4249
edf4fb020910171e252c333a41484f56
fa01080f161d242b323940474e555c63
070e151c232a31383f464d545b626970
141b222930373e454c535a61686f767d
21282f363d444b525960676e757c838a
2e353c434a51585f666d747b82899097
3b424950575e656c737a81888f969da4
484f565d646b727980878e959ca3aab1
555c636a71787f868d949ba2a9b0b7be
626970777e858c939aa1a8afb6bdc4cb
6f767d848b9299a0a7aeb5bcc3cad1d8
7c838a91989fa6adb4bbc2c9d0d7dee5
8990979ea5acb3bac1c8cfd6dde4ebf2
969da4abb2b9c0c7ced5dce3eaf1f8ff
a3aab1b8bfc6cdd4dbe2e9f0f7fe050c
b0b7bec5ccd3dae1e8eff6fd040b1219
bdc4cbd2d9e0e7eef5fc030a11181f26
cad1d8dfe6edf4fb020910171e252c33
d7dee5ecf3fa01080f161d242b323940
e4ebf2f900070e151c232a31383f464d
f1f8ff060d141b222930373e454c535a
fe050c131a21282f363d444b52596067
0b121920272e353c434a51585f666d74
181f262d343b424950575e656c737a81
252c333a41484f565d646b727980878e
323940474e555c636a71787f868d949b
3f464d545b626970777e858c939aa1a8
4c535a61686f767d848b9299a0a7aeb5
5960676e757c838a91989fa6adb4bbc2
666d747b828990979ea5acb3bac1c8cf
737a81888f969da4abb2b9c0c7ced5dc
80878e959ca3aab1b8bfc6cdd4dbe2e9
8d949ba2a9b0b7bec5ccd3dae1e8eff6
9aa1a8afb6bdc4cbd2d9e0e7eef5fc03
a7aeb5bcc3cad1d8dfe6edf4fb020910
b4bbc2c9d0d7dee5ecf3fa01080f161d
c1c8cfd6dde4ebf2f900070e151c232a
ced5dce3eaf1f8ff060d141b22293037
dbe2e9f0f7fe050c131a21282f363d44
e8eff6fd040b121920272e353c434a51
f5fc030a11181f262d343b424950575e
020910171e252c333a41484f565d646b
0f161d242b323940474e555c636a7178
1c232a31383f464d545b626970777e85
2930373e454c535a61686f767d848b92
363d444b525960676e757c838a91989f
434a51585f666d747b828990979ea5ac
50575e656c737a81888f969da4abb2b9
5d646b727980878e959ca3aab1b8bfc6
6a71787f868d949ba2a9b0b7bec5ccd3
777e858c939aa1a8afb6bdc4cbd2d9e0
848b9299a0a7aeb5bcc3cad1d8dfe6ed
91989fa6adb4bbc2c9d0d7dee5ecf3fa
9ea5acb3bac1c8cfd6dde4ebf2f90007
abb2b9c0c7ced5dce3eaf1f8ff060d14
b8bfc6cdd4dbe2e9f0f7fe050c131a21
c5ccd3dae1e8eff6fd040b121920272e
d2d9e0e7eef5fc030a11181f262d343b
dfe6edf4fb020910171e252c333a4148
ecf3fa01080f161d242b323940474e55
f900070e151c232a31383f464d545b62
060d141b222930373e454c535a61686f
131a21282f363d444b525960676e757c
20272e353c434a51585f666d747b8289
2d343b424950575e656c737a81888f96
3a41484f565d646b727980878e959ca3
474e555c636a71787f868d949ba2a9b0
545b626970777e858c939aa1a8afb6bd
61686f767d848b9299a0a7aeb5bcc3ca
6e757c838a91989fa6adb4bbc2c9d0d7
7b828990979ea5acb3bac1c8cfd6dde4
888f969da4abb2b9c0c7ced5dce3eaf1
959ca3aab1b8bfc6cdd4dbe2e9f0f7fe
a2a9b0b7bec5ccd3dae1e8eff6fd040b
afb6bdc4cbd2d9e0e7eef5fc030a1118
bcc3cad1d8dfe6edf4fb020910171e25
c9d0d7dee5ecf3fa01080f161d242b32
d6dde4ebf2f900070e151c232a31383f
e3eaf1f8ff060d141b222930373e454c
f0f7fe050c131a21282f363d444b5259
fd040b121920272e353c434a51585f66
0a11181f262d343b424950575e656c73
171e252c333a41484f565d646b727980
242b323940474e555c636a71787f868d
31383f464d545b626970777e858c939a
3e454c535a61686f767d848b9299a0a7
4b525960676e757c838a91989fa6adb4
585f666d747b828990979ea5acb3bac1
656c737a81888f969da4abb2b9c0c7ce
727980878e959ca3aab1b8bfc6cdd4db
7f868d949ba2a9b0b7bec5ccd3dae1e8
8c939aa1a8afb6bdc4cbd2d9e0e7eef5
99a0a7aeb5bcc3cad1d8dfe6edf4fb02
a6adb4bbc2c9d0d7dee5ecf3fa01080f
b3bac1c8cfd6dde4ebf2f900070e151c
c0c7ced5dce3eaf1f8ff060d141b2229
cdd4dbe2e9f0f7fe050c131a21282f36
dae1e8eff6fd040b121920272e353c43
e7eef5fc030a11181f262d343b424950
f4fb020910171e252c333a41484f565d
01080f161d242b323940474e555c636a
0e151c232a31383f464d545b62697077
1b222930373e454c535a61686f767d84
282f363d444b525960676e757c838a91
353c434a51585f666d747b828990979e
424950575e656c737a81888f969da4ab
4f565d646b727980878e959ca3aab1b8
5c636a71787f868d949ba2a9b0b7bec5
6970777e858c939aa1a8afb6bdc4cbd2
767d848b9299a0a7aeb5bcc3cad1d8df
838a91989fa6adb4bbc2c9d0d7dee5ec
90979ea5acb3bac1c8cfd6dde4ebf2f9
9da4abb2b9c0c7ced5dce3eaf1f8ff06
aab1b8bfc6cdd4dbe2e9f0f7fe050c13
b7bec5ccd3dae1e8eff6fd040b121920
c4cbd2d9e0e7eef5fc030a11181f262d
d1d8dfe6edf4fb020910171e252c333a
dee5ecf3fa01080f161d242b32394047
ebf2f900070e151c232a31383f464d54
f8ff060d141b222930373e454c535a61
050c131a21282f363d444b525960676e
121920272e353c434a51585f666d747b
1f262d343b424950575e656c737a8188
2c333a41484f565d646b727980878e95
3940474e555c636a71787f868d949ba2
464d545b626970777e858c939aa1a8af
535a61686f767d848b9299a0a7aeb5bc
60676e757c838a91989fa6adb4bbc2c9
6d747b828990979ea5acb3bac1c8cfd6
7a81888f969da4abb2b9c0c7ced5dce3
878e959ca3aab1b8bfc6cdd4dbe2e9f0
949ba2a9b0b7bec5ccd3dae1e8eff6fd
a1a8afb6bdc4cbd2d9e0e7eef5fc030a
aeb5bcc3cad1d8dfe6edf4fb02091017
bbc2c9d0d7dee5ecf3fa01080f161d24
c8cfd6dde4ebf2f900070e151c232a31
d5dce3eaf1f8ff060d141b222930373e
e2e9f0f7fe050c131a21282f363d444b
eff6fd040b121920272e353c434a5158
fc030a11181f262d343b424950575e65
0910171e252c333a41484f565d646b72
161d242b323940474e555c636a71787f
232a31383f464d545b626970777e858c
30373e454c535a61686f767d848b9299
3d444b525960676e757c838a91989fa6
4a51585f666d747b828990979ea5acb3
575e656c737a81888f969da4abb2b9c0
646b727980878e959ca3aab1b8bfc6cd
71787f868d949ba2a9b0b7bec5ccd3da
7e858c939aa1a8afb6bdc4cbd2d9e0e7
8b9299a0a7aeb5bcc3cad1d8dfe6edf4
989fa6adb4bbc2c9d0d7dee5ecf3fa01
a5acb3bac1c8cfd6dde4ebf2f900070e
b2b9c0c7ced5dce3eaf1f8ff060d141b
bfc6cdd4dbe2e9f0f7fe050c131a2128
ccd3dae1e8eff6fd040b121920272e35
d9e0e7eef5fc030a11181f262d343b42
e6edf4fb020910171e252c333a41484f
f3fa01080f161d242b323940474e555c
00070e151c232a31383f464d545b6269
0d141b222930373e454c535a61686f76
1a21282f363d444b525960676e757c83
272e353c434a51585f666d747b828990
343b424950575e656c737a81888f969d
41484f565d646b727980878e959ca3aa
4e555c636a71787f868d949ba2a9b0b7
5b626970777e858c939aa1a8afb6bdc4
686f767d848b9299a0a7aeb5bcc3cad1
757c838a91989fa6adb4bbc2c9d0d7de
828990979ea5acb3bac1c8cfd6dde4eb
8f969da4abb2b9c0c7ced5dce3eaf1f8
9ca3aab1b8bfc6cdd4dbe2e9f0f7fe05
a9b0b7bec5ccd3dae1e8eff6fd040b12
b6bdc4cbd2d9e0e7eef5fc030a11181f
c3cad1d8dfe6edf4fb020910171e252c
d0d7dee5ecf3fa01080f161d242b3239
dde4ebf2f900070e151c232a31383f46
eaf1f8ff060d141b222930373e454c53
f7fe050c131a21282f363d444b525960
040b121920272e353c434a51585f666d
11181f262d343b424950575e656c737a
1e252c333a41484f565d646b72798087
2b323940474e555c636a71787f868d94
383f464d545b626970777e858c939aa1
454c535a61686f767d848b9299a0a7ae
525960676e757c838a91989fa6adb4bb
5f666d747b828990979ea5acb3bac1c8
6c737a81888f969da4abb2b9c0c7ced5
7980878e959ca3aab1b8bfc6cdd4dbe2
868d949ba2a9b0b7bec5ccd3dae1e8ef
939aa1a8afb6bdc4cbd2d9e0e7eef5fc
a0a7aeb5bcc3cad1d8dfe6edf4fb0209
adb4bbc2c9d0d7dee5ecf3fa01080f16
bac1c8cfd6dde4ebf2f900070e151c23
c7ced5dce3eaf1f8ff060d141b222930
d4dbe2e9f0f7fe050c131a21282f363d
e1e8eff6fd040b121920272e353c434a
eef5fc030a11181f262d343b42495057
fb020910171e252c333a41484f565d64
080f161d242b323940474e555c636a71
151c232a31383f464d545b626970777e
222930373e454c535a61686f767d848b
2f363d444b525960676e757c838a9198
3c434a51585f666d747b828990979ea5
4950575e656c737a81888f969da4abb2
565d646b727980878e959ca3aab1b8bf
636a71787f868d949ba2a9b0b7bec5cc
70777e858c939aa1a8afb6bdc4cbd2d9
7d848b9299a0a7aeb5bcc3cad1d8dfe6
8a91989fa6adb4bbc2c9d0d7dee5ecf3
979ea5acb3bac1c8cfd6dde4ebf2f900
a4abb2b9c0c7ced5dce3eaf1f8ff060d
b1b8bfc6cdd4dbe2e9f0f7fe050c131a
bec5ccd3dae1e8eff6fd040b12192027
cbd2d9e0e7eef5fc030a11181f262d34
d8dfe6edf4fb020910171e252c333a41
e5ecf3fa01080f161d242b323940474e
f2f900070e151c232a31383f464d545b
ff060d141b222930373e454c535a6168
0c131a21282f363d444b525960676e75
1920272e353c434a51585f666d747b82
262d343b424950575e656c737a81888f
333a41484f565d646b727980878e959c
40474e555c636a71787f868d949ba2a9
4d545b626970777e858c939aa1a8afb6
5a61686f767d848b9299a0a7aeb5bcc3
676e757c838a91989fa6adb4bbc2c9d0
747b828990979ea5acb3bac1c8cfd6dd
81888f969da4abb2b9c0c7ced5dce3ea
8e959ca3aab1b8bfc6cdd4dbe2e9f0f7
9ba2a9b0b7bec5ccd3dae1e8eff6fd04
a8afb6bdc4cbd2d9e0e7eef5fc030a11
b5bcc3cad1d8dfe6edf4fb020910171e
c2c9d0d7dee5ecf3fa01080f161d242b
cfd6dde4ebf2f900070e151c232a3138
dce3eaf1f8ff060d141b222930373e45
e9f0f7fe050c131a21282f363d444b52
f6fd040b121920272e353c434a51585f
030a11181f262d343b424950575e656c
10171e252c333a41484f565d646b7279
1d242b323940474e555c636a71787f86
2a31383f464d545b626970777e858c93
373e454c535a61686f767d848b9299a0
444b525960676e757c838a91989fa6ad
51585f666d747b828990979ea5acb3ba
5e656c737a81888f969da4abb2b9c0c7
6b727980878e959ca3aab1b8bfc6cdd4
787f868d949ba2a9b0b7bec5ccd3dae1
858c939aa1a8afb6bdc4cbd2d9e0e7ee
9299a0a7aeb5bcc3cad1d8dfe6edf4fb
9fa6adb4bbc2c9d0d7dee5ecf3fa0108
acb3bac1c8cfd6dde4ebf2f900070e15
b9c0c7ced5dce3eaf1f8ff060d141b22
c6cdd4dbe2e9f0f7fe050c131a21282f
d3dae1e8eff6fd040b121920272e353c
e0e7eef5fc030a11181f262d343b4249
edf4fb020910171e252c333a41484f56
fa01080f161d242b323940474e555c63
070e151c232a31383f464d545b626970
141b222930373e454c535a61686f767d
21282f363d444b525960676e757c838a
2e353c434a51585f666d747b82899097
3b424950575e656c737a81888f969da4
484f565d646b727980878e959ca3aab1
555c636a71787f868d949ba2a9b0b7be
626970777e858c939aa1a8afb6bdc4cb
6f767d848b9299a0a7aeb5bcc3cad1d8
7c838a91989fa6adb4bbc2c9d0d7dee5
8990979ea5acb3bac1c8cfd6dde4ebf2
969da4abb2b9c0c7ced5dce3eaf1f8ff
a3aab1b8bfc6cdd4dbe2e9f0f7fe050c
b0b7bec5ccd3dae1e8eff6fd040b1219
bdc4cbd2d9e0e7eef5fc030a11181f26
cad1d8dfe6edf4fb020910171e252c33
d7dee5ecf3fa01080f161d242b323940
e4ebf2f900070e151c232a31383f464d
f1f8ff060d141b222930373e454c535a
fe050c131a21282f363d444b52596067
0b121920272e353c434a51585f666d74
181f262d343b424950575e656c737a81
252c333a41484f565d646b727980878e
323940474e555c636a71787f868d949b
3f464d545b626970777e858c939aa1a8
4c535a61686f767d848b9299a0a7aeb5
5960676e757c838a91989fa6adb4bbc2
666d747b828990979ea5acb3bac1c8cf
737a81888f969da4abb2b9c0c7ced5dc
80878e959ca3aab1b8bfc6cdd4dbe2e9
8d949ba2a9b0b7bec5ccd3dae1e8eff6
9aa1a8afb6bdc4cbd2d9e0e7eef5fc03
a7aeb5bcc3cad1d8dfe6edf4fb020910
b4bbc2c9d0d7dee5ecf3fa01080f161d
c1c8cfd6dde4ebf2f900070e151c232a
ced5dce3eaf1f8ff060d141b22293037
dbe2e9f0f7fe050c131a21282f363d44
e8eff6fd040b121920272e353c434a51
f5fc030a11181f262d343b424950575e
020910171e252c333a41484f565d646b
0f161d242b323940474e555c636a7178
1c232a31383f464d545b626970777e85
2930373e454c535a61686f767d848b92
363d444b525960676e757c838a91989f
434a51585f666d747b828990979ea5ac
50575e656c737a81888f969da4abb2b9
5d646b727980878e959ca3aab1b8bfc6
6a71787f868d949ba2a9b0b7bec5ccd3
777e858c939aa1a8afb6bdc4cbd2d9e0
848b9299a0a7aeb5bcc3cad1d8dfe6ed
91989fa6adb4bbc2c9d0d7dee5ecf3fa
9ea5acb3bac1c8cfd6dde4ebf2f90007
abb2b9c0c7ced5dce3eaf1f8ff060d14
b8bfc6cdd4dbe2e9f0f7fe050c131a21
c5ccd3dae1e8eff6fd040b121920272e
d2d9e0e7eef5fc030a11181f262d343b
dfe6edf4fb020910171e252c333a4148
ecf3fa01080f161d242b323940474e55
f900070e151c232a31383f464d545b62
060d141b222930373e454c535a61686f
131a21282f363d444b525960676e757c
20272e353c434a51585f666d747b8289
2d343b424950575e656c737a81888f96
3a41484f565d646b727980878e959ca3
474e555c636a71787f868d949ba2a9b0
545b626970777e858c939aa1a8afb6bd
61686f767d848b9299a0a7aeb5bcc3ca
6e757c838a91989fa6adb4bbc2c9d0d7
7b828990979ea5acb3bac1c8cfd6dde4
888f969da4abb2b9c0c7ced5dce3eaf1
959ca3aab1b8bfc6cdd4dbe2e9f0f7fe
a2a9b0b7bec5ccd3dae1e8eff6fd040b
afb6bdc4cbd2d9e0e7eef5fc030a1118
bcc3cad1d8dfe6edf4fb020910171e25
c9d0d7dee5ecf3fa01080f161d242b32
d6dde4ebf2f900070e151c232a31383f
e3eaf1f8ff060d141b222930373e454c
f0f7fe050c131a21282f363d444b5259
fd040b121920272e353c434a51585f66
0a11181f262d343b424950575e656c73
171e252c333a41484f565d646b727980
242b323940474e555c636a71787f868d
31383f464d545b626970777e858c939a
3e454c535a61686f767d848b9299a0a7
4b525960676e757c838a91989fa6adb4
585f666d747b828990979ea5acb3bac1
656c737a81888f969da4abb2b9c0c7ce
727980878e959ca3aab1b8bfc6cdd4db
7f868d949ba2a9b0b7bec5ccd3dae1e8
8c939aa1a8afb6bdc4cbd2d9e0e7eef5
99a0a7aeb5bcc3cad1d8dfe6edf4fb02
a6adb4bbc2c9d0d7dee5ecf3fa01080f
b3bac1c8cfd6dde4ebf2f900070e151c
c0c7ced5dce3eaf1f8ff060d141b2229
cdd4dbe2e9f0f7fe050c131a21282f36
dae1e8eff6fd040b121920272e353c43
e7eef5fc030a11181f262d343b424950
f4fb020910171e252c333a41484f565d
01080f161d242b323940474e555c636a
0e151c232a31383f464d545b62697077
1b222930373e454c535a61686f767d84
282f363d444b525960676e757c838a91
353c434a51585f666d747b828990979e
424950575e656c737a81888f969da4ab
4f565d646b727980878e959ca3aab1b8
5c636a71787f868d949ba2a9b0b7bec5
6970777e858c939aa1a8afb6bdc4cbd2
767d848b9299a0a7aeb5bcc3cad1d8df
838a91989fa6adb4bbc2c9d0d7dee5ec
90979ea5acb3bac1c8cfd6dde4ebf2f9
9da4abb2b9c0c7ced5dce3eaf1f8ff06
aab1b8bfc6cdd4dbe2e9f0f7fe050c13
b7bec5ccd3dae1e8eff6fd040b121920
c4cbd2d9e0e7eef5fc030a11181f262d
d1d8dfe6edf4fb020910171e252c333a
dee5ecf3fa01080f161d242b32394047
ebf2f900070e151c232a31383f464d54
f8ff060d141b222930373e454c535a61
050c131a21282f363d444b525960676e
121920272e353c434a51585f666d747b
1f262d343b424950575e656c737a8188
2c333a41484f565d646b727980878e95
3940474e555c636a71787f868d949ba2
464d545b626970777e858c939aa1a8af
535a61686f767d848b9299a0a7aeb5bc
60676e757c838a91989fa6adb4bbc2c9
6d747b828990979ea5acb3bac1c8cfd6
7a81888f969da4abb2b9c0c7ced5dce3
878e959ca3aab1b8bfc6cdd4dbe2e9f0
949ba2a9b0b7bec5ccd3dae1e8eff6fd
a1a8afb6bdc4cbd2d9e0e7eef5fc030a
aeb5bcc3cad1d8dfe6edf4fb02091017
bbc2c9d0d7dee5ecf3fa01080f161d24
c8cfd6dde4ebf2f900070e151c232a31
d5dce3eaf1f8ff060d141b222930373e
e2e9f0f7fe050c131a21282f363d444b
eff6fd040b121920272e353c434a5158
fc030a11181f262d343b424950575e65
0910171e252c333a41484f565d646b72
161d242b323940474e555c636a71787f
232a31383f464d545b626970777e858c
30373e454c535a61686f767d848b9299
3d444b525960676e757c838a91989fa6
4a51585f666d747b828990979ea5acb3
575e656c737a81888f969da4abb2b9c0
646b727980878e959ca3aab1b8bfc6cd
71787f868d949ba2a9b0b7bec5ccd3da
7e858c939aa1a8afb6bdc4cbd2d9e0e7
8b9299a0a7aeb5bcc3cad1d8dfe6edf4
989fa6adb4bbc2c9d0d7dee5ecf3fa01
a5acb3bac1c8cfd6dde4ebf2f900070e
b2b9c0c7ced5dce3eaf1f8ff060d141b
bfc6cdd4dbe2e9f0f7fe050c131a2128
ccd3dae1e8eff6fd040b121920272e35
d9e0e7eef5fc030a11181f262d343b42
e6edf4fb020910171e252c333a41484f
f3fa01080f161d242b323940474e555c
00070e151c232a31383f464d545b6269
0d141b222930373e454c535a61686f76
1a21282f363d444b525960676e757c83
272e353c434a51585f666d747b828990
343b424950575e656c737a81888f969d
41484f565d646b727980878e959ca3aa
4e555c636a71787f868d949ba2a9b0b7
5b626970777e858c939aa1a8afb6bdc4
686f767d848b9299a0a7aeb5bcc3cad1
757c838a91989fa6adb4bbc2c9d0d7de
828990979ea5acb3bac1c8cfd6dde4eb
8f969da4abb2b9c0c7ced5dce3eaf1f8
9ca3aab1b8bfc6cdd4dbe2e9f0f7fe05
a9b0b7bec5ccd3dae1e8eff6fd040b12
b6bdc4cbd2d9e0e7eef5fc030a11181f
c3cad1d8dfe6edf4fb020910171e252c
d0d7dee5ecf3fa01080f161d242b3239
dde4ebf2f900070e151c232a31383f46
eaf1f8ff060d141b222930373e454c53
f7fe050c131a21282f363d444b525960
040b121920272e353c434a51585f666d
11181f262d343b424950575e656c737a
1e252c333a41484f565d646b72798087
2b323940474e555c636a71787f868d94
383f464d545b626970777e858c939aa1
454c535a61686f767d848b9299a0a7ae
525960676e757c838a91989fa6adb4bb
5f666d747b828990979ea5acb3bac1c8
6c737a81888f969da4abb2b9c0c7ced5
7980878e959ca3aab1b8bfc6cdd4dbe2
868d949ba2a9b0b7bec5ccd3dae1e8ef
939aa1a8afb6bdc4cbd2d9e0e7eef5fc
a0a7aeb5bcc3cad1d8dfe6edf4fb0209
adb4bbc2c9d0d7dee5ecf3fa01080f16
bac1c8cfd6dde4ebf2f900070e151c23
c7ced5dce3eaf1f8ff060d141b222930
d4dbe2e9f0f7fe050c131a21282f363d
e1e8eff6fd040b121920272e353c434a
eef5fc030a11181f262d343b42495057
fb020910171e252c333a41484f565d64
080f161d242b323940474e555c636a71
151c232a31383f464d545b626970777e
222930373e454c535a61686f767d848b
2f363d444b525960676e757c838a9198
3c434a51585f666d747b828990979ea5
4950575e656c737a81888f969da4abb2
565d646b727980878e959ca3aab1b8bf
636a71787f868d949ba2a9b0b7bec5cc
70777e858c939aa1a8afb6bdc4cbd2d9
7d848b9299a0a7aeb5bcc3cad1d8dfe6
8a91989fa6adb4bbc2c9d0d7dee5ecf3
979ea5acb3bac1c8cfd6dde4ebf2f900
a4abb2b9c0c7ced5dce3eaf1f8ff060d
b1b8bfc6cdd4dbe2e9f0f7fe050c131a
bec5ccd3dae1e8eff6fd040b12192027
cbd2d9e0e7eef5fc030a11181f262d34
d8dfe6edf4fb020910171e252c333a41
e5ecf3fa01080f161d242b323940474e
f2f900070e151c232a31383f464d545b
ff060d141b222930373e454c535a6168
0c131a21282f363d444b525960676e75
1920272e353c434a51585f666d747b82
262d343b424950575e656c737a81888f
333a41484f565d646b727980878e959c
40474e555c636a71787f868d949ba2a9
4d545b626970777e858c939aa1a8afb6
5a61686f767d848b9299a0a7aeb5bcc3
676e757c838a91989fa6adb4bbc2c9d0
747b828990979ea5acb3bac1c8cfd6dd
81888f969da4abb2b9c0c7ced5dce3ea
8e959ca3aab1b8bfc6cdd4dbe2e9f0f7
9ba2a9b0b7bec5ccd3dae1e8eff6fd04
a8afb6bdc4cbd2d9e0e7eef5fc030a11
b5bcc3cad1d8dfe6edf4fb020910171e
c2c9d0d7dee5ecf3fa01080f161d242b
cfd6dde4ebf2f900070e151c232a3138
dce3eaf1f8ff060d141b222930373e45
e9f0f7fe050c131a21282f363d444b52
f6fd040b121920272e353c434a51585f
030a11181f262d343b424950575e656c
10171e252c333a41484f565d646b7279
1d242b323940474e555c636a71787f86
2a31383f464d545b626970777e858c93
373e454c535a61686f767d848b9299a0
444b525960676e757c838a91989fa6ad
51585f666d747b828990979ea5acb3ba
5e656c737a81888f969da4abb2b9c0c7
6b727980878e959ca3aab1b8bfc6cdd4
787f868d949ba2a9b0b7bec5ccd3dae1
858c939aa1a8afb6bdc4cbd2d9e0e7ee
9299a0a7aeb5bcc3cad1d8dfe6edf4fb
9fa6adb4bbc2c9d0d7dee5ecf3fa0108
acb3bac1c8cfd6dde4ebf2f900070e15
b9c0c7ced5dce3eaf1f8ff060d141b22
c6cdd4dbe2e9f0f7fe050c131a21282f
d3dae1e8eff6fd040b121920272e353c
e0e7eef5fc030a11181f262d343b4249
edf4fb020910171e252c333a41484f56
fa01080f161d242b323940474e555c63
070e151c232a31383f464d545b626970
141b222930373e454c535a61686f767d
21282f363d444b525960676e757c838a
2e353c434a51585f666d747b82899097
3b424950575e656c737a81888f969da4
484f565d646b727980878e959ca3aab1
555c636a71787f868d949ba2a9b0b7be
626970777e858c939aa1a8afb6bdc4cb
6f767d848b9299a0a7aeb5bcc3cad1d8
7c838a91989fa6adb4bbc2c9d0d7dee5
8990979ea5acb3bac1c8cfd6dde4ebf2
969da4abb2b9c0c7ced5dce3eaf1f8ff
a3aab1b8bfc6cdd4dbe2e9f0f7fe050c
b0b7bec5ccd3dae1e8eff6fd040b1219
bdc4cbd2d9e0e7eef5fc030a11181f26
cad1d8dfe6edf4fb020910171e252c33
d7dee5ecf3fa01080f161d242b323940
e4ebf2f900070e151c232a31383f464d
f1f8ff060d141b222930373e454c535a
fe050c131a21282f363d444b52596067
0b121920272e353c434a51585f666d74
181f262d343b424950575e656c737a81
252c333a41484f565d646b727980878e
323940474e555c636a71787f868d949b
3f464d545b626970777e858c939aa1a8
4c535a61686f767d848b9299a0a7aeb5
5960676e757c838a91989fa6adb4bbc2
666d747b828990979ea5acb3bac1c8cf
737a81888f969da4abb2b9c0c7ced5dc
80878e959ca3aab1b8bfc6cdd4dbe2e9
8d949ba2a9b0b7bec5ccd3dae1e8eff6
9aa1a8afb6bdc4cbd2d9e0e7eef5fc03
a7aeb5bcc3cad1d8dfe6edf4fb020910
b4bbc2c9d0d7dee5ecf3fa01080f161d
c1c8cfd6dde4ebf2f900070e151c232a
ced5dce3eaf1f8ff060d141b22293037
dbe2e9f0f7fe050c131a21282f363d44
e8eff6fd040b121920272e353c434a51
f5fc030a11181f262d343b424950575e
020910171e252c333a41484f565d646b
0f161d242b323940474e555c636a7178
1c232a31383f464d545b626970777e85
2930373e454c535a61686f767d848b92
363d444b525960676e757c838a91989f
434a51585f666d747b828990979ea5ac
50575e656c737a81888f969da4abb2b9
5d646b727980878e959ca3aab1b8bfc6
6a71787f868d949ba2a9b0b7bec5ccd3
777e858c939aa1a8afb6bdc4cbd2d9e0
848b9299a0a7aeb5bcc3cad1d8dfe6ed
91989fa6adb4bbc2c9d0d7dee5ecf3fa
9ea5acb3bac1c8cfd6dde4ebf2f90007
abb2b9c0c7ced5dce3eaf1f8ff060d14
b8bfc6cdd4dbe2e9f0f7fe050c131a21
c5ccd3dae1e8eff6fd040b121920272e
d2d9e0e7eef5fc030a11181f262d343b
dfe6edf4fb020910171e252c333a4148
ecf3fa01080f161d242b323940474e55
f900070e151c232a31383f464d545b62
060d141b222930373e454c535a61686f
131a21282f363d444b525960676e757c
20272e353c434a51585f666d747b8289
2d343b424950575e656c737a81888f96
3a41484f565d646b727980878e959ca3
474e555c636a71787f868d949ba2a9b0
545b626970777e858c939aa1a8afb6bd
61686f767d848b9299a0a7aeb5bcc3ca
6e757c838a91989fa6adb4bbc2c9d0d7
7b828990979ea5acb3bac1c8cfd6dde4
888f969da4abb2b9c0c7ced5dce3eaf1
959ca3aab1b8bfc6cdd4dbe2e9f0f7fe
a2a9b0b7bec5ccd3dae1e8eff6fd040b
afb6bdc4cbd2d9e0e7eef5fc030a1118
bcc3cad1d8dfe6edf4fb020910171e25
c9d0d7dee5ecf3fa01080f161d242b32
d6dde4ebf2f900070e151c232a31383f
e3eaf1f8ff060d141b222930373e454c
f0f7fe050c131a21282f363d444b5259
fd040b121920272e353c434a51585f66
0a11181f262d343b424950575e656c73
171e252c333a41484f565d646b727980
242b323940474e555c636a71787f868d
31383f464d545b626970777e858c939a
3e454c535a61686f767d848b9299a0a7
4b525960676e757c838a91989fa6adb4
585f666d747b828990979ea5acb3bac1
656c737a81888f969da4abb2b9c0c7ce
727980878e959ca3aab1b8bfc6cdd4db
7f868d949ba2a9b0b7bec5ccd3dae1e8
8c939aa1a8afb6bdc4cbd2d9e0e7eef5
99a0a7aeb5bcc3cad1d8dfe6edf4fb02
a6adb4bbc2c9d0d7dee5ecf3fa01080f
b3bac1c8cfd6dde4ebf2f900070e151c
c0c7ced5dce3eaf1f8ff060d141b2229
cdd4dbe2e9f0f7fe050c131a21282f36
dae1e8eff6fd040b121920272e353c43
e7eef5fc030a11181f262d343b424950
f4fb020910171e252c333a41484f565d
01080f161d242b323940474e555c636a
0e151c232a31383f464d545b62697077
1b222930373e454c535a61686f767d84
282f363d444b525960676e757c838a91
353c434a51585f666d747b828990979e
424950575e656c737a81888f969da4ab
4f565d646b727980878e959ca3aab1b8
5c636a71787f868d949ba2a9b0b7bec5
6970777e858c939aa1a8afb6bdc4cbd2
767d848b9299a0a7aeb5bcc3cad1d8df
838a91989fa6adb4bbc2c9d0d7dee5ec
90979ea5acb3bac1c8cfd6dde4ebf2f9
9da4abb2b9c0c7ced5dce3eaf1f8ff06
aab1b8bfc6cdd4dbe2e9f0f7fe050c13
b7bec5ccd3dae1e8eff6fd040b121920
c4cbd2d9e0e7eef5fc030a11181f262d
d1d8dfe6edf4fb020910171e252c333a
dee5ecf3fa01080f161d242b32394047
ebf2f900070e151c232a31383f464d54
f8ff060d141b222930373e454c535a61
050c131a21282f363d444b525960676e
121920272e353c434a51585f666d747b
1f262d343b424950575e656c737a8188
2c333a41484f565d646b727980878e95
3940474e555c636a71787f868d949ba2
464d545b626970777e858c939aa1a8af
535a61686f767d848b9299a0a7aeb5bc
60676e757c838a91989fa6adb4bbc2c9
6d747b828990979ea5acb3bac1c8cfd6
7a81888f969da4abb2b9c0c7ced5dce3
878e959ca3aab1b8bfc6cdd4dbe2e9f0
949ba2a9b0b7bec5ccd3dae1e8eff6fd
a1a8afb6bdc4cbd2d9e0e7eef5fc030a
aeb5bcc3cad1d8dfe6edf4fb02091017
bbc2c9d0d7dee5ecf3fa01080f161d24
c8cfd6dde4ebf2f900070e151c232a31
d5dce3eaf1f8ff060d141b222930373e
e2e9f0f7fe050c131a21282f363d444b
eff6fd040b121920272e353c434a5158
fc030a11181f262d343b424950575e65
0910171e252c333a41484f565d646b72
161d242b323940474e555c636a71787f
232a31383f464d545b626970777e858c
30373e454c535a61686f767d848b9299
3d444b525960676e757c838a91989fa6
4a51585f666d747b828990979ea5acb3
575e656c737a81888f969da4abb2b9c0
646b727980878e959ca3aab1b8bfc6cd
71787f868d949ba2a9b0b7bec5ccd3da
7e858c939aa1a8afb6bdc4cbd2d9e0e7
8b9299a0a7aeb5bcc3cad1d8dfe6edf4
989fa6adb4bbc2c9d0d7dee5ecf3fa01
a5acb3bac1c8cfd6dde4ebf2f900070e
b2b9c0c7ced5dce3eaf1f8ff060d141b
bfc6cdd4dbe2e9f0f7fe050c131a2128
ccd3dae1e8eff6fd040b121920272e35
d9e0e7eef5fc030a11181f262d343b42
e6edf4fb020910171e252c333a41484f
f3fa01080f161d242b323940474e555c
00070e151c232a31383f464d545b6269
0d141b222930373e454c535a61686f76
1a21282f363d444b525960676e757c83
272e353c434a51585f666d747b828990
343b424950575e656c737a81888f969d
41484f565d646b727980878e959ca3aa
4e555c636a71787f868d949ba2a9b0b7
5b626970777e858c939aa1a8afb6bdc4
686f767d848b9299a0a7aeb5bcc3cad1
757c838a91989fa6adb4bbc2c9d0d7de
828990979ea5acb3bac1c8cfd6dde4eb
8f969da4abb2b9c0c7ced5dce3eaf1f8
9ca3aab1b8bfc6cdd4dbe2e9f0f7fe05
a9b0b7bec5ccd3dae1e8eff6fd040b12
b6bdc4cbd2d9e0e7eef5fc030a11181f
c3cad1d8dfe6edf4fb020910171e252c
d0d7dee5ecf3fa01080f161d242b3239
dde4ebf2f900070e151c232a31383f46
eaf1f8ff060d141b222930373e454c53
f7fe050c131a21282f363d444b525960
040b121920272e353c434a51585f666d
11181f262d343b424950575e656c737a
1e252c333a41484f565d646b72798087
2b323940474e555c636a71787f868d94
383f464d545b626970777e858c939aa1
454c535a61686f767d848b9299a0a7ae
525960676e757c838a91989fa6adb4bb
5f666d747b828990979ea5acb3bac1c8
6c737a81888f969da4abb2b9c0c7ced5
7980878e959ca3aab1b8bfc6cdd4dbe2
868d949ba2a9b0b7bec5ccd3dae1e8ef
939aa1a8afb6bdc4cbd2d9e0e7eef5fc
a0a7aeb5bcc3cad1d8dfe6edf4fb0209
adb4bbc2c9d0d7dee5ecf3fa01080f16
bac1c8cfd6dde4ebf2f900070e151c23
c7ced5dce3eaf1f8ff060d141b222930
d4dbe2e9f0f7fe050c131a21282f363d
e1e8eff6fd040b121920272e353c434a
eef5fc030a11181f262d343b42495057
fb020910171e252c333a41484f565d64
080f161d242b323940474e555c636a71
151c232a31383f464d545b626970777e
222930373e454c535a61686f767d848b
2f363d444b525960676e757c838a9198
3c434a51585f666d747b828990979ea5
4950575e656c737a81888f969da4abb2
565d646b727980878e959ca3aab1b8bf
636a71787f868d949ba2a9b0b7bec5cc
70777e858c939aa1a8afb6bdc4cbd2d9
7d848b9299a0a7aeb5bcc3cad1d8dfe6
8a91989fa6adb4bbc2c9d0d7dee5ecf3
979ea5acb3bac1c8cfd6dde4ebf2f900
a4abb2b9c0c7ced5dce3eaf1f8ff060d
b1b8bfc6cdd4dbe2e9f0f7fe050c131a
bec5ccd3dae1e8eff6fd040b12192027
cbd2d9e0e7eef5fc030a11181f262d34
d8dfe6edf4fb020910171e252c333a41
e5ecf3fa01080f161d242b323940474e
f2f900070e151c232a31383f464d545b
ff060d141b222930373e454c535a6168
0c131a21282f363d444b525960676e75
1920272e353c434a51585f666d747b82
262d343b424950575e656c737a81888f
333a41484f565d646b727980878e959c
40474e555c636a71787f868d949ba2a9
4d545b626970777e858c939aa1a8afb6
5a61686f767d848b9299a0a7aeb5bcc3
676e757c838a91989fa6adb4bbc2c9d0
747b828990979ea5acb3bac1c8cfd6dd
81888f969da4abb2b9c0c7ced5dce3ea
8e959ca3aab1b8bfc6cdd4dbe2e9f0f7
9ba2a9b0b7bec5ccd3dae1e8eff6fd04
a8afb6bdc4cbd2d9e0e7eef5fc030a11
b5bcc3cad1d8dfe6edf4fb020910171e
c2c9d0d7dee5ecf3fa01080f161d242b
cfd6dde4ebf2f900070e151c232a3138
dce3eaf1f8ff060d141b222930373e45
e9f0f7fe050c131a21282f363d444b52
f6fd040b121920272e353c434a51585f
030a11181f262d343b424950575e656c
10171e252c333a41484f565d646b7279
1d242b323940474e555c636a71787f86
2a31383f464d545b626970777e858c93
373e454c535a61686f767d848b9299a0
444b525960676e757c838a91989fa6ad
51585f666d747b828990979ea5acb3ba
5e656c737a81888f969da4abb2b9c0c7
6b727980878e959ca3aab1b8bfc6cdd4
787f868d949ba2a9b0b7bec5ccd3dae1
858c939aa1a8afb6bdc4cbd2d9e0e7ee
9299a0a7aeb5bcc3cad1d8dfe6edf4fb
9fa6adb4bbc2c9d0d7dee5ecf3fa0108
acb3bac1c8cfd6dde4ebf2f900070e15
b9c0c7ced5dce3eaf1f8ff060d141b22
c6cdd4dbe2e9f0f7fe050c131a21282f
d3dae1e8eff6fd040b121920272e353c
e0e7eef5fc030a11181f262d343b4249
edf4fb020910171e252c333a41484f56
fa01080f161d242b323940474e555c63
070e151c232a31383f464d545b626970
141b222930373e454c535a61686f767d
21282f363d444b525960676e757c838a
2e353c434a51585f666d747b82899097
3b424950575e656c737a81888f969da4
484f565d646b727980878e959ca3aab1
555c636a71787f868d949ba2a9b0b7be
626970777e858c939aa1a8afb6bdc4cb
6f767d848b9299a0a7aeb5bcc3cad1d8
7c838a91989fa6adb4bbc2c9d0d7dee5
8990979ea5acb3bac1c8cfd6dde4ebf2
969da4abb2b9c0c7ced5dce3eaf1f8ff
a3aab1b8bfc6cdd4dbe2e9f0f7fe050c
b0b7bec5ccd3dae1e8eff6fd040b1219
bdc4cbd2d9e0e7eef5fc030a11181f26
cad1d8dfe6edf4fb020910171e252c33
d7dee5ecf3fa01080f161d242b323940
e4ebf2f900070e151c232a31383f464d
f1f8ff060d141b222930373e454c535a
fe050c131a21282f363d444b52596067
0b121920272e353c434a51585f666d74
181f262d343b424950575e656c737a81
252c333a41484f565d646b727980878e
323940474e555c636a71787f868d949b
3f464d545b626970777e858c939aa1a8
4c535a61686f767d848b9299a0a7aeb5
5960676e757c838a91989fa6adb4bbc2
666d747b828990979ea5acb3bac1c8cf
737a81888f969da4abb2b9c0c7ced5dc
80878e959ca3aab1b8bfc6cdd4dbe2e9
8d949ba2a9b0b7bec5ccd3dae1e8eff6
9aa1a8afb6bdc4cbd2d9e0e7eef5fc03
a7aeb5bcc3cad1d8dfe6edf4fb020910
b4bbc2c9d0d7dee5ecf3fa01080f161d
c1c8cfd6dde4ebf2f900070e151c232a
ced5dce3eaf1f8ff060d141b22293037
dbe2e9f0f7fe050c131a21282f363d44
e8eff6fd040b121920272e353c434a51
f5fc030a11181f262d343b424950575e
020910171e252c333a41484f565d646b
0f161d242b323940474e555c636a7178
1c232a31383f464d545b626970777e85
2930373e454c535a61686f767d848b92
363d444b525960676e757c838a91989f
434a51585f666d747b828990979ea5ac
50575e656c737a81888f969da4abb2b9
5d646b727980878e959ca3aab1b8bfc6
6a71787f868d949ba2a9b0b7bec5ccd3
777e858c939aa1a8afb6bdc4cbd2d9e0
848b9299a0a7aeb5bcc3cad1d8dfe6ed
91989fa6adb4bbc2c9d0d7dee5ecf3fa
9ea5acb3bac1c8cfd6dde4ebf2f90007
abb2b9c0c7ced5dce3eaf1f8ff060d14
b8bfc6cdd4dbe2e9f0f7fe050c131a21
c5ccd3dae1e8eff6fd040b121920272e
d2d9e0e7eef5fc030a11181f262d343b
dfe6edf4fb020910171e252c333a4148
ecf3fa01080f161d242b323940474e55
f900070e151c232a31383f464d545b62
060d141b222930373e454c535a61686f
131a21282f363d444b525960676e757c
20272e353c434a51585f666d747b8289
2d343b424950575e656c737a81888f96
3a41484f565d646b727980878e959ca3
474e555c636a71787f868d949ba2a9b0
545b626970777e858c939aa1a8afb6bd
61686f767d848b9299a0a7aeb5bcc3ca
6e757c838a91989fa6adb4bbc2c9d0d7
7b828990979ea5acb3bac1c8cfd6dde4
888f969da4abb2b9c0c7ced5dce3eaf1
959ca3aab1b8bfc6cdd4dbe2e9f0f7fe
a2a9b0b7bec5ccd3dae1e8eff6fd040b
afb6bdc4cbd2d9e0e7eef5fc030a1118
bcc3cad1d8dfe6edf4fb020910171e25
c9d0d7dee5ecf3fa01080f161d242b32
d6dde4ebf2f900070e151c232a31383f
e3eaf1f8ff060d141b222930373e454c
f0f7fe050c131a21282f363d444b5259
fd040b121920272e353c434a51585f66
0a11181f262d343b424950575e656c73
171e252c333a41484f565d646b727980
242b323940474e555c636a71787f868d
31383f464d545b626970777e858c939a
3e454c535a61686f767d848b9299a0a7
4b525960676e757c838a91989fa6adb4
585f666d747b828990979ea5acb3bac1
656c737a81888f969da4abb2b9c0c7ce
727980878e959ca3aab1b8bfc6cdd4db
7f868d949ba2a9b0b7bec5ccd3dae1e8
8c939aa1a8afb6bdc4cbd2d9e0e7eef5
99a0a7aeb5bcc3cad1d8dfe6edf4fb02
a6adb4bbc2c9d0d7dee5ecf3fa01080f
b3bac1c8cfd6dde4ebf2f900070e151c
c0c7ced5dce3eaf1f8ff060d141b2229
cdd4dbe2e9f0f7fe050c131a21282f36
dae1e8eff6fd040b121920272e353c43
e7eef5fc030a11181f262d343b424950
f4fb020910171e252c333a41484f565d
01080f161d242b323940474e555c636a
0e151c232a31383f464d545b62697077
1b222930373e454c535a61686f767d84
282f363d444b525960676e757c838a91
353c434a51585f666d747b828990979e
424950575e656c737a81888f969da4ab
4f565d646b727980878e959ca3aab1b8
5c636a71787f868d949ba2a9b0b7bec5
6970777e858c939aa1a8afb6bdc4cbd2
767d848b9299a0a7aeb5bcc3cad1d8df
838a91989fa6adb4bbc2c9d0d7dee5ec
90979ea5acb3bac1c8cfd6dde4ebf2f9
9da4abb2b9c0c7ced5dce3eaf1f8ff06
aab1b8bfc6cdd4dbe2e9f0f7fe050c13
b7bec5ccd3dae1e8eff6fd040b121920
c4cbd2d9e0e7eef5fc030a11181f262d
d1d8dfe6edf4fb020910171e252c333a
dee5ecf3fa01080f161d242b32394047
ebf2f900070e151c232a31383f464d54
f8ff060d141b222930373e454c535a61
050c131a21282f363d444b525960676e
121920272e353c434a51585f666d747b
1f262d343b424950575e656c737a8188
2c333a41484f565d646b727980878e95
3940474e555c636a71787f868d949ba2
464d545b626970777e858c939aa1a8af
535a61686f767d848b9299a0a7aeb5bc
60676e757c838a91989fa6adb4bbc2c9
6d747b828990979ea5acb3bac1c8cfd6
7a81888f969da4abb2b9c0c7ced5dce3
878e959ca3aab1b8bfc6cdd4dbe2e9f0
949ba2a9b0b7bec5ccd3dae1e8eff6fd
a1a8afb6bdc4cbd2d9e0e7eef5fc030a
aeb5bcc3cad1d8dfe6edf4fb02091017
bbc2c9d0d7dee5ecf3fa01080f161d24
c8cfd6dde4ebf2f900070e151c232a31
d5dce3eaf1f8ff060d141b222930373e
e2e9f0f7fe050c131a21282f363d444b
eff6fd040b121920272e353c434a5158
fc030a11181f262d343b424950575e65
0910171e252c333a41484f565d646b72
161d242b323940474e555c636a71787f
232a31383f464d545b626970777e858c
30373e454c535a61686f767d848b9299
3d444b525960676e757c838a91989fa6
4a51585f666d747b828990979ea5acb3
575e656c737a81888f969da4abb2b9c0
646b727980878e959ca3aab1b8bfc6cd
71787f868d949ba2a9b0b7bec5ccd3da
7e858c939aa1a8afb6bdc4cbd2d9e0e7
8b9299a0a7aeb5bcc3cad1d8dfe6edf4
989fa6adb4bbc2c9d0d7dee5ecf3fa01
a5acb3bac1c8cfd6dde4ebf2f900070e
b2b9c0c7ced5dce3eaf1f8ff060d141b
bfc6cdd4dbe2e9f0f7fe050c131a2128
ccd3dae1e8eff6fd040b121920272e35
d9e0e7eef5fc030a11181f262d343b42
e6edf4fb020910171e252c333a41484f
f3fa01080f161d242b323940474e555c
00070e151c232a31383f464d545b6269
0d141b222930373e454c535a61686f76
1a21282f363d444b525960676e757c83
272e353c434a51585f666d747b828990
343b424950575e656c737a81888f969d
41484f565d646b727980878e959ca3aa
4e555c636a71787f868d949ba2a9b0b7
5b626970777e858c939aa1a8afb6bdc4
686f767d848b9299a0a7aeb5bcc3cad1
757c838a91989fa6adb4bbc2c9d0d7de
828990979ea5acb3bac1c8cfd6dde4eb
8f969da4abb2b9c0c7ced5dce3eaf1f8
9ca3aab1b8bfc6cdd4dbe2e9f0f7fe05
a9b0b7bec5ccd3dae1e8eff6fd040b12
b6bdc4cbd2d9e0e7eef5fc030a11181f
c3cad1d8dfe6edf4fb020910171e252c
d0d7dee5ecf3fa01080f161d242b3239
dde4ebf2f900070e151c232a31383f46
eaf1f8ff060d141b222930373e454c53
f7fe050c131a21282f363d444b525960
040b121920272e353c434a51585f666d
11181f262d343b424950575e656c737a
1e252c333a41484f565d646b72798087
2b323940474e555c636a71787f868d94
383f464d545b626970777e858c939aa1
454c535a61686f767d848b9299a0a7ae
525960676e757c838a91989fa6adb4bb
5f666d747b828990979ea5acb3bac1c8
6c737a81888f969da4abb2b9c0c7ced5
7980878e959ca3aab1b8bfc6cdd4dbe2
868d949ba2a9b0b7bec5ccd3dae1e8ef
939aa1a8afb6bdc4cbd2d9e0e7eef5fc
a0a7aeb5bcc3cad1d8dfe6edf4fb0209
adb4bbc2c9d0d7dee5ecf3fa01080f16
bac1c8cfd6dde4ebf2f900070e151c23
c7ced5dce3eaf1f8ff060d141b222930
d4dbe2e9f0f7fe050c131a21282f363d
e1e8eff6fd040b121920272e353c434a
eef5fc030a11181f262d343b42495057
fb020910171e252c333a41484f565d64
080f161d242b323940474e555c636a71
151c232a31383f464d545b626970777e
222930373e454c535a61686f767d848b
2f363d444b525960676e757c838a9198
3c434a51585f666d747b828990979ea5
4950575e656c737a81888f969da4abb2
565d646b727980878e959ca3aab1b8bf
636a71787f868d949ba2a9b0b7bec5cc
70777e858c939aa1a8afb6bdc4cbd2d9
7d848b9299a0a7aeb5bcc3cad1d8dfe6
8a91989fa6adb4bbc2c9d0d7dee5ecf3
979ea5acb3bac1c8cfd6dde4ebf2f900
a4abb2b9c0c7ced5dce3eaf1f8ff060d
b1b8bfc6cdd4dbe2e9f0f7fe050c131a
bec5ccd3dae1e8eff6fd040b12192027
cbd2d9e0e7eef5fc030a11181f262d34
d8dfe6edf4fb020910171e252c333a41
e5ecf3fa01080f161d242b323940474e
f2f900070e151c232a31383f464d545b
ff060d141b222930373e454c535a6168
0c131a21282f363d444b525960676e75
1920272e353c434a51585f666d747b82
262d343b424950575e656c737a81888f
333a41484f565d646b727980878e959c
40474e555c636a71787f868d949ba2a9
4d545b626970777e858c939aa1a8afb6
5a61686f767d848b9299a0a7aeb5bcc3
676e757c838a91989fa6adb4bbc2c9d0
747b828990979ea5acb3bac1c8cfd6dd
81888f969da4abb2b9c0c7ced5dce3ea
8e959ca3aab1b8bfc6cdd4dbe2e9f0f7
9ba2a9b0b7bec5ccd3dae1e8eff6fd04
a8afb6bdc4cbd2d9e0e7eef5fc030a11
b5bcc3cad1d8dfe6edf4fb020910171e
c2c9d0d7dee5ecf3fa01080f161d242b
cfd6dde4ebf2f900070e151c232a3138
dce3eaf1f8ff060d141b222930373e45
e9f0f7fe050c131a21282f363d444b52
f6fd040b121920272e353c434a51585f
030a11181f262d343b424950575e656c
10171e252c333a41484f565d646b7279
1d242b323940474e555c636a71787f86
2a31383f464d545b626970777e858c93
373e454c535a61686f767d848b9299a0
444b525960676e757c838a91989fa6ad
51585f666d747b828990979ea5acb3ba
5e656c737a81888f969da4abb2b9c0c7
6b727980878e959ca3aab1b8bfc6cdd4
787f868d949ba2a9b0b7bec5ccd3dae1
858c939aa1a8afb6bdc4cbd2d9e0e7ee
9299a0a7aeb5bcc3cad1d8dfe6edf4fb
9fa6adb4bbc2c9d0d7dee5ecf3fa0108
acb3bac1c8cfd6dde4ebf2f900070e15
b9c0c7ced5dce3eaf1f8ff060d141b22
c6cdd4dbe2e9f0f7fe050c131a21282f
d3dae1e8eff6fd040b121920272e353c
e0e7eef5fc030a11181f262d343b4249
edf4fb020910171e252c333a41484f56
fa01080f161d242b323940474e555c63
070e151c232a31383f464d545b626970
141b222930373e454c535a61686f767d
21282f363d444b525960676e757c838a
2e353c434a51585f666d747b82899097
3b424950575e656c737a81888f969da4
484f565d646b727980878e959ca3aab1
555c636a71787f868d949ba2a9b0b7be
626970777e858c939aa1a8afb6bdc4cb
6f767d848b9299a0a7aeb5bcc3cad1d8
7c838a91989fa6adb4bbc2c9d0d7dee5
8990979ea5acb3bac1c8cfd6dde4ebf2
969da4abb2b9c0c7ced5dce3eaf1f8ff
a3aab1b8bfc6cdd4dbe2e9f0f7fe050c
b0b7bec5ccd3dae1e8eff6fd040b1219
bdc4cbd2d9e0e7eef5fc030a11181f26
cad1d8dfe6edf4fb020910171e252c33
d7dee5ecf3fa01080f161d242b323940
e4ebf2f900070e151c232a31383f464d
f1f8ff060d141b222930373e454c535a
fe050c131a21282f363d444b52596067
0b121920272e353c434a51585f666d74
181f262d343b424950575e656c737a81
252c333a41484f565d646b727980878e
323940474e555c636a71787f868d949b
3f464d545b626970777e858c939aa1a8
4c535a61686f767d848b9299a0a7aeb5
5960676e757c838a91989fa6adb4bbc2
666d747b828990979ea5acb3bac1c8cf
737a81888f969da4abb2b9c0c7ced5dc
80878e959ca3aab1b8bfc6cdd4dbe2e9
8d949ba2a9b0b7bec5ccd3dae1e8eff6
9aa1a8afb6bdc4cbd2d9e0e7eef5fc03
a7aeb5bcc3cad1d8dfe6edf4fb020910
b4bbc2c9d0d7dee5ecf3fa01080f161d
c1c8cfd6dde4ebf2f900070e151c232a
ced5dce3eaf1f8ff060d141b22293037
dbe2e9f0f7fe050c131a21282f363d44
e8eff6fd040b121920272e353c434a51
f5fc030a11181f262d343b424950575e
020910171e252c333a41484f565d646b
0f161d242b323940474e555c636a7178
1c232a31383f464d545b626970777e85
2930373e454c535a61686f767d848b92
363d444b525960676e757c838a91989f
434a51585f666d747b828990979ea5ac
50575e656c737a81888f969da4abb2b9
5d646b727980878e959ca3aab1b8bfc6
6a71787f868d949ba2a9b0b7bec5ccd3
777e858c939aa1a8afb6bdc4cbd2d9e0
848b9299a0a7aeb5bcc3cad1d8dfe6ed
91989fa6adb4bbc2c9d0d7dee5ecf3fa
9ea5acb3bac1c8cfd6dde4ebf2f90007
abb2b9c0c7ced5dce3eaf1f8ff060d14
b8bfc6cdd4dbe2e9f0f7fe050c131a21
c5ccd3dae1e8eff6fd040b121920272e
d2d9e0e7eef5fc030a11181f262d343b
dfe6edf4fb020910171e252c333a4148
ecf3fa01080f161d242b323940474e55
f900070e151c232a31383f464d545b62
060d141b222930373e454c535a61686f
131a21282f363d444b525960676e757c
20272e353c434a51585f666d747b8289
2d343b424950575e656c737a81888f96
3a41484f565d646b727980878e959ca3
474e555c636a71787f868d949ba2a9b0
545b626970777e858c939aa1a8afb6bd
61686f767d848b9299a0a7aeb5bcc3ca
6e757c838a91989fa6adb4bbc2c9d0d7
7b828990979ea5acb3bac1c8cfd6dde4
888f969da4abb2b9c0c7ced5dce3eaf1
959ca3aab1b8bfc6cdd4dbe2e9f0f7fe
a2a9b0b7bec5ccd3dae1e8eff6fd040b
afb6bdc4cbd2d9e0e7eef5fc030a1118
bcc3cad1d8dfe6edf4fb020910171e25
c9d0d7dee5ecf3fa01080f161d242b32
d6dde4ebf2f900070e151c232a31383f
e3eaf1f8ff060d141b222930373e454c
f0f7fe050c131a21282f363d444b5259
fd040b121920272e353c434a51585f66
0a11181f262d343b424950575e656c73
171e252c333a41484f565d646b727980
242b323940474e555c636a71787f868d
31383f464d545b626970777e858c939a
3e454c535a61686f767d848b9299a0a7
4b525960676e757c838a91989fa6adb4
585f666d747b828990979ea5acb3bac1
656c737a81888f969da4abb2b9c0c7ce
727980878e959ca3aab1b8bfc6cdd4db
7f868d949ba2a9b0b7bec5ccd3dae1e8
8c939aa1a8afb6bdc4cbd2d9e0e7eef5
99a0a7aeb5bcc3cad1d8dfe6edf4fb02
a6adb4bbc2c9d0d7dee5ecf3fa01080f
b3bac1c8cfd6dde4ebf2f900070e151c
c0c7ced5dce3eaf1f8ff060d141b2229
cdd4dbe2e9f0f7fe050c131a21282f36
dae1e8eff6fd040b121920272e353c43
e7eef5fc030a11181f262d343b424950
f4fb020910171e252c333a41484f565d
01080f161d242b323940474e555c636a
0e151c232a31383f464d545b62697077
1b222930373e454c535a61686f767d84
282f363d444b525960676e757c838a91
353c434a51585f666d747b828990979e
424950575e656c737a81888f969da4ab
4f565d646b727980878e959ca3aab1b8
5c636a71787f868d949ba2a9b0b7bec5
6970777e858c939aa1a8afb6bdc4cbd2
767d848b9299a0a7aeb5bcc3cad1d8df
838a91989fa6adb4bbc2c9d0d7dee5ec
90979ea5acb3bac1c8cfd6dde4ebf2f9
9da4abb2b9c0c7ced5dce3eaf1f8ff06
aab1b8bfc6cdd4dbe2e9f0f7fe050c13
b7bec5ccd3dae1e8eff6fd040b121920
c4cbd2d9e0e7eef5fc030a11181f262d
d1d8dfe6edf4fb020910171e252c333a
dee5ecf3fa01080f161d242b32394047
ebf2f900070e151c232a31383f464d54
f8ff060d141b222930373e454c535a61
050c131a21282f363d444b525960676e
121920272e353c434a51585f666d747b
1f262d343b424950575e656c737a8188
2c333a41484f565d646b727980878e95
3940474e555c636a71787f868d949ba2
464d545b626970777e858c939aa1a8af
535a61686f767d848b9299a0a7aeb5bc
60676e757c838a91989fa6adb4bbc2c9
6d747b828990979ea5acb3bac1c8cfd6
7a81888f969da4abb2b9c0c7ced5dce3
878e959ca3aab1b8bfc6cdd4dbe2e9f0
949ba2a9b0b7bec5ccd3dae1e8eff6fd
a1a8afb6bdc4cbd2d9e0e7eef5fc030a
aeb5bcc3cad1d8dfe6edf4fb02091017
bbc2c9d0d7dee5ecf3fa01080f161d24
c8cfd6dde4ebf2f900070e151c232a31
d5dce3eaf1f8ff060d141b222930373e
e2e9f0f7fe050c131a21282f363d444b
eff6fd040b121920272e353c434a5158
fc030a11181f262d343b424950575e65
0910171e252c333a41484f565d646b72
161d242b323940474e555c636a71787f
232a31383f464d545b626970777e858c
30373e454c535a61686f767d848b9299
3d444b525960676e757c838a91989fa6
4a51585f666d747b828990979ea5acb3
575e656c737a81888f969da4abb2b9c0
646b727980878e959ca3aab1b8bfc6cd
71787f868d949ba2a9b0b7bec5ccd3da
7e858c939aa1a8afb6bdc4cbd2d9e0e7
8b9299a0a7aeb5bcc3cad1d8dfe6edf4
989fa6adb4bbc2c9d0d7dee5ecf3fa01
a5acb3bac1c8cfd6dde4ebf2f900070e
b2b9c0c7ced5dce3eaf1f8ff060d141b
bfc6cdd4dbe2e9f0f7fe050c131a2128
ccd3dae1e8eff6fd040b121920272e35
d9e0e7eef5fc030a11181f262d343b42
e6edf4fb020910171e252c333a41484f
f3fa01080f161d242b323940474e555c
00070e151c232a31383f464d545b6269
0d141b222930373e454c535a61686f76
1a21282f363d444b525960676e757c83
272e353c434a51585f666d747b828990
343b424950575e656c737a81888f969d
41484f565d646b727980878e959ca3aa
4e555c636a71787f868d949ba2a9b0b7
5b626970777e858c939aa1a8afb6bdc4
686f767d848b9299a0a7aeb5bcc3cad1
757c838a91989fa6adb4bbc2c9d0d7de
828990979ea5acb3bac1c8cfd6dde4eb
8f969da4abb2b9c0c7ced5dce3eaf1f8
9ca3aab1b8bfc6cdd4dbe2e9f0f7fe05
a9b0b7bec5ccd3dae1e8eff6fd040b12
b6bdc4cbd2d9e0e7eef5fc030a11181f
c3cad1d8dfe6edf4fb020910171e252c
d0d7dee5ecf3fa01080f161d242b3239
dde4ebf2f900070e151c232a31383f46
eaf1f8ff060d141b222930373e454c53
f7fe050c131a21282f363d444b525960
040b121920272e353c434a51585f666d
11181f262d343b424950575e656c737a
1e252c333a41484f565d646b72798087
2b323940474e555c636a71787f868d94
383f464d545b626970777e858c939aa1
454c535a61686f767d848b9299a0a7ae
525960676e757c838a91989fa6adb4bb
5f666d747b828990979ea5acb3bac1c8
6c737a81888f969da4abb2b9c0c7ced5
7980878e959ca3aab1b8bfc6cdd4dbe2
868d949ba2a9b0b7bec5ccd3dae1e8ef
939aa1a8afb6bdc4cbd2d9e0e7eef5fc
a0a7aeb5bcc3cad1d8dfe6edf4fb0209
adb4bbc2c9d0d7dee5ecf3fa01080f16
bac1c8cfd6dde4ebf2f900070e151c23
c7ced5dce3eaf1f8ff060d141b222930
d4dbe2e9f0f7fe050c131a21282f363d
e1e8eff6fd040b121920272e353c434a
eef5fc030a11181f262d343b42495057
fb020910171e252c333a41484f565d64
080f161d242b323940474e555c636a71
151c232a31383f464d545b626970777e
222930373e454c535a61686f767d848b
2f363d444b525960676e757c838a9198
3c434a51585f666d747b828990979ea5
4950575e656c737a81888f969da4abb2
565d646b727980878e959ca3aab1b8bf
636a71787f868d949ba2a9b0b7bec5cc
70777e858c939aa1a8afb6bdc4cbd2d9
7d848b9299a0a7aeb5bcc3cad1d8dfe6
8a91989fa6adb4bbc2c9d0d7dee5ecf3
979ea5acb3bac1c8cfd6dde4ebf2f900
a4abb2b9c0c7ced5dce3eaf1f8ff060d
b1b8bfc6cdd4dbe2e9f0f7fe050c131a
bec5ccd3dae1e8eff6fd040b12192027
cbd2d9e0e7eef5fc030a11181f262d34
d8dfe6edf4fb020910171e252c333a41
e5ecf3fa01080f161d242b323940474e
f2f900070e151c232a31383f464d545b
ff060d141b222930373e454c535a6168
0c131a21282f363d444b525960676e75
1920272e353c434a51585f666d747b82
262d343b424950575e656c737a81888f
333a41484f565d646b727980878e959c
40474e555c636a71787f868d949ba2a9
4d545b626970777e858c939aa1a8afb6
5a61686f767d848b9299a0a7aeb5bcc3
676e757c838a91989fa6adb4bbc2c9d0
747b828990979ea5acb3bac1c8cfd6dd
81888f969da4abb2b9c0c7ced5dce3ea
8e959ca3aab1b8bfc6cdd4dbe2e9f0f7
9ba2a9b0b7bec5ccd3dae1e8eff6fd04
a8afb6bdc4cbd2d9e0e7eef5fc030a11
b5bcc3cad1d8dfe6edf4fb020910171e
c2c9d0d7dee5ecf3fa01080f161d242b
cfd6dde4ebf2f900070e151c232a3138
dce3eaf1f8ff060d141b222930373e45
e9f0f7fe050c131a21282f363d444b52
f6fd040b121920272e353c434a51585f
030a11181f262d343b424950575e656c
10171e252c333a41484f565d646b7279
1d242b323940474e555c636a71787f86
2a31383f464d545b626970777e858c93
373e454c535a61686f767d848b9299a0
444b525960676e757c838a91989fa6ad
51585f666d747b828990979ea5acb3ba
5e656c737a81888f969da4abb2b9c0c7
6b727980878e959ca3aab1b8bfc6cdd4
787f868d949ba2a9b0b7bec5ccd3dae1
858c939aa1a8afb6bdc4cbd2d9e0e7ee
9299a0a7aeb5bcc3cad1d8dfe6edf4fb
9fa6adb4bbc2c9d0d7dee5ecf3fa0108
acb3bac1c8cfd6dde4ebf2f900070e15
b9c0c7ced5dce3eaf1f8ff060d141b22
c6cdd4dbe2e9f0f7fe050c131a21282f
d3dae1e8eff6fd040b121920272e353c
e0e7eef5fc030a11181f262d343b4249
edf4fb020910171e252c333a41484f56
fa01080f161d242b323940474e555c63
070e151c232a31383f464d545b626970
141b222930373e454c535a61686f767d
21282f363d444b525960676e757c838a
2e353c434a51585f666d747b82899097
3b424950575e656c737a81888f969da4
484f565d646b727980878e959ca3aab1
555c636a71787f868d949ba2a9b0b7be
626970777e858c939aa1a8afb6bdc4cb
6f767d848b9299a0a7aeb5bcc3cad1d8
7c838a91989fa6adb4bbc2c9d0d7dee5
8990979ea5acb3bac1c8cfd6dde4ebf2
969da4abb2b9c0c7ced5dce3eaf1f8ff
a3aab1b8bfc6cdd4dbe2e9f0f7fe050c
b0b7bec5ccd3dae1e8eff6fd040b1219
bdc4cbd2d9e0e7eef5fc030a11181f26
cad1d8dfe6edf4fb020910171e252c33
d7dee5ecf3fa01080f161d242b323940
e4ebf2f900070e151c232a31383f464d
f1f8ff060d141b222930373e454c535a
fe050c131a21282f363d444b52596067
0b121920272e353c434a51585f666d74
181f262d343b424950575e656c737a81
252c333a41484f565d646b727980878e
323940474e555c636a71787f868d949b
3f464d545b626970777e858c939aa1a8
4c535a61686f767d848b9299a0a7aeb5
5960676e757c838a91989fa6adb4bbc2
666d747b828990979ea5acb3bac1c8cf
737a81888f969da4abb2b9c0c7ced5dc
80878e959ca3aab1b8bfc6cdd4dbe2e9
8d949ba2a9b0b7bec5ccd3dae1e8eff6
9aa1a8afb6bdc4cbd2d9e0e7eef5fc03
a7aeb5bcc3cad1d8dfe6edf4fb020910
b4bbc2c9d0d7dee5ecf3fa01080f161d
c1c8cfd6dde4ebf2f900070e151c232a
ced5dce3eaf1f8ff060d141b22293037
dbe2e9f0f7fe050c131a21282f363d44
e8eff6fd040b121920272e353c434a51
f5fc030a11181f262d343b424950575e
020910171e252c333a41484f565d646b
0f161d242b323940474e555c636a7178
1c232a31383f464d545b626970777e85
2930373e454c535a61686f767d848b92
363d444b525960676e757c838a91989f
434a51585f666d747b828990979ea5ac
50575e656c737a81888f969da4abb2b9
5d646b727980878e959ca3aab1b8bfc6
6a71787f868d949ba2a9b0b7bec5ccd3
777e858c939aa1a8afb6bdc4cbd2d9e0
848b9299a0a7aeb5bcc3cad1d8dfe6ed
91989fa6adb4bbc2c9d0d7dee5ecf3fa
9ea5acb3bac1c8cfd6dde4ebf2f90007
abb2b9c0c7ced5dce3eaf1f8ff060d14
b8bfc6cdd4dbe2e9f0f7fe050c131a21
c5ccd3dae1e8eff6fd040b121920272e
d2d9e0e7eef5fc030a11181f262d343b
dfe6edf4fb020910171e252c333a4148
ecf3fa01080f161d242b323940474e55
f900070e151c232a31383f464d545b62
060d141b222930373e454c535a61686f
131a21282f363d444b525960676e757c
20272e353c434a51585f666d747b8289
2d343b424950575e656c737a81888f96
3a41484f565d646b727980878e959ca3
474e555c636a71787f868d949ba2a9b0
545b626970777e858c939aa1a8afb6bd
61686f767d848b9299a0a7aeb5bcc3ca
6e757c838a91989fa6adb4bbc2c9d0d7
7b828990979ea5acb3bac1c8cfd6dde4
888f969da4abb2b9c0c7ced5dce3eaf1
959ca3aab1b8bfc6cdd4dbe2e9f0f7fe
a2a9b0b7bec5ccd3dae1e8eff6fd040b
afb6bdc4cbd2d9e0e7eef5fc030a1118
bcc3cad1d8dfe6edf4fb020910171e25
c9d0d7dee5ecf3fa01080f161d242b32
d6dde4ebf2f900070e151c232a31383f
e3eaf1f8ff060d141b222930373e454c
f0f7fe050c131a21282f363d444b5259
fd040b121920272e353c434a51585f66
0a11181f262d343b424950575e656c73
171e252c333a41484f565d646b727980
242b323940474e555c636a71787f868d
31383f464d545b626970777e858c939a
3e454c535a61686f767d848b9299a0a7
4b525960676e757c838a91989fa6adb4
585f666d747b828990979ea5acb3bac1
656c737a81888f969da4abb2b9c0c7ce
727980878e959ca3aab1b8bfc6cdd4db
7f868d949ba2a9b0b7bec5ccd3dae1e8
8c939aa1a8afb6bdc4cbd2d9e0e7eef5
99a0a7aeb5bcc3cad1d8dfe6edf4fb02
a6adb4bbc2c9d0d7dee5ecf3fa01080f
b3bac1c8cfd6dde4ebf2f900070e151c
c0c7ced5dce3eaf1f8ff060d141b2229
cdd4dbe2e9f0f7fe050c131a21282f36
dae1e8eff6fd040b121920272e353c43
e7eef5fc030a11181f262d343b424950
f4fb020910171e252c333a41484f565d
01080f161d242b323940474e555c636a
0e151c232a31383f464d545b62697077
1b222930373e454c535a61686f767d84
282f363d444b525960676e757c838a91
353c434a51585f666d747b828990979e
424950575e656c737a81888f969da4ab
4f565d646b727980878e959ca3aab1b8
5c636a71787f868d949ba2a9b0b7bec5
6970777e858c939aa1a8afb6bdc4cbd2
767d848b9299a0a7aeb5bcc3cad1d8df
838a91989fa6adb4bbc2c9d0d7dee5ec
90979ea5acb3bac1c8cfd6dde4ebf2f9
9da4abb2b9c0c7ced5dce3eaf1f8ff06
aab1b8bfc6cdd4dbe2e9f0f7fe050c13
b7bec5ccd3dae1e8eff6fd040b121920
c4cbd2d9e0e7eef5fc030a11181f262d
d1d8dfe6edf4fb020910171e252c333a
dee5ecf3fa01080f161d242b32394047
ebf2f900070e151c232a31383f464d54
f8ff060d141b222930373e454c535a61
050c131a21282f363d444b525960676e
121920272e353c434a51585f666d747b
1f262d343b424950575e656c737a8188
2c333a41484f565d646b727980878e95
3940474e555c636a71787f868d949ba2
464d545b626970777e858c939aa1a8af
535a61686f767d848b9299a0a7aeb5bc
60676e757c838a91989fa6adb4bbc2c9
6d747b828990979ea5acb3bac1c8cfd6
7a81888f969da4abb2b9c0c7ced5dce3
878e959ca3aab1b8bfc6cdd4dbe2e9f0
949ba2a9b0b7bec5ccd3dae1e8eff6fd
a1a8afb6bdc4cbd2d9e0e7eef5fc030a
aeb5bcc3cad1d8dfe6edf4fb02091017
bbc2c9d0d7dee5ecf3fa01080f161d24
c8cfd6dde4ebf2f900070e151c232a31
d5dce3eaf1f8ff060d141b222930373e
e2e9f0f7fe050c131a21282f363d444b
eff6fd040b121920272e353c434a5158
fc030a11181f262d343b424950575e65
0910171e252c333a41484f565d646b72
161d242b323940474e555c636a71787f
232a31383f464d545b626970777e858c
30373e454c535a61686f767d848b9299
3d444b525960676e757c838a91989fa6
4a51585f666d747b828990979ea5acb3
575e656c737a81888f969da4abb2b9c0
646b727980878e959ca3aab1b8bfc6cd
71787f868d949ba2a9b0b7bec5ccd3da
7e858c939aa1a8afb6bdc4cbd2d9e0e7
8b9299a0a7aeb5bcc3cad1d8dfe6edf4
989fa6adb4bbc2c9d0d7dee5ecf3fa01
a5acb3bac1c8cfd6dde4ebf2f900070e
b2b9c0c7ced5dce3eaf1f8ff060d141b
bfc6cdd4dbe2e9f0f7fe050c131a2128
ccd3dae1e8eff6fd040b121920272e35
d9e0e7eef5fc030a11181f262d343b42
e6edf4fb020910171e252c333a41484f
f3fa01080f161d242b323940474e555c
00070e151c232a31383f464d545b6269
0d141b222930373e454c535a61686f76
1a21282f363d444b525960676e757c83
272e353c434a51585f666d747b828990
343b424950575e656c737a81888f969d
41484f565d646b727980878e959ca3aa
4e555c636a71787f868d949ba2a9b0b7
5b626970777e858c939aa1a8afb6bdc4
686f767d848b9299a0a7aeb5bcc3cad1
757c838a91989fa6adb4bbc2c9d0d7de
828990979ea5acb3bac1c8cfd6dde4eb
8f969da4abb2b9c0c7ced5dce3eaf1f8
9ca3aab1b8bfc6cdd4dbe2e9f0f7fe05
a9b0b7bec5ccd3dae1e8eff6fd040b12
b6bdc4cbd2d9e0e7eef5fc030a11181f
c3cad1d8dfe6edf4fb020910171e252c
d0d7dee5ecf3fa01080f161d242b3239
dde4ebf2f900070e151c232a31383f46
eaf1f8ff060d141b222930373e454c53
f7fe050c131a21282f363d444b525960
040b121920272e353c434a51585f666d
11181f262d343b424950575e656c737a
1e252c333a41484f565d646b72798087
2b323940474e555c636a71787f868d94
383f464d545b626970777e858c939aa1
454c535a61686f767d848b9299a0a7ae
525960676e757c838a91989fa6adb4bb
5f666d747b828990979ea5acb3bac1c8
6c737a81888f969da4abb2b9c0c7ced5
7980878e959ca3aab1b8bfc6cdd4dbe2
868d949ba2a9b0b7bec5ccd3dae1e8ef
939aa1a8afb6bdc4cbd2d9e0e7eef5fc
a0a7aeb5bcc3cad1d8dfe6edf4fb0209
adb4bbc2c9d0d7dee5ecf3fa01080f16
bac1c8cfd6dde4ebf2f900070e151c23
c7ced5dce3eaf1f8ff060d141b222930
d4dbe2e9f0f7fe050c131a21282f363d
e1e8eff6fd040b121920272e353c434a
eef5fc030a11181f262d343b42495057
fb020910171e252c333a41484f565d64
080f161d242b323940474e555c636a71
151c232a31383f464d545b626970777e
222930373e454c535a61686f767d848b
2f363d444b525960676e757c838a9198
3c434a51585f666d747b828990979ea5
4950575e656c737a81888f969da4abb2
565d646b727980878e959ca3aab1b8bf
636a71787f868d949ba2a9b0b7bec5cc
70777e858c939aa1a8afb6bdc4cbd2d9
7d848b9299a0a7aeb5bcc3cad1d8dfe6
8a91989fa6adb4bbc2c9d0d7dee5ecf3
979ea5acb3bac1c8cfd6dde4ebf2f900
a4abb2b9c0c7ced5dce3eaf1f8ff060d
b1b8bfc6cdd4dbe2e9f0f7fe050c131a
bec5ccd3dae1e8eff6fd040b12192027
cbd2d9e0e7eef5fc030a11181f262d34
d8dfe6edf4fb020910171e252c333a41
e5ecf3fa01080f161d242b323940474e
f2f900070e151c232a31383f464d545b
ff060d141b222930373e454c535a6168
0c131a21282f363d444b525960676e75
1920272e353c434a51585f666d747b82
262d343b424950575e656c737a81888f
333a41484f565d646b727980878e959c
40474e555c636a71787f868d949ba2a9
4d545b626970777e858c939aa1a8afb6
5a61686f767d848b9299a0a7aeb5bcc3
676e757c838a91989fa6adb4bbc2c9d0
747b828990979ea5acb3bac1c8cfd6dd
81888f969da4abb2b9c0c7ced5dce3ea
8e959ca3aab1b8bfc6cdd4dbe2e9f0f7
9ba2a9b0b7bec5ccd3dae1e8eff6fd04
a8afb6bdc4cbd2d9e0e7eef5fc030a11
b5bcc3cad1d8dfe6edf4fb020910171e
c2c9d0d7dee5ecf3fa01080f161d242b
cfd6dde4ebf2f900070e151c232a3138
dce3eaf1f8ff060d141b222930373e45
e9f0f7fe050c131a21282f363d444b52
f6fd040b121920272e353c434a51585f
030a11181f262d343b424950575e656c
10171e252c333a41484f565d646b7279
1d242b323940474e555c636a71787f86
2a31383f464d545b626970777e858c93
373e454c535a61686f767d848b9299a0
444b525960676e757c838a91989fa6ad
51585f666d747b828990979ea5acb3ba
5e656c737a81888f969da4abb2b9c0c7
6b727980878e959ca3aab1b8bfc6cdd4
787f868d949ba2a9b0b7bec5ccd3dae1
858c939aa1a8afb6bdc4cbd2d9e0e7ee
9299a0a7aeb5bcc3cad1d8dfe6edf4fb
9fa6adb4bbc2c9d0d7dee5ecf3fa0108
acb3bac1c8cfd6dde4ebf2f900070e15
b9c0c7ced5dce3eaf1f8ff060d141b22
c6cdd4dbe2e9f0f7fe050c131a21282f
d3dae1e8eff6fd040b121920272e353c
e0e7eef5fc030a11181f262d343b4249
edf4fb020910171e252c333a41484f56
fa01080f161d242b323940474e555c63
070e151c232a31383f464d545b626970
141b222930373e454c535a61686f767d
21282f363d444b525960676e757c838a
2e353c434a51585f666d747b82899097
3b424950575e656c737a81888f969da4
484f565d646b727980878e959ca3aab1
555c636a71787f868d949ba2a9b0b7be
626970777e858c939aa1a8afb6bdc4cb
6f767d848b9299a0a7aeb5bcc3cad1d8
7c838a91989fa6adb4bbc2c9d0d7dee5
8990979ea5acb3bac1c8cfd6dde4ebf2
969da4abb2b9c0c7ced5dce3eaf1f8ff
a3aab1b8bfc6cdd4dbe2e9f0f7fe050c
b0b7bec5ccd3dae1e8eff6fd040b1219
bdc4cbd2d9e0e7eef5fc030a11181f26
cad1d8dfe6edf4fb020910171e252c33
d7dee5ecf3fa01080f161d242b323940
e4ebf2f900070e151c232a31383f464d
f1f8ff060d141b222930373e454c535a
fe050c131a21282f363d444b52596067
0b121920272e353c434a51585f666d74
181f262d343b424950575e656c737a81
252c333a41484f565d646b727980878e
323940474e555c636a71787f868d949b
3f464d545b626970777e858c939aa1a8
4c535a61686f767d848b9299a0a7aeb5
5960676e757c838a91989fa6adb4bbc2
666d747b828990979ea5acb3bac1c8cf
737a81888f969da4abb2b9c0c7ced5dc
80878e959ca3aab1b8bfc6cdd4dbe2e9
8d949ba2a9b0b7bec5ccd3dae1e8eff6
9aa1a8afb6bdc4cbd2d9e0e7eef5fc03
a7aeb5bcc3cad1d8dfe6edf4fb020910
b4bbc2c9d0d7dee5ecf3fa01080f161d
c1c8cfd6dde4ebf2f900070e151c232a
ced5dce3eaf1f8ff060d141b22293037
dbe2e9f0f7fe050c131a21282f363d44
e8eff6fd040b121920272e353c434a51
f5fc030a11181f262d343b424950575e
020910171e252c333a41484f565d646b
0f161d242b323940474e555c636a7178
1c232a31383f464d545b626970777e85
2930373e454c535a61686f767d848b92
363d444b525960676e757c838a91989f
434a51585f666d747b828990979ea5ac
50575e656c737a81888f969da4abb2b9
5d646b727980878e959ca3aab1b8bfc6
6a71787f868d949ba2a9b0b7bec5ccd3
777e858c939aa1a8afb6bdc4cbd2d9e0
848b9299a0a7aeb5bcc3cad1d8dfe6ed
91989fa6adb4bbc2c9d0d7dee5ecf3fa
9ea5acb3bac1c8cfd6dde4ebf2f90007
abb2b9c0c7ced5dce3eaf1f8ff060d14
b8bfc6cdd4dbe2e9f0f7fe050c131a21
c5ccd3dae1e8eff6fd040b121920272e
d2d9e0e7eef5fc030a11181f262d343b
dfe6edf4fb020910171e252c333a4148
ecf3fa01080f161d242b323940474e55
f900070e151c232a31383f464d545b62
060d141b222930373e454c535a61686f
131a21282f363d444b525960676e757c
20272e353c434a51585f666d747b8289
2d343b424950575e656c737a81888f96
3a41484f565d646b727980878e959ca3
474e555c636a71787f868d949ba2a9b0
545b626970777e858c939aa1a8afb6bd
61686f767d848b9299a0a7aeb5bcc3ca
6e757c838a91989fa6adb4bbc2c9d0d7
7b828990979ea5acb3bac1c8cfd6dde4
888f969da4abb2b9c0c7ced5dce3eaf1
959ca3aab1b8bfc6cdd4dbe2e9f0f7fe
a2a9b0b7bec5ccd3dae1e8eff6fd040b
afb6bdc4cbd2d9e0e7eef5fc030a1118
bcc3cad1d8dfe6edf4fb020910171e25
c9d0d7dee5ecf3fa01080f161d242b32
d6dde4ebf2f900070e151c232a31383f
e3eaf1f8ff060d141b222930373e454c
f0f7fe050c131a21282f363d444b5259
fd040b121920272e353c434a51585f66
0a11181f262d343b424950575e656c73
171e252c333a41484f565d646b727980
242b323940474e555c636a71787f868d
31383f464d545b626970777e858c939a
3e454c535a61686f767d848b9299a0a7
4b525960676e757c838a91989fa6adb4
585f666d747b828990979ea5acb3bac1
656c737a81888f969da4abb2b9c0c7ce
727980878e959ca3aab1b8bfc6cdd4db
7f868d949ba2a9b0b7bec5ccd3dae1e8
8c939aa1a8afb6bdc4cbd2d9e0e7eef5
99a0a7aeb5bcc3cad1d8dfe6edf4fb02
a6adb4bbc2c9d0d7dee5ecf3fa01080f
b3bac1c8cfd6dde4ebf2f900070e151c
c0c7ced5dce3eaf1f8ff060d141b2229
cdd4dbe2e9f0f7fe050c131a21282f36
dae1e8eff6fd040b121920272e353c43
e7eef5fc030a11181f262d343b424950
f4fb020910171e252c333a41484f565d
01080f161d242b323940474e555c636a
0e151c232a31383f464d545b62697077
1b222930373e454c535a61686f767d84
282f363d444b525960676e757c838a91
353c434a51585f666d747b828990979e
424950575e656c737a81888f969da4ab
4f565d646b727980878e959ca3aab1b8
5c636a71787f868d949ba2a9b0b7bec5
6970777e858c939aa1a8afb6bdc4cbd2
767d848b9299a0a7aeb5bcc3cad1d8df
838a91989fa6adb4bbc2c9d0d7dee5ec
90979ea5acb3bac1c8cfd6dde4ebf2f9
9da4abb2b9c0c7ced5dce3eaf1f8ff06
aab1b8bfc6cdd4dbe2e9f0f7fe050c13
b7bec5ccd3dae1e8eff6fd040b121920
c4cbd2d9e0e7eef5fc030a11181f262d
d1d8dfe6edf4fb020910171e252c333a
dee5ecf3fa01080f161d242b32394047
ebf2f900070e151c232a31383f464d54
f8ff060d141b222930373e454c535a61
050c131a21282f363d444b525960676e
121920272e353c434a51585f666d747b
1f262d343b424950575e656c737a8188
2c333a41484f565d646b727980878e95
3940474e555c636a71787f868d949ba2
464d545b626970777e858c939aa1a8af
535a61686f767d848b9299a0a7aeb5bc
60676e757c838a91989fa6adb4bbc2c9
6d747b828990979ea5acb3bac1c8cfd6
7a81888f969da4abb2b9c0c7ced5dce3
878e959ca3aab1b8bfc6cdd4dbe2e9f0
949ba2a9b0b7bec5ccd3dae1e8eff6fd
a1a8afb6bdc4cbd2d9e0e7eef5fc030a
aeb5bcc3cad1d8dfe6edf4fb02091017
bbc2c9d0d7dee5ecf3fa01080f161d24
c8cfd6dde4ebf2f900070e151c232a31
d5dce3eaf1f8ff060d141b222930373e
e2e9f0f7fe050c131a21282f363d444b
eff6fd040b121920272e353c434a5158
fc030a11181f262d343b424950575e65
0910171e252c333a41484f565d646b72
161d242b323940474e555c636a71787f
232a31383f464d545b626970777e858c
30373e454c535a61686f767d848b9299
3d444b525960676e757c838a91989fa6
4a51585f666d747b828990979ea5acb3
575e656c737a81888f969da4abb2b9c0
646b727980878e959ca3aab1b8bfc6cd
71787f868d949ba2a9b0b7bec5ccd3da
7e858c939aa1a8afb6bdc4cbd2d9e0e7
8b9299a0a7aeb5bcc3cad1d8dfe6edf4
989fa6adb4bbc2c9d0d7dee5ecf3fa01
a5acb3bac1c8cfd6dde4ebf2f900070e
b2b9c0c7ced5dce3eaf1f8ff060d141b
bfc6cdd4dbe2e9f0f7fe050c131a2128
ccd3dae1e8eff6fd040b121920272e35
d9e0e7eef5fc030a11181f262d343b42
e6edf4fb020910171e252c333a41484f
f3fa01080f161d242b323940474e555c
00070e151c232a31383f464d545b6269
0d141b222930373e454c535a61686f76
1a21282f363d444b525960676e757c83
272e353c434a51585f666d747b828990
343b424950575e656c737a81888f969d
41484f565d646b727980878e959ca3aa
4e555c636a71787f868d949ba2a9b0b7
5b626970777e858c939aa1a8afb6bdc4
686f767d848b9299a0a7aeb5bcc3cad1
757c838a91989fa6adb4bbc2c9d0d7de
828990979ea5acb3bac1c8cfd6dde4eb
8f969da4abb2b9c0c7ced5dce3eaf1f8
9ca3aab1b8bfc6cdd4dbe2e9f0f7fe05
a9b0b7bec5ccd3dae1e8eff6fd040b12
b6bdc4cbd2d9e0e7eef5fc030a11181f
c3cad1d8dfe6edf4fb020910171e252c
d0d7dee5ecf3fa01080f161d242b3239
dde4ebf2f900070e151c232a31383f46
eaf1f8ff060d141b222930373e454c53
f7fe050c131a21282f363d444b525960
040b121920272e353c434a51585f666d
11181f262d343b424950575e656c737a
1e252c333a41484f565d646b72798087
2b323940474e555c636a71787f868d94
383f464d545b626970777e858c939aa1
454c535a61686f767d848b9299a0a7ae
525960676e757c838a91989fa6adb4bb
5f666d747b828990979ea5acb3bac1c8
6c737a81888f969da4abb2b9c0c7ced5
7980878e959ca3aab1b8bfc6cdd4dbe2
868d949ba2a9b0b7bec5ccd3dae1e8ef
939aa1a8afb6bdc4cbd2d9e0e7eef5fc
a0a7aeb5bcc3cad1d8dfe6edf4fb0209
adb4bbc2c9d0d7dee5ecf3fa01080f16
bac1c8cfd6dde4ebf2f900070e151c23
c7ced5dce3eaf1f8ff060d141b222930
d4dbe2e9f0f7fe050c131a21282f363d
e1e8eff6fd040b121920272e353c434a
eef5fc030a11181f262d343b42495057
fb020910171e252c333a41484f565d64
080f161d242b323940474e555c636a71
151c232a31383f464d545b626970777e
222930373e454c535a61686f767d848b
2f363d444b525960676e757c838a9198
3c434a51585f666d747b828990979ea5
4950575e656c737a81888f969da4abb2
565d646b727980878e959ca3aab1b8bf
636a71787f868d949ba2a9b0b7bec5cc
70777e858c939aa1a8afb6bdc4cbd2d9
7d848b9299a0a7aeb5bcc3cad1d8dfe6
8a91989fa6adb4bbc2c9d0d7dee5ecf3
979ea5acb3bac1c8cfd6dde4ebf2f900
a4abb2b9c0c7ced5dce3eaf1f8ff060d
b1b8bfc6cdd4dbe2e9f0f7fe050c131a
bec5ccd3dae1e8eff6fd040b12192027
cbd2d9e0e7eef5fc030a11181f262d34
d8dfe6edf4fb020910171e252c333a41
e5ecf3fa01080f161d242b323940474e
f2f900070e151c232a31383f464d545b
ff060d141b222930373e454c535a6168
0c131a21282f363d444b525960676e75
1920272e353c434a51585f666d747b82
262d343b424950575e656c737a81888f
333a41484f565d646b727980878e959c
40474e555c636a71787f868d949ba2a9
4d545b626970777e858c939aa1a8afb6
5a61686f767d848b9299a0a7aeb5bcc3
676e757c838a91989fa6adb4bbc2c9d0
747b828990979ea5acb3bac1c8cfd6dd
81888f969da4abb2b9c0c7ced5dce3ea
8e959ca3aab1b8bfc6cdd4dbe2e9f0f7
9ba2a9b0b7bec5ccd3dae1e8eff6fd04
a8afb6bdc4cbd2d9e0e7eef5fc030a11
b5bcc3cad1d8dfe6edf4fb020910171e
c2c9d0d7dee5ecf3fa01080f161d242b
cfd6dde4ebf2f900070e151c232a3138
dce3eaf1f8ff060d141b222930373e45
e9f0f7fe050c131a21282f363d444b52
f6fd040b121920272e353c434a51585f
030a11181f262d343b424950575e656c
10171e252c333a41484f565d646b7279
1d242b323940474e555c636a71787f86
2a31383f464d545b626970777e858c93
373e454c535a61686f767d848b9299a0
444b525960676e757c838a91989fa6ad
51585f666d747b828990979ea5acb3ba
5e656c737a81888f969da4abb2b9c0c7
6b727980878e959ca3aab1b8bfc6cdd4
787f868d949ba2a9b0b7bec5ccd3dae1
858c939aa1a8afb6bdc4cbd2d9e0e7ee
9299a0a7aeb5bcc3cad1d8dfe6edf4fb
9fa6adb4bbc2c9d0d7dee5ecf3fa0108
acb3bac1c8cfd6dde4ebf2f900070e15
b9c0c7ced5dce3eaf1f8ff060d141b22
c6cdd4dbe2e9f0f7fe050c131a21282f
d3dae1e8eff6fd040b121920272e353c
e0e7eef5fc030a11181f262d343b4249
edf4fb020910171e252c333a41484f56
fa01080f161d242b323940474e555c63
070e151c232a31383f464d545b626970
141b222930373e454c535a61686f767d
21282f363d444b525960676e757c838a
2e353c434a51585f666d747b82899097
3b424950575e656c737a81888f969da4
484f565d646b727980878e959ca3aab1
555c636a71787f868d949ba2a9b0b7be
626970777e858c939aa1a8afb6bdc4cb
6f767d848b9299a0a7aeb5bcc3cad1d8
7c838a91989fa6adb4bbc2c9d0d7dee5
8990979ea5acb3bac1c8cfd6dde4ebf2
969da4abb2b9c0c7ced5dce3eaf1f8ff
a3aab1b8bfc6cdd4dbe2e9f0f7fe050c
b0b7bec5ccd3dae1e8eff6fd040b1219
bdc4cbd2d9e0e7eef5fc030a11181f26
cad1d8dfe6edf4fb020910171e252c33
d7dee5ecf3fa01080f161d242b323940
e4ebf2f900070e151c232a31383f464d
f1f8ff060d141b222930373e454c535a
fe050c131a21282f363d444b52596067
0b121920272e353c434a51585f666d74
181f262d343b424950575e656c737a81
252c333a41484f565d646b727980878e
323940474e555c636a71787f868d949b
3f464d545b626970777e858c939aa1a8
4c535a61686f767d848b9299a0a7aeb5
5960676e757c838a91989fa6adb4bbc2
666d747b828990979ea5acb3bac1c8cf
737a81888f969da4abb2b9c0c7ced5dc
80878e959ca3aab1b8bfc6cdd4dbe2e9
8d949ba2a9b0b7bec5ccd3dae1e8eff6
9aa1a8afb6bdc4cbd2d9e0e7eef5fc03
a7aeb5bcc3cad1d8dfe6edf4fb020910
b4bbc2c9d0d7dee5ecf3fa01080f161d
c1c8cfd6dde4ebf2f900070e151c232a
ced5dce3eaf1f8ff060d141b22293037
dbe2e9f0f7fe050c131a21282f363d44
e8eff6fd040b121920272e353c434a51
f5fc030a11181f262d343b424950575e
020910171e252c333a41484f565d646b
0f161d242b323940474e555c636a7178
1c232a31383f464d545b626970777e85
2930373e454c535a61686f767d848b92
363d444b525960676e757c838a91989f
434a51585f666d747b828990979ea5ac
50575e656c737a81888f969da4abb2b9
5d646b727980878e959ca3aab1b8bfc6
6a71787f868d949ba2a9b0b7bec5ccd3
777e858c939aa1a8afb6bdc4cbd2d9e0
848b9299a0a7aeb5bcc3cad1d8dfe6ed
91989fa6adb4bbc2c9d0d7dee5ecf3fa
9ea5acb3bac1c8cfd6dde4ebf2f90007
abb2b9c0c7ced5dce3eaf1f8ff060d14
b8bfc6cdd4dbe2e9f0f7fe050c131a21
c5ccd3dae1e8eff6fd040b121920272e
d2d9e0e7eef5fc030a11181f262d343b
dfe6edf4fb020910171e252c333a4148
ecf3fa01080f161d242b323940474e55
f900070e151c232a31383f464d545b62
060d141b222930373e454c535a61686f
131a21282f363d444b525960676e757c
20272e353c434a51585f666d747b8289
2d343b424950575e656c737a81888f96
3a41484f565d646b727980878e959ca3
474e555c636a71787f868d949ba2a9b0
545b626970777e858c939aa1a8afb6bd
61686f767d848b9299a0a7aeb5bcc3ca
6e757c838a91989fa6adb4bbc2c9d0d7
7b828990979ea5acb3bac1c8cfd6dde4
888f969da4abb2b9c0c7ced5dce3eaf1
959ca3aab1b8bfc6cdd4dbe2e9f0f7fe
a2a9b0b7bec5ccd3dae1e8eff6fd040b
afb6bdc4cbd2d9e0e7eef5fc030a1118
bcc3cad1d8dfe6edf4fb020910171e25
c9d0d7dee5ecf3fa01080f161d242b32
d6dde4ebf2f900070e151c232a31383f
e3eaf1f8ff060d141b222930373e454c
f0f7fe050c131a21282f363d444b5259
fd040b121920272e353c434a51585f66
0a11181f262d343b424950575e656c73
171e252c333a41484f565d646b727980
242b323940474e555c636a71787f868d
31383f464d545b626970777e858c939a
3e454c535a61686f767d848b9299a0a7
4b525960676e757c838a91989fa6adb4
585f666d747b828990979ea5acb3bac1
656c737a81888f969da4abb2b9c0c7ce
727980878e959ca3aab1b8bfc6cdd4db
7f868d949ba2a9b0b7bec5ccd3dae1e8
8c939aa1a8afb6bdc4cbd2d9e0e7eef5
99a0a7aeb5bcc3cad1d8dfe6edf4fb02
a6adb4bbc2c9d0d7dee5ecf3fa01080f
b3bac1c8cfd6dde4ebf2f900070e151c
c0c7ced5dce3eaf1f8ff060d141b2229
cdd4dbe2e9f0f7fe050c131a21282f36
dae1e8eff6fd040b121920272e353c43
e7eef5fc030a11181f262d343b424950
f4fb020910171e252c333a41484f565d
01080f161d242b323940474e555c636a
0e151c232a31383f464d545b62697077
1b222930373e454c535a61686f767d84
282f363d444b525960676e757c838a91
353c434a51585f666d747b828990979e
424950575e656c737a81888f969da4ab
4f565d646b727980878e959ca3aab1b8
5c636a71787f868d949ba2a9b0b7bec5
6970777e858c939aa1a8afb6bdc4cbd2
767d848b9299a0a7aeb5bcc3cad1d8df
838a91989fa6adb4bbc2c9d0d7dee5ec
90979ea5acb3bac1c8cfd6dde4ebf2f9
9da4abb2b9c0c7ced5dce3eaf1f8ff06
aab1b8bfc6cdd4dbe2e9f0f7fe050c13
b7bec5ccd3dae1e8eff6fd040b121920
c4cbd2d9e0e7eef5fc030a11181f262d
d1d8dfe6edf4fb020910171e252c333a
dee5ecf3fa01080f161d242b32394047
ebf2f900070e151c232a31383f464d54
f8ff060d141b222930373e454c535a61
050c131a21282f363d444b525960676e
121920272e353c434a51585f666d747b
1f262d343b424950575e656c737a8188
2c333a41484f565d646b727980878e95
3940474e555c636a71787f868d949ba2
464d545b626970777e858c939aa1a8af
535a61686f767d848b9299a0a7aeb5bc
60676e757c838a91989fa6adb4bbc2c9
6d747b828990979ea5acb3bac1c8cfd6
7a81888f969da4abb2b9c0c7ced5dce3
878e959ca3aab1b8bfc6cdd4dbe2e9f0
949ba2a9b0b7bec5ccd3dae1e8eff6fd
a1a8afb6bdc4cbd2d9e0e7eef5fc030a
aeb5bcc3cad1d8dfe6edf4fb02091017
bbc2c9d0d7dee5ecf3fa01080f161d24
c8cfd6dde4ebf2f900070e151c232a31
d5dce3eaf1f8ff060d141b222930373e
e2e9f0f7fe050c131a21282f363d444b
eff6fd040b121920272e353c434a5158
fc030a11181f262d343b424950575e65
0910171e252c333a41484f565d646b72
161d242b323940474e555c636a71787f
232a31383f464d545b626970777e858c
30373e454c535a61686f767d848b9299
3d444b525960676e757c838a91989fa6
4a51585f666d747b828990979ea5acb3
575e656c737a81888f969da4abb2b9c0
646b727980878e959ca3aab1b8bfc6cd
71787f868d949ba2a9b0b7bec5ccd3da
7e858c939aa1a8afb6bdc4cbd2d9e0e7
8b9299a0a7aeb5bcc3cad1d8dfe6edf4
989fa6adb4bbc2c9d0d7dee5ecf3fa01
a5acb3bac1c8cfd6dde4ebf2f900070e
b2b9c0c7ced5dce3eaf1f8ff060d141b
bfc6cdd4dbe2e9f0f7fe050c131a2128
ccd3dae1e8eff6fd040b121920272e35
d9e0e7eef5fc030a11181f262d343b42
e6edf4fb020910171e252c333a41484f
f3fa01080f161d242b323940474e555c
00070e151c232a31383f464d545b6269
0d141b222930373e454c535a61686f76
1a21282f363d444b525960676e757c83
272e353c434a51585f666d747b828990
343b424950575e656c737a81888f969d
41484f565d646b727980878e959ca3aa
4e555c636a71787f868d949ba2a9b0b7
5b626970777e858c939aa1a8afb6bdc4
686f767d848b9299a0a7aeb5bcc3cad1
757c838a91989fa6adb4bbc2c9d0d7de
828990979ea5acb3bac1c8cfd6dde4eb
8f969da4abb2b9c0c7ced5dce3eaf1f8
9ca3aab1b8bfc6cdd4dbe2e9f0f7fe05
a9b0b7bec5ccd3dae1e8eff6fd040b12
b6bdc4cbd2d9e0e7eef5fc030a11181f
c3cad1d8dfe6edf4fb020910171e252c
d0d7dee5ecf3fa01080f161d242b3239
dde4ebf2f900070e151c232a31383f46
eaf1f8ff060d141b222930373e454c53
f7fe050c131a21282f363d444b525960
040b121920272e353c434a51585f666d
11181f262d343b424950575e656c737a
1e252c333a41484f565d646b72798087
2b323940474e555c636a71787f868d94
383f464d545b626970777e858c939aa1
454c535a61686f767d848b9299a0a7ae
525960676e757c838a91989fa6adb4bb
5f666d747b828990979ea5acb3bac1c8
6c737a81888f969da4abb2b9c0c7ced5
7980878e959ca3aab1b8bfc6cdd4dbe2
868d949ba2a9b0b7bec5ccd3dae1e8ef
939aa1a8afb6bdc4cbd2d9e0e7eef5fc
a0a7aeb5bcc3cad1d8dfe6edf4fb0209
adb4bbc2c9d0d7dee5ecf3fa01080f16
bac1c8cfd6dde4ebf2f900070e151c23
c7ced5dce3eaf1f8ff060d141b222930
d4dbe2e9f0f7fe050c131a21282f363d
e1e8eff6fd040b121920272e353c434a
eef5fc030a11181f262d343b42495057
fb020910171e252c333a41484f565d64
080f161d242b323940474e555c636a71
151c232a31383f464d545b626970777e
222930373e454c535a61686f767d848b
2f363d444b525960676e757c838a9198
3c434a51585f666d747b828990979ea5
4950575e656c737a81888f969da4abb2
565d646b727980878e959ca3aab1b8bf
636a71787f868d949ba2a9b0b7bec5cc
70777e858c939aa1a8afb6bdc4cbd2d9
7d848b9299a0a7aeb5bcc3cad1d8dfe6
8a91989fa6adb4bbc2c9d0d7dee5ecf3
979ea5acb3bac1c8cfd6dde4ebf2f900
a4abb2b9c0c7ced5dce3eaf1f8ff060d
b1b8bfc6cdd4dbe2e9f0f7fe050c131a
bec5ccd3dae1e8eff6fd040b12192027
cbd2d9e0e7eef5fc030a11181f262d34
d8dfe6edf4fb020910171e252c333a41
e5ecf3fa01080f161d242b323940474e
f2f900070e151c232a31383f464d545b
ff060d141b222930373e454c535a6168
0c131a21282f363d444b525960676e75
1920272e353c434a51585f666d747b82
262d343b424950575e656c737a81888f
333a41484f565d646b727980878e959c
40474e555c636a71787f868d949ba2a9
4d545b626970777e858c939aa1a8afb6
5a61686f767d848b9299a0a7aeb5bcc3
676e757c838a91989fa6adb4bbc2c9d0
747b828990979ea5acb3bac1c8cfd6dd
81888f969da4abb2b9c0c7ced5dce3ea
8e959ca3aab1b8bfc6cdd4dbe2e9f0f7
9ba2a9b0b7bec5ccd3dae1e8eff6fd04
a8afb6bdc4cbd2d9e0e7eef5fc030a11
b5bcc3cad1d8dfe6edf4fb020910171e
c2c9d0d7dee5ecf3fa01080f161d242b
cfd6dde4ebf2f900070e151c232a3138
dce3eaf1f8ff060d141b222930373e45
e9f0f7fe050c131a21282f363d444b52
f6fd040b121920272e353c434a51585f
030a11181f262d343b424950575e656c
10171e252c333a41484f565d646b7279
1d242b323940474e555c636a71787f86
2a31383f464d545b626970777e858c93
373e454c535a61686f767d848b9299a0
444b525960676e757c838a91989fa6ad
51585f666d747b828990979ea5acb3ba
5e656c737a81888f969da4abb2b9c0c7
6b727980878e959ca3aab1b8bfc6cdd4
787f868d949ba2a9b0b7bec5ccd3dae1
858c939aa1a8afb6bdc4cbd2d9e0e7ee
9299a0a7aeb5bcc3cad1d8dfe6edf4fb
9fa6adb4bbc2c9d0d7dee5ecf3fa0108
acb3bac1c8cfd6dde4ebf2f900070e15
b9c0c7ced5dce3eaf1f8ff060d141b22
c6cdd4dbe2e9f0f7fe050c131a21282f
d3dae1e8eff6fd040b121920272e353c
e0e7eef5fc030a11181f262d343b4249
edf4fb020910171e252c333a41484f56
fa01080f161d242b323940474e555c63
070e151c232a31383f464d545b626970
141b222930373e454c535a61686f767d
21282f363d444b525960676e757c838a
2e353c434a51585f666d747b82899097
3b424950575e656c737a81888f969da4
484f565d646b727980878e959ca3aab1
555c636a71787f868d949ba2a9b0b7be
626970777e858c939aa1a8afb6bdc4cb
6f767d848b9299a0a7aeb5bcc3cad1d8
7c838a91989fa6adb4bbc2c9d0d7dee5
8990979ea5acb3bac1c8cfd6dde4ebf2
969da4abb2b9c0c7ced5dce3eaf1f8ff
a3aab1b8bfc6cdd4dbe2e9f0f7fe050c
b0b7bec5ccd3dae1e8eff6fd040b1219
bdc4cbd2d9e0e7eef5fc030a11181f26
cad1d8dfe6edf4fb020910171e252c33
d7dee5ecf3fa01080f161d242b323940
e4ebf2f900070e151c232a31383f464d
f1f8ff060d141b222930373e454c535a
fe050c131a21282f363d444b52596067
0b121920272e353c434a51585f666d74
181f262d343b424950575e656c737a81
252c333a41484f565d646b727980878e
323940474e555c636a71787f868d949b
3f464d545b626970777e858c939aa1a8
4c535a61686f767d848b9299a0a7aeb5
5960676e757c838a91989fa6adb4bbc2
666d747b828990979ea5acb3bac1c8cf
737a81888f969da4abb2b9c0c7ced5dc
80878e959ca3aab1b8bfc6cdd4dbe2e9
8d949ba2a9b0b7bec5ccd3dae1e8eff6
9aa1a8afb6bdc4cbd2d9e0e7eef5fc03
a7aeb5bcc3cad1d8dfe6edf4fb020910
b4bbc2c9d0d7dee5ecf3fa01080f161d
c1c8cfd6dde4ebf2f900070e151c232a
ced5dce3eaf1f8ff060d141b22293037
dbe2e9f0f7fe050c131a21282f363d44
e8eff6fd040b121920272e353c434a51
f5fc030a11181f262d343b424950575e
020910171e252c333a41484f565d646b
0f161d242b323940474e555c636a7178
1c232a31383f464d545b626970777e85
2930373e454c535a61686f767d848b92
363d444b525960676e757c838a91989f
434a51585f666d747b828990979ea5ac
50575e656c737a81888f969da4abb2b9
5d646b727980878e959ca3aab1b8bfc6
6a71787f868d949ba2a9b0b7bec5ccd3
777e858c939aa1a8afb6bdc4cbd2d9e0
848b9299a0a7aeb5bcc3cad1d8dfe6ed
91989fa6adb4bbc2c9d0d7dee5ecf3fa
9ea5acb3bac1c8cfd6dde4ebf2f90007
abb2b9c0c7ced5dce3eaf1f8ff060d14
b8bfc6cdd4dbe2e9f0f7fe050c131a21
c5ccd3dae1e8eff6fd040b121920272e
d2d9e0e7eef5fc030a11181f262d343b
dfe6edf4fb020910171e252c333a4148
ecf3fa01080f161d242b323940474e55
f900070e151c232a31383f464d545b62
060d141b222930373e454c535a61686f
131a21282f363d444b525960676e757c
20272e353c434a51585f666d747b8289
2d343b424950575e656c737a81888f96
3a41484f565d646b727980878e959ca3
474e555c636a71787f868d949ba2a9b0
545b626970777e858c939aa1a8afb6bd
61686f767d848b9299a0a7aeb5bcc3ca
6e757c838a91989fa6adb4bbc2c9d0d7
7b828990979ea5acb3bac1c8cfd6dde4
888f969da4abb2b9c0c7ced5dce3eaf1
959ca3aab1b8bfc6cdd4dbe2e9f0f7fe
a2a9b0b7bec5ccd3dae1e8eff6fd040b
afb6bdc4cbd2d9e0e7eef5fc030a1118
bcc3cad1d8dfe6edf4fb020910171e25
c9d0d7dee5ecf3fa01080f161d242b32
d6dde4ebf2f900070e151c232a31383f
e3eaf1f8ff060d141b222930373e454c
f0f7fe050c131a21282f363d444b5259
fd040b121920272e353c434a51585f66
0a11181f262d343b424950575e656c73
171e252c333a41484f565d646b727980
242b323940474e555c636a71787f868d
31383f464d545b626970777e858c939a
3e454c535a61686f767d848b9299a0a7
4b525960676e757c838a91989fa6adb4
585f666d747b828990979ea5acb3bac1
656c737a81888f969da4abb2b9c0c7ce
727980878e959ca3aab1b8bfc6cdd4db
7f868d949ba2a9b0b7bec5ccd3dae1e8
8c939aa1a8afb6bdc4cbd2d9e0e7eef5
99a0a7aeb5bcc3cad1d8dfe6edf4fb02
a6adb4bbc2c9d0d7dee5ecf3fa01080f
b3bac1c8cfd6dde4ebf2f900070e151c
c0c7ced5dce3eaf1f8ff060d141b2229
cdd4dbe2e9f0f7fe050c131a21282f36
dae1e8eff6fd040b121920272e353c43
e7eef5fc030a11181f262d343b424950
f4fb020910171e252c333a41484f565d
01080f161d242b323940474e555c636a
0e151c232a31383f464d545b62697077
1b222930373e454c535a61686f767d84
282f363d444b525960676e757c838a91
353c434a51585f666d747b828990979e
424950575e656c737a81888f969da4ab
4f565d646b727980878e959ca3aab1b8
5c636a71787f868d949ba2a9b0b7bec5
6970777e858c939aa1a8afb6bdc4cbd2
767d848b9299a0a7aeb5bcc3cad1d8df
838a91989fa6adb4bbc2c9d0d7dee5ec
90979ea5acb3bac1c8cfd6dde4ebf2f9
9da4abb2b9c0c7ced5dce3eaf1f8ff06
aab1b8bfc6cdd4dbe2e9f0f7fe050c13
b7bec5ccd3dae1e8eff6fd040b121920
c4cbd2d9e0e7eef5fc030a11181f262d
d1d8dfe6edf4fb020910171e252c333a
dee5ecf3fa01080f161d242b32394047
ebf2f900070e151c232a31383f464d54
f8ff060d141b222930373e454c535a61
050c131a21282f363d444b525960676e
121920272e353c434a51585f666d747b
1f262d343b424950575e656c737a8188
2c333a41484f565d646b727980878e95
3940474e555c636a71787f868d949ba2
464d545b626970777e858c939aa1a8af
535a61686f767d848b9299a0a7aeb5bc
60676e757c838a91989fa6adb4bbc2c9
6d747b828990979ea5acb3bac1c8cfd6
7a81888f969da4abb2b9c0c7ced5dce3
878e959ca3aab1b8bfc6cdd4dbe2e9f0
949ba2a9b0b7bec5ccd3dae1e8eff6fd
a1a8afb6bdc4cbd2d9e0e7eef5fc030a
aeb5bcc3cad1d8dfe6edf4fb02091017
bbc2c9d0d7dee5ecf3fa01080f161d24
c8cfd6dde4ebf2f900070e151c232a31
d5dce3eaf1f8ff060d141b222930373e
e2e9f0f7fe050c131a21282f363d444b
eff6fd040b121920272e353c434a5158
fc030a11181f262d343b424950575e65
0910171e252c333a41484f565d646b72
161d242b323940474e555c636a71787f
232a31383f464d545b626970777e858c
30373e454c535a61686f767d848b9299
3d444b525960676e757c838a91989fa6
4a51585f666d747b828990979ea5acb3
575e656c737a81888f969da4abb2b9c0
646b727980878e959ca3aab1b8bfc6cd
71787f868d949ba2a9b0b7bec5ccd3da
7e858c939aa1a8afb6bdc4cbd2d9e0e7
8b9299a0a7aeb5bcc3cad1d8dfe6edf4
989fa6adb4bbc2c9d0d7dee5ecf3fa01
a5acb3bac1c8cfd6dde4ebf2f900070e
b2b9c0c7ced5dce3eaf1f8ff060d141b
bfc6cdd4dbe2e9f0f7fe050c131a2128
ccd3dae1e8eff6fd040b121920272e35
d9e0e7eef5fc030a11181f262d343b42
e6edf4fb020910171e252c333a41484f
f3fa01080f161d242b323940474e555c
00070e151c232a31383f464d545b6269
0d141b222930373e454c535a61686f76
1a21282f363d444b525960676e757c83
272e353c434a51585f666d747b828990
343b424950575e656c737a81888f969d
41484f565d646b727980878e959ca3aa
4e555c636a71787f868d949ba2a9b0b7
5b626970777e858c939aa1a8afb6bdc4
686f767d848b9299a0a7aeb5bcc3cad1
757c838a91989fa6adb4bbc2c9d0d7de
828990979ea5acb3bac1c8cfd6dde4eb
8f969da4abb2b9c0c7ced5dce3eaf1f8
9ca3aab1b8bfc6cdd4dbe2e9f0f7fe05
a9b0b7bec5ccd3dae1e8eff6fd040b12
b6bdc4cbd2d9e0e7eef5fc030a11181f
c3cad1d8dfe6edf4fb020910171e252c
d0d7dee5ecf3fa01080f161d242b3239
dde4ebf2f900070e151c232a31383f46
eaf1f8ff060d141b222930373e454c53
f7fe050c131a21282f363d444b525960
040b121920272e353c434a51585f666d
11181f262d343b424950575e656c737a
1e252c333a41484f565d646b72798087
2b323940474e555c636a71787f868d94
383f464d545b626970777e858c939aa1
454c535a61686f767d848b9299a0a7ae
525960676e757c838a91989fa6adb4bb
5f666d747b828990979ea5acb3bac1c8
6c737a81888f969da4abb2b9c0c7ced5
7980878e959ca3aab1b8bfc6cdd4dbe2
868d949ba2a9b0b7bec5ccd3dae1e8ef
939aa1a8afb6bdc4cbd2d9e0e7eef5fc
a0a7aeb5bcc3cad1d8dfe6edf4fb0209
adb4bbc2c9d0d7dee5ecf3fa01080f16
bac1c8cfd6dde4ebf2f900070e151c23
c7ced5dce3eaf1f8ff060d141b222930
d4dbe2e9f0f7fe050c131a21282f363d
e1e8eff6fd040b121920272e353c434a
eef5fc030a11181f262d343b42495057
fb020910171e252c333a41484f565d64
080f161d242b323940474e555c636a71
151c232a31383f464d545b626970777e
222930373e454c535a61686f767d848b
2f363d444b525960676e757c838a9198
3c434a51585f666d747b828990979ea5
4950575e656c737a81888f969da4abb2
565d646b727980878e959ca3aab1b8bf
636a71787f868d949ba2a9b0b7bec5cc
70777e858c939aa1a8afb6bdc4cbd2d9
7d848b9299a0a7aeb5bcc3cad1d8dfe6
8a91989fa6adb4bbc2c9d0d7dee5ecf3
979ea5acb3bac1c8cfd6dde4ebf2f900
a4abb2b9c0c7ced5dce3eaf1f8ff060d
b1b8bfc6cdd4dbe2e9f0f7fe050c131a
bec5ccd3dae1e8eff6fd040b12192027
cbd2d9e0e7eef5fc030a11181f262d34
d8dfe6edf4fb020910171e252c333a41
e5ecf3fa01080f161d242b323940474e
f2f900070e151c232a31383f464d545b
ff060d141b222930373e454c535a6168
0c131a21282f363d444b525960676e75
1920272e353c434a51585f666d747b82
262d343b424950575e656c737a81888f
333a41484f565d646b727980878e959c
40474e555c636a71787f868d949ba2a9
4d545b626970777e858c939aa1a8afb6
5a61686f767d848b9299a0a7aeb5bcc3
676e757c838a91989fa6adb4bbc2c9d0
747b828990979ea5acb3bac1c8cfd6dd
81888f969da4abb2b9c0c7ced5dce3ea
8e959ca3aab1b8bfc6cdd4dbe2e9f0f7
9ba2a9b0b7bec5ccd3dae1e8eff6fd04
a8afb6bdc4cbd2d9e0e7eef5fc030a11
b5bcc3cad1d8dfe6edf4fb020910171e
c2c9d0d7dee5ecf3fa01080f161d242b
cfd6dde4ebf2f900070e151c232a3138
dce3eaf1f8ff060d141b222930373e45
e9f0f7fe050c131a21282f363d444b52
f6fd040b121920272e353c434a51585f
030a11181f262d343b424950575e656c
10171e252c333a41484f565d646b7279
1d242b323940474e555c636a71787f86
2a31383f464d545b626970777e858c93
373e454c535a61686f767d848b9299a0
444b525960676e757c838a91989fa6ad
51585f666d747b828990979ea5acb3ba
5e656c737a81888f969da4abb2b9c0c7
6b727980878e959ca3aab1b8bfc6cdd4
787f868d949ba2a9b0b7bec5ccd3dae1
858c939aa1a8afb6bdc4cbd2d9e0e7ee
9299a0a7aeb5bcc3cad1d8dfe6edf4fb
9fa6adb4bbc2c9d0d7dee5ecf3fa0108
acb3bac1c8cfd6dde4ebf2f900070e15
b9c0c7ced5dce3eaf1f8ff060d141b22
c6cdd4dbe2e9f0f7fe050c131a21282f
d3dae1e8eff6fd040b121920272e353c
e0e7eef5fc030a11181f262d343b4249
edf4fb020910171e252c333a41484f56
fa01080f161d242b323940474e555c63
070e151c232a31383f464d545b626970
141b222930373e454c535a61686f767d
21282f363d444b525960676e757c838a
2e353c434a51585f666d747b82899097
3b424950575e656c737a81888f969da4
484f565d646b727980878e959ca3aab1
555c636a71787f868d949ba2a9b0b7be
626970777e858c939aa1a8afb6bdc4cb
6f767d848b9299a0a7aeb5bcc3cad1d8
7c838a91989fa6adb4bbc2c9d0d7dee5
8990979ea5acb3bac1c8cfd6dde4ebf2
969da4abb2b9c0c7ced5dce3eaf1f8ff
a3aab1b8bfc6cdd4dbe2e9f0f7fe050c
b0b7bec5ccd3dae1e8eff6fd040b1219
bdc4cbd2d9e0e7eef5fc030a11181f26
cad1d8dfe6edf4fb020910171e252c33
d7dee5ecf3fa01080f161d242b323940
e4ebf2f900070e151c232a31383f464d
f1f8ff060d141b222930373e454c535a
fe050c131a21282f363d444b52596067
0b121920272e353c434a51585f666d74
181f262d343b424950575e656c737a81
252c333a41484f565d646b727980878e
323940474e555c636a71787f868d949b
3f464d545b626970777e858c939aa1a8
4c535a61686f767d848b9299a0a7aeb5
5960676e757c838a91989fa6adb4bbc2
666d747b828990979ea5acb3bac1c8cf
737a81888f969da4abb2b9c0c7ced5dc
80878e959ca3aab1b8bfc6cdd4dbe2e9
8d949ba2a9b0b7bec5ccd3dae1e8eff6
9aa1a8afb6bdc4cbd2d9e0e7eef5fc03
a7aeb5bcc3cad1d8dfe6edf4fb020910
b4bbc2c9d0d7dee5ecf3fa01080f161d
c1c8cfd6dde4ebf2f900070e151c232a
ced5dce3eaf1f8ff060d141b22293037
dbe2e9f0f7fe050c131a21282f363d44
e8eff6fd040b121920272e353c434a51
f5fc030a11181f262d343b424950575e
020910171e252c333a41484f565d646b
0f161d242b323940474e555c636a7178
1c232a31383f464d545b626970777e85
2930373e454c535a61686f767d848b92
363d444b525960676e757c838a91989f
434a51585f666d747b828990979ea5ac
50575e656c737a81888f969da4abb2b9
5d646b727980878e959ca3aab1b8bfc6
6a71787f868d949ba2a9b0b7bec5ccd3
777e858c939aa1a8afb6bdc4cbd2d9e0
848b9299a0a7aeb5bcc3cad1d8dfe6ed
91989fa6adb4bbc2c9d0d7dee5ecf3fa
9ea5acb3bac1c8cfd6dde4ebf2f90007
abb2b9c0c7ced5dce3eaf1f8ff060d14
b8bfc6cdd4dbe2e9f0f7fe050c131a21
c5ccd3dae1e8eff6fd040b121920272e
d2d9e0e7eef5fc030a11181f262d343b
dfe6edf4fb020910171e252c333a4148
ecf3fa01080f161d242b323940474e55
f900070e151c232a31383f464d545b62
060d141b222930373e454c535a61686f
131a21282f363d444b525960676e757c
20272e353c434a51585f666d747b8289
2d343b424950575e656c737a81888f96
3a41484f565d646b727980878e959ca3
474e555c636a71787f868d949ba2a9b0
545b626970777e858c939aa1a8afb6bd
61686f767d848b9299a0a7aeb5bcc3ca
6e757c838a91989fa6adb4bbc2c9d0d7
7b828990979ea5acb3bac1c8cfd6dde4
888f969da4abb2b9c0c7ced5dce3eaf1
959ca3aab1b8bfc6cdd4dbe2e9f0f7fe
a2a9b0b7bec5ccd3dae1e8eff6fd040b
afb6bdc4cbd2d9e0e7eef5fc030a1118
bcc3cad1d8dfe6edf4fb020910171e25
c9d0d7dee5ecf3fa01080f161d242b32
d6dde4ebf2f900070e151c232a31383f
e3eaf1f8ff060d141b222930373e454c
f0f7fe050c131a21282f363d444b5259
fd040b121920272e353c434a51585f66
0a11181f262d343b424950575e656c73
171e252c333a41484f565d646b727980
242b323940474e555c636a71787f868d
31383f464d545b626970777e858c939a
3e454c535a61686f767d848b9299a0a7
4b525960676e757c838a91989fa6adb4
585f666d747b828990979ea5acb3bac1
656c737a81888f969da4abb2b9c0c7ce
727980878e959ca3aab1b8bfc6cdd4db
7f868d949ba2a9b0b7bec5ccd3dae1e8
8c939aa1a8afb6bdc4cbd2d9e0e7eef5
99a0a7aeb5bcc3cad1d8dfe6edf4fb02
a6adb4bbc2c9d0d7dee5ecf3fa01080f
b3bac1c8cfd6dde4ebf2f900070e151c
c0c7ced5dce3eaf1f8ff060d141b2229
cdd4dbe2e9f0f7fe050c131a21282f36
dae1e8eff6fd040b121920272e353c43
e7eef5fc030a11181f262d343b424950
f4fb020910171e252c333a41484f565d
01080f161d242b323940474e555c636a
0e151c232a31383f464d545b62697077
1b222930373e454c535a61686f767d84
282f363d444b525960676e757c838a91
353c434a51585f666d747b828990979e
424950575e656c737a81888f969da4ab
4f565d646b727980878e959ca3aab1b8
5c636a71787f868d949ba2a9b0b7bec5
6970777e858c939aa1a8afb6bdc4cbd2
767d848b9299a0a7aeb5bcc3cad1d8df
838a91989fa6adb4bbc2c9d0d7dee5ec
90979ea5acb3bac1c8cfd6dde4ebf2f9
9da4abb2b9c0c7ced5dce3eaf1f8ff06
aab1b8bfc6cdd4dbe2e9f0f7fe050c13
b7bec5ccd3dae1e8eff6fd040b121920
c4cbd2d9e0e7eef5fc030a11181f262d
d1d8dfe6edf4fb020910171e252c333a
dee5ecf3fa01080f161d242b32394047
ebf2f900070e151c232a31383f464d54
f8ff060d141b222930373e454c535a61
050c131a21282f363d444b525960676e
121920272e353c434a51585f666d747b
1f262d343b424950575e656c737a8188
2c333a41484f565d646b727980878e95
3940474e555c636a71787f868d949ba2
464d545b626970777e858c939aa1a8af
535a61686f767d848b9299a0a7aeb5bc
60676e757c838a91989fa6adb4bbc2c9
6d747b828990979ea5acb3bac1c8cfd6
7a81888f969da4abb2b9c0c7ced5dce3
878e959ca3aab1b8bfc6cdd4dbe2e9f0
949ba2a9b0b7bec5ccd3dae1e8eff6fd
a1a8afb6bdc4cbd2d9e0e7eef5fc030a
aeb5bcc3cad1d8dfe6edf4fb02091017
bbc2c9d0d7dee5ecf3fa01080f161d24
c8cfd6dde4ebf2f900070e151c232a31
d5dce3eaf1f8ff060d141b222930373e
e2e9f0f7fe050c131a21282f363d444b
eff6fd040b121920272e353c434a5158
fc030a11181f262d343b424950575e65
0910171e252c333a41484f565d646b72
161d242b323940474e555c636a71787f
232a31383f464d545b626970777e858c
30373e454c535a61686f767d848b9299
3d444b525960676e757c838a91989fa6
4a51585f666d747b828990979ea5acb3
575e656c737a81888f969da4abb2b9c0
646b727980878e959ca3aab1b8bfc6cd
71787f868d949ba2a9b0b7bec5ccd3da
7e858c939aa1a8afb6bdc4cbd2d9e0e7
8b9299a0a7aeb5bcc3cad1d8dfe6edf4
989fa6adb4bbc2c9d0d7dee5ecf3fa01
a5acb3bac1c8cfd6dde4ebf2f900070e
b2b9c0c7ced5dce3eaf1f8ff060d141b
bfc6cdd4dbe2e9f0f7fe050c131a2128
ccd3dae1e8eff6fd040b121920272e35
d9e0e7eef5fc030a11181f262d343b42
e6edf4fb020910171e252c333a41484f
f3fa01080f161d242b323940474e555c
00070e151c232a31383f464d545b6269
0d141b222930373e454c535a61686f76
1a21282f363d444b525960676e757c83
272e353c434a51585f666d747b828990
343b424950575e656c737a81888f969d
41484f565d646b727980878e959ca3aa
4e555c636a71787f868d949ba2a9b0b7
5b626970777e858c939aa1a8afb6bdc4
686f767d848b9299a0a7aeb5bcc3cad1
757c838a91989fa6adb4bbc2c9d0d7de
828990979ea5acb3bac1c8cfd6dde4eb
8f969da4abb2b9c0c7ced5dce3eaf1f8
9ca3aab1b8bfc6cdd4dbe2e9f0f7fe05
a9b0b7bec5ccd3dae1e8eff6fd040b12
b6bdc4cbd2d9e0e7eef5fc030a11181f
c3cad1d8dfe6edf4fb020910171e252c
d0d7dee5ecf3fa01080f161d242b3239
dde4ebf2f900070e151c232a31383f46
eaf1f8ff060d141b222930373e454c53
f7fe050c131a21282f363d444b525960
040b121920272e353c434a51585f666d
11181f262d343b424950575e656c737a
1e252c333a41484f565d646b72798087
2b323940474e555c636a71787f868d94
383f464d545b626970777e858c939aa1
454c535a61686f767d848b9299a0a7ae
525960676e757c838a91989fa6adb4bb
5f666d747b828990979ea5acb3bac1c8
6c737a81888f969da4abb2b9c0c7ced5
7980878e959ca3aab1b8bfc6cdd4dbe2
868d949ba2a9b0b7bec5ccd3dae1e8ef
939aa1a8afb6bdc4cbd2d9e0e7eef5fc
a0a7aeb5bcc3cad1d8dfe6edf4fb0209
adb4bbc2c9d0d7dee5ecf3fa01080f16
bac1c8cfd6dde4ebf2f900070e151c23
c7ced5dce3eaf1f8ff060d141b222930
d4dbe2e9f0f7fe050c131a21282f363d
e1e8eff6fd040b121920272e353c434a
eef5fc030a11181f262d343b42495057
fb020910171e252c333a41484f565d64
080f161d242b323940474e555c636a71
151c232a31383f464d545b626970777e
222930373e454c535a61686f767d848b
2f363d444b525960676e757c838a9198
3c434a51585f666d747b828990979ea5
4950575e656c737a81888f969da4abb2
565d646b727980878e959ca3aab1b8bf
636a71787f868d949ba2a9b0b7bec5cc
70777e858c939aa1a8afb6bdc4cbd2d9
7d848b9299a0a7aeb5bcc3cad1d8dfe6
8a91989fa6adb4bbc2c9d0d7dee5ecf3
979ea5acb3bac1c8cfd6dde4ebf2f900
a4abb2b9c0c7ced5dce3eaf1f8ff060d
b1b8bfc6cdd4dbe2e9f0f7fe050c131a
bec5ccd3dae1e8eff6fd040b12192027
cbd2d9e0e7eef5fc030a11181f262d34
d8dfe6edf4fb020910171e252c333a41
e5ecf3fa01080f161d242b323940474e
f2f900070e151c232a31383f464d545b
ff060d141b222930373e454c535a6168
0c131a21282f363d444b525960676e75
1920272e353c434a51585f666d747b82
262d343b424950575e656c737a81888f
333a41484f565d646b727980878e959c
40474e555c636a71787f868d949ba2a9
4d545b626970777e858c939aa1a8afb6
5a61686f767d848b9299a0a7aeb5bcc3
676e757c838a91989fa6adb4bbc2c9d0
747b828990979ea5acb3bac1c8cfd6dd
81888f969da4abb2b9c0c7ced5dce3ea
8e959ca3aab1b8bfc6cdd4dbe2e9f0f7
9ba2a9b0b7bec5ccd3dae1e8eff6fd04
a8afb6bdc4cbd2d9e0e7eef5fc030a11
b5bcc3cad1d8dfe6edf4fb020910171e
c2c9d0d7dee5ecf3fa01080f161d242b
cfd6dde4ebf2f900070e151c232a3138
dce3eaf1f8ff060d141b222930373e45
e9f0f7fe050c131a21282f363d444b52
f6fd040b121920272e353c434a51585f
030a11181f262d343b424950575e656c
10171e252c333a41484f565d646b7279
1d242b323940474e555c636a71787f86
2a31383f464d545b626970777e858c93
373e454c535a61686f767d848b9299a0
444b525960676e757c838a91989fa6ad
51585f666d747b828990979ea5acb3ba
5e656c737a81888f969da4abb2b9c0c7
6b727980878e959ca3aab1b8bfc6cdd4
787f868d949ba2a9b0b7bec5ccd3dae1
858c939aa1a8afb6bdc4cbd2d9e0e7ee
9299a0a7aeb5bcc3cad1d8dfe6edf4fb
9fa6adb4bbc2c9d0d7dee5ecf3fa0108
acb3bac1c8cfd6dde4ebf2f900070e15
b9c0c7ced5dce3eaf1f8ff060d141b22
c6cdd4dbe2e9f0f7fe050c131a21282f
d3dae1e8eff6fd040b121920272e353c
e0e7eef5fc030a11181f262d343b4249
edf4fb020910171e252c333a41484f56
fa01080f161d242b323940474e555c63
070e151c232a31383f464d545b626970
141b222930373e454c535a61686f767d
21282f363d444b525960676e757c838a
2e353c434a51585f666d747b82899097
3b424950575e656c737a81888f969da4
484f565d646b727980878e959ca3aab1
555c636a71787f868d949ba2a9b0b7be
626970777e858c939aa1a8afb6bdc4cb
6f767d848b9299a0a7aeb5bcc3cad1d8
7c838a91989fa6adb4bbc2c9d0d7dee5
8990979ea5acb3bac1c8cfd6dde4ebf2
969da4abb2b9c0c7ced5dce3eaf1f8ff
a3aab1b8bfc6cdd4dbe2e9f0f7fe050c
b0b7bec5ccd3dae1e8eff6fd040b1219
bdc4cbd2d9e0e7eef5fc030a11181f26
cad1d8dfe6edf4fb020910171e252c33
d7dee5ecf3fa01080f161d242b323940
e4ebf2f900070e151c232a31383f464d
f1f8ff060d141b222930373e454c535a
fe050c131a21282f363d444b52596067
0b121920272e353c434a51585f666d74
181f262d343b424950575e656c737a81
252c333a41484f565d646b727980878e
323940474e555c636a71787f868d949b
3f464d545b626970777e858c939aa1a8
4c535a61686f767d848b9299a0a7aeb5
5960676e757c838a91989fa6adb4bbc2
666d747b828990979ea5acb3bac1c8cf
737a81888f969da4abb2b9c0c7ced5dc
80878e959ca3aab1b8bfc6cdd4dbe2e9
8d949ba2a9b0b7bec5ccd3dae1e8eff6
9aa1a8afb6bdc4cbd2d9e0e7eef5fc03
a7aeb5bcc3cad1d8dfe6edf4fb020910
b4bbc2c9d0d7dee5ecf3fa01080f161d
c1c8cfd6dde4ebf2f900070e151c232a
ced5dce3eaf1f8ff060d141b22293037
dbe2e9f0f7fe050c131a21282f363d44
e8eff6fd040b121920272e353c434a51
f5fc030a11181f262d343b424950575e
020910171e252c333a41484f565d646b
0f161d242b323940474e555c636a7178
1c232a31383f464d545b626970777e85
2930373e454c535a61686f767d848b92
363d444b525960676e757c838a91989f
434a51585f666d747b828990979ea5ac
50575e656c737a81888f969da4abb2b9
5d646b727980878e959ca3aab1b8bfc6
6a71787f868d949ba2a9b0b7bec5ccd3
777e858c939aa1a8afb6bdc4cbd2d9e0
848b9299a0a7aeb5bcc3cad1d8dfe6ed
91989fa6adb4bbc2c9d0d7dee5ecf3fa
9ea5acb3bac1c8cfd6dde4ebf2f90007
abb2b9c0c7ced5dce3eaf1f8ff060d14
b8bfc6cdd4dbe2e9f0f7fe050c131a21
c5ccd3dae1e8eff6fd040b121920272e
d2d9e0e7eef5fc030a11181f262d343b
dfe6edf4fb020910171e252c333a4148
ecf3fa01080f161d242b323940474e55
f900070e151c232a31383f464d545b62
060d141b222930373e454c535a61686f
131a21282f363d444b525960676e757c
20272e353c434a51585f666d747b8289
2d343b424950575e656c737a81888f96
3a41484f565d646b727980878e959ca3
474e555c636a71787f868d949ba2a9b0
545b626970777e858c939aa1a8afb6bd
61686f767d848b9299a0a7aeb5bcc3ca
6e757c838a91989fa6adb4bbc2c9d0d7
7b828990979ea5acb3bac1c8cfd6dde4
888f969da4abb2b9c0c7ced5dce3eaf1
959ca3aab1b8bfc6cdd4dbe2e9f0f7fe
a2a9b0b7bec5ccd3dae1e8eff6fd040b
afb6bdc4cbd2d9e0e7eef5fc030a1118
bcc3cad1d8dfe6edf4fb020910171e25
c9d0d7dee5ecf3fa01080f161d242b32
d6dde4ebf2f900070e151c232a31383f
e3eaf1f8ff060d141b222930373e454c
f0f7fe050c131a21282f363d444b5259
fd040b121920272e353c434a51585f66
0a11181f262d343b424950575e656c73
171e252c333a41484f565d646b727980
242b323940474e555c636a71787f868d
31383f464d545b626970777e858c939a
3e454c535a61686f767d848b9299a0a7
4b525960676e757c838a91989fa6adb4
585f666d747b828990979ea5acb3bac1
656c737a81888f969da4abb2b9c0c7ce
727980878e959ca3aab1b8bfc6cdd4db
7f868d949ba2a9b0b7bec5ccd3dae1e8
8c939aa1a8afb6bdc4cbd2d9e0e7eef5
99a0a7aeb5bcc3cad1d8dfe6edf4fb02
a6adb4bbc2c9d0d7dee5ecf3fa01080f
b3bac1c8cfd6dde4ebf2f900070e151c
c0c7ced5dce3eaf1f8ff060d141b2229
cdd4dbe2e9f0f7fe050c131a21282f36
dae1e8eff6fd040b121920272e353c43
e7eef5fc030a11181f262d343b424950
f4fb020910171e252c333a41484f565d
01080f161d242b323940474e555c636a
0e151c232a31383f464d545b62697077
1b222930373e454c535a61686f767d84
282f363d444b525960676e757c838a91
353c434a51585f666d747b828990979e
424950575e656c737a81888f969da4ab
4f565d646b727980878e959ca3aab1b8
5c636a71787f868d949ba2a9b0b7bec5
6970777e858c939aa1a8afb6bdc4cbd2
767d848b9299a0a7aeb5bcc3cad1d8df
838a91989fa6adb4bbc2c9d0d7dee5ec
90979ea5acb3bac1c8cfd6dde4ebf2f9
9da4abb2b9c0c7ced5dce3eaf1f8ff06
aab1b8bfc6cdd4dbe2e9f0f7fe050c13
b7bec5ccd3dae1e8eff6fd040b121920
c4cbd2d9e0e7eef5fc030a11181f262d
d1d8dfe6edf4fb020910171e252c333a
dee5ecf3fa01080f161d242b32394047
ebf2f900070e151c232a31383f464d54
f8ff060d141b222930373e454c535a61
050c131a21282f363d444b525960676e
121920272e353c434a51585f666d747b
1f262d343b424950575e656c737a8188
2c333a41484f565d646b727980878e95
3940474e555c636a71787f868d949ba2
464d545b626970777e858c939aa1a8af
535a61686f767d848b9299a0a7aeb5bc
60676e757c838a91989fa6adb4bbc2c9
6d747b828990979ea5acb3bac1c8cfd6
7a81888f969da4abb2b9c0c7ced5dce3
878e959ca3aab1b8bfc6cdd4dbe2e9f0
949ba2a9b0b7bec5ccd3dae1e8eff6fd
a1a8afb6bdc4cbd2d9e0e7eef5fc030a
aeb5bcc3cad1d8dfe6edf4fb02091017
bbc2c9d0d7dee5ecf3fa01080f161d24
c8cfd6dde4ebf2f900070e151c232a31
d5dce3eaf1f8ff060d141b222930373e
e2e9f0f7fe050c131a21282f363d444b
eff6fd040b121920272e353c434a5158
fc030a11181f262d343b424950575e65
0910171e252c333a41484f565d646b72
161d242b323940474e555c636a71787f
232a31383f464d545b626970777e858c
30373e454c535a61686f767d848b9299
3d444b525960676e757c838a91989fa6
4a51585f666d747b828990979ea5acb3
575e656c737a81888f969da4abb2b9c0
646b727980878e959ca3aab1b8bfc6cd
71787f868d949ba2a9b0b7bec5ccd3da
7e858c939aa1a8afb6bdc4cbd2d9e0e7
8b9299a0a7aeb5bcc3cad1d8dfe6edf4
989fa6adb4bbc2c9d0d7dee5ecf3fa01
a5acb3bac1c8cfd6dde4ebf2f900070e
b2b9c0c7ced5dce3eaf1f8ff060d141b
bfc6cdd4dbe2e9f0f7fe050c131a2128
ccd3dae1e8eff6fd040b121920272e35
d9e0e7eef5fc030a11181f262d343b42
e6edf4fb020910171e252c333a41484f
f3fa01080f161d242b323940474e555c
00070e151c232a31383f464d545b6269
0d141b222930373e454c535a61686f76
1a21282f363d444b525960676e757c83
272e353c434a51585f666d747b828990
343b424950575e656c737a81888f969d
41484f565d646b727980878e959ca3aa
4e555c636a71787f868d949ba2a9b0b7
5b626970777e858c939aa1a8afb6bdc4
686f767d848b9299a0a7aeb5bcc3cad1
757c838a91989fa6adb4bbc2c9d0d7de
828990979ea5acb3bac1c8cfd6dde4eb
8f969da4abb2b9c0c7ced5dce3eaf1f8
9ca3aab1b8bfc6cdd4dbe2e9f0f7fe05
a9b0b7bec5ccd3dae1e8eff6fd040b12
b6bdc4cbd2d9e0e7eef5fc030a11181f
c3cad1d8dfe6edf4fb020910171e252c
d0d7dee5ecf3fa01080f161d242b3239
dde4ebf2f900070e151c232a31383f46
eaf1f8ff060d141b222930373e454c53
f7fe050c131a21282f363d444b525960
040b121920272e353c434a51585f666d
11181f262d343b424950575e656c737a
1e252c333a41484f565d646b72798087
2b323940474e555c636a71787f868d94
383f464d545b626970777e858c939aa1
454c535a61686f767d848b9299a0a7ae
525960676e757c838a91989fa6adb4bb
5f666d747b828990979ea5acb3bac1c8
6c737a81888f969da4abb2b9c0c7ced5
7980878e959ca3aab1b8bfc6cdd4dbe2
868d949ba2a9b0b7bec5ccd3dae1e8ef
939aa1a8afb6bdc4cbd2d9e0e7eef5fc
a0a7aeb5bcc3cad1d8dfe6edf4fb0209
adb4bbc2c9d0d7dee5ecf3fa01080f16
bac1c8cfd6dde4ebf2f900070e151c23
c7ced5dce3eaf1f8ff060d141b222930
d4dbe2e9f0f7fe050c131a21282f363d
e1e8eff6fd040b121920272e353c434a
eef5fc030a11181f262d343b42495057
fb020910171e252c333a41484f565d64
080f161d242b323940474e555c636a71
151c232a31383f464d545b626970777e
222930373e454c535a61686f767d848b
2f363d444b525960676e757c838a9198
3c434a51585f666d747b828990979ea5
4950575e656c737a81888f969da4abb2
565d646b727980878e959ca3aab1b8bf
636a71787f868d949ba2a9b0b7bec5cc
70777e858c939aa1a8afb6bdc4cbd2d9
7d848b9299a0a7aeb5bcc3cad1d8dfe6
8a91989fa6adb4bbc2c9d0d7dee5ecf3
979ea5acb3bac1c8cfd6dde4ebf2f900
a4abb2b9c0c7ced5dce3eaf1f8ff060d
b1b8bfc6cdd4dbe2e9f0f7fe050c131a
bec5ccd3dae1e8eff6fd040b12192027
cbd2d9e0e7eef5fc030a11181f262d34
d8dfe6edf4fb020910171e252c333a41
e5ecf3fa01080f161d242b323940474e
f2f900070e151c232a31383f464d545b
ff060d141b222930373e454c535a6168
0c131a21282f363d444b525960676e75
1920272e353c434a51585f666d747b82
262d343b424950575e656c737a81888f
333a41484f565d646b727980878e959c
40474e555c636a71787f868d949ba2a9
4d545b626970777e858c939aa1a8afb6
5a61686f767d848b9299a0a7aeb5bcc3
676e757c838a91989fa6adb4bbc2c9d0
747b828990979ea5acb3bac1c8cfd6dd
81888f969da4abb2b9c0c7ced5dce3ea
8e959ca3aab1b8bfc6cdd4dbe2e9f0f7
9ba2a9b0b7bec5ccd3dae1e8eff6fd04
a8afb6bdc4cbd2d9e0e7eef5fc030a11
b5bcc3cad1d8dfe6edf4fb020910171e
c2c9d0d7dee5ecf3fa01080f161d242b
cfd6dde4ebf2f900070e151c232a3138
dce3eaf1f8ff060d141b222930373e45
e9f0f7fe050c131a21282f363d444b52
f6fd040b121920272e353c434a51585f
030a11181f262d343b424950575e656c
10171e252c333a41484f565d646b7279
1d242b323940474e555c636a71787f86
2a31383f464d545b626970777e858c93
373e454c535a61686f767d848b9299a0
444b525960676e757c838a91989fa6ad
51585f666d747b828990979ea5acb3ba
5e656c737a81888f969da4abb2b9c0c7
6b727980878e959ca3aab1b8bfc6cdd4
787f868d949ba2a9b0b7bec5ccd3dae1
858c939aa1a8afb6bdc4cbd2d9e0e7ee
9299a0a7aeb5bcc3cad1d8dfe6edf4fb
9fa6adb4bbc2c9d0d7dee5ecf3fa0108
acb3bac1c8cfd6dde4ebf2f900070e15
b9c0c7ced5dce3eaf1f8ff060d141b22
c6cdd4dbe2e9f0f7fe050c131a21282f
d3dae1e8eff6fd040b121920272e353c
e0e7eef5fc030a11181f262d343b4249
edf4fb020910171e252c333a41484f56
fa01080f161d242b323940474e555c63
070e151c232a31383f464d545b626970
141b222930373e454c535a61686f767d
21282f363d444b525960676e757c838a
2e353c434a51585f666d747b82899097
3b424950575e656c737a81888f969da4
484f565d646b727980878e959ca3aab1
555c636a71787f868d949ba2a9b0b7be
626970777e858c939aa1a8afb6bdc4cb
6f767d848b9299a0a7aeb5bcc3cad1d8
7c838a91989fa6adb4bbc2c9d0d7dee5
8990979ea5acb3bac1c8cfd6dde4ebf2
969da4abb2b9c0c7ced5dce3eaf1f8ff
a3aab1b8bfc6cdd4dbe2e9f0f7fe050c
b0b7bec5ccd3dae1e8eff6fd040b1219
bdc4cbd2d9e0e7eef5fc030a11181f26
cad1d8dfe6edf4fb020910171e252c33
d7dee5ecf3fa01080f161d242b323940
e4ebf2f900070e151c232a31383f464d
f1f8ff060d141b222930373e454c535a
fe050c131a21282f363d444b52596067
0b121920272e353c434a51585f666d74
181f262d343b424950575e656c737a81
252c333a41484f565d646b727980878e
323940474e555c636a71787f868d949b
3f464d545b626970777e858c939aa1a8
4c535a61686f767d848b9299a0a7aeb5
5960676e757c838a91989fa6adb4bbc2
666d747b828990979ea5acb3bac1c8cf
737a81888f969da4abb2b9c0c7ced5dc
80878e959ca3aab1b8bfc6cdd4dbe2e9
8d949ba2a9b0b7bec5ccd3dae1e8eff6
9aa1a8afb6bdc4cbd2d9e0e7eef5fc03
a7aeb5bcc3cad1d8dfe6edf4fb020910
b4bbc2c9d0d7dee5ecf3fa01080f161d
c1c8cfd6dde4ebf2f900070e151c232a
ced5dce3eaf1f8ff060d141b22293037
dbe2e9f0f7fe050c131a21282f363d44
e8eff6fd040b121920272e353c434a51
f5fc030a11181f262d343b424950575e
020910171e252c333a41484f565d646b
0f161d242b323940474e555c636a7178
1c232a31383f464d545b626970777e85
2930373e454c535a61686f767d848b92
363d444b525960676e757c838a91989f
434a51585f666d747b828990979ea5ac
50575e656c737a81888f969da4abb2b9
5d646b727980878e959ca3aab1b8bfc6
6a71787f868d949ba2a9b0b7bec5ccd3
777e858c939aa1a8afb6bdc4cbd2d9e0
848b9299a0a7aeb5bcc3cad1d8dfe6ed
91989fa6adb4bbc2c9d0d7dee5ecf3fa
9ea5acb3bac1c8cfd6dde4ebf2f90007
abb2b9c0c7ced5dce3eaf1f8ff060d14
b8bfc6cdd4dbe2e9f0f7fe050c131a21
c5ccd3dae1e8eff6fd040b121920272e
d2d9e0e7eef5fc030a11181f262d343b
dfe6edf4fb020910171e252c333a4148
ecf3fa01080f161d242b323940474e55
f900070e151c232a31383f464d545b62
060d141b222930373e454c535a61686f
131a21282f363d444b525960676e757c
20272e353c434a51585f666d747b8289
2d343b424950575e656c737a81888f96
3a41484f565d646b727980878e959ca3
474e555c636a71787f868d949ba2a9b0
545b626970777e858c939aa1a8afb6bd
61686f767d848b9299a0a7aeb5bcc3ca
6e757c838a91989fa6adb4bbc2c9d0d7
7b828990979ea5acb3bac1c8cfd6dde4
888f969da4abb2b9c0c7ced5dce3eaf1
959ca3aab1b8bfc6cdd4dbe2e9f0f7fe
a2a9b0b7bec5ccd3dae1e8eff6fd040b
afb6bdc4cbd2d9e0e7eef5fc030a1118
bcc3cad1d8dfe6edf4fb020910171e25
c9d0d7dee5ecf3fa01080f161d242b32
d6dde4ebf2f900070e151c232a31383f
e3eaf1f8ff060d141b222930373e454c
f0f7fe050c131a21282f363d444b5259
fd040b121920272e353c434a51585f66
0a11181f262d343b424950575e656c73
171e252c333a41484f565d646b727980
242b323940474e555c636a71787f868d
31383f464d545b626970777e858c939a
3e454c535a61686f767d848b9299a0a7
4b525960676e757c838a91989fa6adb4
585f666d747b828990979ea5acb3bac1
656c737a81888f969da4abb2b9c0c7ce
727980878e959ca3aab1b8bfc6cdd4db
7f868d949ba2a9b0b7bec5ccd3dae1e8
8c939aa1a8afb6bdc4cbd2d9e0e7eef5
99a0a7aeb5bcc3cad1d8dfe6edf4fb02
a6adb4bbc2c9d0d7dee5ecf3fa01080f
b3bac1c8cfd6dde4ebf2f900070e151c
c0c7ced5dce3eaf1f8ff060d141b2229
cdd4dbe2e9f0f7fe050c131a21282f36
dae1e8eff6fd040b121920272e353c43
e7eef5fc030a11181f262d343b424950
f4fb020910171e252c333a41484f565d
01080f161d242b323940474e555c636a
0e151c232a31383f464d545b62697077
1b222930373e454c535a61686f767d84
282f363d444b525960676e757c838a91
353c434a51585f666d747b828990979e
424950575e656c737a81888f969da4ab
4f565d646b727980878e959ca3aab1b8
5c636a71787f868d949ba2a9b0b7bec5
6970777e858c939aa1a8afb6bdc4cbd2
767d848b9299a0a7aeb5bcc3cad1d8df
838a91989fa6adb4bbc2c9d0d7dee5ec
90979ea5acb3bac1c8cfd6dde4ebf2f9
9da4abb2b9c0c7ced5dce3eaf1f8ff06
aab1b8bfc6cdd4dbe2e9f0f7fe050c13
b7bec5ccd3dae1e8eff6fd040b121920
c4cbd2d9e0e7eef5fc030a11181f262d
d1d8dfe6edf4fb020910171e252c333a
dee5ecf3fa01080f161d242b32394047
ebf2f900070e151c232a31383f464d54
f8ff060d141b222930373e454c535a61
050c131a21282f363d444b525960676e
121920272e353c434a51585f666d747b
1f262d343b424950575e656c737a8188
2c333a41484f565d646b727980878e95
3940474e555c636a71787f868d949ba2
464d545b626970777e858c939aa1a8af
535a61686f767d848b9299a0a7aeb5bc
60676e757c838a91989fa6adb4bbc2c9
6d747b828990979ea5acb3bac1c8cfd6
7a81888f969da4abb2b9c0c7ced5dce3
878e959ca3aab1b8bfc6cdd4dbe2e9f0
949ba2a9b0b7bec5ccd3dae1e8eff6fd
a1a8afb6bdc4cbd2d9e0e7eef5fc030a
aeb5bcc3cad1d8dfe6edf4fb02091017
bbc2c9d0d7dee5ecf3fa01080f161d24
c8cfd6dde4ebf2f900070e151c232a31
d5dce3eaf1f8ff060d141b222930373e
e2e9f0f7fe050c131a21282f363d444b
eff6fd040b121920272e353c434a5158
fc030a11181f262d343b424950575e65
0910171e252c333a41484f565d646b72
161d242b323940474e555c636a71787f
232a31383f464d545b626970777e858c
30373e454c535a61686f767d848b9299
3d444b525960676e757c838a91989fa6
4a51585f666d747b828990979ea5acb3
575e656c737a81888f969da4abb2b9c0
646b727980878e959ca3aab1b8bfc6cd
71787f868d949ba2a9b0b7bec5ccd3da
7e858c939aa1a8afb6bdc4cbd2d9e0e7
8b9299a0a7aeb5bcc3cad1d8dfe6edf4
989fa6adb4bbc2c9d0d7dee5ecf3fa01
a5acb3bac1c8cfd6dde4ebf2f900070e
b2b9c0c7ced5dce3eaf1f8ff060d141b
bfc6cdd4dbe2e9f0f7fe050c131a2128
ccd3dae1e8eff6fd040b121920272e35
d9e0e7eef5fc030a11181f262d343b42
e6edf4fb020910171e252c333a41484f
f3fa01080f161d242b323940474e555c
00070e151c232a31383f464d545b6269
0d141b222930373e454c535a61686f76
1a21282f363d444b525960676e757c83
272e353c434a51585f666d747b828990
343b424950575e656c737a81888f969d
41484f565d646b727980878e959ca3aa
4e555c636a71787f868d949ba2a9b0b7
5b626970777e858c939aa1a8afb6bdc4
686f767d848b9299a0a7aeb5bcc3cad1
757c838a91989fa6adb4bbc2c9d0d7de
828990979ea5acb3bac1c8cfd6dde4eb
8f969da4abb2b9c0c7ced5dce3eaf1f8
9ca3aab1b8bfc6cdd4dbe2e9f0f7fe05
a9b0b7bec5ccd3dae1e8eff6fd040b12
b6bdc4cbd2d9e0e7eef5fc030a11181f
c3cad1d8dfe6edf4fb020910171e252c
d0d7dee5ecf3fa01080f161d242b3239
dde4ebf2f900070e151c232a31383f46
eaf1f8ff060d141b222930373e454c53
f7fe050c131a21282f363d444b525960
040b121920272e353c434a51585f666d
11181f262d343b424950575e656c737a
1e252c333a41484f565d646b72798087
2b323940474e555c636a71787f868d94
383f464d545b626970777e858c939aa1
454c535a61686f767d848b9299a0a7ae
525960676e757c838a91989fa6adb4bb
5f666d747b828990979ea5acb3bac1c8
6c737a81888f969da4abb2b9c0c7ced5
7980878e959ca3aab1b8bfc6cdd4dbe2
868d949ba2a9b0b7bec5ccd3dae1e8ef
939aa1a8afb6bdc4cbd2d9e0e7eef5fc
a0a7aeb5bcc3cad1d8dfe6edf4fb0209
adb4bbc2c9d0d7dee5ecf3fa01080f16
bac1c8cfd6dde4ebf2f900070e151c23
c7ced5dce3eaf1f8ff060d141b222930
d4dbe2e9f0f7fe050c131a21282f363d
e1e8eff6fd040b121920272e353c434a
eef5fc030a11181f262d343b42495057
fb020910171e252c333a41484f565d64
080f161d242b323940474e555c636a71
151c232a31383f464d545b626970777e
222930373e454c535a61686f767d848b
2f363d444b525960676e757c838a9198
3c434a51585f666d747b828990979ea5
4950575e656c737a81888f969da4abb2
565d646b727980878e959ca3aab1b8bf
636a71787f868d949ba2a9b0b7bec5cc
70777e858c939aa1a8afb6bdc4cbd2d9
7d848b9299a0a7aeb5bcc3cad1d8dfe6
8a91989fa6adb4bbc2c9d0d7dee5ecf3
979ea5acb3bac1c8cfd6dde4ebf2f900
a4abb2b9c0c7ced5dce3eaf1f8ff060d
b1b8bfc6cdd4dbe2e9f0f7fe050c131a
bec5ccd3dae1e8eff6fd040b12192027
cbd2d9e0e7eef5fc030a11181f262d34
d8dfe6edf4fb020910171e252c333a41
e5ecf3fa01080f161d242b323940474e
f2f900070e151c232a31383f464d545b
ff060d141b222930373e454c535a6168
0c131a21282f363d444b525960676e75
1920272e353c434a51585f666d747b82
262d343b424950575e656c737a81888f
333a41484f565d646b727980878e959c
40474e555c636a71787f868d949ba2a9
4d545b626970777e858c939aa1a8afb6
5a61686f767d848b9299a0a7aeb5bcc3
676e757c838a91989fa6adb4bbc2c9d0
747b828990979ea5acb3bac1c8cfd6dd
81888f969da4abb2b9c0c7ced5dce3ea
8e959ca3aab1b8bfc6cdd4dbe2e9f0f7
9ba2a9b0b7bec5ccd3dae1e8eff6fd04
a8afb6bdc4cbd2d9e0e7eef5fc030a11
b5bcc3cad1d8dfe6edf4fb020910171e
c2c9d0d7dee5ecf3fa01080f161d242b
cfd6dde4ebf2f900070e151c232a3138
dce3eaf1f8ff060d141b222930373e45
e9f0f7fe050c131a21282f363d444b52
f6fd040b121920272e353c434a51585f
030a11181f262d343b424950575e656c
10171e252c333a41484f565d646b7279
1d242b323940474e555c636a71787f86
